ISO-10303-21;
HEADER;
FILE_DESCRIPTION (( 'STEP AP214' ),
    '1' );
FILE_NAME ('DPAK(2-7K1S).STEP',
    '2018-02-06T03:51:21',
    ( 'Admin' ),
    ( 'MyPc' ),
    'SwSTEP 2.0',
    'SolidWorks 2015',
    '' );
FILE_SCHEMA (( 'AUTOMOTIVE_DESIGN' ));
ENDSEC;

DATA;
#1 = ORIENTED_EDGE ( 'NONE', *, *, #2771, .F. ) ;
#2 = CARTESIAN_POINT ( 'NONE',  ( -1.719999999999999800, -4.349999999999999600, 0.5399999999999993700 ) ) ;
#3 = SURFACE_STYLE_FILL_AREA ( #1314 ) ;
#4 = PLANE ( 'NONE',  #178 ) ;
#5 = SURFACE_STYLE_USAGE ( .BOTH. , #1644 ) ;
#6 = DIRECTION ( 'NONE',  ( 0.0000000000000000000, 1.000000000000000000, -5.035115483021272300E-015 ) ) ;
#7 = ORIENTED_EDGE ( 'NONE', *, *, #476, .F. ) ;
#8 = CARTESIAN_POINT ( 'NONE',  ( -3.300000000000000300, 2.420000000000006600, 1.219999999999902900 ) ) ;
#9 = ADVANCED_FACE ( 'NONE', ( #1137 ), #1076, .T. ) ;
#10 = DIRECTION ( 'NONE',  ( -1.000000000000000000, 0.0000000000000000000, 0.0000000000000000000 ) ) ;
#11 = PRESENTATION_STYLE_ASSIGNMENT (( #2135 ) ) ;
#12 = LINE ( 'NONE', #1834, #1185 ) ;
#13 = EDGE_CURVE ( 'NONE', #862, #2035, #551, .T. ) ;
#14 = CARTESIAN_POINT ( 'NONE',  ( 2.669999999999999500, -3.385792873817839300, 1.329999999999933200 ) ) ;
#15 = EDGE_CURVE ( 'NONE', #429, #995, #2820, .T. ) ;
#16 = LINE ( 'NONE', #1466, #2609 ) ;
#17 = FILL_AREA_STYLE ('',( #309 ) ) ;
#18 = DIRECTION ( 'NONE',  ( 0.0000000000000000000, 6.237034244368226100E-015, -1.000000000000000000 ) ) ;
#19 = ORIENTED_EDGE ( 'NONE', *, *, #1594, .T. ) ;
#20 = ORIENTED_EDGE ( 'NONE', *, *, #2171, .T. ) ;
#21 = STYLED_ITEM ( 'NONE', ( #11 ), #2500 ) ;
#22 = ORIENTED_EDGE ( 'NONE', *, *, #2696, .T. ) ;
#23 = PLANE ( 'NONE',  #2190 ) ;
#24 =( GEOMETRIC_REPRESENTATION_CONTEXT ( 3 ) GLOBAL_UNCERTAINTY_ASSIGNED_CONTEXT ( ( #1792 ) ) GLOBAL_UNIT_ASSIGNED_CONTEXT ( ( #2379, #607, #387 ) ) REPRESENTATION_CONTEXT ( 'NONE', 'WORKASPACE' ) );
#25 = ORIENTED_EDGE ( 'NONE', *, *, #566, .F. ) ;
#26 = LINE ( 'NONE', #1414, #2810 ) ;
#27 = DIRECTION ( 'NONE',  ( -1.000000000000000000, -0.0000000000000000000, -0.0000000000000000000 ) ) ;
#28 = ORIENTED_EDGE ( 'NONE', *, *, #2053, .T. ) ;
#29 = AXIS2_PLACEMENT_3D ( 'NONE', #972, #1449, #1565 ) ;
#30 = CARTESIAN_POINT ( 'NONE',  ( 1.909999999999999700, -3.041267811418298300, 1.869999999999927500 ) ) ;
#31 =( LENGTH_UNIT ( ) NAMED_UNIT ( * ) SI_UNIT ( .MILLI., .METRE. ) );
#32 = STYLED_ITEM ( 'NONE', ( #506 ), #764 ) ;
#33 = LINE ( 'NONE', #1423, #2439 ) ;
#34 = CARTESIAN_POINT ( 'NONE',  ( -3.254462834137177700, -3.070707058455012500, 2.262972570662077100 ) ) ;
#35 = SURFACE_STYLE_USAGE ( .BOTH. , #2019 ) ;
#36 = DIRECTION ( 'NONE',  ( 0.0000000000000000000, 0.9993908270190958700, 0.03489949670249764500 ) ) ;
#37 = LINE ( 'NONE', #1732, #617 ) ;
#38 = LINE ( 'NONE', #1359, #1208 ) ;
#39 = PRESENTATION_STYLE_ASSIGNMENT (( #1350 ) ) ;
#40 = PRESENTATION_STYLE_ASSIGNMENT (( #1399 ) ) ;
#41 = DIRECTION ( 'NONE',  ( -0.7071067811865511300, 0.7071067811865440200, 0.0000000000000000000 ) ) ;
#42 = EDGE_CURVE ( 'NONE', #1381, #1949, #1671, .T. ) ;
#43 = PLANE ( 'NONE',  #447 ) ;
#44 = DIRECTION ( 'NONE',  ( 0.0000000000000000000, 1.606225440719265500E-015, -1.000000000000000000 ) ) ;
#45 = ORIENTED_EDGE ( 'NONE', *, *, #1706, .F. ) ;
#46 = CARTESIAN_POINT ( 'NONE',  ( -2.669999999999999500, -3.385792873817840700, 1.329999999999929200 ) ) ;
#47 = EDGE_LOOP ( 'NONE', ( #858, #746, #1553, #673 ) ) ;
#48 = DIRECTION ( 'NONE',  ( 1.000000000000000000, -0.0000000000000000000, 0.0000000000000000000 ) ) ;
#49 = SURFACE_SIDE_STYLE ('',( #869 ) ) ;
#50 = FILL_AREA_STYLE ('',( #1540 ) ) ;
#51 = DIRECTION ( 'NONE',  ( 0.0000000000000000000, -1.000000000000000000, 5.035115483021273100E-015 ) ) ;
#52 = CARTESIAN_POINT ( 'NONE',  ( -3.300000000000000300, 3.049999999999999800, 0.6499999999999297500 ) ) ;
#53 = DIRECTION ( 'NONE',  ( 0.0000000000000000000, 0.0000000000000000000, 1.000000000000000000 ) ) ;
#54 = VECTOR ( 'NONE', #2253, 1000.000000000000000 ) ;
#55 = CARTESIAN_POINT ( 'NONE',  ( 1.719999999999999800, -3.860593795000208100, 0.3117861386600225800 ) ) ;
#56 = MECHANICAL_DESIGN_GEOMETRIC_PRESENTATION_REPRESENTATION (  '', ( #2457 ), #194 ) ;
#57 = COLOUR_RGB ( '',0.0000000000000000000, 0.0000000000000000000, 1.000000000000000000 ) ;
#58 = DIRECTION ( 'NONE',  ( -1.000000000000000000, -0.0000000000000000000, -0.0000000000000000000 ) ) ;
#59 = CARTESIAN_POINT ( 'NONE',  ( 3.249789915655211500, -2.994126768813203400, 0.07000000000000000700 ) ) ;
#60 = ORIENTED_EDGE ( 'NONE', *, *, #452, .F. ) ;
#61 = VECTOR ( 'NONE', #1082, 1000.000000000000000 ) ;
#62 = ORIENTED_EDGE ( 'NONE', *, *, #2632, .T. ) ;
#63 = DIRECTION ( 'NONE',  ( 0.0000000000000000000, 0.0000000000000000000, 1.000000000000000000 ) ) ;
#64 = ORIENTED_EDGE ( 'NONE', *, *, #1609, .T. ) ;
#65 = CARTESIAN_POINT ( 'NONE',  ( -0.3800000000000000000, -3.049999999999999800, 1.669999999999935500 ) ) ;
#66 = MECHANICAL_DESIGN_GEOMETRIC_PRESENTATION_REPRESENTATION (  '', ( #2473 ), #208 ) ;
#67 = CARTESIAN_POINT ( 'NONE',  ( -1.909999999999999700, -4.349999999999999600, 0.5399999999999990400 ) ) ;
#68 = CARTESIAN_POINT ( 'NONE',  ( 2.669999999999999900, 3.049999999999999800, 0.06999999999999975700 ) ) ;
#69 = DIRECTION ( 'NONE',  ( -1.000000000000000000, 0.0000000000000000000, 0.0000000000000000000 ) ) ;
#70 = VERTEX_POINT ( 'NONE', #1401 ) ;
#71 = ADVANCED_FACE ( 'NONE', ( #481 ), #43, .F. ) ;
#72 = DIRECTION ( 'NONE',  ( -1.000000000000000000, 0.0000000000000000000, 0.0000000000000000000 ) ) ;
#73 = COLOUR_RGB ( '',1.000000000000000000, 1.000000000000000000, 1.000000000000000000 ) ;
#74 = EDGE_CURVE ( 'NONE', #70, #2646, #2693, .T. ) ;
#75 = EDGE_CURVE ( 'NONE', #2784, #963, #2182, .T. ) ;
#76 = SURFACE_STYLE_FILL_AREA ( #1578 ) ;
#77 = DIRECTION ( 'NONE',  ( 0.0000000000000000000, 0.04361938736533280100, 0.9990482215818579100 ) ) ;
#78 = DIRECTION ( 'NONE',  ( -0.0000000000000000000, -0.0000000000000000000, 1.000000000000000000 ) ) ;
#79 = DIRECTION ( 'NONE',  ( 0.0000000000000000000, -1.000000000000000000, 0.0000000000000000000 ) ) ;
#80 = DIRECTION ( 'NONE',  ( 0.0000000000000000000, 0.0000000000000000000, -1.000000000000000000 ) ) ;
#81 = ORIENTED_EDGE ( 'NONE', *, *, #2348, .T. ) ;
#82 = CARTESIAN_POINT ( 'NONE',  ( 2.669999999999999500, -3.041267811418298300, 1.869999999999927500 ) ) ;
#83 = PLANE ( 'NONE',  #1295 ) ;
#84 = DIRECTION ( 'NONE',  ( 0.0000000000000000000, -0.9063077870366507100, 0.4226182617406978900 ) ) ;
#85 = COLOUR_RGB ( '',1.000000000000000000, 1.000000000000000000, 1.000000000000000000 ) ;
#86 =( GEOMETRIC_REPRESENTATION_CONTEXT ( 3 ) GLOBAL_UNCERTAINTY_ASSIGNED_CONTEXT ( ( #317 ) ) GLOBAL_UNIT_ASSIGNED_CONTEXT ( ( #530, #1860, #312 ) ) REPRESENTATION_CONTEXT ( 'NONE', 'WORKASPACE' ) );
#87 = CARTESIAN_POINT ( 'NONE',  ( 1.909999999999999700, -3.385792873817840700, 1.329999999999929200 ) ) ;
#88 = CARTESIAN_POINT ( 'NONE',  ( 2.669999999999999500, -4.349999999999999600, 0.5399999999999993700 ) ) ;
#89 = CARTESIAN_POINT ( 'NONE',  ( -2.160000000000000100, -1.080000000000000300, 0.6500000000000000200 ) ) ;
#90 = ADVANCED_FACE ( 'NONE', ( #2123 ), #914, .T. ) ;
#91 = STYLED_ITEM ( 'NONE', ( #2208 ), #586 ) ;
#92 = DIRECTION ( 'NONE',  ( -1.000000000000000000, -0.0000000000000000000, 0.0000000000000000000 ) ) ;
#93 = SURFACE_STYLE_FILL_AREA ( #2483 ) ;
#94 = CARTESIAN_POINT ( 'NONE',  ( -3.300000000000000300, 3.049999999999999800, 1.220000000000097000 ) ) ;
#95 = LINE ( 'NONE', #1260, #1190 ) ;
#96 = EDGE_CURVE ( 'NONE', #70, #2000, #2621, .T. ) ;
#97 = DIRECTION ( 'NONE',  ( 0.0000000000000000000, 0.0000000000000000000, 1.000000000000000000 ) ) ;
#98 = DIRECTION ( 'NONE',  ( -1.000000000000000000, 0.0000000000000000000, 0.0000000000000000000 ) ) ;
#99 = ORIENTED_EDGE ( 'NONE', *, *, #449, .F. ) ;
#100 = DIRECTION ( 'NONE',  ( -1.000000000000000000, -0.0000000000000000000, -0.0000000000000000000 ) ) ;
#101 = ORIENTED_EDGE ( 'NONE', *, *, #75, .F. ) ;
#102 = ORIENTED_EDGE ( 'NONE', *, *, #1888, .T. ) ;
#103 = VECTOR ( 'NONE', #1497, 1000.000000000000000 ) ;
#104 = FACE_OUTER_BOUND ( 'NONE', #768, .T. ) ;
#105 = LINE ( 'NONE', #596, #685 ) ;
#106 = FILL_AREA_STYLE_COLOUR ( '', #1931 ) ;
#107 = ORIENTED_EDGE ( 'NONE', *, *, #1119, .F. ) ;
#108 = FILL_AREA_STYLE ('',( #2343 ) ) ;
#109 = LINE ( 'NONE', #2226, #1870 ) ;
#110 = DIRECTION ( 'NONE',  ( 1.000000000000000000, -0.0000000000000000000, -0.0000000000000000000 ) ) ;
#111 = SURFACE_STYLE_FILL_AREA ( #1134 ) ;
#112 =( GEOMETRIC_REPRESENTATION_CONTEXT ( 3 ) GLOBAL_UNCERTAINTY_ASSIGNED_CONTEXT ( ( #839 ) ) GLOBAL_UNIT_ASSIGNED_CONTEXT ( ( #2124, #1905, #289 ) ) REPRESENTATION_CONTEXT ( 'NONE', 'WORKASPACE' ) );
#113 = ORIENTED_EDGE ( 'NONE', *, *, #984, .F. ) ;
#114 = ORIENTED_EDGE ( 'NONE', *, *, #2193, .F. ) ;
#115 = EDGE_CURVE ( 'NONE', #2640, #1130, #937, .T. ) ;
#116 = EDGE_LOOP ( 'NONE', ( #1889, #19, #1321, #1659, #230, #2196 ) ) ;
#117 = CARTESIAN_POINT ( 'NONE',  ( 2.624993021309661900, 3.095006978690336500, 0.1355678795800932800 ) ) ;
#118 = FILL_AREA_STYLE_COLOUR ( '', #143 ) ;
#119 =( NAMED_UNIT ( * ) SI_UNIT ( $, .STERADIAN. ) SOLID_ANGLE_UNIT ( ) );
#120 = STYLED_ITEM ( 'NONE', ( #2281 ), #2763 ) ;
#121 = LINE ( 'NONE', #1980, #1296 ) ;
#122 = AXIS2_PLACEMENT_3D ( 'NONE', #430, #2030, #474 ) ;
#123 = LINE ( 'NONE', #2188, #640 ) ;
#124 = AXIS2_PLACEMENT_3D ( 'NONE', #982, #996, #1209 ) ;
#125 = EDGE_CURVE ( 'NONE', #1564, #2046, #2044, .T. ) ;
#126 = ADVANCED_FACE ( 'NONE', ( #344 ), #1131, .T. ) ;
#127 = DIRECTION ( 'NONE',  ( -1.000000000000000000, -0.0000000000000000000, 0.0000000000000000000 ) ) ;
#128 = ORIENTED_EDGE ( 'NONE', *, *, #1297, .T. ) ;
#129 = PLANE ( 'NONE',  #1417 ) ;
#130 = EDGE_CURVE ( 'NONE', #2046, #2269, #2356, .T. ) ;
#131 = EDGE_LOOP ( 'NONE', ( #690, #1945, #401, #957 ) ) ;
#132 = PLANE ( 'NONE',  #1814 ) ;
#133 = DIRECTION ( 'NONE',  ( 1.000000000000000000, -0.0000000000000000000, -0.0000000000000000000 ) ) ;
#134 = ORIENTED_EDGE ( 'NONE', *, *, #1913, .F. ) ;
#135 = EDGE_LOOP ( 'NONE', ( #2199, #1669, #1320, #1728, #2088, #1465, #1479, #1529, #1055, #402 ) ) ;
#136 = FACE_OUTER_BOUND ( 'NONE', #2654, .T. ) ;
#137 = DIRECTION ( 'NONE',  ( 2.132856732758369600E-016, -1.000000000000000000, 0.0000000000000000000 ) ) ;
#138 = FACE_OUTER_BOUND ( 'NONE', #315, .T. ) ;
#139 = DIRECTION ( 'NONE',  ( 0.0000000000000000000, 0.4226182617406978900, 0.9063077870366507100 ) ) ;
#140 = ORIENTED_EDGE ( 'NONE', *, *, #2799, .F. ) ;
#141 = CARTESIAN_POINT ( 'NONE',  ( -3.300000000000000300, 3.049999999999999800, 2.370000000000000100 ) ) ;
#142 = VECTOR ( 'NONE', #198, 1000.000000000000100 ) ;
#143 = COLOUR_RGB ( '',1.000000000000000000, 1.000000000000000000, 1.000000000000000000 ) ;
#144 = CARTESIAN_POINT ( 'NONE',  ( -2.160000000000000100, -1.080000000000000300, 0.6500000000000000200 ) ) ;
#145 = MECHANICAL_DESIGN_GEOMETRIC_PRESENTATION_REPRESENTATION (  '', ( #2559 ), #278 ) ;
#146 = ORIENTED_EDGE ( 'NONE', *, *, #2156, .F. ) ;
#147 = CARTESIAN_POINT ( 'NONE',  ( 2.669999999999999900, 4.129999999999999900, 0.6500000000000000200 ) ) ;
#148 = DIRECTION ( 'NONE',  ( -0.0000000000000000000, 0.9993908270190954300, 0.03489949670251106500 ) ) ;
#149 = PLANE ( 'NONE',  #2599 ) ;
#150 = SURFACE_SIDE_STYLE ('',( #1116 ) ) ;
#151 = ADVANCED_FACE ( 'NONE', ( #1171 ), #1643, .T. ) ;
#152 = LINE ( 'NONE', #1110, #2368 ) ;
#153 = CARTESIAN_POINT ( 'NONE',  ( 2.669999999999999900, 3.049999999999999800, 0.6500000000000000200 ) ) ;
#154 = MANIFOLD_SOLID_BREP ( 'Metal', #903 ) ;
#155 = CARTESIAN_POINT ( 'NONE',  ( -2.669999999999999500, -3.385792873817839300, 1.329999999999933200 ) ) ;
#156 = SURFACE_STYLE_USAGE ( .BOTH. , #1500 ) ;
#157 = EDGE_CURVE ( 'NONE', #350, #1098, #2216, .T. ) ;
#158 = ORIENTED_EDGE ( 'NONE', *, *, #1364, .F. ) ;
#159 = EDGE_LOOP ( 'NONE', ( #2324, #2034, #2397, #258 ) ) ;
#160 = CARTESIAN_POINT ( 'NONE',  ( -2.169999999999995900, 4.129999999999999900, 0.07000000000000000700 ) ) ;
#161 = EDGE_CURVE ( 'NONE', #696, #1375, #1633, .T. ) ;
#162 =( NAMED_UNIT ( * ) SI_UNIT ( $, .STERADIAN. ) SOLID_ANGLE_UNIT ( ) );
#163 = ORIENTED_EDGE ( 'NONE', *, *, #865, .T. ) ;
#164 = ORIENTED_EDGE ( 'NONE', *, *, #1438, .F. ) ;
#165 = CARTESIAN_POINT ( 'NONE',  ( -2.669999999999999500, -5.869999999999998300, -1.138412281109779700E-015 ) ) ;
#166 = DIRECTION ( 'NONE',  ( 0.0000000000000000000, 1.000000000000000000, 0.0000000000000000000 ) ) ;
#167 = VECTOR ( 'NONE', #2361, 1000.000000000000000 ) ;
#168 = VECTOR ( 'NONE', #716, 1000.000000000000000 ) ;
#169 = ORIENTED_EDGE ( 'NONE', *, *, #809, .F. ) ;
#170 = VERTEX_POINT ( 'NONE', #1151 ) ;
#171 = LINE ( 'NONE', #2456, #2818 ) ;
#172 = DIRECTION ( 'NONE',  ( 0.0000000000000000000, 0.0000000000000000000, -1.000000000000000000 ) ) ;
#173 = AXIS2_PLACEMENT_3D ( 'NONE', #1462, #139, #1687 ) ;
#174 = CARTESIAN_POINT ( 'NONE',  ( 0.3800000000000000000, -3.041267811418298300, 1.869999999999927300 ) ) ;
#175 = COLOUR_RGB ( '',0.0000000000000000000, 0.0000000000000000000, 1.000000000000000000 ) ;
#176 = ORIENTED_EDGE ( 'NONE', *, *, #157, .T. ) ;
#177 = FILL_AREA_STYLE_COLOUR ( '', #428 ) ;
#178 = AXIS2_PLACEMENT_3D ( 'NONE', #302, #282, #172 ) ;
#179 = DIRECTION ( 'NONE',  ( 0.8574929257125451000, 0.5144957554275247900, -0.0000000000000000000 ) ) ;
#180 = VERTEX_POINT ( 'NONE', #800 ) ;
#181 = ORIENTED_EDGE ( 'NONE', *, *, #2405, .F. ) ;
#182 =( NAMED_UNIT ( * ) SI_UNIT ( $, .STERADIAN. ) SOLID_ANGLE_UNIT ( ) );
#183 = CARTESIAN_POINT ( 'NONE',  ( -1.719999999999999800, -3.860593795000208100, 0.3117861386600225800 ) ) ;
#184 = EDGE_CURVE ( 'NONE', #2186, #467, #1943, .T. ) ;
#185 = DIRECTION ( 'NONE',  ( 0.04359286612377630300, 0.03486632051403078200, -0.9984407852831971300 ) ) ;
#186 = SURFACE_STYLE_FILL_AREA ( #2670 ) ;
#187 = CARTESIAN_POINT ( 'NONE',  ( -2.160000000000000100, -1.080000000000000300, 0.6500000000000000200 ) ) ;
#188 = VERTEX_POINT ( 'NONE', #1348 ) ;
#189 = CARTESIAN_POINT ( 'NONE',  ( -3.249789915655211900, 2.470210084344794900, 0.06999999999999999300 ) ) ;
#190 = VECTOR ( 'NONE', #521, 1000.000000000000000 ) ;
#191 = UNCERTAINTY_MEASURE_WITH_UNIT (LENGTH_MEASURE( 1.000000000000000100E-005 ), #1380, 'distance_accuracy_value', 'NONE');
#192 = CARTESIAN_POINT ( 'NONE',  ( -0.3800000000000000000, 0.0000000000000000000, 0.0000000000000000000 ) ) ;
#193 = VERTEX_POINT ( 'NONE', #454 ) ;
#194 =( GEOMETRIC_REPRESENTATION_CONTEXT ( 3 ) GLOBAL_UNCERTAINTY_ASSIGNED_CONTEXT ( ( #2561 ) ) GLOBAL_UNIT_ASSIGNED_CONTEXT ( ( #1847, #552, #718 ) ) REPRESENTATION_CONTEXT ( 'NONE', 'WORKASPACE' ) );
#195 = ORIENTED_EDGE ( 'NONE', *, *, #851, .T. ) ;
#196 = VECTOR ( 'NONE', #1894, 1000.000000000000000 ) ;
#197 = PRESENTATION_STYLE_ASSIGNMENT (( #1808 ) ) ;
#198 = DIRECTION ( 'NONE',  ( -0.0000000000000000000, 0.9063077870366509400, -0.4226182617406974400 ) ) ;
#199 = LINE ( 'NONE', #1844, #717 ) ;
#200 = CARTESIAN_POINT ( 'NONE',  ( 2.669999999999999500, -3.041267811418298300, 1.869999999999927500 ) ) ;
#201 = ORIENTED_EDGE ( 'NONE', *, *, #1993, .T. ) ;
#202 = FACE_OUTER_BOUND ( 'NONE', #1797, .T. ) ;
#203 = LINE ( 'NONE', #2102, #1908 ) ;
#204 = DIRECTION ( 'NONE',  ( -0.0000000000000000000, 0.0000000000000000000, 1.000000000000000000 ) ) ;
#205 = UNCERTAINTY_MEASURE_WITH_UNIT (LENGTH_MEASURE( 1.000000000000000100E-005 ), #994, 'distance_accuracy_value', 'NONE');
#206 = ORIENTED_EDGE ( 'NONE', *, *, #1396, .F. ) ;
#207 = EDGE_LOOP ( 'NONE', ( #553, #2478, #1020, #2575, #1132 ) ) ;
#208 =( GEOMETRIC_REPRESENTATION_CONTEXT ( 3 ) GLOBAL_UNCERTAINTY_ASSIGNED_CONTEXT ( ( #2168 ) ) GLOBAL_UNIT_ASSIGNED_CONTEXT ( ( #1220, #1436, #119 ) ) REPRESENTATION_CONTEXT ( 'NONE', 'WORKASPACE' ) );
#209 = DIRECTION ( 'NONE',  ( 0.0000000000000000000, 0.9063077870366509400, -0.4226182617406974400 ) ) ;
#210 = EDGE_CURVE ( 'NONE', #1624, #170, #763, .T. ) ;
#211 = CARTESIAN_POINT ( 'NONE',  ( -1.909999999999999700, -3.041267811418298300, 1.869999999999927500 ) ) ;
#212 = EDGE_CURVE ( 'NONE', #2425, #1477, #841, .T. ) ;
#213 = SURFACE_SIDE_STYLE ('',( #789 ) ) ;
#214 = CARTESIAN_POINT ( 'NONE',  ( -2.160000000000000100, -1.080000000000000300, 0.07000000000000000700 ) ) ;
#215 = PRESENTATION_STYLE_ASSIGNMENT (( #1384 ) ) ;
#216 = DIRECTION ( 'NONE',  ( 0.0000000000000000000, -5.035115483021272300E-015, -1.000000000000000000 ) ) ;
#217 = LINE ( 'NONE', #1361, #2493 ) ;
#218 = CARTESIAN_POINT ( 'NONE',  ( -3.249789915655210600, -3.049999999999999800, 1.669999999999933300 ) ) ;
#219 = DIRECTION ( 'NONE',  ( -1.000000000000000000, -0.0000000000000000000, 0.0000000000000000000 ) ) ;
#220 = PRESENTATION_LAYER_ASSIGNMENT (  '', '', ( #371 ) ) ;
#221 = DIRECTION ( 'NONE',  ( 1.000000000000000000, -0.0000000000000000000, -0.0000000000000000000 ) ) ;
#222 = ORIENTED_EDGE ( 'NONE', *, *, #600, .F. ) ;
#223 =( LENGTH_UNIT ( ) NAMED_UNIT ( * ) SI_UNIT ( .MILLI., .METRE. ) );
#224 = PRESENTATION_LAYER_ASSIGNMENT (  '', '', ( #91 ) ) ;
#225 = ORIENTED_EDGE ( 'NONE', *, *, #249, .F. ) ;
#226 = VERTEX_POINT ( 'NONE', #30 ) ;
#227 =( NAMED_UNIT ( * ) PLANE_ANGLE_UNIT ( ) SI_UNIT ( $, .RADIAN. ) );
#228 = ORIENTED_EDGE ( 'NONE', *, *, #1253, .T. ) ;
#229 = VECTOR ( 'NONE', #1651, 1000.000000000000000 ) ;
#230 = ORIENTED_EDGE ( 'NONE', *, *, #233, .F. ) ;
#231 = VERTEX_POINT ( 'NONE', #2474 ) ;
#232 = LINE ( 'NONE', #183, #1488 ) ;
#233 = EDGE_CURVE ( 'NONE', #2347, #822, #1286, .T. ) ;
#234 = ORIENTED_EDGE ( 'NONE', *, *, #1155, .F. ) ;
#235 = LINE ( 'NONE', #2237, #1283 ) ;
#236 =( LENGTH_UNIT ( ) NAMED_UNIT ( * ) SI_UNIT ( .MILLI., .METRE. ) );
#237 = FACE_OUTER_BOUND ( 'NONE', #649, .T. ) ;
#238 = CARTESIAN_POINT ( 'NONE',  ( -2.669999999999999900, 3.049999999999999800, 0.07000000000000000700 ) ) ;
#239 = VECTOR ( 'NONE', #301, 1000.000000000000000 ) ;
#240 = UNCERTAINTY_MEASURE_WITH_UNIT (LENGTH_MEASURE( 1.000000000000000100E-005 ), #2257, 'distance_accuracy_value', 'NONE');
#241 = VERTEX_POINT ( 'NONE', #2308 ) ;
#242 = FILL_AREA_STYLE_COLOUR ( '', #1245 ) ;
#243 = CARTESIAN_POINT ( 'NONE',  ( 2.669999999999999500, -3.385792873817839300, 1.329999999999933200 ) ) ;
#244 = DIRECTION ( 'NONE',  ( 0.0000000000000000000, 0.4226182617406965500, 0.9063077870366512700 ) ) ;
#245 =( NAMED_UNIT ( * ) SI_UNIT ( $, .STERADIAN. ) SOLID_ANGLE_UNIT ( ) );
#246 = CARTESIAN_POINT ( 'NONE',  ( -2.859999999999999900, -4.349999999999999600, 0.5399999999999993700 ) ) ;
#247 = FACE_OUTER_BOUND ( 'NONE', #575, .T. ) ;
#248 = AXIS2_PLACEMENT_3D ( 'NONE', #67, #58, #1793 ) ;
#249 = EDGE_CURVE ( 'NONE', #2141, #1163, #1873, .T. ) ;
#250 = DIRECTION ( 'NONE',  ( 0.0000000000000000000, 0.03489949670251105800, -0.9993908270190953200 ) ) ;
#251 = VECTOR ( 'NONE', #1244, 999.9999999999998900 ) ;
#252 =( NAMED_UNIT ( * ) PLANE_ANGLE_UNIT ( ) SI_UNIT ( $, .RADIAN. ) );
#253 = CARTESIAN_POINT ( 'NONE',  ( 2.669999999999999500, -5.870000000000000100, 0.5399999999999992600 ) ) ;
#254 = ORIENTED_EDGE ( 'NONE', *, *, #907, .F. ) ;
#255 = AXIS2_PLACEMENT_3D ( 'NONE', #192, #1749, #412 ) ;
#256 = DIRECTION ( 'NONE',  ( 0.7071067811865440200, 0.7071067811865511300, 0.0000000000000000000 ) ) ;
#257 = ADVANCED_FACE ( 'NONE', ( #1043 ), #83, .F. ) ;
#258 = ORIENTED_EDGE ( 'NONE', *, *, #2777, .F. ) ;
#259 = COLOUR_RGB ( '',1.000000000000000000, 1.000000000000000000, 1.000000000000000000 ) ;
#260 = SURFACE_STYLE_USAGE ( .BOTH. , #49 ) ;
#261 = ORIENTED_EDGE ( 'NONE', *, *, #604, .F. ) ;
#262 = DIRECTION ( 'NONE',  ( 0.0000000000000000000, -0.9961946980917458800, -0.08715574274765473800 ) ) ;
#263 = VECTOR ( 'NONE', #784, 999.9999999999998900 ) ;
#264 = DIRECTION ( 'NONE',  ( -0.0000000000000000000, -1.000000000000000000, -0.0000000000000000000 ) ) ;
#265 = SURFACE_STYLE_FILL_AREA ( #883 ) ;
#266 = EDGE_CURVE ( 'NONE', #1650, #2448, #480, .T. ) ;
#267 = ORIENTED_EDGE ( 'NONE', *, *, #813, .T. ) ;
#268 = LINE ( 'NONE', #1231, #1376 ) ;
#269 = VECTOR ( 'NONE', #639, 1000.000000000000000 ) ;
#270 = EDGE_CURVE ( 'NONE', #1458, #1230, #2181, .T. ) ;
#271 = CARTESIAN_POINT ( 'NONE',  ( -1.909999999999999700, -4.349999999999999600, 0.5399999999999993700 ) ) ;
#272 = VECTOR ( 'NONE', #250, 1000.000000000000100 ) ;
#273 = DIRECTION ( 'NONE',  ( 1.000000000000000000, 0.0000000000000000000, 0.0000000000000000000 ) ) ;
#274 = VERTEX_POINT ( 'NONE', #1217 ) ;
#275 = AXIS2_PLACEMENT_3D ( 'NONE', #491, #1372, #1526 ) ;
#276 = PLANE ( 'NONE',  #2698 ) ;
#277 = ADVANCED_FACE ( 'NONE', ( #2754 ), #2511, .F. ) ;
#278 =( GEOMETRIC_REPRESENTATION_CONTEXT ( 3 ) GLOBAL_UNCERTAINTY_ASSIGNED_CONTEXT ( ( #797 ) ) GLOBAL_UNIT_ASSIGNED_CONTEXT ( ( #2303, #2294, #2747 ) ) REPRESENTATION_CONTEXT ( 'NONE', 'WORKASPACE' ) );
#279 = SURFACE_STYLE_FILL_AREA ( #50 ) ;
#280 = FILL_AREA_STYLE_COLOUR ( '', #85 ) ;
#281 = DIRECTION ( 'NONE',  ( 0.0000000000000000000, 0.0000000000000000000, 1.000000000000000000 ) ) ;
#282 = DIRECTION ( 'NONE',  ( 0.0000000000000000000, -1.000000000000000000, -0.0000000000000000000 ) ) ;
#283 = CARTESIAN_POINT ( 'NONE',  ( 0.3800000000000000000, -3.049999999999999800, 1.669999999999935500 ) ) ;
#284 = PLANE ( 'NONE',  #623 ) ;
#285 = LINE ( 'NONE', #1776, #1391 ) ;
#286 = CARTESIAN_POINT ( 'NONE',  ( -1.909999999999999700, -3.049999999999999800, 1.669999999999934200 ) ) ;
#287 = CARTESIAN_POINT ( 'NONE',  ( 2.669999999999999500, -3.522499185607650400, 1.036832368289343700 ) ) ;
#288 = ORIENTED_EDGE ( 'NONE', *, *, #1946, .T. ) ;
#289 =( NAMED_UNIT ( * ) SI_UNIT ( $, .STERADIAN. ) SOLID_ANGLE_UNIT ( ) );
#290 = DIRECTION ( 'NONE',  ( -1.000000000000000000, -0.0000000000000000000, -0.0000000000000000000 ) ) ;
#291 = ORIENTED_EDGE ( 'NONE', *, *, #1221, .T. ) ;
#292 = ORIENTED_EDGE ( 'NONE', *, *, #184, .T. ) ;
#293 = EDGE_LOOP ( 'NONE', ( #1856, #1972, #745, #2459 ) ) ;
#294 = ORIENTED_EDGE ( 'NONE', *, *, #2430, .F. ) ;
#295 = DIRECTION ( 'NONE',  ( -1.000000000000000000, -0.0000000000000000000, 0.0000000000000000000 ) ) ;
#296 = LINE ( 'NONE', #2317, #1407 ) ;
#297 = CARTESIAN_POINT ( 'NONE',  ( 1.909999999999999700, -3.860593795000208500, 0.3117861386600225800 ) ) ;
#298 = ORIENTED_EDGE ( 'NONE', *, *, #210, .F. ) ;
#299 = COLOUR_RGB ( '',0.0000000000000000000, 0.0000000000000000000, 1.000000000000000000 ) ;
#300 = LINE ( 'NONE', #1935, #2077 ) ;
#301 = DIRECTION ( 'NONE',  ( -1.000000000000000000, -0.0000000000000000000, -0.0000000000000000000 ) ) ;
#302 = CARTESIAN_POINT ( 'NONE',  ( -2.160000000000000100, 3.049999999999999800, 0.6500000000000000200 ) ) ;
#303 = AXIS2_PLACEMENT_3D ( 'NONE', #1785, #1791, #2023 ) ;
#304 = LINE ( 'NONE', #1549, #2590 ) ;
#305 = SURFACE_SIDE_STYLE ('',( #2414 ) ) ;
#306 = LINE ( 'NONE', #1325, #2591 ) ;
#307 = EDGE_CURVE ( 'NONE', #1546, #2539, #1596, .T. ) ;
#308 = SURFACE_STYLE_FILL_AREA ( #2732 ) ;
#309 = FILL_AREA_STYLE_COLOUR ( '', #2545 ) ;
#310 = EDGE_CURVE ( 'NONE', #505, #1966, #203, .T. ) ;
#311 = ADVANCED_FACE ( 'NONE', ( #798 ), #701, .F. ) ;
#312 =( NAMED_UNIT ( * ) SI_UNIT ( $, .STERADIAN. ) SOLID_ANGLE_UNIT ( ) );
#313 = DIRECTION ( 'NONE',  ( -0.0000000000000000000, -0.4226182617406965500, -0.9063077870366512700 ) ) ;
#314 = ADVANCED_FACE ( 'NONE', ( #1315 ), #2256, .F. ) ;
#315 = EDGE_LOOP ( 'NONE', ( #1086, #1091, #1140, #1152 ) ) ;
#316 = DIRECTION ( 'NONE',  ( 0.0000000000000000000, 0.0000000000000000000, 1.000000000000000000 ) ) ;
#317 = UNCERTAINTY_MEASURE_WITH_UNIT (LENGTH_MEASURE( 1.000000000000000100E-005 ), #530, 'distance_accuracy_value', 'NONE');
#318 = PRESENTATION_LAYER_ASSIGNMENT (  '', '', ( #21 ) ) ;
#319 = VECTOR ( 'NONE', #2157, 1000.000000000000000 ) ;
#320 = AXIS2_PLACEMENT_3D ( 'NONE', #2794, #2574, #1041 ) ;
#321 = CARTESIAN_POINT ( 'NONE',  ( 2.160000000000000100, -1.080000000000000300, 0.6500000000000000200 ) ) ;
#322 = LINE ( 'NONE', #1339, #1951 ) ;
#323 = AXIS2_PLACEMENT_3D ( 'NONE', #2704, #1108, #6 ) ;
#324 = PRESENTATION_LAYER_ASSIGNMENT (  '', '', ( #32 ) ) ;
#325 = SURFACE_STYLE_FILL_AREA ( #647 ) ;
#326 =( NAMED_UNIT ( * ) SI_UNIT ( $, .STERADIAN. ) SOLID_ANGLE_UNIT ( ) );
#327 = LINE ( 'NONE', #1018, #251 ) ;
#328 = EDGE_CURVE ( 'NONE', #1250, #2347, #2785, .T. ) ;
#329 = DIRECTION ( 'NONE',  ( 0.0000000000000000000, 0.0000000000000000000, 1.000000000000000000 ) ) ;
#330 = CARTESIAN_POINT ( 'NONE',  ( -2.669999999999999500, -4.349999999999999600, 0.5399999999999993700 ) ) ;
#331 = ORIENTED_EDGE ( 'NONE', *, *, #998, .F. ) ;
#332 = DIRECTION ( 'NONE',  ( 0.0000000000000000000, 0.9063077870366507100, -0.4226182617406978900 ) ) ;
#333 = ORIENTED_EDGE ( 'NONE', *, *, #907, .T. ) ;
#334 = DIRECTION ( 'NONE',  ( 0.0000000000000000000, 0.9063077870366509400, -0.4226182617406974400 ) ) ;
#335 = VERTEX_POINT ( 'NONE', #737 ) ;
#336 = LINE ( 'NONE', #1272, #1970 ) ;
#337 = CARTESIAN_POINT ( 'NONE',  ( -1.719999999999999800, -3.522499185607650400, 1.036832368289343700 ) ) ;
#338 = ORIENTED_EDGE ( 'NONE', *, *, #2171, .F. ) ;
#339 = PRESENTATION_STYLE_ASSIGNMENT (( #522 ) ) ;
#340 = EDGE_LOOP ( 'NONE', ( #1275, #99, #2115, #1305 ) ) ;
#341 = PRESENTATION_STYLE_ASSIGNMENT (( #1918 ) ) ;
#342 = VECTOR ( 'NONE', #619, 1000.000000000000000 ) ;
#343 = CARTESIAN_POINT ( 'NONE',  ( 0.3800000000000000000, -4.049999999999998900, 1.329999999999926800 ) ) ;
#344 = FACE_OUTER_BOUND ( 'NONE', #464, .T. ) ;
#345 = DIRECTION ( 'NONE',  ( 1.000000000000000000, -0.0000000000000000000, -0.0000000000000000000 ) ) ;
#346 = ORIENTED_EDGE ( 'NONE', *, *, #549, .F. ) ;
#347 = CARTESIAN_POINT ( 'NONE',  ( 2.669999999999999500, -3.385792873817839300, 1.329999999999933200 ) ) ;
#348 = DIRECTION ( 'NONE',  ( 0.0000000000000000000, -0.04361938736533280100, -0.9990482215818579100 ) ) ;
#349 = CARTESIAN_POINT ( 'NONE',  ( 1.909999999999999700, -3.049999999999999800, 1.669999999999934200 ) ) ;
#350 = VERTEX_POINT ( 'NONE', #1628 ) ;
#351 = VECTOR ( 'NONE', #2025, 1000.000000000000100 ) ;
#352 = CARTESIAN_POINT ( 'NONE',  ( 2.160000000000000100, -1.080000000000000300, 0.07000000000000000700 ) ) ;
#353 = CARTESIAN_POINT ( 'NONE',  ( 0.3800000000000000000, -4.049999999999998900, 1.329999999999926800 ) ) ;
#354 = LINE ( 'NONE', #458, #1470 ) ;
#355 = DIRECTION ( 'NONE',  ( 1.000000000000000000, 0.0000000000000000000, 0.0000000000000000000 ) ) ;
#356 = EDGE_CURVE ( 'NONE', #1630, #1274, #1631, .T. ) ;
#357 = DIRECTION ( 'NONE',  ( 0.0000000000000000000, 0.0000000000000000000, -1.000000000000000000 ) ) ;
#358 = EDGE_CURVE ( 'NONE', #2434, #2233, #1703, .T. ) ;
#359 = PLANE ( 'NONE',  #1353 ) ;
#360 =( NAMED_UNIT ( * ) SI_UNIT ( $, .STERADIAN. ) SOLID_ANGLE_UNIT ( ) );
#361 = ORIENTED_EDGE ( 'NONE', *, *, #2151, .F. ) ;
#362 = VERTEX_POINT ( 'NONE', #1382 ) ;
#363 = ADVANCED_FACE ( 'NONE', ( #2720 ), #1428, .T. ) ;
#364 = EDGE_LOOP ( 'NONE', ( #606, #1121, #853, #1963, #1104, #692, #1810, #515, #1845, #1317 ) ) ;
#365 = ORIENTED_EDGE ( 'NONE', *, *, #1748, .F. ) ;
#366 = LINE ( 'NONE', #117, #1551 ) ;
#367 = ORIENTED_EDGE ( 'NONE', *, *, #926, .F. ) ;
#368 = AXIS2_PLACEMENT_3D ( 'NONE', #46, #774, #1580 ) ;
#369 = LINE ( 'NONE', #383, #1411 ) ;
#370 = VECTOR ( 'NONE', #376, 1000.000000000000000 ) ;
#371 = STYLED_ITEM ( 'NONE', ( #2746 ), #1677 ) ;
#372 = ORIENTED_EDGE ( 'NONE', *, *, #1913, .T. ) ;
#373 = CARTESIAN_POINT ( 'NONE',  ( -2.669999999999999900, 3.049999999999999800, 0.6500000000000000200 ) ) ;
#374 = VECTOR ( 'NONE', #72, 1000.000000000000000 ) ;
#375 = VECTOR ( 'NONE', #2649, 1000.000000000000000 ) ;
#376 = DIRECTION ( 'NONE',  ( -0.0000000000000000000, 0.4226182617406967800, 0.9063077870366512700 ) ) ;
#377 = FACE_OUTER_BOUND ( 'NONE', #499, .T. ) ;
#378 = CARTESIAN_POINT ( 'NONE',  ( -2.160000000000000100, 3.049999999999999800, 0.6500000000000000200 ) ) ;
#379 = MECHANICAL_DESIGN_GEOMETRIC_PRESENTATION_REPRESENTATION (  '', ( #91 ), #524 ) ;
#380 =( NAMED_UNIT ( * ) SI_UNIT ( $, .STERADIAN. ) SOLID_ANGLE_UNIT ( ) );
#381 = ORIENTED_EDGE ( 'NONE', *, *, #328, .F. ) ;
#382 = ORIENTED_EDGE ( 'NONE', *, *, #1672, .T. ) ;
#383 = CARTESIAN_POINT ( 'NONE',  ( 2.669999999999999900, 4.129999999999999900, 0.07000000000000000700 ) ) ;
#384 = EDGE_CURVE ( 'NONE', #1650, #1544, #442, .T. ) ;
#385 = CARTESIAN_POINT ( 'NONE',  ( -2.669999999999999500, -3.385792873817840700, 1.329999999999929200 ) ) ;
#386 = DIRECTION ( 'NONE',  ( -1.000000000000000000, -0.0000000000000000000, -0.0000000000000000000 ) ) ;
#387 =( NAMED_UNIT ( * ) SI_UNIT ( $, .STERADIAN. ) SOLID_ANGLE_UNIT ( ) );
#388 = VECTOR ( 'NONE', #1038, 1000.000000000000000 ) ;
#389 = ADVANCED_FACE ( 'NONE', ( #377 ), #782, .T. ) ;
#390 =( NAMED_UNIT ( * ) PLANE_ANGLE_UNIT ( ) SI_UNIT ( $, .RADIAN. ) );
#391 = DIRECTION ( 'NONE',  ( 0.0000000000000000000, 0.0000000000000000000, -1.000000000000000000 ) ) ;
#392 = FACE_OUTER_BOUND ( 'NONE', #1475, .T. ) ;
#393 = CARTESIAN_POINT ( 'NONE',  ( -2.669999999999999900, 3.049999999999999800, 0.07000000000000000700 ) ) ;
#394 =( LENGTH_UNIT ( ) NAMED_UNIT ( * ) SI_UNIT ( .MILLI., .METRE. ) );
#395 = STYLED_ITEM ( 'NONE', ( #2391 ), #257 ) ;
#396 = ADVANCED_FACE ( 'NONE', ( #974 ), #788, .T. ) ;
#397 = EDGE_LOOP ( 'NONE', ( #2484, #645, #1290, #781 ) ) ;
#398 = CARTESIAN_POINT ( 'NONE',  ( 2.859999999999999900, -3.522499185607650400, 1.036832368289343700 ) ) ;
#399 = EDGE_CURVE ( 'NONE', #995, #1775, #2084, .T. ) ;
#400 = UNCERTAINTY_MEASURE_WITH_UNIT (LENGTH_MEASURE( 1.000000000000000100E-005 ), #528, 'distance_accuracy_value', 'NONE');
#401 = ORIENTED_EDGE ( 'NONE', *, *, #1099, .T. ) ;
#402 = ORIENTED_EDGE ( 'NONE', *, *, #2726, .T. ) ;
#403 = CARTESIAN_POINT ( 'NONE',  ( 3.249789915655211500, -3.019437339964040800, 2.370000000000000100 ) ) ;
#404 = VERTEX_POINT ( 'NONE', #1019 ) ;
#405 =( NAMED_UNIT ( * ) PLANE_ANGLE_UNIT ( ) SI_UNIT ( $, .RADIAN. ) );
#406 = LINE ( 'NONE', #2267, #2684 ) ;
#407 = SURFACE_STYLE_FILL_AREA ( #2738 ) ;
#408 = PRESENTATION_LAYER_ASSIGNMENT (  '', '', ( #120 ) ) ;
#409 = VERTEX_POINT ( 'NONE', #930 ) ;
#410 = LINE ( 'NONE', #1507, #2690 ) ;
#411 = AXIS2_PLACEMENT_3D ( 'NONE', #243, #2454, #1138 ) ;
#412 = DIRECTION ( 'NONE',  ( 0.0000000000000000000, 0.0000000000000000000, 1.000000000000000000 ) ) ;
#413 = SURFACE_STYLE_FILL_AREA ( #1883 ) ;
#414 = VECTOR ( 'NONE', #876, 1000.000000000000000 ) ;
#415 = VERTEX_POINT ( 'NONE', #2081 ) ;
#416 = EDGE_CURVE ( 'NONE', #1498, #2358, #2592, .T. ) ;
#417 =( NAMED_UNIT ( * ) SI_UNIT ( $, .STERADIAN. ) SOLID_ANGLE_UNIT ( ) );
#418 = EDGE_CURVE ( 'NONE', #924, #1370, #900, .T. ) ;
#419 = CARTESIAN_POINT ( 'NONE',  ( -1.909999999999999700, -3.049999999999999800, 1.669999999999934200 ) ) ;
#420 = VECTOR ( 'NONE', #1603, 1000.000000000000000 ) ;
#421 = SURFACE_STYLE_USAGE ( .BOTH. , #2221 ) ;
#422 = VECTOR ( 'NONE', #2838, 1000.000000000000000 ) ;
#423 = STYLED_ITEM ( 'NONE', ( #2764 ), #2266 ) ;
#424 = CARTESIAN_POINT ( 'NONE',  ( 0.0000000000000000000, 0.0000000000000000000, 2.370000000000000100 ) ) ;
#425 = PLANE ( 'NONE',  #1145 ) ;
#426 = FILL_AREA_STYLE_COLOUR ( '', #1836 ) ;
#427 = ORIENTED_EDGE ( 'NONE', *, *, #212, .F. ) ;
#428 = COLOUR_RGB ( '',1.000000000000000000, 1.000000000000000000, 1.000000000000000000 ) ;
#429 = VERTEX_POINT ( 'NONE', #1001 ) ;
#430 = CARTESIAN_POINT ( 'NONE',  ( 0.0000000000000000000, 0.0000000000000000000, 0.07000000000000000700 ) ) ;
#431 = ORIENTED_EDGE ( 'NONE', *, *, #632, .F. ) ;
#432 = ORIENTED_EDGE ( 'NONE', *, *, #1672, .F. ) ;
#433 = LINE ( 'NONE', #1212, #2578 ) ;
#434 =( NAMED_UNIT ( * ) SI_UNIT ( $, .STERADIAN. ) SOLID_ANGLE_UNIT ( ) );
#435 = ORIENTED_EDGE ( 'NONE', *, *, #1396, .T. ) ;
#436 = DIRECTION ( 'NONE',  ( 0.0000000000000000000, -0.9063077870366509400, 0.4226182617406974400 ) ) ;
#437 = FILL_AREA_STYLE_COLOUR ( '', #299 ) ;
#438 = VECTOR ( 'NONE', #2367, 1000.000000000000100 ) ;
#439 =( NAMED_UNIT ( * ) PLANE_ANGLE_UNIT ( ) SI_UNIT ( $, .RADIAN. ) );
#440 = LINE ( 'NONE', #65, #1558 ) ;
#441 = ORIENTED_EDGE ( 'NONE', *, *, #2151, .T. ) ;
#442 = LINE ( 'NONE', #1226, #513 ) ;
#443 = CARTESIAN_POINT ( 'NONE',  ( -2.669999999999999500, -3.038126938372802200, 1.329999999999935500 ) ) ;
#444 = CARTESIAN_POINT ( 'NONE',  ( 2.669999999999999900, 3.049999999999999800, 0.06999999999999975700 ) ) ;
#445 = SURFACE_STYLE_FILL_AREA ( #1013 ) ;
#446 = VERTEX_POINT ( 'NONE', #2518 ) ;
#447 = AXIS2_PLACEMENT_3D ( 'NONE', #2244, #2218, #677 ) ;
#448 = UNCERTAINTY_MEASURE_WITH_UNIT (LENGTH_MEASURE( 1.000000000000000100E-005 ), #1846, 'distance_accuracy_value', 'NONE');
#449 = EDGE_CURVE ( 'NONE', #1331, #1163, #2154, .T. ) ;
#450 = ORIENTED_EDGE ( 'NONE', *, *, #1502, .F. ) ;
#451 = DIRECTION ( 'NONE',  ( -1.421904488505579700E-016, 1.000000000000000000, 0.0000000000000000000 ) ) ;
#452 = EDGE_CURVE ( 'NONE', #2434, #2437, #1418, .T. ) ;
#453 = ADVANCED_FACE ( 'NONE', ( #237 ), #1675, .T. ) ;
#454 = CARTESIAN_POINT ( 'NONE',  ( 2.160000000000000100, 3.049999999999999800, 0.07000000000000000700 ) ) ;
#455 =( NAMED_UNIT ( * ) PLANE_ANGLE_UNIT ( ) SI_UNIT ( $, .RADIAN. ) );
#456 = DIRECTION ( 'NONE',  ( 1.000000000000000000, -0.0000000000000000000, -0.0000000000000000000 ) ) ;
#457 = MECHANICAL_DESIGN_GEOMETRIC_PRESENTATION_REPRESENTATION (  '', ( #21 ), #614 ) ;
#458 = CARTESIAN_POINT ( 'NONE',  ( -2.669999999999999900, 3.830000000000000100, 0.6500000000000000200 ) ) ;
#459 = EDGE_LOOP ( 'NONE', ( #753, #2576, #2623, #1476 ) ) ;
#460 = ADVANCED_FACE ( 'NONE', ( #624 ), #1233, .F. ) ;
#461 = AXIS2_PLACEMENT_3D ( 'NONE', #165, #2804, #1270 ) ;
#462 = CARTESIAN_POINT ( 'NONE',  ( -2.669999999999999500, -3.041267811418298300, 1.869999999999927500 ) ) ;
#463 = STYLED_ITEM ( 'NONE', ( #1002 ), #1143 ) ;
#464 = EDGE_LOOP ( 'NONE', ( #2839, #62, #163, #228 ) ) ;
#465 =( NAMED_UNIT ( * ) PLANE_ANGLE_UNIT ( ) SI_UNIT ( $, .RADIAN. ) );
#466 = DIRECTION ( 'NONE',  ( 0.0000000000000000000, 0.0000000000000000000, 1.000000000000000000 ) ) ;
#467 = VERTEX_POINT ( 'NONE', #558 ) ;
#468 = MECHANICAL_DESIGN_GEOMETRIC_PRESENTATION_REPRESENTATION (  '', ( #32 ), #626 ) ;
#469 = ORIENTED_EDGE ( 'NONE', *, *, #115, .F. ) ;
#470 = PLANE ( 'NONE',  #2110 ) ;
#471 = ORIENTED_EDGE ( 'NONE', *, *, #1709, .T. ) ;
#472 = PRESENTATION_STYLE_ASSIGNMENT (( #1634 ) ) ;
#473 = ORIENTED_EDGE ( 'NONE', *, *, #2432, .T. ) ;
#474 = DIRECTION ( 'NONE',  ( 1.000000000000000000, 0.0000000000000000000, 0.0000000000000000000 ) ) ;
#475 = SURFACE_STYLE_FILL_AREA ( #776 ) ;
#476 = EDGE_CURVE ( 'NONE', #2806, #862, #2114, .T. ) ;
#477 = FACE_OUTER_BOUND ( 'NONE', #518, .T. ) ;
#478 = CARTESIAN_POINT ( 'NONE',  ( 0.3800000000000000000, -3.038126938372802200, 1.329999999999935500 ) ) ;
#479 = ADVANCED_FACE ( 'NONE', ( #1521 ), #567, .T. ) ;
#480 = LINE ( 'NONE', #2276, #1075 ) ;
#481 = FACE_OUTER_BOUND ( 'NONE', #976, .T. ) ;
#482 = CARTESIAN_POINT ( 'NONE',  ( 2.669999999999999900, 3.049999999999999800, 0.06999999999999975700 ) ) ;
#483 =( NAMED_UNIT ( * ) SI_UNIT ( $, .STERADIAN. ) SOLID_ANGLE_UNIT ( ) );
#484 = VERTEX_POINT ( 'NONE', #1682 ) ;
#485 = PLANE ( 'NONE',  #173 ) ;
#486 = DIRECTION ( 'NONE',  ( 0.5144957554275249000, -0.8574929257125452100, 0.0000000000000000000 ) ) ;
#487 =( LENGTH_UNIT ( ) NAMED_UNIT ( * ) SI_UNIT ( .MILLI., .METRE. ) );
#488 = CARTESIAN_POINT ( 'NONE',  ( 1.909999999999999700, -3.875199078817632700, 1.558213861339905900 ) ) ;
#489 = UNCERTAINTY_MEASURE_WITH_UNIT (LENGTH_MEASURE( 1.000000000000000100E-005 ), #1106, 'distance_accuracy_value', 'NONE');
#490 = VECTOR ( 'NONE', #10, 1000.000000000000000 ) ;
#491 = CARTESIAN_POINT ( 'NONE',  ( 0.3800000000000000000, -3.038126938372802200, 1.329999999999935500 ) ) ;
#492 = LINE ( 'NONE', #2007, #1606 ) ;
#493 = ORIENTED_EDGE ( 'NONE', *, *, #1073, .F. ) ;
#494 = SURFACE_STYLE_USAGE ( .BOTH. , #722 ) ;
#495 = DIRECTION ( 'NONE',  ( -1.000000000000000000, 0.0000000000000000000, 0.0000000000000000000 ) ) ;
#496 = ORIENTED_EDGE ( 'NONE', *, *, #675, .F. ) ;
#497 = LINE ( 'NONE', #211, #2773 ) ;
#498 = FILL_AREA_STYLE_COLOUR ( '', #1489 ) ;
#499 = EDGE_LOOP ( 'NONE', ( #2228, #2468, #1765, #1690, #2013, #1234, #1201, #1566, #1184, #1547 ) ) ;
#500 = STYLED_ITEM ( 'NONE', ( #1897 ), #1493 ) ;
#501 = SURFACE_SIDE_STYLE ('',( #724 ) ) ;
#502 = VECTOR ( 'NONE', #1383, 1000.000000000000000 ) ;
#503 = DIRECTION ( 'NONE',  ( -0.0000000000000000000, -1.000000000000000000, -1.422901506435916700E-016 ) ) ;
#504 = DIRECTION ( 'NONE',  ( 0.0000000000000000000, -0.4226182617406965500, -0.9063077870366512700 ) ) ;
#505 = VERTEX_POINT ( 'NONE', #88 ) ;
#506 = PRESENTATION_STYLE_ASSIGNMENT (( #1527 ) ) ;
#507 = EDGE_CURVE ( 'NONE', #963, #1775, #1310, .T. ) ;
#508 = CIRCLE ( 'NONE', #2824, 0.5400000000000001500 ) ;
#509 = EDGE_CURVE ( 'NONE', #226, #350, #1903, .T. ) ;
#510 =( NAMED_UNIT ( * ) PLANE_ANGLE_UNIT ( ) SI_UNIT ( $, .RADIAN. ) );
#511 = ORIENTED_EDGE ( 'NONE', *, *, #1612, .T. ) ;
#512 = ADVANCED_FACE ( 'NONE', ( #138 ), #2131, .T. ) ;
#513 = VECTOR ( 'NONE', #244, 1000.000000000000100 ) ;
#514 = ORIENTED_EDGE ( 'NONE', *, *, #2430, .T. ) ;
#515 = ORIENTED_EDGE ( 'NONE', *, *, #2290, .F. ) ;
#516 = DIRECTION ( 'NONE',  ( 1.421904488505579700E-016, -1.000000000000000000, 0.0000000000000000000 ) ) ;
#517 = CARTESIAN_POINT ( 'NONE',  ( 1.719999999999999800, -4.011905390607442000, 1.265046229629320600 ) ) ;
#518 = EDGE_LOOP ( 'NONE', ( #676, #1166, #1620, #1333 ) ) ;
#519 = STYLED_ITEM ( 'NONE', ( #2453 ), #2360 ) ;
#520 = AXIS2_PLACEMENT_3D ( 'NONE', #2107, #2517, #97 ) ;
#521 = DIRECTION ( 'NONE',  ( -1.000000000000000000, 0.0000000000000000000, 0.0000000000000000000 ) ) ;
#522 = SURFACE_STYLE_USAGE ( .BOTH. , #1882 ) ;
#523 = DIRECTION ( 'NONE',  ( 0.0000000000000000000, 0.4226182617406965500, 0.9063077870366512700 ) ) ;
#524 =( GEOMETRIC_REPRESENTATION_CONTEXT ( 3 ) GLOBAL_UNCERTAINTY_ASSIGNED_CONTEXT ( ( #1536 ) ) GLOBAL_UNIT_ASSIGNED_CONTEXT ( ( #2263, #1613, #2497 ) ) REPRESENTATION_CONTEXT ( 'NONE', 'WORKASPACE' ) );
#525 = FILL_AREA_STYLE ('',( #2295 ) ) ;
#526 = ADVANCED_FACE ( 'NONE', ( #1629 ), #1731, .F. ) ;
#527 = SURFACE_STYLE_FILL_AREA ( #2072 ) ;
#528 =( LENGTH_UNIT ( ) NAMED_UNIT ( * ) SI_UNIT ( .MILLI., .METRE. ) );
#529 = EDGE_CURVE ( 'NONE', #1289, #193, #2717, .T. ) ;
#530 =( LENGTH_UNIT ( ) NAMED_UNIT ( * ) SI_UNIT ( .MILLI., .METRE. ) );
#531 = PRESENTATION_STYLE_ASSIGNMENT (( #2782 ) ) ;
#532 = ORIENTED_EDGE ( 'NONE', *, *, #2407, .F. ) ;
#533 = EDGE_LOOP ( 'NONE', ( #1747, #1771, #427, #2781 ) ) ;
#534 = CARTESIAN_POINT ( 'NONE',  ( 2.669999999999999500, -5.870000000000000100, 0.5399999999999992600 ) ) ;
#535 = ORIENTED_EDGE ( 'NONE', *, *, #752, .F. ) ;
#536 = ORIENTED_EDGE ( 'NONE', *, *, #1346, .T. ) ;
#537 = DIRECTION ( 'NONE',  ( 0.0000000000000000000, 0.0000000000000000000, -1.000000000000000000 ) ) ;
#538 = VECTOR ( 'NONE', #1053, 999.9999999999998900 ) ;
#539 = DIRECTION ( 'NONE',  ( 0.0000000000000000000, 0.4226182617406968300, 0.9063077870366511600 ) ) ;
#540 = ORIENTED_EDGE ( 'NONE', *, *, #2254, .F. ) ;
#541 = CARTESIAN_POINT ( 'NONE',  ( -2.160000000000000100, 3.049999999999999800, 0.6500000000000000200 ) ) ;
#542 = VECTOR ( 'NONE', #765, 1000.000000000000000 ) ;
#543 = DIRECTION ( 'NONE',  ( -1.000000000000000000, 0.0000000000000000000, 0.0000000000000000000 ) ) ;
#544 = SURFACE_STYLE_FILL_AREA ( #1722 ) ;
#545 = PRESENTATION_LAYER_ASSIGNMENT (  '', '', ( #395 ) ) ;
#546 = VECTOR ( 'NONE', #1824, 1000.000000000000000 ) ;
#547 = FILL_AREA_STYLE_COLOUR ( '', #2381 ) ;
#548 = EDGE_LOOP ( 'NONE', ( #1914, #1637, #787, #1437 ) ) ;
#549 = EDGE_CURVE ( 'NONE', #686, #1375, #440, .T. ) ;
#550 = CARTESIAN_POINT ( 'NONE',  ( 1.909999999999999700, -3.041267811418298300, 1.869999999999927500 ) ) ;
#551 = LINE ( 'NONE', #1141, #2247 ) ;
#552 =( NAMED_UNIT ( * ) PLANE_ANGLE_UNIT ( ) SI_UNIT ( $, .RADIAN. ) );
#553 = ORIENTED_EDGE ( 'NONE', *, *, #2386, .F. ) ;
#554 = CARTESIAN_POINT ( 'NONE',  ( -1.909999999999999700, -3.875199078817632700, 1.558213861339905900 ) ) ;
#555 = MECHANICAL_DESIGN_GEOMETRIC_PRESENTATION_REPRESENTATION (  '', ( #120 ), #705 ) ;
#556 = CARTESIAN_POINT ( 'NONE',  ( 2.669999999999999500, -3.860593795000208500, 0.3117861386600225800 ) ) ;
#557 = LINE ( 'NONE', #678, #1467 ) ;
#558 = CARTESIAN_POINT ( 'NONE',  ( 1.909999999999999700, -3.860593795000208100, 0.3117861386600226900 ) ) ;
#559 = AXIS2_PLACEMENT_3D ( 'NONE', #2775, #1699, #357 ) ;
#560 = LINE ( 'NONE', #2311, #1083 ) ;
#561 = CARTESIAN_POINT ( 'NONE',  ( -2.669999999999999500, -4.349999999999999600, 0.5399999999999993700 ) ) ;
#562 = EDGE_CURVE ( 'NONE', #1330, #2718, #2149, .T. ) ;
#563 = CARTESIAN_POINT ( 'NONE',  ( -2.669999999999999900, 3.049999999999999800, 0.6500000000000000200 ) ) ;
#564 = FACE_OUTER_BOUND ( 'NONE', #364, .T. ) ;
#565 = ORIENTED_EDGE ( 'NONE', *, *, #1502, .T. ) ;
#566 = EDGE_CURVE ( 'NONE', #1218, #70, #966, .T. ) ;
#567 = PLANE ( 'NONE',  #1625 ) ;
#568 = CARTESIAN_POINT ( 'NONE',  ( -2.160000000000000100, -1.080000000000000300, 0.07000000000000000700 ) ) ;
#569 = VERTEX_POINT ( 'NONE', #1830 ) ;
#570 = DIRECTION ( 'NONE',  ( 0.04357795025174415700, 0.04357795025174370600, 0.9980991556472297300 ) ) ;
#571 = VERTEX_POINT ( 'NONE', #2066 ) ;
#572 = ORIENTED_EDGE ( 'NONE', *, *, #1014, .F. ) ;
#573 = VECTOR ( 'NONE', #2819, 1000.000000000000100 ) ;
#574 = AXIS2_PLACEMENT_3D ( 'NONE', #2426, #1122, #84 ) ;
#575 = EDGE_LOOP ( 'NONE', ( #2068, #1257, #2661, #579, #2309 ) ) ;
#576 = SURFACE_SIDE_STYLE ('',( #593 ) ) ;
#577 = VECTOR ( 'NONE', #1392, 1000.000000000000200 ) ;
#578 =( NAMED_UNIT ( * ) PLANE_ANGLE_UNIT ( ) SI_UNIT ( $, .RADIAN. ) );
#579 = ORIENTED_EDGE ( 'NONE', *, *, #1948, .F. ) ;
#580 = VECTOR ( 'NONE', #967, 1000.000000000000000 ) ;
#581 = CARTESIAN_POINT ( 'NONE',  ( -2.669999999999999500, -4.349999999999999600, -9.221312521315205400E-016 ) ) ;
#582 = STYLED_ITEM ( 'NONE', ( #339 ), #479 ) ;
#583 = ORIENTED_EDGE ( 'NONE', *, *, #1557, .F. ) ;
#584 = COLOUR_RGB ( '',1.000000000000000000, 1.000000000000000000, 1.000000000000000000 ) ;
#585 = FACE_OUTER_BOUND ( 'NONE', #659, .T. ) ;
#586 = ADVANCED_FACE ( 'NONE', ( #2078 ), #2047, .T. ) ;
#587 = CARTESIAN_POINT ( 'NONE',  ( 2.859999999999999900, -3.860593795000208100, 0.3117861386600225800 ) ) ;
#588 = PRESENTATION_STYLE_ASSIGNMENT (( #944 ) ) ;
#589 = CARTESIAN_POINT ( 'NONE',  ( 0.3800000000000000000, -3.041267811418298300, 1.869999999999927300 ) ) ;
#590 =( LENGTH_UNIT ( ) NAMED_UNIT ( * ) SI_UNIT ( .MILLI., .METRE. ) );
#591 = ORIENTED_EDGE ( 'NONE', *, *, #1850, .T. ) ;
#592 = CARTESIAN_POINT ( 'NONE',  ( 2.669999999999999500, -3.385792873817840700, 1.869999999999929300 ) ) ;
#593 = SURFACE_STYLE_FILL_AREA ( #1911 ) ;
#594 = PLANE ( 'NONE',  #2240 ) ;
#595 = PRESENTATION_STYLE_ASSIGNMENT (( #2677 ) ) ;
#596 = CARTESIAN_POINT ( 'NONE',  ( 0.0000000000000000000, 2.899519498735410500, 2.370000000000000100 ) ) ;
#597 = STYLED_ITEM ( 'NONE', ( #1978 ), #126 ) ;
#598 = COLOUR_RGB ( '',1.000000000000000000, 1.000000000000000000, 1.000000000000000000 ) ;
#599 = CARTESIAN_POINT ( 'NONE',  ( -2.669999999999999500, -4.349999999999999600, 0.5399999999999990400 ) ) ;
#600 = EDGE_CURVE ( 'NONE', #620, #2718, #1866, .T. ) ;
#601 = VERTEX_POINT ( 'NONE', #1183 ) ;
#602 = DIRECTION ( 'NONE',  ( -0.0000000000000000000, -1.000000000000000000, -0.0000000000000000000 ) ) ;
#603 = ORIENTED_EDGE ( 'NONE', *, *, #865, .F. ) ;
#604 = EDGE_CURVE ( 'NONE', #1584, #1831, #2440, .T. ) ;
#605 = DIRECTION ( 'NONE',  ( 0.0000000000000000000, 0.0000000000000000000, 1.000000000000000000 ) ) ;
#606 = ORIENTED_EDGE ( 'NONE', *, *, #777, .F. ) ;
#607 =( NAMED_UNIT ( * ) PLANE_ANGLE_UNIT ( ) SI_UNIT ( $, .RADIAN. ) );
#608 = CARTESIAN_POINT ( 'NONE',  ( -2.160000000000000100, -1.080000000000000300, 0.6500000000000000200 ) ) ;
#609 = VERTEX_POINT ( 'NONE', #964 ) ;
#610 = LINE ( 'NONE', #1354, #2310 ) ;
#611 = EDGE_LOOP ( 'NONE', ( #20, #793, #1243, #2340 ) ) ;
#612 = LINE ( 'NONE', #200, #103 ) ;
#613 = PLANE ( 'NONE',  #1817 ) ;
#614 =( GEOMETRIC_REPRESENTATION_CONTEXT ( 3 ) GLOBAL_UNCERTAINTY_ASSIGNED_CONTEXT ( ( #2450 ) ) GLOBAL_UNIT_ASSIGNED_CONTEXT ( ( #803, #2351, #1025 ) ) REPRESENTATION_CONTEXT ( 'NONE', 'WORKASPACE' ) );
#615 = FACE_OUTER_BOUND ( 'NONE', #2772, .T. ) ;
#616 = DIRECTION ( 'NONE',  ( -1.000000000000000000, 0.0000000000000000000, -0.0000000000000000000 ) ) ;
#617 = VECTOR ( 'NONE', #1261, 1000.000000000000200 ) ;
#618 = STYLED_ITEM ( 'NONE', ( #531 ), #1843 ) ;
#619 = DIRECTION ( 'NONE',  ( 0.0000000000000000000, 0.0000000000000000000, -1.000000000000000000 ) ) ;
#620 = VERTEX_POINT ( 'NONE', #287 ) ;
#621 = LINE ( 'NONE', #2033, #1133 ) ;
#622 = SURFACE_STYLE_FILL_AREA ( #1120 ) ;
#623 = AXIS2_PLACEMENT_3D ( 'NONE', #2435, #18, #1115 ) ;
#624 = FACE_OUTER_BOUND ( 'NONE', #747, .T. ) ;
#625 =( LENGTH_UNIT ( ) NAMED_UNIT ( * ) SI_UNIT ( .MILLI., .METRE. ) );
#626 =( GEOMETRIC_REPRESENTATION_CONTEXT ( 3 ) GLOBAL_UNCERTAINTY_ASSIGNED_CONTEXT ( ( #1525 ) ) GLOBAL_UNIT_ASSIGNED_CONTEXT ( ( #487, #252, #1788 ) ) REPRESENTATION_CONTEXT ( 'NONE', 'WORKASPACE' ) );
#627 = DIRECTION ( 'NONE',  ( 0.0000000000000000000, 1.000000000000000000, 0.0000000000000000000 ) ) ;
#628 = ORIENTED_EDGE ( 'NONE', *, *, #399, .F. ) ;
#629 =( NAMED_UNIT ( * ) SI_UNIT ( $, .STERADIAN. ) SOLID_ANGLE_UNIT ( ) );
#630 = VERTEX_POINT ( 'NONE', #271 ) ;
#631 = DIRECTION ( 'NONE',  ( 0.0000000000000000000, -0.9063077870366507100, 0.4226182617406978900 ) ) ;
#632 = EDGE_CURVE ( 'NONE', #362, #409, #1805, .T. ) ;
#633 = ORIENTED_EDGE ( 'NONE', *, *, #1252, .T. ) ;
#634 = DIRECTION ( 'NONE',  ( 0.0000000000000000000, -0.9063077870366507100, 0.4226182617406978900 ) ) ;
#635 = DIRECTION ( 'NONE',  ( -0.0000000000000000000, -1.000000000000000000, -0.0000000000000000000 ) ) ;
#636 = VERTEX_POINT ( 'NONE', #1715 ) ;
#637 = DIRECTION ( 'NONE',  ( -1.000000000000000000, -0.0000000000000000000, -0.0000000000000000000 ) ) ;
#638 = LINE ( 'NONE', #2694, #1225 ) ;
#639 = DIRECTION ( 'NONE',  ( 0.0000000000000000000, 0.4226182617406967800, 0.9063077870366512700 ) ) ;
#640 = VECTOR ( 'NONE', #2229, 1000.000000000000000 ) ;
#641 = DIRECTION ( 'NONE',  ( -1.000000000000000000, 0.0000000000000000000, -0.0000000000000000000 ) ) ;
#642 = AXIS2_PLACEMENT_3D ( 'NONE', #561, #1586, #1807 ) ;
#643 = EDGE_LOOP ( 'NONE', ( #2104, #1, #435, #956 ) ) ;
#644 = VECTOR ( 'NONE', #846, 1000.000000000000000 ) ;
#645 = ORIENTED_EDGE ( 'NONE', *, *, #1850, .F. ) ;
#646 = ORIENTED_EDGE ( 'NONE', *, *, #1760, .F. ) ;
#647 = FILL_AREA_STYLE ('',( #1165 ) ) ;
#648 = PRESENTATION_STYLE_ASSIGNMENT (( #728 ) ) ;
#649 = EDGE_LOOP ( 'NONE', ( #710, #267, #1739, #1406, #2285, #128, #1160, #633, #2100, #1203 ) ) ;
#650 = LINE ( 'NONE', #2628, #2355 ) ;
#651 = AXIS2_PLACEMENT_3D ( 'NONE', #2103, #1460, #1685 ) ;
#652 = VECTOR ( 'NONE', #110, 1000.000000000000000 ) ;
#653 = EDGE_CURVE ( 'NONE', #636, #2225, #105, .T. ) ;
#654 = VERTEX_POINT ( 'NONE', #1941 ) ;
#655 = EDGE_CURVE ( 'NONE', #1926, #2143, #2316, .T. ) ;
#656 = CARTESIAN_POINT ( 'NONE',  ( 1.719999999999999800, -3.860593795000208100, 0.3117861386600225800 ) ) ;
#657 = EDGE_CURVE ( 'NONE', #1311, #842, #37, .T. ) ;
#658 = DIRECTION ( 'NONE',  ( 0.0000000000000000000, 0.0000000000000000000, 1.000000000000000000 ) ) ;
#659 = EDGE_LOOP ( 'NONE', ( #786, #140, #1448, #2178 ) ) ;
#660 = CARTESIAN_POINT ( 'NONE',  ( 2.669999999999999500, -4.011905390607442000, 1.265046229629320600 ) ) ;
#661 = CARTESIAN_POINT ( 'NONE',  ( 2.160000000000000100, -1.080000000000000300, 0.6500000000000000200 ) ) ;
#662 = DIRECTION ( 'NONE',  ( 0.0000000000000000000, 1.000000000000000000, 0.0000000000000000000 ) ) ;
#663 = AXIS2_PLACEMENT_3D ( 'NONE', #1989, #69, #53 ) ;
#664 = CARTESIAN_POINT ( 'NONE',  ( 2.169999999999997700, 4.129999999999999900, 0.6500000000000000200 ) ) ;
#665 = LINE ( 'NONE', #8, #736 ) ;
#666 = MECHANICAL_DESIGN_GEOMETRIC_PRESENTATION_REPRESENTATION (  '', ( #371 ), #823 ) ;
#667 = SURFACE_STYLE_USAGE ( .BOTH. , #1427 ) ;
#668 = VECTOR ( 'NONE', #2160, 1000.000000000000000 ) ;
#669 = PRESENTATION_LAYER_ASSIGNMENT (  '', '', ( #2248 ) ) ;
#670 = DIRECTION ( 'NONE',  ( 1.000000000000000000, -0.0000000000000000000, -0.0000000000000000000 ) ) ;
#671 = FILL_AREA_STYLE_COLOUR ( '', #1919 ) ;
#672 =( LENGTH_UNIT ( ) NAMED_UNIT ( * ) SI_UNIT ( .MILLI., .METRE. ) );
#673 = ORIENTED_EDGE ( 'NONE', *, *, #752, .T. ) ;
#674 = ORIENTED_EDGE ( 'NONE', *, *, #1608, .T. ) ;
#675 = EDGE_CURVE ( 'NONE', #1087, #1276, #1280, .T. ) ;
#676 = ORIENTED_EDGE ( 'NONE', *, *, #1461, .T. ) ;
#677 = DIRECTION ( 'NONE',  ( 0.0000000000000000000, 0.0000000000000000000, 1.000000000000000000 ) ) ;
#678 = CARTESIAN_POINT ( 'NONE',  ( 2.669999999999999500, -3.522499185607650400, 1.036832368289343700 ) ) ;
#679 = ORIENTED_EDGE ( 'NONE', *, *, #1726, .T. ) ;
#680 = DIRECTION ( 'NONE',  ( 0.0000000000000000000, 0.03489949670251105800, -0.9993908270190953200 ) ) ;
#681 = VECTOR ( 'NONE', #1369, 1000.000000000000000 ) ;
#682 = DIRECTION ( 'NONE',  ( -1.000000000000000000, 0.0000000000000000000, 0.0000000000000000000 ) ) ;
#683 = ADVANCED_FACE ( 'NONE', ( #1129 ), #2380, .T. ) ;
#684 = PLANE ( 'NONE',  #323 ) ;
#685 = VECTOR ( 'NONE', #1508, 1000.000000000000000 ) ;
#686 = VERTEX_POINT ( 'NONE', #2372 ) ;
#687 = FACE_OUTER_BOUND ( 'NONE', #643, .T. ) ;
#688 =( NAMED_UNIT ( * ) PLANE_ANGLE_UNIT ( ) SI_UNIT ( $, .RADIAN. ) );
#689 = VECTOR ( 'NONE', #2703, 1000.000000000000000 ) ;
#690 = ORIENTED_EDGE ( 'NONE', *, *, #1139, .F. ) ;
#691 =( LENGTH_UNIT ( ) NAMED_UNIT ( * ) SI_UNIT ( .MILLI., .METRE. ) );
#692 = ORIENTED_EDGE ( 'NONE', *, *, #2193, .T. ) ;
#693 = PRODUCT_CONTEXT ( 'NONE', #2443, 'mechanical' ) ;
#694 = DIRECTION ( 'NONE',  ( -0.9990482215818579100, -1.420551150500760800E-016, -0.04361938736533270400 ) ) ;
#695 = FILL_AREA_STYLE ('',( #2792 ) ) ;
#696 = VERTEX_POINT ( 'NONE', #832 ) ;
#697 = MECHANICAL_DESIGN_GEOMETRIC_PRESENTATION_REPRESENTATION (  '', ( #395 ), #849 ) ;
#698 = DIRECTION ( 'NONE',  ( -1.000000000000000000, -0.0000000000000000000, -0.0000000000000000000 ) ) ;
#699 = EDGE_CURVE ( 'NONE', #601, #1966, #2615, .T. ) ;
#700 = CARTESIAN_POINT ( 'NONE',  ( 1.909999999999999700, -3.385792873817840700, 1.329999999999929200 ) ) ;
#701 = PLANE ( 'NONE',  #2616 ) ;
#702 = LINE ( 'NONE', #2045, #1821 ) ;
#703 = UNCERTAINTY_MEASURE_WITH_UNIT (LENGTH_MEASURE( 1.000000000000000100E-005 ), #945, 'distance_accuracy_value', 'NONE');
#704 = VECTOR ( 'NONE', #2282, 1000.000000000000100 ) ;
#705 =( GEOMETRIC_REPRESENTATION_CONTEXT ( 3 ) GLOBAL_UNCERTAINTY_ASSIGNED_CONTEXT ( ( #2095 ) ) GLOBAL_UNIT_ASSIGNED_CONTEXT ( ( #2422, #1096, #2637 ) ) REPRESENTATION_CONTEXT ( 'NONE', 'WORKASPACE' ) );
#706 = ORIENTED_EDGE ( 'NONE', *, *, #1014, .T. ) ;
#707 = CARTESIAN_POINT ( 'NONE',  ( -0.3800000000000000000, -3.041267811418298300, 1.869999999999927300 ) ) ;
#708 = AXIS2_PLACEMENT_3D ( 'NONE', #2206, #2666, #1574 ) ;
#709 = EDGE_CURVE ( 'NONE', #170, #822, #1445, .T. ) ;
#710 = ORIENTED_EDGE ( 'NONE', *, *, #2481, .F. ) ;
#711 = ORIENTED_EDGE ( 'NONE', *, *, #1344, .F. ) ;
#712 = DIRECTION ( 'NONE',  ( -1.000000000000000000, -0.0000000000000000000, 0.0000000000000000000 ) ) ;
#713 = ORIENTED_EDGE ( 'NONE', *, *, #2632, .F. ) ;
#714 = EDGE_CURVE ( 'NONE', #1624, #866, #336, .T. ) ;
#715 = DIRECTION ( 'NONE',  ( -1.000000000000000000, -0.0000000000000000000, 0.0000000000000000000 ) ) ;
#716 = DIRECTION ( 'NONE',  ( 1.000000000000000000, 0.0000000000000000000, 0.0000000000000000000 ) ) ;
#717 = VECTOR ( 'NONE', #1395, 1000.000000000000000 ) ;
#718 =( NAMED_UNIT ( * ) SI_UNIT ( $, .STERADIAN. ) SOLID_ANGLE_UNIT ( ) );
#719 = VECTOR ( 'NONE', #348, 1000.000000000000000 ) ;
#720 = PLANE ( 'NONE',  #663 ) ;
#721 = ORIENTED_EDGE ( 'NONE', *, *, #1649, .F. ) ;
#722 = SURFACE_SIDE_STYLE ('',( #1304 ) ) ;
#723 = LINE ( 'NONE', #2408, #1168 ) ;
#724 = SURFACE_STYLE_FILL_AREA ( #2069 ) ;
#725 = PRESENTATION_LAYER_ASSIGNMENT (  '', '', ( #423 ) ) ;
#726 = VERTEX_POINT ( 'NONE', #1816 ) ;
#727 = AXIS2_PLACEMENT_3D ( 'NONE', #2526, #1213, #779 ) ;
#728 = SURFACE_STYLE_USAGE ( .BOTH. , #2626 ) ;
#729 = CARTESIAN_POINT ( 'NONE',  ( -3.300000000000000300, 2.420000000000005300, 1.219999999999902900 ) ) ;
#730 = CARTESIAN_POINT ( 'NONE',  ( -1.909999999999999700, -3.385792873817840700, 1.329999999999929200 ) ) ;
#731 =( NAMED_UNIT ( * ) SI_UNIT ( $, .STERADIAN. ) SOLID_ANGLE_UNIT ( ) );
#732 = ADVANCED_FACE ( 'NONE', ( #1374 ), #2808, .T. ) ;
#733 = DIRECTION ( 'NONE',  ( 0.0000000000000000000, -0.9063077870366512700, 0.4226182617406965500 ) ) ;
#734 =( NAMED_UNIT ( * ) SI_UNIT ( $, .STERADIAN. ) SOLID_ANGLE_UNIT ( ) );
#735 = CARTESIAN_POINT ( 'NONE',  ( 0.3800000000000000000, -3.049999999999999800, 1.669999999999935500 ) ) ;
#736 = VECTOR ( 'NONE', #2431, 1000.000000000000000 ) ;
#737 = CARTESIAN_POINT ( 'NONE',  ( -1.909999999999999700, -3.385792873817839300, 1.329999999999933200 ) ) ;
#738 = DIRECTION ( 'NONE',  ( 0.0000000000000000000, 0.9990482215818579100, -0.04361938736533280100 ) ) ;
#739 = CARTESIAN_POINT ( 'NONE',  ( -3.299999999999998900, -3.034285653728707300, 1.219999999999902900 ) ) ;
#740 = CARTESIAN_POINT ( 'NONE',  ( -1.719999999999999800, -3.522499185607650400, 1.036832368289343700 ) ) ;
#741 = ADVANCED_FACE ( 'NONE', ( #1767 ), #4, .T. ) ;
#742 = FILL_AREA_STYLE_COLOUR ( '', #931 ) ;
#743 = ORIENTED_EDGE ( 'NONE', *, *, #2730, .F. ) ;
#744 = CARTESIAN_POINT ( 'NONE',  ( 2.169999999999997700, 4.129999999999999900, 0.6500000000000000200 ) ) ;
#745 = ORIENTED_EDGE ( 'NONE', *, *, #1344, .T. ) ;
#746 = ORIENTED_EDGE ( 'NONE', *, *, #2480, .F. ) ;
#747 = EDGE_LOOP ( 'NONE', ( #2521, #2373, #381, #234, #471, #1705 ) ) ;
#748 = CARTESIAN_POINT ( 'NONE',  ( -2.820480501264591000, 2.899519498735410500, 2.370000000000000600 ) ) ;
#749 = AXIS2_PLACEMENT_3D ( 'NONE', #700, #715, #658 ) ;
#750 =( NAMED_UNIT ( * ) SI_UNIT ( $, .STERADIAN. ) SOLID_ANGLE_UNIT ( ) );
#751 = ORIENTED_EDGE ( 'NONE', *, *, #1907, .T. ) ;
#752 = EDGE_CURVE ( 'NONE', #409, #1714, #1164, .T. ) ;
#753 = ORIENTED_EDGE ( 'NONE', *, *, #1313, .F. ) ;
#754 = LINE ( 'NONE', #2127, #1338 ) ;
#755 = EDGE_CURVE ( 'NONE', #274, #2680, #2843, .T. ) ;
#756 = SURFACE_SIDE_STYLE ('',( #892 ) ) ;
#757 = ORIENTED_EDGE ( 'NONE', *, *, #1594, .F. ) ;
#758 = DIRECTION ( 'NONE',  ( 1.000000000000000000, 0.0000000000000000000, 0.0000000000000000000 ) ) ;
#759 = PLANE ( 'NONE',  #2162 ) ;
#760 = VECTOR ( 'NONE', #792, 1000.000000000000200 ) ;
#761 = UNCERTAINTY_MEASURE_WITH_UNIT (LENGTH_MEASURE( 1.000000000000000100E-005 ), #857, 'distance_accuracy_value', 'NONE');
#762 =( LENGTH_UNIT ( ) NAMED_UNIT ( * ) SI_UNIT ( .MILLI., .METRE. ) );
#763 = LINE ( 'NONE', #2026, #2516 ) ;
#764 = ADVANCED_FACE ( 'NONE', ( #2275 ), #2581, .T. ) ;
#765 = DIRECTION ( 'NONE',  ( -1.000000000000000000, -0.0000000000000000000, -0.0000000000000000000 ) ) ;
#766 = ORIENTED_EDGE ( 'NONE', *, *, #2315, .T. ) ;
#767 = ORIENTED_EDGE ( 'NONE', *, *, #2315, .F. ) ;
#768 = EDGE_LOOP ( 'NONE', ( #432, #2421, #2596, #1895 ) ) ;
#769 = PRESENTATION_LAYER_ASSIGNMENT (  '', '', ( #618 ) ) ;
#770 = CARTESIAN_POINT ( 'NONE',  ( 2.669999999999999500, -4.349999999999999600, -9.221312521315205400E-016 ) ) ;
#771 = AXIS2_PLACEMENT_3D ( 'NONE', #1818, #2638, #1483 ) ;
#772 = PRESENTATION_LAYER_ASSIGNMENT (  '', '', ( #919 ) ) ;
#773 = CARTESIAN_POINT ( 'NONE',  ( -1.909999999999999700, -3.385792873817840700, 1.329999999999929200 ) ) ;
#774 = DIRECTION ( 'NONE',  ( 1.000000000000000000, 0.0000000000000000000, -0.0000000000000000000 ) ) ;
#775 = FACE_OUTER_BOUND ( 'NONE', #2531, .T. ) ;
#776 = FILL_AREA_STYLE ('',( #547 ) ) ;
#777 = EDGE_CURVE ( 'NONE', #2159, #1515, #894, .T. ) ;
#778 = PLANE ( 'NONE',  #2494 ) ;
#779 = DIRECTION ( 'NONE',  ( 0.7071067811865512400, 0.7071067811865439100, 0.0000000000000000000 ) ) ;
#780 = LINE ( 'NONE', #1583, #1752 ) ;
#781 = ORIENTED_EDGE ( 'NONE', *, *, #449, .T. ) ;
#782 = PLANE ( 'NONE',  #1238 ) ;
#783 = ORIENTED_EDGE ( 'NONE', *, *, #384, .F. ) ;
#784 = DIRECTION ( 'NONE',  ( 0.0000000000000000000, -0.9063077870366509400, 0.4226182617406974400 ) ) ;
#785 = CARTESIAN_POINT ( 'NONE',  ( 2.160000000000000100, -1.080000000000000300, 0.07000000000000000700 ) ) ;
#786 = ORIENTED_EDGE ( 'NONE', *, *, #1726, .F. ) ;
#787 = ORIENTED_EDGE ( 'NONE', *, *, #953, .F. ) ;
#788 = PLANE ( 'NONE',  #1829 ) ;
#789 = SURFACE_STYLE_FILL_AREA ( #17 ) ;
#790 = ADVANCED_FACE ( 'NONE', ( #2003 ), #613, .F. ) ;
#791 = VECTOR ( 'NONE', #2678, 1000.000000000000000 ) ;
#792 = DIRECTION ( 'NONE',  ( 0.04357795025174449100, -0.04357795025174392200, -0.9980991556472297300 ) ) ;
#793 = ORIENTED_EDGE ( 'NONE', *, *, #1804, .T. ) ;
#794 = PLANE ( 'NONE',  #2048 ) ;
#795 = FACE_OUTER_BOUND ( 'NONE', #1861, .T. ) ;
#796 = LINE ( 'NONE', #2831, #142 ) ;
#797 = UNCERTAINTY_MEASURE_WITH_UNIT (LENGTH_MEASURE( 1.000000000000000100E-005 ), #2303, 'distance_accuracy_value', 'NONE');
#798 = FACE_OUTER_BOUND ( 'NONE', #1610, .T. ) ;
#799 = CARTESIAN_POINT ( 'NONE',  ( 1.719999999999999800, -3.522499185607650400, 1.036832368289343700 ) ) ;
#800 = CARTESIAN_POINT ( 'NONE',  ( 2.670000000000000400, 3.829999999999999200, 0.6500000000000000200 ) ) ;
#801 = VERTEX_POINT ( 'NONE', #2569 ) ;
#802 = CARTESIAN_POINT ( 'NONE',  ( 1.719999999999999800, -4.349999999999999600, 0.5399999999999993700 ) ) ;
#803 =( LENGTH_UNIT ( ) NAMED_UNIT ( * ) SI_UNIT ( .MILLI., .METRE. ) );
#804 = SURFACE_STYLE_USAGE ( .BOTH. , #2565 ) ;
#805 = ORIENTED_EDGE ( 'NONE', *, *, #233, .T. ) ;
#806 = CARTESIAN_POINT ( 'NONE',  ( -3.300000000000000300, 3.049999999999999800, 0.07000000000000000700 ) ) ;
#807 = ADVANCED_FACE ( 'NONE', ( #1800 ), #470, .T. ) ;
#808 = PRESENTATION_LAYER_ASSIGNMENT (  '', '', ( #500 ) ) ;
#809 = EDGE_CURVE ( 'NONE', #1584, #1839, #612, .T. ) ;
#810 = EDGE_CURVE ( 'NONE', #1352, #1331, #1204, .T. ) ;
#811 = CARTESIAN_POINT ( 'NONE',  ( -1.719999999999999800, -3.860593795000208100, 0.3117861386600225800 ) ) ;
#812 = VECTOR ( 'NONE', #2260, 1000.000000000000100 ) ;
#813 = EDGE_CURVE ( 'NONE', #1825, #335, #2378, .T. ) ;
#814 = DIRECTION ( 'NONE',  ( -1.000000000000000000, -0.0000000000000000000, -0.0000000000000000000 ) ) ;
#815 =( NAMED_UNIT ( * ) SI_UNIT ( $, .STERADIAN. ) SOLID_ANGLE_UNIT ( ) );
#816 = PLANE ( 'NONE',  #1513 ) ;
#817 = ORIENTED_EDGE ( 'NONE', *, *, #2290, .T. ) ;
#818 = ORIENTED_EDGE ( 'NONE', *, *, #2096, .T. ) ;
#819 = PRESENTATION_LAYER_ASSIGNMENT (  '', '', ( #519 ) ) ;
#820 = ORIENTED_EDGE ( 'NONE', *, *, #1819, .T. ) ;
#821 = PLANE ( 'NONE',  #1150 ) ;
#822 = VERTEX_POINT ( 'NONE', #938 ) ;
#823 =( GEOMETRIC_REPRESENTATION_CONTEXT ( 3 ) GLOBAL_UNCERTAINTY_ASSIGNED_CONTEXT ( ( #448 ) ) GLOBAL_UNIT_ASSIGNED_CONTEXT ( ( #1846, #510, #734 ) ) REPRESENTATION_CONTEXT ( 'NONE', 'WORKASPACE' ) );
#824 = FILL_AREA_STYLE_COLOUR ( '', #2602 ) ;
#825 = EDGE_LOOP ( 'NONE', ( #2183, #1648, #2748, #1058 ) ) ;
#826 = PRESENTATION_STYLE_ASSIGNMENT (( #2089 ) ) ;
#827 = ORIENTED_EDGE ( 'NONE', *, *, #210, .T. ) ;
#828 = MECHANICAL_DESIGN_GEOMETRIC_PRESENTATION_REPRESENTATION (  '', ( #2248 ), #978 ) ;
#829 = CARTESIAN_POINT ( 'NONE',  ( 2.859999999999999900, -3.522499185607650400, 1.036832368289343700 ) ) ;
#830 = CARTESIAN_POINT ( 'NONE',  ( -2.859999999999999900, -3.522499185607650400, 1.036832368289343700 ) ) ;
#831 = STYLED_ITEM ( 'NONE', ( #1664 ), #683 ) ;
#832 = CARTESIAN_POINT ( 'NONE',  ( 0.3800000000000000000, -3.038126938372802200, 1.329999999999935500 ) ) ;
#833 = FACE_OUTER_BOUND ( 'NONE', #2217, .T. ) ;
#834 = FACE_OUTER_BOUND ( 'NONE', #1933, .T. ) ;
#835 = LINE ( 'NONE', #1113, #2514 ) ;
#836 = VECTOR ( 'NONE', #133, 1000.000000000000000 ) ;
#837 = PLANE ( 'NONE',  #1455 ) ;
#838 = EDGE_CURVE ( 'NONE', #2796, #601, #2618, .T. ) ;
#839 = UNCERTAINTY_MEASURE_WITH_UNIT (LENGTH_MEASURE( 1.000000000000000100E-005 ), #2124, 'distance_accuracy_value', 'NONE');
#840 = CARTESIAN_POINT ( 'NONE',  ( 0.3800000000000000000, -3.041267811418298300, 1.869999999999927300 ) ) ;
#841 = LINE ( 'NONE', #952, #2446 ) ;
#842 = VERTEX_POINT ( 'NONE', #2074 ) ;
#843 = FILL_AREA_STYLE ('',( #1188 ) ) ;
#844 = PLANE ( 'NONE',  #255 ) ;
#845 = VECTOR ( 'NONE', #2475, 1000.000000000000000 ) ;
#846 = DIRECTION ( 'NONE',  ( -0.0000000000000000000, -0.0000000000000000000, -1.000000000000000000 ) ) ;
#847 = DIRECTION ( 'NONE',  ( -0.0000000000000000000, -0.0000000000000000000, -1.000000000000000000 ) ) ;
#848 = CARTESIAN_POINT ( 'NONE',  ( 3.249789915655210100, 2.470210084344795400, 0.06999999999999975700 ) ) ;
#849 =( GEOMETRIC_REPRESENTATION_CONTEXT ( 3 ) GLOBAL_UNCERTAINTY_ASSIGNED_CONTEXT ( ( #2004 ) ) GLOBAL_UNIT_ASSIGNED_CONTEXT ( ( #691, #465, #326 ) ) REPRESENTATION_CONTEXT ( 'NONE', 'WORKASPACE' ) );
#850 = FACE_OUTER_BOUND ( 'NONE', #1930, .T. ) ;
#851 = EDGE_CURVE ( 'NONE', #231, #636, #1523, .T. ) ;
#852 = CARTESIAN_POINT ( 'NONE',  ( 3.298803606218669400, 2.421196393781337000, 1.247401922671101100 ) ) ;
#853 = ORIENTED_EDGE ( 'NONE', *, *, #1464, .T. ) ;
#854 = DIRECTION ( 'NONE',  ( -1.000000000000000000, -0.0000000000000000000, -0.0000000000000000000 ) ) ;
#855 = ORIENTED_EDGE ( 'NONE', *, *, #699, .T. ) ;
#856 = SURFACE_STYLE_FILL_AREA ( #1736 ) ;
#857 =( LENGTH_UNIT ( ) NAMED_UNIT ( * ) SI_UNIT ( .MILLI., .METRE. ) );
#858 = ORIENTED_EDGE ( 'NONE', *, *, #1256, .F. ) ;
#859 = VECTOR ( 'NONE', #2113, 1000.000000000000000 ) ;
#860 = VECTOR ( 'NONE', #1285, 999.9999999999998900 ) ;
#861 = AXIS2_PLACEMENT_3D ( 'NONE', #147, #1036, #2570 ) ;
#862 = VERTEX_POINT ( 'NONE', #246 ) ;
#863 = VECTOR ( 'NONE', #2116, 1000.000000000000000 ) ;
#864 = VECTOR ( 'NONE', #1291, 1000.000000000000000 ) ;
#865 = EDGE_CURVE ( 'NONE', #960, #1721, #934, .T. ) ;
#866 = VERTEX_POINT ( 'NONE', #785 ) ;
#867 = CARTESIAN_POINT ( 'NONE',  ( -1.719999999999999800, -4.349999999999999600, 0.5399999999999993700 ) ) ;
#868 = DIRECTION ( 'NONE',  ( 1.000000000000000000, -0.0000000000000000000, -0.0000000000000000000 ) ) ;
#869 = SURFACE_STYLE_FILL_AREA ( #525 ) ;
#870 = EDGE_CURVE ( 'NONE', #241, #630, #268, .T. ) ;
#871 = ORIENTED_EDGE ( 'NONE', *, *, #418, .T. ) ;
#872 = CARTESIAN_POINT ( 'NONE',  ( 0.3800000000000000000, -3.041267811418298300, 1.869999999999927300 ) ) ;
#873 = DIRECTION ( 'NONE',  ( 0.0000000000000000000, 1.000000000000000000, 7.132909029509895700E-017 ) ) ;
#874 = MECHANICAL_DESIGN_GEOMETRIC_PRESENTATION_REPRESENTATION (  '', ( #423 ), #1022 ) ;
#875 = FACE_OUTER_BOUND ( 'NONE', #1877, .T. ) ;
#876 = DIRECTION ( 'NONE',  ( 0.0000000000000000000, -1.000000000000000000, -1.422901506435916700E-016 ) ) ;
#877 = CARTESIAN_POINT ( 'NONE',  ( 3.299999999999991800, 2.420000000000015000, 1.219999999999906500 ) ) ;
#878 = SURFACE_STYLE_USAGE ( .BOTH. , #2198 ) ;
#879 = PRESENTATION_LAYER_ASSIGNMENT (  '', '', ( #582 ) ) ;
#880 = FACE_OUTER_BOUND ( 'NONE', #1708, .T. ) ;
#881 = DIRECTION ( 'NONE',  ( 0.8574929257125448700, -0.5144957554275252400, -0.0000000000000000000 ) ) ;
#882 = FILL_AREA_STYLE_COLOUR ( '', #57 ) ;
#883 = FILL_AREA_STYLE ('',( #1981 ) ) ;
#884 = DIRECTION ( 'NONE',  ( -1.000000000000000000, -0.0000000000000000000, -0.0000000000000000000 ) ) ;
#885 = ORIENTED_EDGE ( 'NONE', *, *, #2389, .T. ) ;
#886 = ORIENTED_EDGE ( 'NONE', *, *, #1576, .T. ) ;
#887 = CARTESIAN_POINT ( 'NONE',  ( -1.909999999999999700, -3.385792873817839300, 1.329999999999933200 ) ) ;
#888 = ORIENTED_EDGE ( 'NONE', *, *, #2037, .T. ) ;
#889 = CARTESIAN_POINT ( 'NONE',  ( 1.909999999999999700, -3.038126938372802200, 1.329999999999935500 ) ) ;
#890 = ADVANCED_FACE ( 'NONE', ( #795 ), #129, .T. ) ;
#891 = EDGE_LOOP ( 'NONE', ( #2477, #1362, #1126, #1003 ) ) ;
#892 = SURFACE_STYLE_FILL_AREA ( #2302 ) ;
#893 = ORIENTED_EDGE ( 'NONE', *, *, #926, .T. ) ;
#894 = LINE ( 'NONE', #444, #1485 ) ;
#895 = ADVANCED_FACE ( 'NONE', ( #2354 ), #2780, .T. ) ;
#896 = DIRECTION ( 'NONE',  ( 0.0000000000000000000, 0.0000000000000000000, 1.000000000000000000 ) ) ;
#897 = FACE_OUTER_BOUND ( 'NONE', #825, .T. ) ;
#898 = LINE ( 'NONE', #1278, #2082 ) ;
#899 = LINE ( 'NONE', #1787, #1416 ) ;
#900 = LINE ( 'NONE', #799, #2657 ) ;
#901 = PRESENTATION_LAYER_ASSIGNMENT (  '', '', ( #597 ) ) ;
#902 = VERTEX_POINT ( 'NONE', #2028 ) ;
#903 = CLOSED_SHELL ( 'NONE', ( #2567, #2583, #1412, #2176, #2122, #2344, #2658 ) ) ;
#904 = EDGE_CURVE ( 'NONE', #2648, #958, #971, .T. ) ;
#905 = DIRECTION ( 'NONE',  ( 0.0000000000000000000, 0.0000000000000000000, 1.000000000000000000 ) ) ;
#906 = ADVANCED_FACE ( 'NONE', ( #2152 ), #149, .T. ) ;
#907 = EDGE_CURVE ( 'NONE', #1673, #1311, #1491, .T. ) ;
#908 = SURFACE_SIDE_STYLE ('',( #76 ) ) ;
#909 = FACE_OUTER_BOUND ( 'NONE', #2305, .T. ) ;
#910 = DIRECTION ( 'NONE',  ( 0.0000000000000000000, -3.212450881438529900E-015, 1.000000000000000000 ) ) ;
#911 = ORIENTED_EDGE ( 'NONE', *, *, #1554, .T. ) ;
#912 = LINE ( 'NONE', #1398, #54 ) ;
#913 = MECHANICAL_DESIGN_GEOMETRIC_PRESENTATION_REPRESENTATION (  '', ( #618 ), #1060 ) ;
#914 = PLANE ( 'NONE',  #749 ) ;
#915 = LINE ( 'NONE', #806, #1433 ) ;
#916 = AXIS2_PLACEMENT_3D ( 'NONE', #1328, #1573, #1123 ) ;
#917 = DIRECTION ( 'NONE',  ( 1.000000000000000000, 0.0000000000000000000, 0.0000000000000000000 ) ) ;
#918 = APPLICATION_PROTOCOL_DEFINITION ( 'draft international standard', 'automotive_design', 1998, #2235 ) ;
#919 = STYLED_ITEM ( 'NONE', ( #1410 ), #790 ) ;
#920 = FILL_AREA_STYLE ('',( #2321 ) ) ;
#921 =( NAMED_UNIT ( * ) PLANE_ANGLE_UNIT ( ) SI_UNIT ( $, .RADIAN. ) );
#922 = DIRECTION ( 'NONE',  ( -0.0000000000000000000, -1.000000000000000000, -7.132909029509895700E-017 ) ) ;
#923 = UNCERTAINTY_MEASURE_WITH_UNIT (LENGTH_MEASURE( 1.000000000000000100E-005 ), #1832, 'distance_accuracy_value', 'NONE');
#924 = VERTEX_POINT ( 'NONE', #1385 ) ;
#925 = CARTESIAN_POINT ( 'NONE',  ( 2.669999999999999500, -3.041267811418298300, 1.869999999999927500 ) ) ;
#926 = EDGE_CURVE ( 'NONE', #2680, #1370, #304, .T. ) ;
#927 = ORIENTED_EDGE ( 'NONE', *, *, #509, .T. ) ;
#928 = FILL_AREA_STYLE ('',( #242 ) ) ;
#929 = ORIENTED_EDGE ( 'NONE', *, *, #1200, .F. ) ;
#930 = CARTESIAN_POINT ( 'NONE',  ( 2.160000000000000100, -1.080000000000000300, 0.6500000000000000200 ) ) ;
#931 = COLOUR_RGB ( '',1.000000000000000000, 1.000000000000000000, 1.000000000000000000 ) ;
#932 = ORIENTED_EDGE ( 'NONE', *, *, #562, .T. ) ;
#933 = ADVANCED_FACE ( 'NONE', ( #2008 ), #2476, .T. ) ;
#934 = LINE ( 'NONE', #2572, #2550 ) ;
#935 = FACE_OUTER_BOUND ( 'NONE', #1701, .T. ) ;
#936 = VERTEX_POINT ( 'NONE', #946 ) ;
#937 = LINE ( 'NONE', #1539, #1456 ) ;
#938 = CARTESIAN_POINT ( 'NONE',  ( -2.160000000000000100, 3.049999999999999800, 0.6500000000000000200 ) ) ;
#939 = EDGE_LOOP ( 'NONE', ( #146, #1032, #469, #1875, #333, #2279 ) ) ;
#940 = AXIS2_PLACEMENT_3D ( 'NONE', #2536, #1614, #1605 ) ;
#941 = CARTESIAN_POINT ( 'NONE',  ( -3.300000000000000300, 3.049999999999999800, 0.07000000000000000700 ) ) ;
#942 = LINE ( 'NONE', #2667, #2629 ) ;
#943 = SURFACE_SIDE_STYLE ('',( #2653 ) ) ;
#944 = SURFACE_STYLE_USAGE ( .BOTH. , #908 ) ;
#945 =( LENGTH_UNIT ( ) NAMED_UNIT ( * ) SI_UNIT ( .MILLI., .METRE. ) );
#946 = CARTESIAN_POINT ( 'NONE',  ( 2.669999999999999500, -3.875199078817632700, 1.558213861339905900 ) ) ;
#947 = VECTOR ( 'NONE', #1568, 1000.000000000000000 ) ;
#948 = DIRECTION ( 'NONE',  ( 0.0000000000000000000, 0.9990482215818579100, -0.04361938736533280100 ) ) ;
#949 = DIRECTION ( 'NONE',  ( 0.0000000000000000000, -0.4226182617406968900, -0.9063077870366511600 ) ) ;
#950 = ADVANCED_FACE ( 'NONE', ( #834 ), #684, .F. ) ;
#951 = MECHANICAL_DESIGN_GEOMETRIC_PRESENTATION_REPRESENTATION (  '', ( #500 ), #1097 ) ;
#952 = CARTESIAN_POINT ( 'NONE',  ( 0.3800000000000000000, -4.049999999999999800, 1.869999999999926800 ) ) ;
#953 = EDGE_CURVE ( 'NONE', #274, #1215, #898, .T. ) ;
#954 = FILL_AREA_STYLE ('',( #426 ) ) ;
#955 = EDGE_CURVE ( 'NONE', #2000, #726, #1560, .T. ) ;
#956 = ORIENTED_EDGE ( 'NONE', *, *, #416, .T. ) ;
#957 = ORIENTED_EDGE ( 'NONE', *, *, #2429, .T. ) ;
#958 = VERTEX_POINT ( 'NONE', #2727 ) ;
#959 = EDGE_CURVE ( 'NONE', #1723, #1673, #1342, .T. ) ;
#960 = VERTEX_POINT ( 'NONE', #2814 ) ;
#961 = PLANE ( 'NONE',  #2105 ) ;
#962 = VECTOR ( 'NONE', #1674, 1000.000000000000000 ) ;
#963 = VERTEX_POINT ( 'NONE', #563 ) ;
#964 = CARTESIAN_POINT ( 'NONE',  ( 0.3800000000000000000, -3.041267811418298300, 1.869999999999927300 ) ) ;
#965 = FACE_OUTER_BOUND ( 'NONE', #1724, .T. ) ;
#966 = CIRCLE ( 'NONE', #2650, 0.5400000000000001500 ) ;
#967 = DIRECTION ( 'NONE',  ( 0.0000000000000000000, 0.0000000000000000000, -1.000000000000000000 ) ) ;
#968 = CARTESIAN_POINT ( 'NONE',  ( 2.669999999999999500, -4.349999999999999600, 0.5399999999999993700 ) ) ;
#969 = CARTESIAN_POINT ( 'NONE',  ( 2.669999999999999000, 3.049999999999999800, 0.6499999999999297500 ) ) ;
#970 = ORIENTED_EDGE ( 'NONE', *, *, #1819, .F. ) ;
#971 = LINE ( 'NONE', #1026, #2655 ) ;
#972 = CARTESIAN_POINT ( 'NONE',  ( 2.160000000000000100, -1.080000000000000300, 0.6500000000000000200 ) ) ;
#973 = LINE ( 'NONE', #1988, #1492 ) ;
#974 = FACE_OUTER_BOUND ( 'NONE', #1686, .T. ) ;
#975 = MECHANICAL_DESIGN_GEOMETRIC_PRESENTATION_REPRESENTATION (  '', ( #519 ), #1109 ) ;
#976 = EDGE_LOOP ( 'NONE', ( #25, #382, #911, #2644, #1010 ) ) ;
#977 = CARTESIAN_POINT ( 'NONE',  ( 2.160000000000000100, 3.049999999999999800, 0.6500000000000000200 ) ) ;
#978 =( GEOMETRIC_REPRESENTATION_CONTEXT ( 3 ) GLOBAL_UNCERTAINTY_ASSIGNED_CONTEXT ( ( #1024 ) ) GLOBAL_UNIT_ASSIGNED_CONTEXT ( ( #590, #1702, #360 ) ) REPRESENTATION_CONTEXT ( 'NONE', 'WORKASPACE' ) );
#979 = EDGE_LOOP ( 'NONE', ( #1965, #45, #783, #2070, #1780, #1463, #1240, #181, #603, #751 ) ) ;
#980 = AXIS2_PLACEMENT_3D ( 'NONE', #1841, #2708, #1170 ) ;
#981 = CARTESIAN_POINT ( 'NONE',  ( -1.719999999999999800, 0.0000000000000000000, 0.0000000000000000000 ) ) ;
#982 = CARTESIAN_POINT ( 'NONE',  ( -1.909999999999999700, -3.385792873817840700, 1.329999999999929200 ) ) ;
#983 = LINE ( 'NONE', #2790, #388 ) ;
#984 = EDGE_CURVE ( 'NONE', #2539, #842, #1938, .T. ) ;
#985 = CARTESIAN_POINT ( 'NONE',  ( 2.160000000000000100, 3.049999999999999800, 0.6500000000000000200 ) ) ;
#986 =( LENGTH_UNIT ( ) NAMED_UNIT ( * ) SI_UNIT ( .MILLI., .METRE. ) );
#987 = PLANE ( 'NONE',  #1857 ) ;
#988 = LINE ( 'NONE', #1611, #2671 ) ;
#989 = DIRECTION ( 'NONE',  ( -0.0000000000000000000, -0.0000000000000000000, 1.000000000000000000 ) ) ;
#990 = PLANE ( 'NONE',  #2631 ) ;
#991 = DIRECTION ( 'NONE',  ( 0.0000000000000000000, -1.000000000000000000, -6.237034244368226900E-015 ) ) ;
#992 = CARTESIAN_POINT ( 'NONE',  ( -2.669999999999999900, 3.049999999999999800, 0.6500000000000000200 ) ) ;
#993 = ORIENTED_EDGE ( 'NONE', *, *, #161, .F. ) ;
#994 =( LENGTH_UNIT ( ) NAMED_UNIT ( * ) SI_UNIT ( .MILLI., .METRE. ) );
#995 = VERTEX_POINT ( 'NONE', #1197 ) ;
#996 = DIRECTION ( 'NONE',  ( 1.000000000000000000, 0.0000000000000000000, -0.0000000000000000000 ) ) ;
#997 = EDGE_LOOP ( 'NONE', ( #2335, #805, #1942, #114 ) ) ;
#998 = EDGE_CURVE ( 'NONE', #1839, #2231, #235, .T. ) ;
#999 = CARTESIAN_POINT ( 'NONE',  ( 2.669999999999999500, -3.385792873817840700, 1.329999999999929200 ) ) ;
#1000 = ORIENTED_EDGE ( 'NONE', *, *, #529, .F. ) ;
#1001 = CARTESIAN_POINT ( 'NONE',  ( -2.160000000000000100, -1.080000000000000300, 0.07000000000000000700 ) ) ;
#1002 = PRESENTATION_STYLE_ASSIGNMENT (( #421 ) ) ;
#1003 = ORIENTED_EDGE ( 'NONE', *, *, #452, .T. ) ;
#1004 = CARTESIAN_POINT ( 'NONE',  ( -3.254480937851226900, 2.465519062148778600, 2.262557927439966800 ) ) ;
#1005 = FACE_OUTER_BOUND ( 'NONE', #131, .T. ) ;
#1006 = COLOUR_RGB ( '',0.0000000000000000000, 0.0000000000000000000, 1.000000000000000000 ) ;
#1007 = CARTESIAN_POINT ( 'NONE',  ( 0.0000000000000000000, -2.994126768813203400, 0.07000000000000000700 ) ) ;
#1008 = VECTOR ( 'NONE', #27, 1000.000000000000000 ) ;
#1009 =( GEOMETRIC_REPRESENTATION_CONTEXT ( 3 ) GLOBAL_UNCERTAINTY_ASSIGNED_CONTEXT ( ( #1577 ) ) GLOBAL_UNIT_ASSIGNED_CONTEXT ( ( #236, #455, #2017 ) ) REPRESENTATION_CONTEXT ( 'NONE', 'WORKASPACE' ) );
#1010 = ORIENTED_EDGE ( 'NONE', *, *, #96, .F. ) ;
#1011 = AXIS2_PLACEMENT_3D ( 'NONE', #2223, #712, #905 ) ;
#1012 = ADVANCED_FACE ( 'NONE', ( #687 ), #284, .T. ) ;
#1013 = FILL_AREA_STYLE ('',( #1021 ) ) ;
#1014 = EDGE_CURVE ( 'NONE', #2753, #2580, #109, .T. ) ;
#1015 = VECTOR ( 'NONE', #2472, 999.9999999999998900 ) ;
#1016 = LINE ( 'NONE', #2630, #422 ) ;
#1017 = EDGE_CURVE ( 'NONE', #1775, #1087, #1415, .T. ) ;
#1018 = CARTESIAN_POINT ( 'NONE',  ( -2.674749480163302300, 3.045250519836697900, 0.7042868066773999600 ) ) ;
#1019 = CARTESIAN_POINT ( 'NONE',  ( 1.909999999999999700, -4.349999999999999600, 0.5399999999999993700 ) ) ;
#1020 = ORIENTED_EDGE ( 'NONE', *, *, #2098, .F. ) ;
#1021 = FILL_AREA_STYLE_COLOUR ( '', #2791 ) ;
#1022 =( GEOMETRIC_REPRESENTATION_CONTEXT ( 3 ) GLOBAL_UNCERTAINTY_ASSIGNED_CONTEXT ( ( #240 ) ) GLOBAL_UNIT_ASSIGNED_CONTEXT ( ( #2257, #2423, #2249 ) ) REPRESENTATION_CONTEXT ( 'NONE', 'WORKASPACE' ) );
#1023 = DIRECTION ( 'NONE',  ( -1.000000000000000000, -0.0000000000000000000, 0.0000000000000000000 ) ) ;
#1024 = UNCERTAINTY_MEASURE_WITH_UNIT (LENGTH_MEASURE( 1.000000000000000100E-005 ), #590, 'distance_accuracy_value', 'NONE');
#1025 =( NAMED_UNIT ( * ) SI_UNIT ( $, .STERADIAN. ) SOLID_ANGLE_UNIT ( ) );
#1026 = CARTESIAN_POINT ( 'NONE',  ( 2.396470588235287900, 3.994117647058825800, 0.07000000000000000700 ) ) ;
#1027 = ORIENTED_EDGE ( 'NONE', *, *, #1711, .T. ) ;
#1028 =( NAMED_UNIT ( * ) SI_UNIT ( $, .STERADIAN. ) SOLID_ANGLE_UNIT ( ) );
#1029 = VECTOR ( 'NONE', #1472, 1000.000000000000000 ) ;
#1030 = MECHANICAL_DESIGN_GEOMETRIC_PRESENTATION_REPRESENTATION (  '', ( #582 ), #1169 ) ;
#1031 = EDGE_LOOP ( 'NONE', ( #1835, #820, #1302, #1269, #1869, #291, #2075, #1559 ) ) ;
#1032 = ORIENTED_EDGE ( 'NONE', *, *, #1464, .F. ) ;
#1033 = VECTOR ( 'NONE', #2547, 1000.000000000000000 ) ;
#1034 = VERTEX_POINT ( 'NONE', #2445 ) ;
#1035 = FACE_OUTER_BOUND ( 'NONE', #47, .T. ) ;
#1036 = DIRECTION ( 'NONE',  ( 0.0000000000000000000, 1.000000000000000000, 0.0000000000000000000 ) ) ;
#1037 = VECTOR ( 'NONE', #386, 1000.000000000000000 ) ;
#1038 = DIRECTION ( 'NONE',  ( -2.132856732758369600E-016, 1.000000000000000000, 0.0000000000000000000 ) ) ;
#1039 = ORIENTED_EDGE ( 'NONE', *, *, #2726, .F. ) ;
#1040 = VECTOR ( 'NONE', #2668, 1000.000000000000000 ) ;
#1041 = DIRECTION ( 'NONE',  ( 0.0000000000000000000, 0.0000000000000000000, 1.000000000000000000 ) ) ;
#1042 = ADVANCED_FACE ( 'NONE', ( #2385 ), #2319, .T. ) ;
#1043 = FACE_OUTER_BOUND ( 'NONE', #1048, .T. ) ;
#1044 = ORIENTED_EDGE ( 'NONE', *, *, #507, .T. ) ;
#1045 = CARTESIAN_POINT ( 'NONE',  ( 2.169999999999997700, 4.129999999999999900, 0.6500000000000000200 ) ) ;
#1046 = FILL_AREA_STYLE ('',( #824 ) ) ;
#1047 =( LENGTH_UNIT ( ) NAMED_UNIT ( * ) SI_UNIT ( .MILLI., .METRE. ) );
#1048 = EDGE_LOOP ( 'NONE', ( #1997, #2417, #818, #2002 ) ) ;
#1049 = MECHANICAL_DESIGN_GEOMETRIC_PRESENTATION_REPRESENTATION (  '', ( #597 ), #1196 ) ;
#1050 = EDGE_CURVE ( 'NONE', #726, #2313, #38, .T. ) ;
#1051 = EDGE_CURVE ( 'NONE', #1661, #1653, #621, .T. ) ;
#1052 = PLANE ( 'NONE',  #2530 ) ;
#1053 = DIRECTION ( 'NONE',  ( 0.0000000000000000000, -0.9063077870366509400, 0.4226182617406974400 ) ) ;
#1054 = CARTESIAN_POINT ( 'NONE',  ( -2.396470588235286100, 3.994117647058827500, 0.07000000000000000700 ) ) ;
#1055 = ORIENTED_EDGE ( 'NONE', *, *, #2744, .T. ) ;
#1056 = SURFACE_SIDE_STYLE ('',( #93 ) ) ;
#1057 = ADVANCED_BREP_SHAPE_REPRESENTATION ( 'DPAK(2-7K1S)', ( #2500, #1493, #1431, #2132, #154, #2336 ), #1009 ) ;
#1058 = ORIENTED_EDGE ( 'NONE', *, *, #2053, .F. ) ;
#1059 = AXIS2_PLACEMENT_3D ( 'NONE', #1471, #148, #1700 ) ;
#1060 =( GEOMETRIC_REPRESENTATION_CONTEXT ( 3 ) GLOBAL_UNCERTAINTY_ASSIGNED_CONTEXT ( ( #2537 ) ) GLOBAL_UNIT_ASSIGNED_CONTEXT ( ( #1251, #2566, #1028 ) ) REPRESENTATION_CONTEXT ( 'NONE', 'WORKASPACE' ) );
#1061 = DIRECTION ( 'NONE',  ( 0.0000000000000000000, 1.000000000000000000, 4.299266682507337000E-016 ) ) ;
#1062 = ORIENTED_EDGE ( 'NONE', *, *, #2195, .F. ) ;
#1063 = COLOUR_RGB ( '',0.0000000000000000000, 0.0000000000000000000, 1.000000000000000000 ) ;
#1064 = EDGE_LOOP ( 'NONE', ( #1742, #1329, #294, #591 ) ) ;
#1065 = PRESENTATION_LAYER_ASSIGNMENT (  '', '', ( #463 ) ) ;
#1066 = CARTESIAN_POINT ( 'NONE',  ( 2.669999999999999900, 3.049999999999999800, 0.07000000000000000700 ) ) ;
#1067 = AXIS2_PLACEMENT_3D ( 'NONE', #599, #868, #1922 ) ;
#1068 = LINE ( 'NONE', #1007, #196 ) ;
#1069 = DIRECTION ( 'NONE',  ( 0.0000000000000000000, -0.03489949670251092000, 0.9993908270190953200 ) ) ;
#1070 = VECTOR ( 'NONE', #2424, 1000.000000000000100 ) ;
#1071 = ORIENTED_EDGE ( 'NONE', *, *, #1801, .T. ) ;
#1072 = PLANE ( 'NONE',  #1757 ) ;
#1073 = EDGE_CURVE ( 'NONE', #180, #571, #171, .T. ) ;
#1074 = DIRECTION ( 'NONE',  ( -0.04357795025174449100, 0.04357795025174405300, 0.9980991556472297300 ) ) ;
#1075 = VECTOR ( 'NONE', #332, 999.9999999999998900 ) ;
#1076 = CYLINDRICAL_SURFACE ( 'NONE', #303, 0.5400000000000001500 ) ;
#1077 = CARTESIAN_POINT ( 'NONE',  ( 2.669999999999999500, -4.349999999999999600, 0.5399999999999993700 ) ) ;
#1078 = ORIENTED_EDGE ( 'NONE', *, *, #1888, .F. ) ;
#1079 = CARTESIAN_POINT ( 'NONE',  ( 2.859999999999999900, -4.349999999999999600, 0.5399999999999993700 ) ) ;
#1080 = CARTESIAN_POINT ( 'NONE',  ( 1.909999999999999700, -4.011905390607442000, 1.265046229629320800 ) ) ;
#1081 = VECTOR ( 'NONE', #523, 1000.000000000000100 ) ;
#1082 = DIRECTION ( 'NONE',  ( 1.000000000000000000, -0.0000000000000000000, -0.0000000000000000000 ) ) ;
#1083 = VECTOR ( 'NONE', #2750, 1000.000000000000000 ) ;
#1084 = CARTESIAN_POINT ( 'NONE',  ( -2.859999999999999900, -3.860593795000208100, 0.3117861386600225800 ) ) ;
#1085 = DIRECTION ( 'NONE',  ( -0.7071067811865512400, 0.7071067811865439100, 0.0000000000000000000 ) ) ;
#1086 = ORIENTED_EDGE ( 'NONE', *, *, #1438, .T. ) ;
#1087 = VERTEX_POINT ( 'NONE', #1588 ) ;
#1088 = VERTEX_POINT ( 'NONE', #253 ) ;
#1089 = LINE ( 'NONE', #1066, #2707 ) ;
#1090 = CARTESIAN_POINT ( 'NONE',  ( -3.249789915655210600, -2.994126768813204300, 0.07000000000000015900 ) ) ;
#1091 = ORIENTED_EDGE ( 'NONE', *, *, #2815, .F. ) ;
#1092 = SURFACE_SIDE_STYLE ('',( #265 ) ) ;
#1093 = VECTOR ( 'NONE', #2488, 1000.000000000000000 ) ;
#1094 = ORIENTED_EDGE ( 'NONE', *, *, #1554, .F. ) ;
#1095 = COLOUR_RGB ( '',1.000000000000000000, 1.000000000000000000, 1.000000000000000000 ) ;
#1096 =( NAMED_UNIT ( * ) PLANE_ANGLE_UNIT ( ) SI_UNIT ( $, .RADIAN. ) );
#1097 =( GEOMETRIC_REPRESENTATION_CONTEXT ( 3 ) GLOBAL_UNCERTAINTY_ASSIGNED_CONTEXT ( ( #1306 ) ) GLOBAL_UNIT_ASSIGNED_CONTEXT ( ( #223, #2505, #731 ) ) REPRESENTATION_CONTEXT ( 'NONE', 'WORKASPACE' ) );
#1098 = VERTEX_POINT ( 'NONE', #889 ) ;
#1099 = EDGE_CURVE ( 'NONE', #609, #1517, #2239, .T. ) ;
#1100 = EDGE_CURVE ( 'NONE', #2425, #801, #1668, .T. ) ;
#1101 = VECTOR ( 'NONE', #989, 1000.000000000000000 ) ;
#1102 = ORIENTED_EDGE ( 'NONE', *, *, #600, .T. ) ;
#1103 = EDGE_CURVE ( 'NONE', #630, #1274, #1737, .T. ) ;
#1104 = ORIENTED_EDGE ( 'NONE', *, *, #1155, .T. ) ;
#1105 = CARTESIAN_POINT ( 'NONE',  ( -2.160000000000000100, 3.049999999999999800, 0.6500000000000000200 ) ) ;
#1106 =( LENGTH_UNIT ( ) NAMED_UNIT ( * ) SI_UNIT ( .MILLI., .METRE. ) );
#1107 = CARTESIAN_POINT ( 'NONE',  ( 1.909999999999999700, -5.870000000000000100, 0.5399999999999992600 ) ) ;
#1108 = DIRECTION ( 'NONE',  ( 0.0000000000000000000, -5.035115483021272300E-015, -1.000000000000000000 ) ) ;
#1109 =( GEOMETRIC_REPRESENTATION_CONTEXT ( 3 ) GLOBAL_UNCERTAINTY_ASSIGNED_CONTEXT ( ( #2211 ) ) GLOBAL_UNIT_ASSIGNED_CONTEXT ( ( #672, #921, #1273 ) ) REPRESENTATION_CONTEXT ( 'NONE', 'WORKASPACE' ) );
#1110 = CARTESIAN_POINT ( 'NONE',  ( 3.249789915655211000, 4.620890867770313100E-016, 2.370000000000000100 ) ) ;
#1111 = STYLED_ITEM ( 'NONE', ( #472 ), #1683 ) ;
#1112 = VECTOR ( 'NONE', #682, 1000.000000000000000 ) ;
#1113 = CARTESIAN_POINT ( 'NONE',  ( 2.669999999999999900, 3.829999999999999600, 0.6500000000000000200 ) ) ;
#1114 = PRESENTATION_LAYER_ASSIGNMENT (  '', '', ( #831 ) ) ;
#1115 = DIRECTION ( 'NONE',  ( 0.0000000000000000000, 1.000000000000000000, 6.237034244368226100E-015 ) ) ;
#1116 = SURFACE_STYLE_FILL_AREA ( #1704 ) ;
#1117 = CARTESIAN_POINT ( 'NONE',  ( 1.719999999999999800, 0.0000000000000000000, 0.0000000000000000000 ) ) ;
#1118 = EDGE_LOOP ( 'NONE', ( #2681, #893, #1994, #511 ) ) ;
#1119 = EDGE_CURVE ( 'NONE', #936, #1839, #2751, .T. ) ;
#1120 = FILL_AREA_STYLE ('',( #2005 ) ) ;
#1121 = ORIENTED_EDGE ( 'NONE', *, *, #2544, .T. ) ;
#1122 = DIRECTION ( 'NONE',  ( -0.0000000000000000000, 0.4226182617406978900, 0.9063077870366507100 ) ) ;
#1123 = DIRECTION ( 'NONE',  ( 0.0000000000000000000, 0.0000000000000000000, 1.000000000000000000 ) ) ;
#1124 = ORIENTED_EDGE ( 'NONE', *, *, #1425, .F. ) ;
#1125 = CYLINDRICAL_SURFACE ( 'NONE', #520, 0.5400000000000003700 ) ;
#1126 = ORIENTED_EDGE ( 'NONE', *, *, #2252, .F. ) ;
#1127 = DIRECTION ( 'NONE',  ( -1.000000000000000000, 0.0000000000000000000, 0.0000000000000000000 ) ) ;
#1128 = VECTOR ( 'NONE', #2312, 1000.000000000000000 ) ;
#1129 = FACE_OUTER_BOUND ( 'NONE', #1616, .T. ) ;
#1130 = VERTEX_POINT ( 'NONE', #59 ) ;
#1131 = PLANE ( 'NONE',  #1645 ) ;
#1132 = ORIENTED_EDGE ( 'NONE', *, *, #2586, .T. ) ;
#1133 = VECTOR ( 'NONE', #2042, 1000.000000000000000 ) ;
#1134 = FILL_AREA_STYLE ('',( #1597 ) ) ;
#1135 = PLANE ( 'NONE',  #1815 ) ;
#1136 = AXIS2_PLACEMENT_3D ( 'NONE', #773, #2498, #2461 ) ;
#1137 = FACE_OUTER_BOUND ( 'NONE', #1799, .T. ) ;
#1138 = DIRECTION ( 'NONE',  ( 0.0000000000000000000, 0.4226182617406968300, 0.9063077870366511600 ) ) ;
#1139 = EDGE_CURVE ( 'NONE', #2174, #686, #406, .T. ) ;
#1140 = ORIENTED_EDGE ( 'NONE', *, *, #1394, .F. ) ;
#1141 = CARTESIAN_POINT ( 'NONE',  ( -2.859999999999999900, -3.860593795000208100, 0.3117861386600225800 ) ) ;
#1142 = CARTESIAN_POINT ( 'NONE',  ( 2.160000000000000100, -1.080000000000000300, 0.07000000000000000700 ) ) ;
#1143 = ADVANCED_FACE ( 'NONE', ( #477 ), #1135, .T. ) ;
#1144 = LINE ( 'NONE', #1636, #2827 ) ;
#1145 = AXIS2_PLACEMENT_3D ( 'NONE', #1543, #216, #1781 ) ;
#1146 =( NAMED_UNIT ( * ) SI_UNIT ( $, .STERADIAN. ) SOLID_ANGLE_UNIT ( ) );
#1147 = VECTOR ( 'NONE', #1779, 1000.000000000000000 ) ;
#1148 = STYLED_ITEM ( 'NONE', ( #2428 ), #2099 ) ;
#1149 = SURFACE_STYLE_FILL_AREA ( #1971 ) ;
#1150 = AXIS2_PLACEMENT_3D ( 'NONE', #1045, #1264, #2798 ) ;
#1151 = CARTESIAN_POINT ( 'NONE',  ( -2.160000000000000100, -1.080000000000000300, 0.6500000000000000200 ) ) ;
#1152 = ORIENTED_EDGE ( 'NONE', *, *, #2799, .T. ) ;
#1153 = PLANE ( 'NONE',  #1567 ) ;
#1154 = FILL_AREA_STYLE_COLOUR ( '', #584 ) ;
#1155 = EDGE_CURVE ( 'NONE', #2138, #1250, #2465, .T. ) ;
#1156 =( LENGTH_UNIT ( ) NAMED_UNIT ( * ) SI_UNIT ( .MILLI., .METRE. ) );
#1157 = EDGE_CURVE ( 'NONE', #409, #415, #199, .T. ) ;
#1158 = ORIENTED_EDGE ( 'NONE', *, *, #1552, .F. ) ;
#1159 = VECTOR ( 'NONE', #2614, 1000.000000000000200 ) ;
#1160 = ORIENTED_EDGE ( 'NONE', *, *, #2227, .F. ) ;
#1161 = CARTESIAN_POINT ( 'NONE',  ( 2.669999999999999500, -5.869999999999998300, -1.138412281109779700E-015 ) ) ;
#1162 = DIRECTION ( 'NONE',  ( 0.0000000000000000000, 0.9063077870366507100, -0.4226182617406978900 ) ) ;
#1163 = VERTEX_POINT ( 'NONE', #2491 ) ;
#1164 = LINE ( 'NONE', #661, #580 ) ;
#1165 = FILL_AREA_STYLE_COLOUR ( '', #2097 ) ;
#1166 = ORIENTED_EDGE ( 'NONE', *, *, #1964, .T. ) ;
#1167 = SURFACE_STYLE_FILL_AREA ( #1679 ) ;
#1168 = VECTOR ( 'NONE', #1534, 1000.000000000000100 ) ;
#1169 =( GEOMETRIC_REPRESENTATION_CONTEXT ( 3 ) GLOBAL_UNCERTAINTY_ASSIGNED_CONTEXT ( ( #2392 ) ) GLOBAL_UNIT_ASSIGNED_CONTEXT ( ( #1189, #1652, #2769 ) ) REPRESENTATION_CONTEXT ( 'NONE', 'WORKASPACE' ) );
#1170 = DIRECTION ( 'NONE',  ( 0.0000000000000000000, 0.9063077870366509400, -0.4226182617406974400 ) ) ;
#1171 = FACE_OUTER_BOUND ( 'NONE', #1619, .T. ) ;
#1172 = CARTESIAN_POINT ( 'NONE',  ( 2.669999999999999500, -3.041267811418298300, 1.869999999999927500 ) ) ;
#1173 = DIRECTION ( 'NONE',  ( 0.0000000000000000000, 0.0000000000000000000, 1.000000000000000000 ) ) ;
#1174 = CARTESIAN_POINT ( 'NONE',  ( 3.254480937851226100, 2.465519062148779900, 0.1774420725600340800 ) ) ;
#1175 = PLANE ( 'NONE',  #2109 ) ;
#1176 = ORIENTED_EDGE ( 'NONE', *, *, #1910, .F. ) ;
#1177 = SURFACE_STYLE_USAGE ( .BOTH. , #2166 ) ;
#1178 = DIRECTION ( 'NONE',  ( 0.0000000000000000000, 0.0000000000000000000, 1.000000000000000000 ) ) ;
#1179 = DIRECTION ( 'NONE',  ( 0.0000000000000000000, -0.9063077870366512700, 0.4226182617406965500 ) ) ;
#1180 = ADVANCED_FACE ( 'NONE', ( #1309 ), #1175, .T. ) ;
#1181 = UNCERTAINTY_MEASURE_WITH_UNIT (LENGTH_MEASURE( 1.000000000000000100E-005 ), #1867, 'distance_accuracy_value', 'NONE');
#1182 = FACE_OUTER_BOUND ( 'NONE', #2512, .T. ) ;
#1183 = CARTESIAN_POINT ( 'NONE',  ( 2.859999999999999900, -4.011905390607442000, 1.265046229629320600 ) ) ;
#1184 = ORIENTED_EDGE ( 'NONE', *, *, #15, .T. ) ;
#1185 = VECTOR ( 'NONE', #2061, 1000.000000000000000 ) ;
#1186 = PLANE ( 'NONE',  #124 ) ;
#1187 = FACE_OUTER_BOUND ( 'NONE', #1599, .T. ) ;
#1188 = FILL_AREA_STYLE_COLOUR ( '', #1063 ) ;
#1189 =( LENGTH_UNIT ( ) NAMED_UNIT ( * ) SI_UNIT ( .MILLI., .METRE. ) );
#1190 = VECTOR ( 'NONE', #1927, 1000.000000000000000 ) ;
#1191 = DIRECTION ( 'NONE',  ( -1.000000000000000000, 0.0000000000000000000, 0.0000000000000000000 ) ) ;
#1192 = CARTESIAN_POINT ( 'NONE',  ( 2.160000000000000100, 3.049999999999999800, 0.6500000000000000200 ) ) ;
#1193 = CARTESIAN_POINT ( 'NONE',  ( 0.0000000000000000000, 0.0000000000000000000, 0.07000000000000000700 ) ) ;
#1194 = DIRECTION ( 'NONE',  ( 1.000000000000000000, 0.0000000000000000000, -0.0000000000000000000 ) ) ;
#1195 = ADVANCED_FACE ( 'NONE', ( #136 ), #1186, .T. ) ;
#1196 =( GEOMETRIC_REPRESENTATION_CONTEXT ( 3 ) GLOBAL_UNCERTAINTY_ASSIGNED_CONTEXT ( ( #1858 ) ) GLOBAL_UNIT_ASSIGNED_CONTEXT ( ( #762, #2085, #434 ) ) REPRESENTATION_CONTEXT ( 'NONE', 'WORKASPACE' ) );
#1197 = CARTESIAN_POINT ( 'NONE',  ( -2.160000000000000100, 3.049999999999999800, 0.07000000000000000700 ) ) ;
#1198 = EDGE_CURVE ( 'NONE', #2437, #866, #1627, .T. ) ;
#1199 = ORIENTED_EDGE ( 'NONE', *, *, #2608, .T. ) ;
#1200 = EDGE_CURVE ( 'NONE', #467, #2646, #508, .T. ) ;
#1201 = ORIENTED_EDGE ( 'NONE', *, *, #1256, .T. ) ;
#1202 = DIRECTION ( 'NONE',  ( -0.0000000000000000000, -1.000000000000000000, -1.422901506435916700E-016 ) ) ;
#1203 = ORIENTED_EDGE ( 'NONE', *, *, #1576, .F. ) ;
#1204 = CIRCLE ( 'NONE', #1959, 0.5400000000000001500 ) ;
#1205 = LINE ( 'NONE', #1640, #1733 ) ;
#1206 = VECTOR ( 'NONE', #1387, 1000.000000000000000 ) ;
#1207 = ORIENTED_EDGE ( 'NONE', *, *, #709, .F. ) ;
#1208 = VECTOR ( 'NONE', #910, 1000.000000000000000 ) ;
#1209 = DIRECTION ( 'NONE',  ( 0.0000000000000000000, 0.0000000000000000000, 1.000000000000000000 ) ) ;
#1210 = ORIENTED_EDGE ( 'NONE', *, *, #2386, .T. ) ;
#1211 = STYLED_ITEM ( 'NONE', ( #1503 ), #2546 ) ;
#1212 = CARTESIAN_POINT ( 'NONE',  ( 1.909999999999999700, -3.038126938372802200, 1.329999999999935500 ) ) ;
#1213 = DIRECTION ( 'NONE',  ( 0.7071067811865439100, -0.7071067811865512400, 0.0000000000000000000 ) ) ;
#1214 = MECHANICAL_DESIGN_GEOMETRIC_PRESENTATION_REPRESENTATION (  '', ( #463 ), #1356 ) ;
#1215 = VERTEX_POINT ( 'NONE', #802 ) ;
#1216 = MECHANICAL_DESIGN_GEOMETRIC_PRESENTATION_REPRESENTATION (  '', ( #919 ), #1358 ) ;
#1217 = CARTESIAN_POINT ( 'NONE',  ( 1.719999999999999800, -4.011905390607442000, 1.265046229629320600 ) ) ;
#1218 = VERTEX_POINT ( 'NONE', #2134 ) ;
#1219 = PLANE ( 'NONE',  #2359 ) ;
#1220 =( LENGTH_UNIT ( ) NAMED_UNIT ( * ) SI_UNIT ( .MILLI., .METRE. ) );
#1221 = EDGE_CURVE ( 'NONE', #2046, #1825, #2148, .T. ) ;
#1222 = UNCERTAINTY_MEASURE_WITH_UNIT (LENGTH_MEASURE( 1.000000000000000100E-005 ), #1047, 'distance_accuracy_value', 'NONE');
#1223 = ADVANCED_FACE ( 'NONE', ( #1035 ), #1660, .T. ) ;
#1224 = CARTESIAN_POINT ( 'NONE',  ( 2.669999999999999500, -3.041267811418298300, 1.869999999999927500 ) ) ;
#1225 = VECTOR ( 'NONE', #1541, 1000.000000000000000 ) ;
#1226 = CARTESIAN_POINT ( 'NONE',  ( -2.669999999999999500, -4.349999999999999600, 0.5399999999999993700 ) ) ;
#1227 = ADVANCED_FACE ( 'NONE', ( #965 ), #1469, .T. ) ;
#1228 = DIRECTION ( 'NONE',  ( 0.0000000000000000000, 0.9063077870366507100, -0.4226182617406978900 ) ) ;
#1229 = LINE ( 'NONE', #867, #2333 ) ;
#1230 = VERTEX_POINT ( 'NONE', #1917 ) ;
#1231 = CARTESIAN_POINT ( 'NONE',  ( -2.669999999999999500, -4.349999999999999600, 0.5399999999999993700 ) ) ;
#1232 = CARTESIAN_POINT ( 'NONE',  ( -0.3800000000000000000, -3.038126938372802200, 1.329999999999935500 ) ) ;
#1233 = PLANE ( 'NONE',  #727 ) ;
#1234 = ORIENTED_EDGE ( 'NONE', *, *, #529, .T. ) ;
#1235 = DIRECTION ( 'NONE',  ( 1.000000000000000000, 0.0000000000000000000, -0.0000000000000000000 ) ) ;
#1236 = ORIENTED_EDGE ( 'NONE', *, *, #130, .T. ) ;
#1237 = FACE_OUTER_BOUND ( 'NONE', #2809, .T. ) ;
#1238 = AXIS2_PLACEMENT_3D ( 'NONE', #1193, #2685, #1366 ) ;
#1239 = CARTESIAN_POINT ( 'NONE',  ( 2.669999999999999500, -3.385792873817839300, 1.329999999999933200 ) ) ;
#1240 = ORIENTED_EDGE ( 'NONE', *, *, #870, .T. ) ;
#1241 =( NAMED_UNIT ( * ) SI_UNIT ( $, .STERADIAN. ) SOLID_ANGLE_UNIT ( ) );
#1242 = CARTESIAN_POINT ( 'NONE',  ( -2.669999999999999500, -3.049999999999999800, 1.669999999999934200 ) ) ;
#1243 = ORIENTED_EDGE ( 'NONE', *, *, #1017, .F. ) ;
#1244 = DIRECTION ( 'NONE',  ( 0.08682659386424505800, 0.08682659386424418400, -0.9924325091389677400 ) ) ;
#1245 = COLOUR_RGB ( '',1.000000000000000000, 1.000000000000000000, 1.000000000000000000 ) ;
#1246 = ORIENTED_EDGE ( 'NONE', *, *, #1157, .T. ) ;
#1247 = DIRECTION ( 'NONE',  ( 0.0000000000000000000, 0.0000000000000000000, -1.000000000000000000 ) ) ;
#1248 = VECTOR ( 'NONE', #2191, 1000.000000000000000 ) ;
#1249 = PLANE ( 'NONE',  #1059 ) ;
#1250 = VERTEX_POINT ( 'NONE', #2788 ) ;
#1251 =( LENGTH_UNIT ( ) NAMED_UNIT ( * ) SI_UNIT ( .MILLI., .METRE. ) );
#1252 = EDGE_CURVE ( 'NONE', #1352, #2035, #2207, .T. ) ;
#1253 = EDGE_CURVE ( 'NONE', #1721, #446, #2716, .T. ) ;
#1254 = ADVANCED_FACE ( 'NONE', ( #897 ), #821, .F. ) ;
#1255 = CARTESIAN_POINT ( 'NONE',  ( -1.719999999999999800, -3.860593795000208100, 0.3117861386600225800 ) ) ;
#1256 = EDGE_CURVE ( 'NONE', #193, #1714, #300, .T. ) ;
#1257 = ORIENTED_EDGE ( 'NONE', *, *, #2729, .T. ) ;
#1258 = DIRECTION ( 'NONE',  ( 0.0000000000000000000, -0.0000000000000000000, -1.000000000000000000 ) ) ;
#1259 = CARTESIAN_POINT ( 'NONE',  ( 0.3800000000000000000, -4.049999999999999800, 1.869999999999926800 ) ) ;
#1260 = CARTESIAN_POINT ( 'NONE',  ( -2.669999999999999900, 3.830000000000000100, 0.6500000000000000200 ) ) ;
#1261 = DIRECTION ( 'NONE',  ( 0.04357795025174415700, 0.04357795025174392200, 0.9980991556472297300 ) ) ;
#1262 = FACE_OUTER_BOUND ( 'NONE', #548, .T. ) ;
#1263 = CIRCLE ( 'NONE', #320, 0.5400000000000003700 ) ;
#1264 = DIRECTION ( 'NONE',  ( -0.5144957554275253500, -0.8574929257125449800, -0.0000000000000000000 ) ) ;
#1265 = AXIS2_PLACEMENT_3D ( 'NONE', #482, #256, #41 ) ;
#1266 = SURFACE_STYLE_USAGE ( .BOTH. , #2587 ) ;
#1267 = DIRECTION ( 'NONE',  ( 0.0000000000000000000, -0.9063077870366507100, 0.4226182617406978900 ) ) ;
#1268 = STYLED_ITEM ( 'NONE', ( #1772 ), #895 ) ;
#1269 = ORIENTED_EDGE ( 'NONE', *, *, #1394, .T. ) ;
#1270 = DIRECTION ( 'NONE',  ( 0.0000000000000000000, 3.212450881438529900E-015, -1.000000000000000000 ) ) ;
#1271 = MECHANICAL_DESIGN_GEOMETRIC_PRESENTATION_REPRESENTATION (  '', ( #831 ), #1419 ) ;
#1272 = CARTESIAN_POINT ( 'NONE',  ( 2.160000000000000100, -1.080000000000000300, 0.6500000000000000200 ) ) ;
#1273 =( NAMED_UNIT ( * ) SI_UNIT ( $, .STERADIAN. ) SOLID_ANGLE_UNIT ( ) );
#1274 = VERTEX_POINT ( 'NONE', #2163 ) ;
#1275 = ORIENTED_EDGE ( 'NONE', *, *, #249, .T. ) ;
#1276 = VERTEX_POINT ( 'NONE', #160 ) ;
#1277 = VECTOR ( 'NONE', #2170, 1000.000000000000000 ) ;
#1278 = CARTESIAN_POINT ( 'NONE',  ( 1.719999999999999800, -4.349999999999999600, 0.5399999999999993700 ) ) ;
#1279 = EDGE_CURVE ( 'NONE', #1276, #2648, #369, .T. ) ;
#1280 = LINE ( 'NONE', #1054, #2816 ) ;
#1281 = CARTESIAN_POINT ( 'NONE',  ( 2.169999999999998200, 4.129999999999999900, 0.6500000000000000200 ) ) ;
#1282 = EDGE_LOOP ( 'NONE', ( #628, #1365, #2436, #1044 ) ) ;
#1283 = VECTOR ( 'NONE', #2145, 1000.000000000000000 ) ;
#1284 = SURFACE_SIDE_STYLE ('',( #1617 ) ) ;
#1285 = DIRECTION ( 'NONE',  ( -0.0000000000000000000, -0.4226182617406972200, -0.9063077870366511600 ) ) ;
#1286 = LINE ( 'NONE', #52, #689 ) ;
#1287 = SURFACE_SIDE_STYLE ('',( #856 ) ) ;
#1288 = ORIENTED_EDGE ( 'NONE', *, *, #2826, .F. ) ;
#1289 = VERTEX_POINT ( 'NONE', #2375 ) ;
#1290 = ORIENTED_EDGE ( 'NONE', *, *, #2348, .F. ) ;
#1291 = DIRECTION ( 'NONE',  ( -0.0000000000000000000, -1.000000000000000000, -6.237034244368226900E-015 ) ) ;
#1292 = ADVANCED_FACE ( 'NONE', ( #833 ), #837, .F. ) ;
#1293 = CARTESIAN_POINT ( 'NONE',  ( -1.909999999999999700, -4.349999999999999600, 0.5399999999999993700 ) ) ;
#1294 = DIRECTION ( 'NONE',  ( 0.0000000000000000000, 0.0000000000000000000, -1.000000000000000000 ) ) ;
#1295 = AXIS2_PLACEMENT_3D ( 'NONE', #94, #1655, #2286 ) ;
#1296 = VECTOR ( 'NONE', #1745, 1000.000000000000000 ) ;
#1297 = EDGE_CURVE ( 'NONE', #446, #2141, #232, .T. ) ;
#1298 = FACE_OUTER_BOUND ( 'NONE', #459, .T. ) ;
#1299 = AXIS2_PLACEMENT_3D ( 'NONE', #1117, #219, #896 ) ;
#1300 = DIRECTION ( 'NONE',  ( -0.0000000000000000000, 0.9063077870366509400, -0.4226182617406974400 ) ) ;
#1301 = VERTEX_POINT ( 'NONE', #2606 ) ;
#1302 = ORIENTED_EDGE ( 'NONE', *, *, #42, .F. ) ;
#1303 = DIRECTION ( 'NONE',  ( 1.000000000000000000, 0.0000000000000000000, -0.0000000000000000000 ) ) ;
#1304 = SURFACE_STYLE_FILL_AREA ( #2052 ) ;
#1305 = ORIENTED_EDGE ( 'NONE', *, *, #2227, .T. ) ;
#1306 = UNCERTAINTY_MEASURE_WITH_UNIT (LENGTH_MEASURE( 1.000000000000000100E-005 ), #223, 'distance_accuracy_value', 'NONE');
#1307 = EDGE_CURVE ( 'NONE', #2718, #601, #2584, .T. ) ;
#1308 = PLANE ( 'NONE',  #411 ) ;
#1309 = FACE_OUTER_BOUND ( 'NONE', #135, .T. ) ;
#1310 = LINE ( 'NONE', #992, #2416 ) ;
#1311 = VERTEX_POINT ( 'NONE', #1953 ) ;
#1312 = VECTOR ( 'NONE', #1300, 1000.000000000000100 ) ;
#1313 = EDGE_CURVE ( 'NONE', #2646, #726, #1934, .T. ) ;
#1314 = FILL_AREA_STYLE ('',( #1768 ) ) ;
#1315 = FACE_OUTER_BOUND ( 'NONE', #293, .T. ) ;
#1316 =( LENGTH_UNIT ( ) NAMED_UNIT ( * ) SI_UNIT ( .MILLI., .METRE. ) );
#1317 = ORIENTED_EDGE ( 'NONE', *, *, #1852, .T. ) ;
#1318 = STYLED_ITEM ( 'NONE', ( #215 ), #2284 ) ;
#1319 = DIRECTION ( 'NONE',  ( 0.0000000000000000000, 1.000000000000000000, 1.422901506435916700E-016 ) ) ;
#1320 = ORIENTED_EDGE ( 'NONE', *, *, #953, .T. ) ;
#1321 = ORIENTED_EDGE ( 'NONE', *, *, #358, .F. ) ;
#1322 =( NAMED_UNIT ( * ) PLANE_ANGLE_UNIT ( ) SI_UNIT ( $, .RADIAN. ) );
#1323 = DIRECTION ( 'NONE',  ( 0.0000000000000000000, 0.0000000000000000000, -1.000000000000000000 ) ) ;
#1324 = VECTOR ( 'NONE', #1323, 1000.000000000000000 ) ;
#1325 = CARTESIAN_POINT ( 'NONE',  ( -2.669999999999999500, -3.041267811418298300, 1.869999999999927500 ) ) ;
#1326 = DIRECTION ( 'NONE',  ( -2.132856732758369600E-016, 1.000000000000000000, 0.0000000000000000000 ) ) ;
#1327 =( NAMED_UNIT ( * ) SI_UNIT ( $, .STERADIAN. ) SOLID_ANGLE_UNIT ( ) );
#1328 = CARTESIAN_POINT ( 'NONE',  ( 2.669999999999999500, -3.385792873817840700, 1.329999999999929200 ) ) ;
#1329 = ORIENTED_EDGE ( 'NONE', *, *, #356, .F. ) ;
#1330 = VERTEX_POINT ( 'NONE', #587 ) ;
#1331 = VERTEX_POINT ( 'NONE', #2155 ) ;
#1332 = CARTESIAN_POINT ( 'NONE',  ( -2.669999999999999900, 3.049999999999999800, 2.370000000000000100 ) ) ;
#1333 = ORIENTED_EDGE ( 'NONE', *, *, #1252, .F. ) ;
#1334 = ORIENTED_EDGE ( 'NONE', *, *, #125, .F. ) ;
#1335 = ORIENTED_EDGE ( 'NONE', *, *, #2252, .T. ) ;
#1336 = DIRECTION ( 'NONE',  ( 0.0000000000000000000, 0.0000000000000000000, 1.000000000000000000 ) ) ;
#1337 = ADVANCED_FACE ( 'NONE', ( #2510 ), #1072, .T. ) ;
#1338 = VECTOR ( 'NONE', #2399, 1000.000000000000000 ) ;
#1339 = CARTESIAN_POINT ( 'NONE',  ( -2.669999999999999500, -4.349999999999999600, -9.221312521315205400E-016 ) ) ;
#1340 = UNCERTAINTY_MEASURE_WITH_UNIT (LENGTH_MEASURE( 1.000000000000000100E-005 ), #2353, 'distance_accuracy_value', 'NONE');
#1341 = ORIENTED_EDGE ( 'NONE', *, *, #1822, .F. ) ;
#1342 = LINE ( 'NONE', #2664, #760 ) ;
#1343 = SHAPE_DEFINITION_REPRESENTATION ( #1833, #1057 ) ;
#1344 = EDGE_CURVE ( 'NONE', #241, #1630, #754, .T. ) ;
#1345 = PLANE ( 'NONE',  #1011 ) ;
#1346 = EDGE_CURVE ( 'NONE', #2000, #1088, #1865, .T. ) ;
#1347 = VECTOR ( 'NONE', #355, 1000.000000000000000 ) ;
#1348 = CARTESIAN_POINT ( 'NONE',  ( 2.669999999999999500, -3.038126938372802200, 1.329999999999935500 ) ) ;
#1349 = ORIENTED_EDGE ( 'NONE', *, *, #2744, .F. ) ;
#1350 = SURFACE_STYLE_USAGE ( .BOTH. , #2669 ) ;
#1351 =( NAMED_UNIT ( * ) SI_UNIT ( $, .STERADIAN. ) SOLID_ANGLE_UNIT ( ) );
#1352 = VERTEX_POINT ( 'NONE', #2062 ) ;
#1353 = AXIS2_PLACEMENT_3D ( 'NONE', #2363, #2571, #1258 ) ;
#1354 = CARTESIAN_POINT ( 'NONE',  ( -0.3800000000000000000, -4.049999999999999800, 1.869999999999926800 ) ) ;
#1355 = FACE_OUTER_BOUND ( 'NONE', #2756, .T. ) ;
#1356 =( GEOMETRIC_REPRESENTATION_CONTEXT ( 3 ) GLOBAL_UNCERTAINTY_ASSIGNED_CONTEXT ( ( #1222 ) ) GLOBAL_UNIT_ASSIGNED_CONTEXT ( ( #1047, #439, #815 ) ) REPRESENTATION_CONTEXT ( 'NONE', 'WORKASPACE' ) );
#1357 = CARTESIAN_POINT ( 'NONE',  ( 1.719999999999999800, -3.860593795000208100, 0.3117861386600225800 ) ) ;
#1358 =( GEOMETRIC_REPRESENTATION_CONTEXT ( 3 ) GLOBAL_UNCERTAINTY_ASSIGNED_CONTEXT ( ( #2242 ) ) GLOBAL_UNIT_ASSIGNED_CONTEXT ( ( #1377, #227, #1351 ) ) REPRESENTATION_CONTEXT ( 'NONE', 'WORKASPACE' ) );
#1359 = CARTESIAN_POINT ( 'NONE',  ( 1.909999999999999700, -5.869999999999998300, -1.138412281109779700E-015 ) ) ;
#1360 = LINE ( 'NONE', #2079, #190 ) ;
#1361 = CARTESIAN_POINT ( 'NONE',  ( 0.3800000000000000000, -3.049999999999999800, 1.669999999999935500 ) ) ;
#1362 = ORIENTED_EDGE ( 'NONE', *, *, #714, .F. ) ;
#1363 = ADVANCED_FACE ( 'NONE', ( #104 ), #794, .T. ) ;
#1364 = EDGE_CURVE ( 'NONE', #1949, #1230, #1803, .T. ) ;
#1365 = ORIENTED_EDGE ( 'NONE', *, *, #2582, .F. ) ;
#1366 = DIRECTION ( 'NONE',  ( -1.000000000000000000, 0.0000000000000000000, -0.0000000000000000000 ) ) ;
#1367 = ORIENTED_EDGE ( 'NONE', *, *, #1461, .F. ) ;
#1368 = CARTESIAN_POINT ( 'NONE',  ( 3.249789915655211000, -3.019437339964041300, 2.370000000000000100 ) ) ;
#1369 = DIRECTION ( 'NONE',  ( 0.0000000000000000000, -3.212450881438529900E-015, 1.000000000000000000 ) ) ;
#1370 = VERTEX_POINT ( 'NONE', #2388 ) ;
#1371 = ORIENTED_EDGE ( 'NONE', *, *, #2635, .F. ) ;
#1372 = DIRECTION ( 'NONE',  ( 0.0000000000000000000, 8.571843355465911000E-015, -1.000000000000000000 ) ) ;
#1373 = FACE_OUTER_BOUND ( 'NONE', #891, .T. ) ;
#1374 = FACE_OUTER_BOUND ( 'NONE', #1827, .T. ) ;
#1375 = VERTEX_POINT ( 'NONE', #2752 ) ;
#1376 = VECTOR ( 'NONE', #345, 1000.000000000000000 ) ;
#1377 =( LENGTH_UNIT ( ) NAMED_UNIT ( * ) SI_UNIT ( .MILLI., .METRE. ) );
#1378 = VECTOR ( 'NONE', #1074, 1000.000000000000200 ) ;
#1379 = VECTOR ( 'NONE', #570, 1000.000000000000200 ) ;
#1380 =( LENGTH_UNIT ( ) NAMED_UNIT ( * ) SI_UNIT ( .MILLI., .METRE. ) );
#1381 = VERTEX_POINT ( 'NONE', #2177 ) ;
#1382 = CARTESIAN_POINT ( 'NONE',  ( 2.160000000000000100, 3.049999999999999800, 0.6500000000000000200 ) ) ;
#1383 = DIRECTION ( 'NONE',  ( -0.0000000000000000000, 0.4226182617406967800, 0.9063077870366512700 ) ) ;
#1384 = SURFACE_STYLE_USAGE ( .BOTH. , #1868 ) ;
#1385 = CARTESIAN_POINT ( 'NONE',  ( 1.719999999999999800, -3.522499185607650400, 1.036832368289343700 ) ) ;
#1386 = PRESENTATION_STYLE_ASSIGNMENT (( #667 ) ) ;
#1387 = DIRECTION ( 'NONE',  ( -0.0000000000000000000, -1.000000000000000000, -0.0000000000000000000 ) ) ;
#1388 = SURFACE_STYLE_FILL_AREA ( #1658 ) ;
#1389 = CARTESIAN_POINT ( 'NONE',  ( 0.3800000000000000000, -4.049999999999999800, 1.869999999999926800 ) ) ;
#1390 = DIRECTION ( 'NONE',  ( 0.0000000000000000000, 0.03489949670251092700, -0.9993908270190953200 ) ) ;
#1391 = VECTOR ( 'NONE', #1127, 1000.000000000000000 ) ;
#1392 = DIRECTION ( 'NONE',  ( 0.04357795025174449100, -0.04357795025174405300, 0.9980991556472297300 ) ) ;
#1393 = ADVANCED_FACE ( 'NONE', ( #615 ), #1879, .T. ) ;
#1394 = EDGE_CURVE ( 'NONE', #1381, #1564, #33, .T. ) ;
#1395 = DIRECTION ( 'NONE',  ( -1.000000000000000000, 0.0000000000000000000, 0.0000000000000000000 ) ) ;
#1396 = EDGE_CURVE ( 'NONE', #188, #1498, #1205, .T. ) ;
#1397 = EDGE_CURVE ( 'NONE', #1088, #2313, #2314, .T. ) ;
#1398 = CARTESIAN_POINT ( 'NONE',  ( -2.669999999999999900, 3.049999999999999800, 0.6500000000000000200 ) ) ;
#1399 = SURFACE_STYLE_USAGE ( .BOTH. , #1635 ) ;
#1400 = ORIENTED_EDGE ( 'NONE', *, *, #358, .T. ) ;
#1401 = CARTESIAN_POINT ( 'NONE',  ( 2.669999999999999500, -4.349999999999999600, -9.221312521315205400E-016 ) ) ;
#1402 = ORIENTED_EDGE ( 'NONE', *, *, #130, .F. ) ;
#1403 = CARTESIAN_POINT ( 'NONE',  ( 2.669999999999999500, -4.349999999999999600, 0.5399999999999990400 ) ) ;
#1404 = ORIENTED_EDGE ( 'NONE', *, *, #1307, .T. ) ;
#1405 = ORIENTED_EDGE ( 'NONE', *, *, #1520, .T. ) ;
#1406 = ORIENTED_EDGE ( 'NONE', *, *, #1051, .F. ) ;
#1407 = VECTOR ( 'NONE', #537, 1000.000000000000000 ) ;
#1408 = DIRECTION ( 'NONE',  ( 0.0000000000000000000, -0.4226182617406974400, -0.9063077870366509400 ) ) ;
#1409 = ORIENTED_EDGE ( 'NONE', *, *, #1307, .F. ) ;
#1410 = PRESENTATION_STYLE_ASSIGNMENT (( #1177 ) ) ;
#1411 = VECTOR ( 'NONE', #2540, 1000.000000000000000 ) ;
#1412 = ADVANCED_FACE ( 'NONE', ( #2813 ), #990, .F. ) ;
#1413 = PRESENTATION_LAYER_ASSIGNMENT (  '', '', ( #1111 ) ) ;
#1414 = CARTESIAN_POINT ( 'NONE',  ( -1.909999999999999700, -4.349999999999999600, -9.221312521315205400E-016 ) ) ;
#1415 = LINE ( 'NONE', #238, #1806 ) ;
#1416 = VECTOR ( 'NONE', #670, 1000.000000000000000 ) ;
#1417 = AXIS2_PLACEMENT_3D ( 'NONE', #740, #2801, #1267 ) ;
#1418 = LINE ( 'NONE', #977, #1494 ) ;
#1419 =( GEOMETRIC_REPRESENTATION_CONTEXT ( 3 ) GLOBAL_UNCERTAINTY_ASSIGNED_CONTEXT ( ( #1707 ) ) GLOBAL_UNIT_ASSIGNED_CONTEXT ( ( #394, #390, #380 ) ) REPRESENTATION_CONTEXT ( 'NONE', 'WORKASPACE' ) );
#1420 =( NAMED_UNIT ( * ) PLANE_ANGLE_UNIT ( ) SI_UNIT ( $, .RADIAN. ) );
#1421 = VECTOR ( 'NONE', #680, 1000.000000000000100 ) ;
#1422 = CARTESIAN_POINT ( 'NONE',  ( 1.909999999999999700, -3.385792873817839300, 1.329999999999933200 ) ) ;
#1423 = CARTESIAN_POINT ( 'NONE',  ( -2.669999999999999500, -3.041267811418298300, 1.869999999999927500 ) ) ;
#1424 = ORIENTED_EDGE ( 'NONE', *, *, #2288, .T. ) ;
#1425 = EDGE_CURVE ( 'NONE', #2174, #801, #2236, .T. ) ;
#1426 = FILL_AREA_STYLE_COLOUR ( '', #2515 ) ;
#1427 = SURFACE_SIDE_STYLE ('',( #279 ) ) ;
#1428 = PLANE ( 'NONE',  #940 ) ;
#1429 = VECTOR ( 'NONE', #2687, 1000.000000000000100 ) ;
#1430 = CARTESIAN_POINT ( 'NONE',  ( -0.3800000000000000000, -3.041267811418298300, 1.869999999999927300 ) ) ;
#1431 = MANIFOLD_SOLID_BREP ( 'Lead1', #1893 ) ;
#1432 = DIRECTION ( 'NONE',  ( 0.0000000000000000000, -0.4226182617406972200, -0.9063077870366511600 ) ) ;
#1433 = VECTOR ( 'NONE', #2341, 1000.000000000000000 ) ;
#1434 = SURFACE_SIDE_STYLE ('',( #111 ) ) ;
#1435 = STYLED_ITEM ( 'NONE', ( #2692 ), #277 ) ;
#1436 =( NAMED_UNIT ( * ) PLANE_ANGLE_UNIT ( ) SI_UNIT ( $, .RADIAN. ) );
#1437 = ORIENTED_EDGE ( 'NONE', *, *, #1612, .F. ) ;
#1438 = EDGE_CURVE ( 'NONE', #484, #2709, #1444, .T. ) ;
#1439 = ORIENTED_EDGE ( 'NONE', *, *, #307, .F. ) ;
#1440 = CARTESIAN_POINT ( 'NONE',  ( -2.669999999999999500, -3.049999999999999800, 1.669999999999934200 ) ) ;
#1441 = FACE_OUTER_BOUND ( 'NONE', #1693, .T. ) ;
#1442 =( NAMED_UNIT ( * ) SI_UNIT ( $, .STERADIAN. ) SOLID_ANGLE_UNIT ( ) );
#1443 = ORIENTED_EDGE ( 'NONE', *, *, #2230, .T. ) ;
#1444 = LINE ( 'NONE', #1885, #859 ) ;
#1445 = LINE ( 'NONE', #608, #2038 ) ;
#1446 = CARTESIAN_POINT ( 'NONE',  ( -3.249789915655210600, -3.049999999999999800, 2.370000000000000100 ) ) ;
#1447 = STYLED_ITEM ( 'NONE', ( #39 ), #1057 ) ;
#1448 = ORIENTED_EDGE ( 'NONE', *, *, #42, .T. ) ;
#1449 = DIRECTION ( 'NONE',  ( 0.0000000000000000000, -1.000000000000000000, -0.0000000000000000000 ) ) ;
#1450 = COLOUR_RGB ( '',1.000000000000000000, 1.000000000000000000, 1.000000000000000000 ) ;
#1451 = LINE ( 'NONE', #1955, #2551 ) ;
#1452 = PRESENTATION_LAYER_ASSIGNMENT (  '', '', ( #1148 ) ) ;
#1453 = CARTESIAN_POINT ( 'NONE',  ( -2.669999999999999500, -3.875199078817632700, 1.558213861339905900 ) ) ;
#1454 =( NAMED_UNIT ( * ) PLANE_ANGLE_UNIT ( ) SI_UNIT ( $, .RADIAN. ) );
#1455 = AXIS2_PLACEMENT_3D ( 'NONE', #2585, #391, #616 ) ;
#1456 = VECTOR ( 'NONE', #1533, 1000.000000000000100 ) ;
#1457 = DIRECTION ( 'NONE',  ( 0.9990482215818579100, 1.420551150500760800E-016, -0.04361938736533270400 ) ) ;
#1458 = VERTEX_POINT ( 'NONE', #554 ) ;
#1459 = EDGE_CURVE ( 'NONE', #2509, #1653, #2542, .T. ) ;
#1460 = DIRECTION ( 'NONE',  ( 1.000000000000000000, 0.0000000000000000000, 0.0000000000000000000 ) ) ;
#1461 = EDGE_CURVE ( 'NONE', #1352, #241, #1663, .T. ) ;
#1462 = CARTESIAN_POINT ( 'NONE',  ( -1.719999999999999800, -3.522499185607650400, 1.036832368289343700 ) ) ;
#1463 = ORIENTED_EDGE ( 'NONE', *, *, #1964, .F. ) ;
#1464 = EDGE_CURVE ( 'NONE', #1130, #1928, #1068, .T. ) ;
#1465 = ORIENTED_EDGE ( 'NONE', *, *, #310, .T. ) ;
#1466 = CARTESIAN_POINT ( 'NONE',  ( -2.669999999999999500, -5.869999999999998300, -1.138412281109779700E-015 ) ) ;
#1467 = VECTOR ( 'NONE', #1864, 999.9999999999998900 ) ;
#1468 = AXIS2_PLACEMENT_3D ( 'NONE', #730, #1194, #1173 ) ;
#1469 = PLANE ( 'NONE',  #861 ) ;
#1470 = VECTOR ( 'NONE', #1592, 1000.000000000000100 ) ;
#1471 = CARTESIAN_POINT ( 'NONE',  ( 2.669999999999999500, -3.049999999999999800, 1.669999999999934200 ) ) ;
#1472 = DIRECTION ( 'NONE',  ( -1.000000000000000000, -0.0000000000000000000, -0.0000000000000000000 ) ) ;
#1473 = STYLED_ITEM ( 'NONE', ( #648 ), #512 ) ;
#1474 = ADVANCED_FACE ( 'NONE', ( #1373 ), #2766, .F. ) ;
#1475 = EDGE_LOOP ( 'NONE', ( #1892, #2201, #2822, #2169 ) ) ;
#1476 = ORIENTED_EDGE ( 'NONE', *, *, #955, .T. ) ;
#1477 = VERTEX_POINT ( 'NONE', #343 ) ;
#1478 = ORIENTED_EDGE ( 'NONE', *, *, #2230, .F. ) ;
#1479 = ORIENTED_EDGE ( 'NONE', *, *, #699, .F. ) ;
#1480 = CARTESIAN_POINT ( 'NONE',  ( 3.249789915655211500, -3.049999999999999800, 0.07000000000000000700 ) ) ;
#1481 = ORIENTED_EDGE ( 'NONE', *, *, #2608, .F. ) ;
#1482 = FACE_OUTER_BOUND ( 'NONE', #1730, .T. ) ;
#1483 = DIRECTION ( 'NONE',  ( 0.0000000000000000000, 0.0000000000000000000, 1.000000000000000000 ) ) ;
#1484 = ORIENTED_EDGE ( 'NONE', *, *, #1910, .T. ) ;
#1485 = VECTOR ( 'NONE', #1085, 1000.000000000000000 ) ;
#1486 = DIRECTION ( 'NONE',  ( 0.0000000000000000000, 1.000000000000000000, 0.0000000000000000000 ) ) ;
#1487 = FILL_AREA_STYLE_COLOUR ( '', #2238 ) ;
#1488 = VECTOR ( 'NONE', #1740, 1000.000000000000000 ) ;
#1489 = COLOUR_RGB ( '',1.000000000000000000, 1.000000000000000000, 1.000000000000000000 ) ;
#1490 = ORIENTED_EDGE ( 'NONE', *, *, #566, .T. ) ;
#1491 = LINE ( 'NONE', #218, #374 ) ;
#1492 = VECTOR ( 'NONE', #436, 999.9999999999998900 ) ;
#1493 = MANIFOLD_SOLID_BREP ( 'Lead3', #2713 ) ;
#1494 = VECTOR ( 'NONE', #1667, 1000.000000000000000 ) ;
#1495 = CARTESIAN_POINT ( 'NONE',  ( 1.909999999999999700, -4.349999999999999600, -9.221312521315205400E-016 ) ) ;
#1496 =( NAMED_UNIT ( * ) PLANE_ANGLE_UNIT ( ) SI_UNIT ( $, .RADIAN. ) );
#1497 = DIRECTION ( 'NONE',  ( 0.0000000000000000000, -1.000000000000000000, 5.035115483021273100E-015 ) ) ;
#1498 = VERTEX_POINT ( 'NONE', #1239 ) ;
#1499 = SURFACE_SIDE_STYLE ('',( #2232 ) ) ;
#1500 = SURFACE_SIDE_STYLE ('',( #544 ) ) ;
#1501 = STYLED_ITEM ( 'NONE', ( #588 ), #151 ) ;
#1502 = EDGE_CURVE ( 'NONE', #571, #1289, #1694, .T. ) ;
#1503 = PRESENTATION_STYLE_ASSIGNMENT (( #1266 ) ) ;
#1504 = CARTESIAN_POINT ( 'NONE',  ( 2.160000000000000100, -1.080000000000000300, 0.6500000000000000200 ) ) ;
#1505 = DIRECTION ( 'NONE',  ( -0.0000000000000000000, -0.4226182617406972200, -0.9063077870366511600 ) ) ;
#1506 = EDGE_CURVE ( 'NONE', #2159, #2412, #2273, .T. ) ;
#1507 = CARTESIAN_POINT ( 'NONE',  ( -2.859999999999999900, -3.522499185607650400, 1.036832368289343700 ) ) ;
#1508 = DIRECTION ( 'NONE',  ( -1.000000000000000000, 0.0000000000000000000, 0.0000000000000000000 ) ) ;
#1509 = FACE_OUTER_BOUND ( 'NONE', #2274, .T. ) ;
#1510 = LINE ( 'NONE', #144, #2101 ) ;
#1511 = ADVANCED_FACE ( 'NONE', ( #2203 ), #2287, .T. ) ;
#1512 = PRESENTATION_LAYER_ASSIGNMENT (  '', '', ( #1211 ) ) ;
#1513 = AXIS2_PLACEMENT_3D ( 'NONE', #581, #1915, #1691 ) ;
#1514 = CARTESIAN_POINT ( 'NONE',  ( 3.309247644744770100, -3.026889229167965700, 1.008194112890507200 ) ) ;
#1515 = VERTEX_POINT ( 'NONE', #68 ) ;
#1516 = DIRECTION ( 'NONE',  ( 0.0000000000000000000, -1.000000000000000000, 5.035115483021273100E-015 ) ) ;
#1517 = VERTEX_POINT ( 'NONE', #283 ) ;
#1518 = CARTESIAN_POINT ( 'NONE',  ( -1.909999999999999700, -3.860593795000208100, 0.3117861386600226900 ) ) ;
#1519 = ORIENTED_EDGE ( 'NONE', *, *, #1948, .T. ) ;
#1520 = EDGE_CURVE ( 'NONE', #2186, #924, #2779, .T. ) ;
#1521 = FACE_OUTER_BOUND ( 'NONE', #979, .T. ) ;
#1522 = CARTESIAN_POINT ( 'NONE',  ( -2.859999999999999900, 0.0000000000000000000, 0.0000000000000000000 ) ) ;
#1523 = LINE ( 'NONE', #1977, #863 ) ;
#1524 = VECTOR ( 'NONE', #185, 1000.000000000000100 ) ;
#1525 = UNCERTAINTY_MEASURE_WITH_UNIT (LENGTH_MEASURE( 1.000000000000000100E-005 ), #487, 'distance_accuracy_value', 'NONE');
#1526 = DIRECTION ( 'NONE',  ( 0.0000000000000000000, 1.000000000000000000, 8.571843355465911000E-015 ) ) ;
#1527 = SURFACE_STYLE_USAGE ( .BOTH. , #1092 ) ;
#1528 = VECTOR ( 'NONE', #1191, 1000.000000000000000 ) ;
#1529 = ORIENTED_EDGE ( 'NONE', *, *, #838, .F. ) ;
#1530 = CARTESIAN_POINT ( 'NONE',  ( 2.160000000000000100, 3.049999999999999800, 0.07000000000000000700 ) ) ;
#1531 = LINE ( 'NONE', #744, #351 ) ;
#1532 = SURFACE_STYLE_USAGE ( .BOTH. , #2272 ) ;
#1533 = DIRECTION ( 'NONE',  ( -0.04359286612377632300, 0.03486632051403078200, -0.9984407852831971300 ) ) ;
#1534 = DIRECTION ( 'NONE',  ( 0.0000000000000000000, 0.4226182617406965500, 0.9063077870366512700 ) ) ;
#1535 = LINE ( 'NONE', #925, #2059 ) ;
#1536 = UNCERTAINTY_MEASURE_WITH_UNIT (LENGTH_MEASURE( 1.000000000000000100E-005 ), #2263, 'distance_accuracy_value', 'NONE');
#1537 = DIRECTION ( 'NONE',  ( 0.0000000000000000000, -0.4226182617406974400, -0.9063077870366509400 ) ) ;
#1538 = CARTESIAN_POINT ( 'NONE',  ( 2.669999999999999900, 3.049999999999999800, 0.06999999999999975700 ) ) ;
#1539 = CARTESIAN_POINT ( 'NONE',  ( 3.245239073986260400, -2.990486927748665200, -0.03423141063369232500 ) ) ;
#1540 = FILL_AREA_STYLE_COLOUR ( '', #1983 ) ;
#1541 = DIRECTION ( 'NONE',  ( 1.000000000000000000, 0.0000000000000000000, 0.0000000000000000000 ) ) ;
#1542 = ORIENTED_EDGE ( 'NONE', *, *, #1764, .T. ) ;
#1543 = CARTESIAN_POINT ( 'NONE',  ( -2.669999999999999500, -3.041267811418298300, 1.869999999999927500 ) ) ;
#1544 = VERTEX_POINT ( 'NONE', #1453 ) ;
#1545 = PRESENTATION_STYLE_ASSIGNMENT (( #2601 ) ) ;
#1546 = VERTEX_POINT ( 'NONE', #729 ) ;
#1547 = ORIENTED_EDGE ( 'NONE', *, *, #399, .T. ) ;
#1548 = DIRECTION ( 'NONE',  ( 0.0000000000000000000, 7.132909029509895700E-017, -1.000000000000000000 ) ) ;
#1549 = CARTESIAN_POINT ( 'NONE',  ( 1.909999999999999700, -3.522499185607650400, 1.036832368289343700 ) ) ;
#1550 = ORIENTED_EDGE ( 'NONE', *, *, #810, .T. ) ;
#1551 = VECTOR ( 'NONE', #1665, 999.9999999999998900 ) ;
#1552 = EDGE_CURVE ( 'NONE', #2434, #822, #2841, .T. ) ;
#1553 = ORIENTED_EDGE ( 'NONE', *, *, #632, .T. ) ;
#1554 = EDGE_CURVE ( 'NONE', #505, #1088, #1622, .T. ) ;
#1555 = PLANE ( 'NONE',  #122 ) ;
#1556 = VECTOR ( 'NONE', #2734, 1000.000000000000000 ) ;
#1557 = EDGE_CURVE ( 'NONE', #1375, #902, #2712, .T. ) ;
#1558 = VECTOR ( 'NONE', #1390, 1000.000000000000000 ) ;
#1559 = ORIENTED_EDGE ( 'NONE', *, *, #266, .F. ) ;
#1560 = LINE ( 'NONE', #2652, #2513 ) ;
#1561 = CARTESIAN_POINT ( 'NONE',  ( -2.859999999999999900, -4.011905390607442000, 1.265046229629320600 ) ) ;
#1562 = VECTOR ( 'NONE', #98, 1000.000000000000000 ) ;
#1563 = CARTESIAN_POINT ( 'NONE',  ( -3.249789915655211000, -6.931336301655470200E-016, 2.370000000000000100 ) ) ;
#1564 = VERTEX_POINT ( 'NONE', #1440 ) ;
#1565 = DIRECTION ( 'NONE',  ( 0.0000000000000000000, 0.0000000000000000000, -1.000000000000000000 ) ) ;
#1566 = ORIENTED_EDGE ( 'NONE', *, *, #2254, .T. ) ;
#1567 = AXIS2_PLACEMENT_3D ( 'NONE', #1563, #2427, #1326 ) ;
#1568 = DIRECTION ( 'NONE',  ( 0.7071067811865512400, 0.7071067811865439100, -0.0000000000000000000 ) ) ;
#1569 = MECHANICAL_DESIGN_GEOMETRIC_PRESENTATION_REPRESENTATION (  '', ( #1111 ), #1717 ) ;
#1570 = PRESENTATION_LAYER_ASSIGNMENT (  '', '', ( #1268 ) ) ;
#1571 =( NAMED_UNIT ( * ) PLANE_ANGLE_UNIT ( ) SI_UNIT ( $, .RADIAN. ) );
#1572 = LINE ( 'NONE', #589, #2366 ) ;
#1573 = DIRECTION ( 'NONE',  ( -1.000000000000000000, -0.0000000000000000000, -0.0000000000000000000 ) ) ;
#1574 = DIRECTION ( 'NONE',  ( 0.0000000000000000000, -0.9063077870366507100, 0.4226182617406978900 ) ) ;
#1575 = CIRCLE ( 'NONE', #2552, 0.5400000000000003700 ) ;
#1576 = EDGE_CURVE ( 'NONE', #2448, #569, #2647, .T. ) ;
#1577 = UNCERTAINTY_MEASURE_WITH_UNIT (LENGTH_MEASURE( 1.000000000000000100E-005 ), #236, 'distance_accuracy_value', 'NONE');
#1578 = FILL_AREA_STYLE ('',( #2086 ) ) ;
#1579 =( NAMED_UNIT ( * ) PLANE_ANGLE_UNIT ( ) SI_UNIT ( $, .RADIAN. ) );
#1580 = DIRECTION ( 'NONE',  ( 0.0000000000000000000, 0.0000000000000000000, 1.000000000000000000 ) ) ;
#1581 = CARTESIAN_POINT ( 'NONE',  ( -3.299999999999998900, -3.049999999999999800, 1.670000000000153400 ) ) ;
#1582 = ORIENTED_EDGE ( 'NONE', *, *, #2153, .T. ) ;
#1583 = CARTESIAN_POINT ( 'NONE',  ( 1.909999999999999700, -3.385792873817839300, 1.329999999999933200 ) ) ;
#1584 = VERTEX_POINT ( 'NONE', #1224 ) ;
#1585 = ORIENTED_EDGE ( 'NONE', *, *, #549, .T. ) ;
#1586 = DIRECTION ( 'NONE',  ( 0.0000000000000000000, 7.132909029509895700E-017, -1.000000000000000000 ) ) ;
#1587 = ADVANCED_FACE ( 'NONE', ( #1482 ), #778, .F. ) ;
#1588 = CARTESIAN_POINT ( 'NONE',  ( -2.669999999999999900, 3.830000000000000100, 0.07000000000000000700 ) ) ;
#1589 = ORIENTED_EDGE ( 'NONE', *, *, #655, .T. ) ;
#1590 = PRESENTATION_LAYER_ASSIGNMENT (  '', '', ( #1435 ) ) ;
#1591 = SURFACE_STYLE_FILL_AREA ( #695 ) ;
#1592 = DIRECTION ( 'NONE',  ( -0.8574929257125451000, -0.5144957554275247900, -0.0000000000000000000 ) ) ;
#1593 = ORIENTED_EDGE ( 'NONE', *, *, #2579, .F. ) ;
#1594 = EDGE_CURVE ( 'NONE', #636, #2233, #366, .T. ) ;
#1595 = LINE ( 'NONE', #1727, #342 ) ;
#1596 = LINE ( 'NONE', #1004, #1379 ) ;
#1597 = FILL_AREA_STYLE_COLOUR ( '', #175 ) ;
#1598 = VECTOR ( 'NONE', #1987, 1000.000000000000000 ) ;
#1599 = EDGE_LOOP ( 'NONE', ( #2106, #195, #2323, #2447, #1638, #766 ) ) ;
#1600 = PRESENTATION_LAYER_ASSIGNMENT (  '', '', ( #1447 ) ) ;
#1601 = MECHANICAL_DESIGN_GEOMETRIC_PRESENTATION_REPRESENTATION (  '', ( #1148 ), #1755 ) ;
#1602 = LINE ( 'NONE', #2014, #420 ) ;
#1603 = DIRECTION ( 'NONE',  ( 0.0000000000000000000, -3.212450881438529900E-015, 1.000000000000000000 ) ) ;
#1604 = FILL_AREA_STYLE ('',( #498 ) ) ;
#1605 = DIRECTION ( 'NONE',  ( 0.0000000000000000000, 0.9063077870366509400, -0.4226182617406974400 ) ) ;
#1606 = VECTOR ( 'NONE', #1878, 1000.000000000000000 ) ;
#1607 = CARTESIAN_POINT ( 'NONE',  ( -2.669999999999999500, -3.038126938372802200, 1.329999999999935500 ) ) ;
#1608 = EDGE_CURVE ( 'NONE', #1098, #2358, #433, .T. ) ;
#1609 = EDGE_CURVE ( 'NONE', #415, #429, #296, .T. ) ;
#1610 = EDGE_LOOP ( 'NONE', ( #2688, #2842, #496, #2659 ) ) ;
#1611 = CARTESIAN_POINT ( 'NONE',  ( -2.169999999999997700, 4.129999999999999900, 0.6500000000000000200 ) ) ;
#1612 = EDGE_CURVE ( 'NONE', #924, #274, #2001, .T. ) ;
#1613 =( NAMED_UNIT ( * ) PLANE_ANGLE_UNIT ( ) SI_UNIT ( $, .RADIAN. ) );
#1614 = DIRECTION ( 'NONE',  ( 0.0000000000000000000, -0.4226182617406974400, -0.9063077870366509400 ) ) ;
#1615 = DIRECTION ( 'NONE',  ( 0.0000000000000000000, 1.000000000000000000, 0.0000000000000000000 ) ) ;
#1616 = EDGE_LOOP ( 'NONE', ( #1199, #2787, #2413, #1236 ) ) ;
#1617 = SURFACE_STYLE_FILL_AREA ( #2807 ) ;
#1618 = PRESENTATION_LAYER_ASSIGNMENT (  '', '', ( #1318 ) ) ;
#1619 = EDGE_LOOP ( 'NONE', ( #2067, #2774, #1210, #2639 ) ) ;
#1620 = ORIENTED_EDGE ( 'NONE', *, *, #13, .T. ) ;
#1621 = SURFACE_STYLE_USAGE ( .BOTH. , #1499 ) ;
#1622 = LINE ( 'NONE', #968, #2144 ) ;
#1623 = DIRECTION ( 'NONE',  ( 0.0000000000000000000, 0.0000000000000000000, 1.000000000000000000 ) ) ;
#1624 = VERTEX_POINT ( 'NONE', #321 ) ;
#1625 = AXIS2_PLACEMENT_3D ( 'NONE', #330, #1179, #313 ) ;
#1626 = CARTESIAN_POINT ( 'NONE',  ( 1.719999999999999800, -3.522499185607650400, 1.036832368289343700 ) ) ;
#1627 = LINE ( 'NONE', #352, #2783 ) ;
#1628 = CARTESIAN_POINT ( 'NONE',  ( 1.909999999999999700, -3.049999999999999800, 1.669999999999934200 ) ) ;
#1629 = FACE_OUTER_BOUND ( 'NONE', #2812, .T. ) ;
#1630 = VERTEX_POINT ( 'NONE', #2737 ) ;
#1631 = LINE ( 'NONE', #1670, #1040 ) ;
#1632 = ORIENTED_EDGE ( 'NONE', *, *, #2449, .T. ) ;
#1633 = LINE ( 'NONE', #478, #239 ) ;
#1634 = SURFACE_STYLE_USAGE ( .BOTH. , #1287 ) ;
#1635 = SURFACE_SIDE_STYLE ('',( #2320 ) ) ;
#1636 = CARTESIAN_POINT ( 'NONE',  ( 3.299999999999999400, 3.049999999999999800, 1.219999999999906500 ) ) ;
#1637 = ORIENTED_EDGE ( 'NONE', *, *, #2696, .F. ) ;
#1638 = ORIENTED_EDGE ( 'NONE', *, *, #984, .T. ) ;
#1639 = ADVANCED_FACE ( 'NONE', ( #2508 ), #1125, .T. ) ;
#1640 = CARTESIAN_POINT ( 'NONE',  ( 2.669999999999999500, -3.038126938372802200, 1.329999999999935500 ) ) ;
#1641 = FACE_OUTER_BOUND ( 'NONE', #1031, .T. ) ;
#1642 = CARTESIAN_POINT ( 'NONE',  ( 2.669999999999999500, -4.349999999999999600, -9.221312521315205400E-016 ) ) ;
#1643 = PLANE ( 'NONE',  #2522 ) ;
#1644 = SURFACE_SIDE_STYLE ('',( #2701 ) ) ;
#1645 = AXIS2_PLACEMENT_3D ( 'NONE', #981, #1235, #316 ) ;
#1646 = DIRECTION ( 'NONE',  ( -0.0000000000000000000, -0.04361938736533280100, -0.9990482215818579100 ) ) ;
#1647 = EDGE_CURVE ( 'NONE', #801, #902, #610, .T. ) ;
#1648 = ORIENTED_EDGE ( 'NONE', *, *, #2829, .F. ) ;
#1649 = EDGE_CURVE ( 'NONE', #1163, #654, #26, .T. ) ;
#1650 = VERTEX_POINT ( 'NONE', #2292 ) ;
#1651 = DIRECTION ( 'NONE',  ( 0.0000000000000000000, -0.9063077870366507100, 0.4226182617406978900 ) ) ;
#1652 =( NAMED_UNIT ( * ) PLANE_ANGLE_UNIT ( ) SI_UNIT ( $, .RADIAN. ) );
#1653 = VERTEX_POINT ( 'NONE', #2411 ) ;
#1654 = PLANE ( 'NONE',  #574 ) ;
#1655 = DIRECTION ( 'NONE',  ( 0.9990482215818579100, 2.130826725751141200E-016, 0.04361938736533237800 ) ) ;
#1656 = ORIENTED_EDGE ( 'NONE', *, *, #2524, .T. ) ;
#1657 = LINE ( 'NONE', #556, #538 ) ;
#1658 = FILL_AREA_STYLE ('',( #671 ) ) ;
#1659 = ORIENTED_EDGE ( 'NONE', *, *, #1552, .T. ) ;
#1660 = PLANE ( 'NONE',  #559 ) ;
#1661 = VERTEX_POINT ( 'NONE', #337 ) ;
#1662 = MECHANICAL_DESIGN_GEOMETRIC_PRESENTATION_REPRESENTATION (  '', ( #1211 ), #1811 ) ;
#1663 = LINE ( 'NONE', #2758, #263 ) ;
#1664 = PRESENTATION_STYLE_ASSIGNMENT (( #156 ) ) ;
#1665 = DIRECTION ( 'NONE',  ( -0.08682659386424508600, 0.08682659386424418400, -0.9924325091389677400 ) ) ;
#1666 = ORIENTED_EDGE ( 'NONE', *, *, #2777, .T. ) ;
#1667 = DIRECTION ( 'NONE',  ( -0.0000000000000000000, -0.0000000000000000000, -1.000000000000000000 ) ) ;
#1668 = LINE ( 'NONE', #2020, #546 ) ;
#1669 = ORIENTED_EDGE ( 'NONE', *, *, #755, .F. ) ;
#1670 = CARTESIAN_POINT ( 'NONE',  ( -2.669999999999999500, -5.870000000000000100, 0.5399999999999992600 ) ) ;
#1671 = LINE ( 'NONE', #462, #1598 ) ;
#1672 = EDGE_CURVE ( 'NONE', #1218, #505, #1657, .T. ) ;
#1673 = VERTEX_POINT ( 'NONE', #2331 ) ;
#1674 = DIRECTION ( 'NONE',  ( 0.0000000000000000000, -1.000000000000000000, -8.571843355465911000E-015 ) ) ;
#1675 = PLANE ( 'NONE',  #2702 ) ;
#1676 =( NAMED_UNIT ( * ) PLANE_ANGLE_UNIT ( ) SI_UNIT ( $, .RADIAN. ) );
#1677 = ADVANCED_FACE ( 'NONE', ( #1729 ), #2120, .T. ) ;
#1678 = LINE ( 'NONE', #2, #490 ) ;
#1679 = FILL_AREA_STYLE ('',( #1154 ) ) ;
#1680 = LINE ( 'NONE', #2433, #1750 ) ;
#1681 = STYLED_ITEM ( 'NONE', ( #1939 ), #453 ) ;
#1682 = CARTESIAN_POINT ( 'NONE',  ( -1.909999999999999700, -3.041267811418298300, 1.869999999999927500 ) ) ;
#1683 = ADVANCED_FACE ( 'NONE', ( #1441 ), #2673, .F. ) ;
#1684 = SURFACE_STYLE_USAGE ( .BOTH. , #2334 ) ;
#1685 = DIRECTION ( 'NONE',  ( 0.0000000000000000000, 0.0000000000000000000, -1.000000000000000000 ) ) ;
#1686 = EDGE_LOOP ( 'NONE', ( #1904, #2197, #536, #2594 ) ) ;
#1687 = DIRECTION ( 'NONE',  ( 0.0000000000000000000, -0.9063077870366507100, 0.4226182617406978900 ) ) ;
#1688 = DIRECTION ( 'NONE',  ( 0.0000000000000000000, -0.03489949670251105800, 0.9993908270190953200 ) ) ;
#1689 = CARTESIAN_POINT ( 'NONE',  ( 2.669999999999999500, -4.349999999999999600, 0.5399999999999993700 ) ) ;
#1690 = ORIENTED_EDGE ( 'NONE', *, *, #904, .T. ) ;
#1691 = DIRECTION ( 'NONE',  ( 0.0000000000000000000, 1.000000000000000000, 1.422901506435916700E-016 ) ) ;
#1692 = LINE ( 'NONE', #353, #1029 ) ;
#1693 = EDGE_LOOP ( 'NONE', ( #1593, #2410, #7, #2501 ) ) ;
#1694 = LINE ( 'NONE', #153, #1093 ) ;
#1695 = SURFACE_SIDE_STYLE ('',( #413 ) ) ;
#1696 = ORIENTED_EDGE ( 'NONE', *, *, #2153, .F. ) ;
#1697 = VECTOR ( 'NONE', #1962, 1000.000000000000000 ) ;
#1698 = ADVANCED_FACE ( 'NONE', ( #1237 ), #2185, .T. ) ;
#1699 = DIRECTION ( 'NONE',  ( 1.000000000000000000, -0.0000000000000000000, 0.0000000000000000000 ) ) ;
#1700 = DIRECTION ( 'NONE',  ( 0.0000000000000000000, -0.03489949670251105800, 0.9993908270190953200 ) ) ;
#1701 = EDGE_LOOP ( 'NONE', ( #1998, #2051, #2016, #1656 ) ) ;
#1702 =( NAMED_UNIT ( * ) PLANE_ANGLE_UNIT ( ) SI_UNIT ( $, .RADIAN. ) );
#1703 = LINE ( 'NONE', #2234, #2213 ) ;
#1704 = FILL_AREA_STYLE ('',( #2147 ) ) ;
#1705 = ORIENTED_EDGE ( 'NONE', *, *, #307, .T. ) ;
#1706 = EDGE_CURVE ( 'NONE', #1544, #1458, #1828, .T. ) ;
#1707 = UNCERTAINTY_MEASURE_WITH_UNIT (LENGTH_MEASURE( 1.000000000000000100E-005 ), #394, 'distance_accuracy_value', 'NONE');
#1708 = EDGE_LOOP ( 'NONE', ( #2706, #1102, #2479, #1062, #1424, #2326, #1405, #871, #2338, #2613 ) ) ;
#1709 = EDGE_CURVE ( 'NONE', #2138, #1546, #2342, .T. ) ;
#1710 = CARTESIAN_POINT ( 'NONE',  ( -3.300000000000000300, 3.049999999999999800, 2.370000000000000100 ) ) ;
#1711 = EDGE_CURVE ( 'NONE', #505, #404, #1762, .T. ) ;
#1712 = DIRECTION ( 'NONE',  ( -1.000000000000000000, 0.0000000000000000000, 0.0000000000000000000 ) ) ;
#1713 = DIRECTION ( 'NONE',  ( -0.0000000000000000000, -0.0000000000000000000, -1.000000000000000000 ) ) ;
#1714 = VERTEX_POINT ( 'NONE', #2403 ) ;
#1715 = CARTESIAN_POINT ( 'NONE',  ( 2.820480501264590600, 2.899519498735410500, 2.370000000000000100 ) ) ;
#1716 = LINE ( 'NONE', #887, #2802 ) ;
#1717 =( GEOMETRIC_REPRESENTATION_CONTEXT ( 3 ) GLOBAL_UNCERTAINTY_ASSIGNED_CONTEXT ( ( #2803 ) ) GLOBAL_UNIT_ASSIGNED_CONTEXT ( ( #625, #2395, #1743 ) ) REPRESENTATION_CONTEXT ( 'NONE', 'WORKASPACE' ) );
#1718 = FACE_OUTER_BOUND ( 'NONE', #397, .T. ) ;
#1719 = MECHANICAL_DESIGN_GEOMETRIC_PRESENTATION_REPRESENTATION (  '', ( #1268 ), #1862 ) ;
#1720 = STYLED_ITEM ( 'NONE', ( #197 ), #732 ) ;
#1721 = VERTEX_POINT ( 'NONE', #1958 ) ;
#1722 = FILL_AREA_STYLE ('',( #1487 ) ) ;
#1723 = VERTEX_POINT ( 'NONE', #403 ) ;
#1724 = EDGE_LOOP ( 'NONE', ( #2271, #1744, #706, #28 ) ) ;
#1725 = CARTESIAN_POINT ( 'NONE',  ( -2.669999999999999500, -3.385792873817840700, 1.869999999999929300 ) ) ;
#1726 = EDGE_CURVE ( 'NONE', #484, #1230, #497, .T. ) ;
#1727 = CARTESIAN_POINT ( 'NONE',  ( -2.160000000000000100, 3.049999999999999800, 0.6500000000000000200 ) ) ;
#1728 = ORIENTED_EDGE ( 'NONE', *, *, #2826, .T. ) ;
#1729 = FACE_OUTER_BOUND ( 'NONE', #2376, .T. ) ;
#1730 = EDGE_LOOP ( 'NONE', ( #1349, #1632, #1929, #206, #2660, #261, #2610, #107 ) ) ;
#1731 = PLANE ( 'NONE',  #2795 ) ;
#1732 = CARTESIAN_POINT ( 'NONE',  ( -3.244055890168464600, -3.013703314477295800, 2.501330775397162800 ) ) ;
#1733 = VECTOR ( 'NONE', #1871, 1000.000000000000000 ) ;
#1734 = VECTOR ( 'NONE', #166, 1000.000000000000000 ) ;
#1735 = ORIENTED_EDGE ( 'NONE', *, *, #838, .T. ) ;
#1736 = FILL_AREA_STYLE ('',( #1940 ) ) ;
#1737 = LINE ( 'NONE', #2158, #2179 ) ;
#1738 = COLOUR_RGB ( '',0.0000000000000000000, 0.0000000000000000000, 1.000000000000000000 ) ;
#1739 = ORIENTED_EDGE ( 'NONE', *, *, #2291, .T. ) ;
#1740 = DIRECTION ( 'NONE',  ( -1.000000000000000000, 0.0000000000000000000, 0.0000000000000000000 ) ) ;
#1741 = CARTESIAN_POINT ( 'NONE',  ( 1.909999999999999700, -4.349999999999999600, -9.221312521315205400E-016 ) ) ;
#1742 = ORIENTED_EDGE ( 'NONE', *, *, #2730, .T. ) ;
#1743 =( NAMED_UNIT ( * ) SI_UNIT ( $, .STERADIAN. ) SOLID_ANGLE_UNIT ( ) );
#1744 = ORIENTED_EDGE ( 'NONE', *, *, #2119, .T. ) ;
#1745 = DIRECTION ( 'NONE',  ( 0.0000000000000000000, -1.000000000000000000, -7.132909029509895700E-017 ) ) ;
#1746 = MECHANICAL_DESIGN_GEOMETRIC_PRESENTATION_REPRESENTATION (  '', ( #1435 ), #1884 ) ;
#1747 = ORIENTED_EDGE ( 'NONE', *, *, #1647, .T. ) ;
#1748 = EDGE_CURVE ( 'NONE', #2509, #1458, #2270, .T. ) ;
#1749 = DIRECTION ( 'NONE',  ( -1.000000000000000000, 0.0000000000000000000, 0.0000000000000000000 ) ) ;
#1750 = VECTOR ( 'NONE', #51, 1000.000000000000000 ) ;
#1751 = SURFACE_SIDE_STYLE ('',( #1149 ) ) ;
#1752 = VECTOR ( 'NONE', #2021, 1000.000000000000100 ) ;
#1753 = MECHANICAL_DESIGN_GEOMETRIC_PRESENTATION_REPRESENTATION (  '', ( #1447 ), #1896 ) ;
#1754 = EDGE_LOOP ( 'NONE', ( #2215, #2503, #1979, #288 ) ) ;
#1755 =( GEOMETRIC_REPRESENTATION_CONTEXT ( 3 ) GLOBAL_UNCERTAINTY_ASSIGNED_CONTEXT ( ( #191 ) ) GLOBAL_UNIT_ASSIGNED_CONTEXT ( ( #1380, #405, #1146 ) ) REPRESENTATION_CONTEXT ( 'NONE', 'WORKASPACE' ) );
#1756 = DIRECTION ( 'NONE',  ( 0.0000000000000000000, -1.000000000000000000, -4.299266682507337500E-016 ) ) ;
#1757 = AXIS2_PLACEMENT_3D ( 'NONE', #1710, #2759, #1898 ) ;
#1758 = DIRECTION ( 'NONE',  ( 1.000000000000000000, -0.0000000000000000000, -0.0000000000000000000 ) ) ;
#1759 = ORIENTED_EDGE ( 'NONE', *, *, #2480, .T. ) ;
#1760 = EDGE_CURVE ( 'NONE', #170, #1926, #2200, .T. ) ;
#1761 = EDGE_LOOP ( 'NONE', ( #1000, #450, #102, #1759 ) ) ;
#1762 = LINE ( 'NONE', #1077, #2836 ) ;
#1763 = EDGE_LOOP ( 'NONE', ( #540, #535, #1246, #64 ) ) ;
#1764 = EDGE_CURVE ( 'NONE', #1477, #902, #1692, .T. ) ;
#1765 = ORIENTED_EDGE ( 'NONE', *, *, #1279, .T. ) ;
#1766 = EDGE_CURVE ( 'NONE', #958, #1289, #1089, .T. ) ;
#1767 = FACE_OUTER_BOUND ( 'NONE', #1282, .T. ) ;
#1768 = FILL_AREA_STYLE_COLOUR ( '', #73 ) ;
#1769 = SURFACE_SIDE_STYLE ('',( #527 ) ) ;
#1770 = CARTESIAN_POINT ( 'NONE',  ( -2.859999999999986600, 2.860000000000016800, 0.07000000000000000700 ) ) ;
#1771 = ORIENTED_EDGE ( 'NONE', *, *, #1764, .F. ) ;
#1772 = PRESENTATION_STYLE_ASSIGNMENT (( #804 ) ) ;
#1773 = VECTOR ( 'NONE', #884, 1000.000000000000000 ) ;
#1774 = MECHANICAL_DESIGN_GEOMETRIC_PRESENTATION_REPRESENTATION (  '', ( #1318 ), #1916 ) ;
#1775 = VERTEX_POINT ( 'NONE', #393 ) ;
#1776 = CARTESIAN_POINT ( 'NONE',  ( -1.719999999999999800, -4.011905390607442000, 1.265046229629320600 ) ) ;
#1777 = COLOUR_RGB ( '',0.0000000000000000000, 0.0000000000000000000, 1.000000000000000000 ) ;
#1778 = CARTESIAN_POINT ( 'NONE',  ( 2.669999999999999500, -4.349999999999999600, -9.221312521315205400E-016 ) ) ;
#1779 = DIRECTION ( 'NONE',  ( 1.000000000000000000, 0.0000000000000000000, 0.0000000000000000000 ) ) ;
#1780 = ORIENTED_EDGE ( 'NONE', *, *, #476, .T. ) ;
#1781 = DIRECTION ( 'NONE',  ( 0.0000000000000000000, 1.000000000000000000, -5.035115483021272300E-015 ) ) ;
#1782 = PRESENTATION_LAYER_ASSIGNMENT (  '', '', ( #1473 ) ) ;
#1783 = LINE ( 'NONE', #1480, #319 ) ;
#1784 = FILL_AREA_STYLE ('',( #437 ) ) ;
#1785 = CARTESIAN_POINT ( 'NONE',  ( 2.669999999999999500, -4.349999999999999600, 0.5399999999999990400 ) ) ;
#1786 = DIRECTION ( 'NONE',  ( 0.0000000000000000000, 0.0000000000000000000, -1.000000000000000000 ) ) ;
#1787 = CARTESIAN_POINT ( 'NONE',  ( -2.669999999999999500, -3.049999999999999800, 1.669999999999934200 ) ) ;
#1788 =( NAMED_UNIT ( * ) SI_UNIT ( $, .STERADIAN. ) SOLID_ANGLE_UNIT ( ) );
#1789 = COLOUR_RGB ( '',0.0000000000000000000, 0.0000000000000000000, 1.000000000000000000 ) ;
#1790 = LINE ( 'NONE', #378, #2299 ) ;
#1791 = DIRECTION ( 'NONE',  ( -1.000000000000000000, -0.0000000000000000000, -0.0000000000000000000 ) ) ;
#1792 = UNCERTAINTY_MEASURE_WITH_UNIT (LENGTH_MEASURE( 1.000000000000000100E-005 ), #2379, 'distance_accuracy_value', 'NONE');
#1793 = DIRECTION ( 'NONE',  ( 0.0000000000000000000, 0.0000000000000000000, 1.000000000000000000 ) ) ;
#1794 = ORIENTED_EDGE ( 'NONE', *, *, #1766, .F. ) ;
#1795 = CARTESIAN_POINT ( 'NONE',  ( 1.719999999999999800, -4.011905390607442000, 1.265046229629320600 ) ) ;
#1796 = ADVANCED_FACE ( 'NONE', ( #2139 ), #2137, .T. ) ;
#1797 = EDGE_LOOP ( 'NONE', ( #2805, #1585, #2697, #2080, #1124 ) ) ;
#1798 = PRESENTATION_LAYER_ASSIGNMENT (  '', '', ( #1501 ) ) ;
#1799 = EDGE_LOOP ( 'NONE', ( #929, #2676, #1490, #2204 ) ) ;
#1800 = FACE_OUTER_BOUND ( 'NONE', #611, .T. ) ;
#1801 = EDGE_CURVE ( 'NONE', #569, #2806, #2371, .T. ) ;
#1802 = PLANE ( 'NONE',  #708 ) ;
#1803 = LINE ( 'NONE', #1725, #1277 ) ;
#1804 = EDGE_CURVE ( 'NONE', #1301, #1087, #95, .T. ) ;
#1805 = LINE ( 'NONE', #1504, #1206 ) ;
#1806 = VECTOR ( 'NONE', #1615, 1000.000000000000000 ) ;
#1807 = DIRECTION ( 'NONE',  ( 0.0000000000000000000, 1.000000000000000000, 7.132909029509895700E-017 ) ) ;
#1808 = SURFACE_STYLE_USAGE ( .BOTH. , #213 ) ;
#1809 = DIRECTION ( 'NONE',  ( 1.000000000000000000, -0.0000000000000000000, 0.0000000000000000000 ) ) ;
#1810 = ORIENTED_EDGE ( 'NONE', *, *, #655, .F. ) ;
#1811 =( GEOMETRIC_REPRESENTATION_CONTEXT ( 3 ) GLOBAL_UNCERTAINTY_ASSIGNED_CONTEXT ( ( #2600 ) ) GLOBAL_UNIT_ASSIGNED_CONTEXT ( ( #2800, #1496, #162 ) ) REPRESENTATION_CONTEXT ( 'NONE', 'WORKASPACE' ) );
#1812 = DIRECTION ( 'NONE',  ( 0.0000000000000000000, 1.606225440719265500E-015, -1.000000000000000000 ) ) ;
#1813 = ORIENTED_EDGE ( 'NONE', *, *, #1073, .T. ) ;
#1814 = AXIS2_PLACEMENT_3D ( 'NONE', #2128, #48, #2507 ) ;
#1815 = AXIS2_PLACEMENT_3D ( 'NONE', #2840, #1537, #209 ) ;
#1816 = CARTESIAN_POINT ( 'NONE',  ( 1.909999999999999700, -5.869999999999998300, -1.138412281109779700E-015 ) ) ;
#1817 = AXIS2_PLACEMENT_3D ( 'NONE', #1581, #36, #1809 ) ;
#1818 = CARTESIAN_POINT ( 'NONE',  ( 2.669999999999999500, -3.385792873817840700, 1.329999999999929200 ) ) ;
#1819 = EDGE_CURVE ( 'NONE', #1544, #1949, #1263, .T. ) ;
#1820 = CARTESIAN_POINT ( 'NONE',  ( 2.669999999999999500, -5.869999999999998300, -1.138412281109779700E-015 ) ) ;
#1821 = VECTOR ( 'NONE', #1826, 1000.000000000000100 ) ;
#1822 = EDGE_CURVE ( 'NONE', #822, #2143, #1790, .T. ) ;
#1823 = LINE ( 'NONE', #1961, #2406 ) ;
#1824 = DIRECTION ( 'NONE',  ( -1.000000000000000000, -0.0000000000000000000, -0.0000000000000000000 ) ) ;
#1825 = VERTEX_POINT ( 'NONE', #155 ) ;
#1826 = DIRECTION ( 'NONE',  ( -0.04359286612377598300, -0.03486632051403078200, 0.9984407852831971300 ) ) ;
#1827 = EDGE_LOOP ( 'NONE', ( #2383, #254, #2460, #767 ) ) ;
#1828 = LINE ( 'NONE', #1968, #61 ) ;
#1829 = AXIS2_PLACEMENT_3D ( 'NONE', #1161, #2060, #2527 ) ;
#1830 = CARTESIAN_POINT ( 'NONE',  ( -2.859999999999999900, -3.522499185607650400, 1.036832368289343700 ) ) ;
#1831 = VERTEX_POINT ( 'NONE', #2365 ) ;
#1832 =( LENGTH_UNIT ( ) NAMED_UNIT ( * ) SI_UNIT ( .MILLI., .METRE. ) );
#1833 = PRODUCT_DEFINITION_SHAPE ( 'NONE', 'NONE',  #2466 ) ;
#1834 = CARTESIAN_POINT ( 'NONE',  ( 2.669999999999999500, -3.860593795000208100, 0.3117861386600226900 ) ) ;
#1835 = ORIENTED_EDGE ( 'NONE', *, *, #384, .T. ) ;
#1836 = COLOUR_RGB ( '',1.000000000000000000, 1.000000000000000000, 1.000000000000000000 ) ;
#1837 = SURFACE_STYLE_FILL_AREA ( #928 ) ;
#1838 = PLANE ( 'NONE',  #2470 ) ;
#1839 = VERTEX_POINT ( 'NONE', #592 ) ;
#1840 = LINE ( 'NONE', #1975, #1248 ) ;
#1841 = CARTESIAN_POINT ( 'NONE',  ( -1.719999999999999800, -3.860593795000208100, 0.3117861386600225800 ) ) ;
#1842 = SURFACE_STYLE_USAGE ( .BOTH. , #1695 ) ;
#1843 = ADVANCED_FACE ( 'NONE', ( #1718 ), #816, .T. ) ;
#1844 = CARTESIAN_POINT ( 'NONE',  ( 2.160000000000000100, -1.080000000000000300, 0.6500000000000000200 ) ) ;
#1845 = ORIENTED_EDGE ( 'NONE', *, *, #1198, .F. ) ;
#1846 =( LENGTH_UNIT ( ) NAMED_UNIT ( * ) SI_UNIT ( .MILLI., .METRE. ) );
#1847 =( LENGTH_UNIT ( ) NAMED_UNIT ( * ) SI_UNIT ( .MILLI., .METRE. ) );
#1848 = FILL_AREA_STYLE_COLOUR ( '', #2024 ) ;
#1849 = EDGE_CURVE ( 'NONE', #415, #2784, #1510, .T. ) ;
#1850 = EDGE_CURVE ( 'NONE', #1034, #654, #16, .T. ) ;
#1851 = FACE_OUTER_BOUND ( 'NONE', #1859, .T. ) ;
#1852 = EDGE_CURVE ( 'NONE', #2437, #1515, #915, .T. ) ;
#1853 =( NAMED_UNIT ( * ) PLANE_ANGLE_UNIT ( ) SI_UNIT ( $, .RADIAN. ) );
#1854 = DIRECTION ( 'NONE',  ( -1.000000000000000000, 0.0000000000000000000, 0.0000000000000000000 ) ) ;
#1855 = SURFACE_STYLE_USAGE ( .BOTH. , #305 ) ;
#1856 = ORIENTED_EDGE ( 'NONE', *, *, #1103, .F. ) ;
#1857 = AXIS2_PLACEMENT_3D ( 'NONE', #89, #1854, #1623 ) ;
#1858 = UNCERTAINTY_MEASURE_WITH_UNIT (LENGTH_MEASURE( 1.000000000000000100E-005 ), #762, 'distance_accuracy_value', 'NONE');
#1859 = EDGE_LOOP ( 'NONE', ( #932, #1404, #855, #2394 ) ) ;
#1860 =( NAMED_UNIT ( * ) PLANE_ANGLE_UNIT ( ) SI_UNIT ( $, .RADIAN. ) );
#1861 = EDGE_LOOP ( 'NONE', ( #1887, #713, #2064, #2464 ) ) ;
#1862 =( GEOMETRIC_REPRESENTATION_CONTEXT ( 3 ) GLOBAL_UNCERTAINTY_ASSIGNED_CONTEXT ( ( #1340 ) ) GLOBAL_UNIT_ASSIGNED_CONTEXT ( ( #2353, #578, #2136 ) ) REPRESENTATION_CONTEXT ( 'NONE', 'WORKASPACE' ) );
#1863 = AXIS2_PLACEMENT_3D ( 'NONE', #2161, #2173, #2593 ) ;
#1864 = DIRECTION ( 'NONE',  ( 0.0000000000000000000, 0.9063077870366507100, -0.4226182617406978900 ) ) ;
#1865 = LINE ( 'NONE', #2689, #681 ) ;
#1866 = LINE ( 'NONE', #1626, #168 ) ;
#1867 =( LENGTH_UNIT ( ) NAMED_UNIT ( * ) SI_UNIT ( .MILLI., .METRE. ) );
#1868 = SURFACE_SIDE_STYLE ('',( #1388 ) ) ;
#1869 = ORIENTED_EDGE ( 'NONE', *, *, #125, .T. ) ;
#1870 = VECTOR ( 'NONE', #456, 1000.000000000000000 ) ;
#1871 = DIRECTION ( 'NONE',  ( 0.0000000000000000000, -1.000000000000000000, -6.237034244368226900E-015 ) ) ;
#1872 = EDGE_CURVE ( 'NONE', #2225, #2347, #327, .T. ) ;
#1873 = CIRCLE ( 'NONE', #248, 0.5400000000000001500 ) ;
#1874 = CARTESIAN_POINT ( 'NONE',  ( 1.719999999999999800, -3.522499185607650400, 1.036832368289343700 ) ) ;
#1875 = ORIENTED_EDGE ( 'NONE', *, *, #2586, .F. ) ;
#1876 = ADVANCED_FACE ( 'NONE', ( #850 ), #132, .T. ) ;
#1877 = EDGE_LOOP ( 'NONE', ( #2776, #886, #1071, #2370 ) ) ;
#1878 = DIRECTION ( 'NONE',  ( -1.000000000000000000, 0.0000000000000000000, 0.0000000000000000000 ) ) ;
#1879 = PLANE ( 'NONE',  #2346 ) ;
#1880 = ORIENTED_EDGE ( 'NONE', *, *, #1157, .F. ) ;
#1881 = DIRECTION ( 'NONE',  ( -1.000000000000000000, -0.0000000000000000000, 0.0000000000000000000 ) ) ;
#1882 = SURFACE_SIDE_STYLE ('',( #407 ) ) ;
#1883 = FILL_AREA_STYLE ('',( #2246 ) ) ;
#1884 =( GEOMETRIC_REPRESENTATION_CONTEXT ( 3 ) GLOBAL_UNCERTAINTY_ASSIGNED_CONTEXT ( ( #205 ) ) GLOBAL_UNIT_ASSIGNED_CONTEXT ( ( #994, #1420, #2741 ) ) REPRESENTATION_CONTEXT ( 'NONE', 'WORKASPACE' ) );
#1885 = CARTESIAN_POINT ( 'NONE',  ( -1.909999999999999700, -3.041267811418298300, 1.869999999999927500 ) ) ;
#1886 = VECTOR ( 'NONE', #78, 1000.000000000000000 ) ;
#1887 = ORIENTED_EDGE ( 'NONE', *, *, #1907, .F. ) ;
#1888 = EDGE_CURVE ( 'NONE', #571, #362, #2029, .T. ) ;
#1889 = ORIENTED_EDGE ( 'NONE', *, *, #653, .F. ) ;
#1890 = CARTESIAN_POINT ( 'NONE',  ( -1.719999999999999800, -3.522499185607650400, 1.036832368289343700 ) ) ;
#1891 = CARTESIAN_POINT ( 'NONE',  ( -2.859999999999999900, -4.349999999999999600, 0.5399999999999993700 ) ) ;
#1892 = ORIENTED_EDGE ( 'NONE', *, *, #15, .F. ) ;
#1893 = CLOSED_SHELL ( 'NONE', ( #2546, #1195, #479, #314, #1796, #1843, #764, #453, #683, #895, #512, #2763, #1639, #2297, #2266, #126, #890, #586, #1143, #2490, #1683 ) ) ;
#1894 = DIRECTION ( 'NONE',  ( -1.000000000000000000, 0.0000000000000000000, 0.0000000000000000000 ) ) ;
#1895 = ORIENTED_EDGE ( 'NONE', *, *, #310, .F. ) ;
#1896 =( GEOMETRIC_REPRESENTATION_CONTEXT ( 3 ) GLOBAL_UNCERTAINTY_ASSIGNED_CONTEXT ( ( #2830 ) ) GLOBAL_UNIT_ASSIGNED_CONTEXT ( ( #31, #1579, #245 ) ) REPRESENTATION_CONTEXT ( 'NONE', 'WORKASPACE' ) );
#1897 = PRESENTATION_STYLE_ASSIGNMENT (( #494 ) ) ;
#1898 = DIRECTION ( 'NONE',  ( 0.0000000000000000000, -0.0000000000000000000, 1.000000000000000000 ) ) ;
#1899 = EDGE_LOOP ( 'NONE', ( #2451, #2711, #1481, #134, #164, #679, #2577, #365 ) ) ;
#1900 = CARTESIAN_POINT ( 'NONE',  ( -2.669999999999999500, -3.385792873817840700, 1.869999999999929300 ) ) ;
#1901 = DIRECTION ( 'NONE',  ( 0.0000000000000000000, 0.9063077870366511600, -0.4226182617406968300 ) ) ;
#1902 = PRESENTATION_STYLE_ASSIGNMENT (( #1855 ) ) ;
#1903 = LINE ( 'NONE', #550, #719 ) ;
#1904 = ORIENTED_EDGE ( 'NONE', *, *, #1050, .F. ) ;
#1905 =( NAMED_UNIT ( * ) PLANE_ANGLE_UNIT ( ) SI_UNIT ( $, .RADIAN. ) );
#1906 = LINE ( 'NONE', #872, #2418 ) ;
#1907 = EDGE_CURVE ( 'NONE', #960, #2509, #1360, .T. ) ;
#1908 = VECTOR ( 'NONE', #917, 1000.000000000000000 ) ;
#1909 = DIRECTION ( 'NONE',  ( -0.0000000000000000000, -1.000000000000000000, -0.0000000000000000000 ) ) ;
#1910 = EDGE_CURVE ( 'NONE', #1515, #2233, #1956, .T. ) ;
#1911 = FILL_AREA_STYLE ('',( #280 ) ) ;
#1912 = FILL_AREA_STYLE_COLOUR ( '', #2462 ) ;
#1913 = EDGE_CURVE ( 'NONE', #2709, #2269, #2455, .T. ) ;
#1914 = ORIENTED_EDGE ( 'NONE', *, *, #1520, .F. ) ;
#1915 = DIRECTION ( 'NONE',  ( 0.0000000000000000000, 1.422901506435916700E-016, -1.000000000000000000 ) ) ;
#1916 =( GEOMETRIC_REPRESENTATION_CONTEXT ( 3 ) GLOBAL_UNCERTAINTY_ASSIGNED_CONTEXT ( ( #703 ) ) GLOBAL_UNIT_ASSIGNED_CONTEXT ( ( #945, #2499, #2487 ) ) REPRESENTATION_CONTEXT ( 'NONE', 'WORKASPACE' ) );
#1917 = CARTESIAN_POINT ( 'NONE',  ( -1.909999999999999700, -3.385792873817840700, 1.869999999999929300 ) ) ;
#1918 = SURFACE_STYLE_USAGE ( .BOTH. , #1985 ) ;
#1919 = COLOUR_RGB ( '',0.0000000000000000000, 0.0000000000000000000, 1.000000000000000000 ) ;
#1920 = MECHANICAL_DESIGN_GEOMETRIC_PRESENTATION_REPRESENTATION (  '', ( #1473 ), #2065 ) ;
#1921 = FACE_OUTER_BOUND ( 'NONE', #2108, .T. ) ;
#1922 = DIRECTION ( 'NONE',  ( 0.0000000000000000000, 0.0000000000000000000, 1.000000000000000000 ) ) ;
#1923 = ADVANCED_FACE ( 'NONE', ( #1298 ), #961, .T. ) ;
#1924 = DIRECTION ( 'NONE',  ( -1.000000000000000000, 0.0000000000000000000, 0.0000000000000000000 ) ) ;
#1925 = DIRECTION ( 'NONE',  ( 0.0000000000000000000, 0.4226182617406967800, 0.9063077870366512700 ) ) ;
#1926 = VERTEX_POINT ( 'NONE', #2063 ) ;
#1927 = DIRECTION ( 'NONE',  ( 0.0000000000000000000, 0.0000000000000000000, -1.000000000000000000 ) ) ;
#1928 = VERTEX_POINT ( 'NONE', #1090 ) ;
#1929 = ORIENTED_EDGE ( 'NONE', *, *, #2111, .F. ) ;
#1930 = EDGE_LOOP ( 'NONE', ( #1794, #2506, #1813, #565 ) ) ;
#1931 = COLOUR_RGB ( '',1.000000000000000000, 1.000000000000000000, 1.000000000000000000 ) ;
#1932 = ORIENTED_EDGE ( 'NONE', *, *, #1103, .T. ) ;
#1933 = EDGE_LOOP ( 'NONE', ( #1443, #331, #169, #2714 ) ) ;
#1934 = LINE ( 'NONE', #1495, #167 ) ;
#1935 = CARTESIAN_POINT ( 'NONE',  ( 2.160000000000000100, -1.080000000000000300, 0.07000000000000000700 ) ) ;
#1936 = DIRECTION ( 'NONE',  ( 1.000000000000000000, 0.0000000000000000000, -0.0000000000000000000 ) ) ;
#1937 = CLOSED_SHELL ( 'NONE', ( #1223, #2533, #1876, #1227, #807, #741, #2133, #933, #1292, #389, #1254, #311 ) ) ;
#1938 = LINE ( 'NONE', #1446, #2442 ) ;
#1939 = PRESENTATION_STYLE_ASSIGNMENT (( #2560 ) ) ;
#1940 = FILL_AREA_STYLE_COLOUR ( '', #259 ) ;
#1941 = CARTESIAN_POINT ( 'NONE',  ( -1.909999999999999700, -5.869999999999998300, -1.138412281109779700E-015 ) ) ;
#1942 = ORIENTED_EDGE ( 'NONE', *, *, #1822, .T. ) ;
#1943 = LINE ( 'NONE', #1357, #1347 ) ;
#1944 = MECHANICAL_DESIGN_GEOMETRIC_PRESENTATION_REPRESENTATION (  '', ( #1501 ), #2094 ) ;
#1945 = ORIENTED_EDGE ( 'NONE', *, *, #2524, .F. ) ;
#1946 = EDGE_CURVE ( 'NONE', #1831, #350, #1823, .T. ) ;
#1947 = DIRECTION ( 'NONE',  ( -1.000000000000000000, -0.0000000000000000000, -0.0000000000000000000 ) ) ;
#1948 = EDGE_CURVE ( 'NONE', #696, #1477, #123, .T. ) ;
#1949 = VERTEX_POINT ( 'NONE', #1900 ) ;
#1950 = PLANE ( 'NONE',  #2821 ) ;
#1951 = VECTOR ( 'NONE', #503, 1000.000000000000000 ) ;
#1952 = CARTESIAN_POINT ( 'NONE',  ( -2.160000000000000100, 3.049999999999999800, 0.07000000000000000700 ) ) ;
#1953 = CARTESIAN_POINT ( 'NONE',  ( -3.280352575691169100, -3.049999999999999800, 1.669999999999937100 ) ) ;
#1954 = STYLED_ITEM ( 'NONE', ( #2832 ), #1991 ) ;
#1955 = CARTESIAN_POINT ( 'NONE',  ( -1.719999999999999800, -3.522499185607650400, 1.036832368289343700 ) ) ;
#1956 = LINE ( 'NONE', #1538, #1886 ) ;
#1957 = STYLED_ITEM ( 'NONE', ( #1902 ), #1195 ) ;
#1958 = CARTESIAN_POINT ( 'NONE',  ( -1.719999999999999800, -4.349999999999999600, 0.5399999999999993700 ) ) ;
#1959 = AXIS2_PLACEMENT_3D ( 'NONE', #2452, #290, #2289 ) ;
#1960 = EDGE_CURVE ( 'NONE', #2358, #1370, #780, .T. ) ;
#1961 = CARTESIAN_POINT ( 'NONE',  ( 2.669999999999999500, -3.049999999999999800, 1.669999999999934200 ) ) ;
#1962 = DIRECTION ( 'NONE',  ( 1.000000000000000000, 0.0000000000000000000, 0.0000000000000000000 ) ) ;
#1963 = ORIENTED_EDGE ( 'NONE', *, *, #2538, .T. ) ;
#1964 = EDGE_CURVE ( 'NONE', #241, #862, #1229, .T. ) ;
#1965 = ORIENTED_EDGE ( 'NONE', *, *, #1748, .T. ) ;
#1966 = VERTEX_POINT ( 'NONE', #1079 ) ;
#1967 = UNCERTAINTY_MEASURE_WITH_UNIT (LENGTH_MEASURE( 1.000000000000000100E-005 ), #2036, 'distance_accuracy_value', 'NONE');
#1968 = CARTESIAN_POINT ( 'NONE',  ( -2.669999999999999500, -3.875199078817632700, 1.558213861339905900 ) ) ;
#1969 = VECTOR ( 'NONE', #1228, 999.9999999999998900 ) ;
#1970 = VECTOR ( 'NONE', #847, 1000.000000000000000 ) ;
#1971 = FILL_AREA_STYLE ('',( #882 ) ) ;
#1972 = ORIENTED_EDGE ( 'NONE', *, *, #870, .F. ) ;
#1973 = SURFACE_STYLE_FILL_AREA ( #2556 ) ;
#1974 = LINE ( 'NONE', #2823, #269 ) ;
#1975 = CARTESIAN_POINT ( 'NONE',  ( 2.669999999999999500, -3.875199078817632700, 1.558213861339905900 ) ) ;
#1976 = PRESENTATION_LAYER_ASSIGNMENT (  '', '', ( #1681 ) ) ;
#1977 = CARTESIAN_POINT ( 'NONE',  ( 2.669999999999999900, 3.049999999999999800, 2.370000000000000100 ) ) ;
#1978 = PRESENTATION_STYLE_ASSIGNMENT (( #260 ) ) ;
#1979 = ORIENTED_EDGE ( 'NONE', *, *, #604, .T. ) ;
#1980 = CARTESIAN_POINT ( 'NONE',  ( 1.909999999999999700, -4.349999999999999600, 0.5399999999999993700 ) ) ;
#1981 = FILL_AREA_STYLE_COLOUR ( '', #1095 ) ;
#1982 = CARTESIAN_POINT ( 'NONE',  ( -2.169999999999999900, 4.129999999999999900, 0.6500000000000000200 ) ) ;
#1983 = COLOUR_RGB ( '',1.000000000000000000, 1.000000000000000000, 1.000000000000000000 ) ;
#1984 = PLANE ( 'NONE',  #368 ) ;
#1985 = SURFACE_SIDE_STYLE ('',( #1973 ) ) ;
#1986 = LINE ( 'NONE', #2643, #812 ) ;
#1987 = DIRECTION ( 'NONE',  ( 0.0000000000000000000, -1.000000000000000000, 5.035115483021273100E-015 ) ) ;
#1988 = CARTESIAN_POINT ( 'NONE',  ( -1.909999999999999700, -3.860593795000208500, 0.3117861386600225800 ) ) ;
#1989 = CARTESIAN_POINT ( 'NONE',  ( 0.3800000000000000000, 0.0000000000000000000, 0.0000000000000000000 ) ) ;
#1990 = DIRECTION ( 'NONE',  ( 0.0000000000000000000, -0.0000000000000000000, 1.000000000000000000 ) ) ;
#1991 = ADVANCED_FACE ( 'NONE', ( #564 ), #1555, .F. ) ;
#1992 = EDGE_CURVE ( 'NONE', #2539, #2225, #2634, .T. ) ;
#1993 = EDGE_CURVE ( 'NONE', #2753, #1301, #354, .T. ) ;
#1994 = ORIENTED_EDGE ( 'NONE', *, *, #418, .F. ) ;
#1995 = ORIENTED_EDGE ( 'NONE', *, *, #657, .T. ) ;
#1996 = ADVANCED_FACE ( 'NONE', ( #880 ), #1308, .T. ) ;
#1997 = ORIENTED_EDGE ( 'NONE', *, *, #2538, .F. ) ;
#1998 = ORIENTED_EDGE ( 'NONE', *, *, #1425, .T. ) ;
#1999 = EDGE_CURVE ( 'NONE', #1584, #226, #1535, .T. ) ;
#2000 = VERTEX_POINT ( 'NONE', #1820 ) ;
#2001 = LINE ( 'NONE', #1874, #229 ) ;
#2002 = ORIENTED_EDGE ( 'NONE', *, *, #1709, .F. ) ;
#2003 = FACE_OUTER_BOUND ( 'NONE', #939, .T. ) ;
#2004 = UNCERTAINTY_MEASURE_WITH_UNIT (LENGTH_MEASURE( 1.000000000000000100E-005 ), #691, 'distance_accuracy_value', 'NONE');
#2005 = FILL_AREA_STYLE_COLOUR ( '', #2083 ) ;
#2006 = VECTOR ( 'NONE', #631, 1000.000000000000000 ) ;
#2007 = CARTESIAN_POINT ( 'NONE',  ( 2.160000000000000100, -1.080000000000000300, 0.07000000000000000700 ) ) ;
#2008 = FACE_OUTER_BOUND ( 'NONE', #1763, .T. ) ;
#2009 = LINE ( 'NONE', #2219, #375 ) ;
#2010 = VECTOR ( 'NONE', #2762, 1000.000000000000000 ) ;
#2011 = STYLED_ITEM ( 'NONE', ( #1386 ), #2490 ) ;
#2012 = PLANE ( 'NONE',  #1299 ) ;
#2013 = ORIENTED_EDGE ( 'NONE', *, *, #1766, .T. ) ;
#2014 = CARTESIAN_POINT ( 'NONE',  ( -2.669999999999999500, -5.869999999999998300, -1.138412281109779700E-015 ) ) ;
#2015 =( NAMED_UNIT ( * ) SI_UNIT ( $, .STERADIAN. ) SOLID_ANGLE_UNIT ( ) );
#2016 = ORIENTED_EDGE ( 'NONE', *, *, #2729, .F. ) ;
#2017 =( NAMED_UNIT ( * ) SI_UNIT ( $, .STERADIAN. ) SOLID_ANGLE_UNIT ( ) );
#2018 = PRESENTATION_LAYER_ASSIGNMENT (  '', '', ( #1720 ) ) ;
#2019 = SURFACE_SIDE_STYLE ('',( #186 ) ) ;
#2020 = CARTESIAN_POINT ( 'NONE',  ( 0.3800000000000000000, -4.049999999999999800, 1.869999999999926800 ) ) ;
#2021 = DIRECTION ( 'NONE',  ( 0.0000000000000000000, -0.4226182617406968900, -0.9063077870366511600 ) ) ;
#2022 = EDGE_CURVE ( 'NONE', #1650, #2806, #285, .T. ) ;
#2023 = DIRECTION ( 'NONE',  ( 0.0000000000000000000, 0.0000000000000000000, 1.000000000000000000 ) ) ;
#2024 = COLOUR_RGB ( '',0.0000000000000000000, 0.0000000000000000000, 1.000000000000000000 ) ;
#2025 = DIRECTION ( 'NONE',  ( -0.8574929257125448700, 0.5144957554275252400, -0.0000000000000000000 ) ) ;
#2026 = CARTESIAN_POINT ( 'NONE',  ( 2.160000000000000100, -1.080000000000000300, 0.6500000000000000200 ) ) ;
#2027 = DIRECTION ( 'NONE',  ( 1.000000000000000000, 0.0000000000000000000, 0.0000000000000000000 ) ) ;
#2028 = CARTESIAN_POINT ( 'NONE',  ( -0.3800000000000000000, -4.049999999999998900, 1.329999999999926800 ) ) ;
#2029 = LINE ( 'NONE', #985, #2529 ) ;
#2030 = DIRECTION ( 'NONE',  ( -0.0000000000000000000, 0.0000000000000000000, 1.000000000000000000 ) ) ;
#2031 = ORIENTED_EDGE ( 'NONE', *, *, #851, .F. ) ;
#2032 = PLANE ( 'NONE',  #1468 ) ;
#2033 = CARTESIAN_POINT ( 'NONE',  ( -1.719999999999999800, -3.522499185607650400, 1.036832368289343700 ) ) ;
#2034 = ORIENTED_EDGE ( 'NONE', *, *, #1253, .F. ) ;
#2035 = VERTEX_POINT ( 'NONE', #1084 ) ;
#2036 =( LENGTH_UNIT ( ) NAMED_UNIT ( * ) SI_UNIT ( .MILLI., .METRE. ) );
#2037 = EDGE_CURVE ( 'NONE', #1517, #696, #217, .T. ) ;
#2038 = VECTOR ( 'NONE', #627, 1000.000000000000000 ) ;
#2039 = UNCERTAINTY_MEASURE_WITH_UNIT (LENGTH_MEASURE( 1.000000000000000100E-005 ), #1156, 'distance_accuracy_value', 'NONE');
#2040 = ORIENTED_EDGE ( 'NONE', *, *, #1397, .F. ) ;
#2041 = VECTOR ( 'NONE', #273, 1000.000000000000000 ) ;
#2042 = DIRECTION ( 'NONE',  ( -1.000000000000000000, 0.0000000000000000000, 0.0000000000000000000 ) ) ;
#2043 = LINE ( 'NONE', #1514, #1524 ) ;
#2044 = LINE ( 'NONE', #2636, #272 ) ;
#2045 = CARTESIAN_POINT ( 'NONE',  ( -3.290752355255230000, -3.026889229167971400, 1.008194112890697700 ) ) ;
#2046 = VERTEX_POINT ( 'NONE', #443 ) ;
#2047 = PLANE ( 'NONE',  #980 ) ;
#2048 = AXIS2_PLACEMENT_3D ( 'NONE', #55, #1408, #334 ) ;
#2049 = CARTESIAN_POINT ( 'NONE',  ( -3.300000000000000300, 3.049999999999999800, 0.6499999999999297500 ) ) ;
#2050 = DIRECTION ( 'NONE',  ( 0.0000000000000000000, -1.000000000000000000, -7.132909029509895700E-017 ) ) ;
#2051 = ORIENTED_EDGE ( 'NONE', *, *, #1100, .F. ) ;
#2052 = FILL_AREA_STYLE ('',( #1912 ) ) ;
#2053 = EDGE_CURVE ( 'NONE', #2580, #2648, #2568, .T. ) ;
#2054 = LINE ( 'NONE', #2307, #2563 ) ;
#2055 = UNCERTAINTY_MEASURE_WITH_UNIT (LENGTH_MEASURE( 1.000000000000000100E-005 ), #986, 'distance_accuracy_value', 'NONE');
#2056 = EDGE_CURVE ( 'NONE', #1831, #188, #1986, .T. ) ;
#2057 = CARTESIAN_POINT ( 'NONE',  ( 0.3800000000000000000, -3.049999999999999800, 1.669999999999935500 ) ) ;
#2058 = ADVANCED_FACE ( 'NONE', ( #1921 ), #1802, .T. ) ;
#2059 = VECTOR ( 'NONE', #698, 1000.000000000000000 ) ;
#2060 = DIRECTION ( 'NONE',  ( 0.0000000000000000000, -1.000000000000000000, -3.212450881438529900E-015 ) ) ;
#2061 = DIRECTION ( 'NONE',  ( -1.000000000000000000, -0.0000000000000000000, -0.0000000000000000000 ) ) ;
#2062 = CARTESIAN_POINT ( 'NONE',  ( -2.669999999999999500, -3.860593795000208100, 0.3117861386600225800 ) ) ;
#2063 = CARTESIAN_POINT ( 'NONE',  ( -2.160000000000000100, -1.080000000000000300, 0.07000000000000000700 ) ) ;
#2064 = ORIENTED_EDGE ( 'NONE', *, *, #1051, .T. ) ;
#2065 =( GEOMETRIC_REPRESENTATION_CONTEXT ( 3 ) GLOBAL_UNCERTAINTY_ASSIGNED_CONTEXT ( ( #1967 ) ) GLOBAL_UNIT_ASSIGNED_CONTEXT ( ( #2036, #2695, #483 ) ) REPRESENTATION_CONTEXT ( 'NONE', 'WORKASPACE' ) );
#2066 = CARTESIAN_POINT ( 'NONE',  ( 2.669999999999999900, 3.049999999999999800, 0.6500000000000000200 ) ) ;
#2067 = ORIENTED_EDGE ( 'NONE', *, *, #2544, .F. ) ;
#2068 = ORIENTED_EDGE ( 'NONE', *, *, #1099, .F. ) ;
#2069 = FILL_AREA_STYLE ('',( #118 ) ) ;
#2070 = ORIENTED_EDGE ( 'NONE', *, *, #2022, .T. ) ;
#2071 = VECTOR ( 'NONE', #2325, 1000.000000000000000 ) ;
#2072 = FILL_AREA_STYLE ('',( #2444 ) ) ;
#2073 = ADVANCED_FACE ( 'NONE', ( #1851 ), #1345, .F. ) ;
#2074 = CARTESIAN_POINT ( 'NONE',  ( -3.249789915655210600, -3.019437339964041700, 2.370000000000000100 ) ) ;
#2075 = ORIENTED_EDGE ( 'NONE', *, *, #2481, .T. ) ;
#2076 = SURFACE_STYLE_FILL_AREA ( #1784 ) ;
#2077 = VECTOR ( 'NONE', #602, 1000.000000000000000 ) ;
#2078 = FACE_OUTER_BOUND ( 'NONE', #159, .T. ) ;
#2079 = CARTESIAN_POINT ( 'NONE',  ( -1.719999999999999800, -4.011905390607442000, 1.265046229629320600 ) ) ;
#2080 = ORIENTED_EDGE ( 'NONE', *, *, #1647, .F. ) ;
#2081 = CARTESIAN_POINT ( 'NONE',  ( -2.160000000000000100, -1.080000000000000300, 0.6500000000000000200 ) ) ;
#2082 = VECTOR ( 'NONE', #1505, 999.9999999999998900 ) ;
#2083 = COLOUR_RGB ( '',1.000000000000000000, 1.000000000000000000, 1.000000000000000000 ) ;
#2084 = LINE ( 'NONE', #2332, #1562 ) ;
#2085 =( NAMED_UNIT ( * ) PLANE_ANGLE_UNIT ( ) SI_UNIT ( $, .RADIAN. ) );
#2086 = FILL_AREA_STYLE_COLOUR ( '', #1777 ) ;
#2087 =( NAMED_UNIT ( * ) PLANE_ANGLE_UNIT ( ) SI_UNIT ( $, .RADIAN. ) );
#2088 = ORIENTED_EDGE ( 'NONE', *, *, #1711, .F. ) ;
#2089 = SURFACE_STYLE_USAGE ( .BOTH. , #756 ) ;
#2090 = ADVANCED_FACE ( 'NONE', ( #1262 ), #2012, .T. ) ;
#2091 = SURFACE_STYLE_FILL_AREA ( #1046 ) ;
#2092 = DIRECTION ( 'NONE',  ( 1.000000000000000000, 0.0000000000000000000, 0.0000000000000000000 ) ) ;
#2093 = DIRECTION ( 'NONE',  ( 0.0000000000000000000, -0.0000000000000000000, -1.000000000000000000 ) ) ;
#2094 =( GEOMETRIC_REPRESENTATION_CONTEXT ( 3 ) GLOBAL_UNCERTAINTY_ASSIGNED_CONTEXT ( ( #923 ) ) GLOBAL_UNIT_ASSIGNED_CONTEXT ( ( #1832, #1676, #2015 ) ) REPRESENTATION_CONTEXT ( 'NONE', 'WORKASPACE' ) );
#2095 = UNCERTAINTY_MEASURE_WITH_UNIT (LENGTH_MEASURE( 1.000000000000000100E-005 ), #2422, 'distance_accuracy_value', 'NONE');
#2096 = EDGE_CURVE ( 'NONE', #2268, #1546, #665, .T. ) ;
#2097 = COLOUR_RGB ( '',0.0000000000000000000, 0.0000000000000000000, 1.000000000000000000 ) ;
#2098 = EDGE_CURVE ( 'NONE', #1723, #231, #152, .T. ) ;
#2099 = ADVANCED_FACE ( 'NONE', ( #1187 ), #23, .T. ) ;
#2100 = ORIENTED_EDGE ( 'NONE', *, *, #2579, .T. ) ;
#2101 = VECTOR ( 'NONE', #1486, 1000.000000000000000 ) ;
#2102 = CARTESIAN_POINT ( 'NONE',  ( 1.719999999999999800, -4.349999999999999600, 0.5399999999999993700 ) ) ;
#2103 = CARTESIAN_POINT ( 'NONE',  ( 2.160000000000000100, -1.080000000000000300, 0.6500000000000000200 ) ) ;
#2104 = ORIENTED_EDGE ( 'NONE', *, *, #1608, .F. ) ;
#2105 = AXIS2_PLACEMENT_3D ( 'NONE', #770, #2844, #1319 ) ;
#2106 = ORIENTED_EDGE ( 'NONE', *, *, #2098, .T. ) ;
#2107 = CARTESIAN_POINT ( 'NONE',  ( -2.669999999999999500, -3.385792873817840700, 1.329999999999929200 ) ) ;
#2108 = EDGE_LOOP ( 'NONE', ( #2535, #1735, #1409, #222 ) ) ;
#2109 = AXIS2_PLACEMENT_3D ( 'NONE', #2280, #733, #504 ) ;
#2110 = AXIS2_PLACEMENT_3D ( 'NONE', #373, #1712, #2415 ) ;
#2111 = EDGE_CURVE ( 'NONE', #1498, #620, #2167, .T. ) ;
#2112 = COLOUR_RGB ( '',1.000000000000000000, 1.000000000000000000, 1.000000000000000000 ) ;
#2113 = DIRECTION ( 'NONE',  ( -0.0000000000000000000, -0.04361938736533280100, -0.9990482215818579100 ) ) ;
#2114 = LINE ( 'NONE', #1891, #2686 ) ;
#2115 = ORIENTED_EDGE ( 'NONE', *, *, #810, .F. ) ;
#2116 = DIRECTION ( 'NONE',  ( -0.7071067811865512400, 0.7071067811865439100, 0.0000000000000000000 ) ) ;
#2117 = VECTOR ( 'NONE', #1758, 1000.000000000000000 ) ;
#2118 = LINE ( 'NONE', #852, #1378 ) ;
#2119 = EDGE_CURVE ( 'NONE', #1276, #2753, #988, .T. ) ;
#2120 = PLANE ( 'NONE',  #1265 ) ;
#2121 = SURFACE_SIDE_STYLE ('',( #308 ) ) ;
#2122 = ADVANCED_FACE ( 'NONE', ( #1509 ), #1838, .T. ) ;
#2123 = FACE_OUTER_BOUND ( 'NONE', #2377, .T. ) ;
#2124 =( LENGTH_UNIT ( ) NAMED_UNIT ( * ) SI_UNIT ( .MILLI., .METRE. ) );
#2125 = EDGE_LOOP ( 'NONE', ( #2548, #158, #970, #2502 ) ) ;
#2126 = MECHANICAL_DESIGN_GEOMETRIC_PRESENTATION_REPRESENTATION (  '', ( #2339 ), #2259 ) ;
#2127 = CARTESIAN_POINT ( 'NONE',  ( -2.669999999999999500, -4.349999999999999600, 0.5399999999999993700 ) ) ;
#2128 = CARTESIAN_POINT ( 'NONE',  ( 2.669999999999999900, 3.049999999999999800, 0.6500000000000000200 ) ) ;
#2129 = MECHANICAL_DESIGN_GEOMETRIC_PRESENTATION_REPRESENTATION (  '', ( #1681 ), #2261 ) ;
#2130 = VECTOR ( 'NONE', #100, 1000.000000000000000 ) ;
#2131 = PLANE ( 'NONE',  #2496 ) ;
#2132 = MANIFOLD_SOLID_BREP ( 'Mold', #2778 ) ;
#2133 = ADVANCED_FACE ( 'NONE', ( #392 ), #276, .T. ) ;
#2134 = CARTESIAN_POINT ( 'NONE',  ( 2.669999999999999500, -3.860593795000208100, 0.3117861386600225800 ) ) ;
#2135 = SURFACE_STYLE_USAGE ( .BOTH. , #576 ) ;
#2136 =( NAMED_UNIT ( * ) SI_UNIT ( $, .STERADIAN. ) SOLID_ANGLE_UNIT ( ) );
#2137 = PLANE ( 'NONE',  #461 ) ;
#2138 = VERTEX_POINT ( 'NONE', #189 ) ;
#2139 = FACE_OUTER_BOUND ( 'NONE', #1064, .T. ) ;
#2140 = ORIENTED_EDGE ( 'NONE', *, *, #1946, .F. ) ;
#2141 = VERTEX_POINT ( 'NONE', #1518 ) ;
#2142 = CARTESIAN_POINT ( 'NONE',  ( -3.249789915655211900, 2.470210084344793600, 2.370000000000000100 ) ) ;
#2143 = VERTEX_POINT ( 'NONE', #1952 ) ;
#2144 = VECTOR ( 'NONE', #2050, 1000.000000000000000 ) ;
#2145 = DIRECTION ( 'NONE',  ( -1.000000000000000000, -0.0000000000000000000, -0.0000000000000000000 ) ) ;
#2146 = ORIENTED_EDGE ( 'NONE', *, *, #714, .T. ) ;
#2147 = FILL_AREA_STYLE_COLOUR ( '', #598 ) ;
#2148 = LINE ( 'NONE', #1607, #1556 ) ;
#2149 = LINE ( 'NONE', #829, #370 ) ;
#2150 = ORIENTED_EDGE ( 'NONE', *, *, #1506, .F. ) ;
#2151 = EDGE_CURVE ( 'NONE', #2241, #2231, #1575, .T. ) ;
#2152 = FACE_OUTER_BOUND ( 'NONE', #997, .T. ) ;
#2153 = EDGE_CURVE ( 'NONE', #404, #2313, #121, .T. ) ;
#2154 = LINE ( 'NONE', #2719, #836 ) ;
#2155 = CARTESIAN_POINT ( 'NONE',  ( -2.669999999999999500, -4.349999999999999600, -9.221312521315205400E-016 ) ) ;
#2156 = EDGE_CURVE ( 'NONE', #1928, #2268, #702, .T. ) ;
#2157 = DIRECTION ( 'NONE',  ( 1.421904488505579700E-016, -1.000000000000000000, 0.0000000000000000000 ) ) ;
#2158 = CARTESIAN_POINT ( 'NONE',  ( -1.909999999999999700, -4.349999999999999600, 0.5399999999999993700 ) ) ;
#2159 = VERTEX_POINT ( 'NONE', #848 ) ;
#2160 = DIRECTION ( 'NONE',  ( 0.0000000000000000000, -0.9063077870366507100, 0.4226182617406978900 ) ) ;
#2161 = CARTESIAN_POINT ( 'NONE',  ( -2.669999999999999500, -3.038126938372802200, 1.329999999999935500 ) ) ;
#2162 = AXIS2_PLACEMENT_3D ( 'NONE', #2705, #79, #2093 ) ;
#2163 = CARTESIAN_POINT ( 'NONE',  ( -1.909999999999999700, -5.870000000000000100, 0.5399999999999992600 ) ) ;
#2164 = AXIS2_PLACEMENT_3D ( 'NONE', #1522, #1303, #2622 ) ;
#2165 = MECHANICAL_DESIGN_GEOMETRIC_PRESENTATION_REPRESENTATION (  '', ( #1720 ), #2306 ) ;
#2166 = SURFACE_SIDE_STYLE ('',( #2076 ) ) ;
#2167 = LINE ( 'NONE', #14, #2735 ) ;
#2168 = UNCERTAINTY_MEASURE_WITH_UNIT (LENGTH_MEASURE( 1.000000000000000100E-005 ), #1220, 'distance_accuracy_value', 'NONE');
#2169 = ORIENTED_EDGE ( 'NONE', *, *, #2582, .T. ) ;
#2170 = DIRECTION ( 'NONE',  ( 1.000000000000000000, -0.0000000000000000000, -0.0000000000000000000 ) ) ;
#2171 = EDGE_CURVE ( 'NONE', #963, #1301, #912, .T. ) ;
#2172 = ORIENTED_EDGE ( 'NONE', *, *, #161, .T. ) ;
#2173 = DIRECTION ( 'NONE',  ( 0.0000000000000000000, 6.237034244368226100E-015, -1.000000000000000000 ) ) ;
#2174 = VERTEX_POINT ( 'NONE', #707 ) ;
#2175 = ORIENTED_EDGE ( 'NONE', *, *, #1200, .T. ) ;
#2176 = ADVANCED_FACE ( 'NONE', ( #2330 ), #2458, .T. ) ;
#2177 = CARTESIAN_POINT ( 'NONE',  ( -2.669999999999999500, -3.041267811418298300, 1.869999999999927500 ) ) ;
#2178 = ORIENTED_EDGE ( 'NONE', *, *, #1364, .T. ) ;
#2179 = VECTOR ( 'NONE', #922, 1000.000000000000000 ) ;
#2180 = EDGE_LOOP ( 'NONE', ( #1400, #1176, #2357, #60 ) ) ;
#2181 = CIRCLE ( 'NONE', #1136, 0.5400000000000003700 ) ;
#2182 = LINE ( 'NONE', #541, #1528 ) ;
#2183 = ORIENTED_EDGE ( 'NONE', *, *, #2432, .F. ) ;
#2184 = CARTESIAN_POINT ( 'NONE',  ( 2.859999999999999900, -3.522499185607650400, 1.036832368289343700 ) ) ;
#2185 = PLANE ( 'NONE',  #2441 ) ;
#2186 = VERTEX_POINT ( 'NONE', #656 ) ;
#2187 = LINE ( 'NONE', #297, #1015 ) ;
#2188 = CARTESIAN_POINT ( 'NONE',  ( 0.3800000000000000000, -3.038126938372802200, 1.329999999999935500 ) ) ;
#2189 = FACE_OUTER_BOUND ( 'NONE', #1899, .T. ) ;
#2190 = AXIS2_PLACEMENT_3D ( 'NONE', #424, #204, #2398 ) ;
#2191 = DIRECTION ( 'NONE',  ( -1.000000000000000000, -0.0000000000000000000, -0.0000000000000000000 ) ) ;
#2192 = PRODUCT_DEFINITION_CONTEXT ( 'detailed design', #2235, 'design' ) ;
#2193 = EDGE_CURVE ( 'NONE', #1250, #2143, #2404, .T. ) ;
#2194 = DIRECTION ( 'NONE',  ( -0.0000000000000000000, 0.9993908270190954300, 0.03489949670251092700 ) ) ;
#2195 = EDGE_CURVE ( 'NONE', #1218, #1330, #638, .T. ) ;
#2196 = ORIENTED_EDGE ( 'NONE', *, *, #1872, .F. ) ;
#2197 = ORIENTED_EDGE ( 'NONE', *, *, #955, .F. ) ;
#2198 = SURFACE_SIDE_STYLE ('',( #3 ) ) ;
#2199 = ORIENTED_EDGE ( 'NONE', *, *, #2389, .F. ) ;
#2200 = LINE ( 'NONE', #187, #644 ) ;
#2201 = ORIENTED_EDGE ( 'NONE', *, *, #1609, .F. ) ;
#2202 = ORIENTED_EDGE ( 'NONE', *, *, #1960, .T. ) ;
#2203 = FACE_OUTER_BOUND ( 'NONE', #1754, .T. ) ;
#2204 = ORIENTED_EDGE ( 'NONE', *, *, #74, .T. ) ;
#2205 = STYLED_ITEM ( 'NONE', ( #595 ), #2297 ) ;
#2206 = CARTESIAN_POINT ( 'NONE',  ( 1.719999999999999800, -3.522499185607650400, 1.036832368289343700 ) ) ;
#2207 = LINE ( 'NONE', #811, #2651 ) ;
#2208 = PRESENTATION_STYLE_ASSIGNMENT (( #2722 ) ) ;
#2209 = AXIS2_PLACEMENT_3D ( 'NONE', #1172, #738, #2264 ) ;
#2210 = ORIENTED_EDGE ( 'NONE', *, *, #157, .F. ) ;
#2211 = UNCERTAINTY_MEASURE_WITH_UNIT (LENGTH_MEASURE( 1.000000000000000100E-005 ), #672, 'distance_accuracy_value', 'NONE');
#2212 = CARTESIAN_POINT ( 'NONE',  ( 2.669999999999999500, -3.038126938372802200, 1.329999999999935500 ) ) ;
#2213 = VECTOR ( 'NONE', #2092, 1000.000000000000000 ) ;
#2214 = ADVANCED_FACE ( 'NONE', ( #2828 ), #1654, .T. ) ;
#2215 = ORIENTED_EDGE ( 'NONE', *, *, #509, .F. ) ;
#2216 = LINE ( 'NONE', #349, #1421 ) ;
#2217 = EDGE_LOOP ( 'NONE', ( #572, #201, #338, #101, #2728, #1880, #431, #1078, #493, #473 ) ) ;
#2218 = DIRECTION ( 'NONE',  ( -1.000000000000000000, -0.0000000000000000000, 0.0000000000000000000 ) ) ;
#2219 = CARTESIAN_POINT ( 'NONE',  ( 1.719999999999999800, -4.349999999999999600, 0.5399999999999993700 ) ) ;
#2220 = ORIENTED_EDGE ( 'NONE', *, *, #2429, .F. ) ;
#2221 = SURFACE_SIDE_STYLE ('',( #1591 ) ) ;
#2222 = COLOUR_RGB ( '',1.000000000000000000, 1.000000000000000000, 1.000000000000000000 ) ;
#2223 = CARTESIAN_POINT ( 'NONE',  ( 2.859999999999999900, 0.0000000000000000000, 0.0000000000000000000 ) ) ;
#2224 = APPLICATION_PROTOCOL_DEFINITION ( 'draft international standard', 'automotive_design', 1998, #2443 ) ;
#2225 = VERTEX_POINT ( 'NONE', #748 ) ;
#2226 = CARTESIAN_POINT ( 'NONE',  ( 2.669999999999999900, 4.129999999999999900, 0.6500000000000000200 ) ) ;
#2227 = EDGE_CURVE ( 'NONE', #1352, #2141, #560, .T. ) ;
#2228 = ORIENTED_EDGE ( 'NONE', *, *, #1017, .T. ) ;
#2229 = DIRECTION ( 'NONE',  ( 0.0000000000000000000, -1.000000000000000000, -8.571843355465911000E-015 ) ) ;
#2230 = EDGE_CURVE ( 'NONE', #226, #2231, #1680, .T. ) ;
#2231 = VERTEX_POINT ( 'NONE', #2663 ) ;
#2232 = SURFACE_STYLE_FILL_AREA ( #843 ) ;
#2233 = VERTEX_POINT ( 'NONE', #969 ) ;
#2234 = CARTESIAN_POINT ( 'NONE',  ( -3.300000000000000300, 3.049999999999999800, 0.6499999999999297500 ) ) ;
#2235 = APPLICATION_CONTEXT ( 'automotive_design' ) ;
#2236 = LINE ( 'NONE', #1430, #1128 ) ;
#2237 = CARTESIAN_POINT ( 'NONE',  ( 2.669999999999999500, -3.385792873817840700, 1.869999999999929300 ) ) ;
#2238 = COLOUR_RGB ( '',1.000000000000000000, 1.000000000000000000, 1.000000000000000000 ) ;
#2239 = LINE ( 'NONE', #2250, #1070 ) ;
#2240 = AXIS2_PLACEMENT_3D ( 'NONE', #385, #1936, #605 ) ;
#2241 = VERTEX_POINT ( 'NONE', #488 ) ;
#2242 = UNCERTAINTY_MEASURE_WITH_UNIT (LENGTH_MEASURE( 1.000000000000000100E-005 ), #1377, 'distance_accuracy_value', 'NONE');
#2243 = PRESENTATION_LAYER_ASSIGNMENT (  '', '', ( #1954 ) ) ;
#2244 = CARTESIAN_POINT ( 'NONE',  ( 2.669999999999999500, -3.385792873817840700, 1.329999999999929200 ) ) ;
#2245 = PRESENTATION_LAYER_ASSIGNMENT (  '', '', ( #1957 ) ) ;
#2246 = FILL_AREA_STYLE_COLOUR ( '', #1006 ) ;
#2247 = VECTOR ( 'NONE', #2682, 1000.000000000000100 ) ;
#2248 = STYLED_ITEM ( 'NONE', ( #341 ), #890 ) ;
#2249 =( NAMED_UNIT ( * ) SI_UNIT ( $, .STERADIAN. ) SOLID_ANGLE_UNIT ( ) );
#2250 = CARTESIAN_POINT ( 'NONE',  ( 0.3800000000000000000, -3.041267811418298300, 1.869999999999927300 ) ) ;
#2251 = EDGE_LOOP ( 'NONE', ( #372, #1402, #1334, #2793 ) ) ;
#2252 = EDGE_CURVE ( 'NONE', #2434, #1624, #1016, .T. ) ;
#2253 = DIRECTION ( 'NONE',  ( 0.0000000000000000000, 1.000000000000000000, 0.0000000000000000000 ) ) ;
#2254 = EDGE_CURVE ( 'NONE', #1714, #429, #492, .T. ) ;
#2255 = LINE ( 'NONE', #2495, #1081 ) ;
#2256 = PLANE ( 'NONE',  #642 ) ;
#2257 =( LENGTH_UNIT ( ) NAMED_UNIT ( * ) SI_UNIT ( .MILLI., .METRE. ) );
#2258 = COLOUR_RGB ( '',1.000000000000000000, 1.000000000000000000, 1.000000000000000000 ) ;
#2259 =( GEOMETRIC_REPRESENTATION_CONTEXT ( 3 ) GLOBAL_UNCERTAINTY_ASSIGNED_CONTEXT ( ( #761 ) ) GLOBAL_UNIT_ASSIGNED_CONTEXT ( ( #857, #1853, #629 ) ) REPRESENTATION_CONTEXT ( 'NONE', 'WORKASPACE' ) );
#2260 = DIRECTION ( 'NONE',  ( 0.0000000000000000000, 0.03489949670251105800, -0.9993908270190953200 ) ) ;
#2261 =( GEOMETRIC_REPRESENTATION_CONTEXT ( 3 ) GLOBAL_UNCERTAINTY_ASSIGNED_CONTEXT ( ( #2055 ) ) GLOBAL_UNIT_ASSIGNED_CONTEXT ( ( #986, #1454, #1442 ) ) REPRESENTATION_CONTEXT ( 'NONE', 'WORKASPACE' ) );
#2262 = DIRECTION ( 'NONE',  ( 0.0000000000000000000, 1.000000000000000000, 0.0000000000000000000 ) ) ;
#2263 =( LENGTH_UNIT ( ) NAMED_UNIT ( * ) SI_UNIT ( .MILLI., .METRE. ) );
#2264 = DIRECTION ( 'NONE',  ( 0.0000000000000000000, 0.04361938736533280100, 0.9990482215818579100 ) ) ;
#2265 = CARTESIAN_POINT ( 'NONE',  ( -1.909999999999999700, -3.038126938372802200, 1.329999999999935500 ) ) ;
#2266 = ADVANCED_FACE ( 'NONE', ( #2189 ), #2032, .T. ) ;
#2267 = CARTESIAN_POINT ( 'NONE',  ( -0.3800000000000000000, -3.041267811418298300, 1.869999999999927300 ) ) ;
#2268 = VERTEX_POINT ( 'NONE', #739 ) ;
#2269 = VERTEX_POINT ( 'NONE', #2265 ) ;
#2270 = LINE ( 'NONE', #1293, #573 ) ;
#2271 = ORIENTED_EDGE ( 'NONE', *, *, #1279, .F. ) ;
#2272 = SURFACE_SIDE_STYLE ('',( #325 ) ) ;
#2273 = LINE ( 'NONE', #1174, #577 ) ;
#2274 = EDGE_LOOP ( 'NONE', ( #346, #2220, #888, #2172 ) ) ;
#2275 = FACE_OUTER_BOUND ( 'NONE', #340, .T. ) ;
#2276 = CARTESIAN_POINT ( 'NONE',  ( -2.669999999999999500, -3.522499185607650400, 1.036832368289343700 ) ) ;
#2277 = CARTESIAN_POINT ( 'NONE',  ( 1.719999999999999800, -3.522499185607650400, 1.036832368289343700 ) ) ;
#2278 = DIRECTION ( 'NONE',  ( -0.0000000000000000000, -0.4226182617406968900, -0.9063077870366511600 ) ) ;
#2279 = ORIENTED_EDGE ( 'NONE', *, *, #2350, .F. ) ;
#2280 = CARTESIAN_POINT ( 'NONE',  ( 2.669999999999999500, -4.349999999999999600, 0.5399999999999993700 ) ) ;
#2281 = PRESENTATION_STYLE_ASSIGNMENT (( #878 ) ) ;
#2282 = DIRECTION ( 'NONE',  ( 0.0000000000000000000, 0.03489949670251105800, -0.9993908270190953200 ) ) ;
#2283 = DIRECTION ( 'NONE',  ( 1.421904488505579700E-016, -1.000000000000000000, 0.0000000000000000000 ) ) ;
#2284 = ADVANCED_FACE ( 'NONE', ( #2489 ), #1219, .F. ) ;
#2285 = ORIENTED_EDGE ( 'NONE', *, *, #2674, .F. ) ;
#2286 = DIRECTION ( 'NONE',  ( 2.132856732758369600E-016, -1.000000000000000000, 0.0000000000000000000 ) ) ;
#2287 = PLANE ( 'NONE',  #2209 ) ;
#2288 = EDGE_CURVE ( 'NONE', #1218, #467, #12, .T. ) ;
#2289 = DIRECTION ( 'NONE',  ( 0.0000000000000000000, 0.0000000000000000000, 1.000000000000000000 ) ) ;
#2290 = EDGE_CURVE ( 'NONE', #866, #1926, #2293, .T. ) ;
#2291 = EDGE_CURVE ( 'NONE', #335, #1653, #1716, .T. ) ;
#2292 = CARTESIAN_POINT ( 'NONE',  ( -2.669999999999999500, -4.011905390607442000, 1.265046229629320600 ) ) ;
#2293 = LINE ( 'NONE', #1142, #1112 ) ;
#2294 =( NAMED_UNIT ( * ) PLANE_ANGLE_UNIT ( ) SI_UNIT ( $, .RADIAN. ) );
#2295 = FILL_AREA_STYLE_COLOUR ( '', #2554 ) ;
#2296 = DIRECTION ( 'NONE',  ( 1.000000000000000000, -0.0000000000000000000, 0.0000000000000000000 ) ) ;
#2297 = ADVANCED_FACE ( 'NONE', ( #1641 ), #1984, .F. ) ;
#2298 = CARTESIAN_POINT ( 'NONE',  ( -2.669999999999999500, 3.049999999999999800, 0.6499999999999247500 ) ) ;
#2299 = VECTOR ( 'NONE', #1713, 1000.000000000000000 ) ;
#2300 = PRESENTATION_LAYER_ASSIGNMENT (  '', '', ( #2011 ) ) ;
#2301 = STYLED_ITEM ( 'NONE', ( #1545 ), #1796 ) ;
#2302 = FILL_AREA_STYLE ('',( #106 ) ) ;
#2303 =( LENGTH_UNIT ( ) NAMED_UNIT ( * ) SI_UNIT ( .MILLI., .METRE. ) );
#2304 = AXIS2_PLACEMENT_3D ( 'NONE', #1242, #2768, #1688 ) ;
#2305 = EDGE_LOOP ( 'NONE', ( #1550, #81, #514, #711, #1367 ) ) ;
#2306 =( GEOMETRIC_REPRESENTATION_CONTEXT ( 3 ) GLOBAL_UNCERTAINTY_ASSIGNED_CONTEXT ( ( #1181 ) ) GLOBAL_UNIT_ASSIGNED_CONTEXT ( ( #1867, #1571, #182 ) ) REPRESENTATION_CONTEXT ( 'NONE', 'WORKASPACE' ) );
#2307 = CARTESIAN_POINT ( 'NONE',  ( -2.669999999999999500, -3.385792873817839300, 1.329999999999933200 ) ) ;
#2308 = CARTESIAN_POINT ( 'NONE',  ( -2.669999999999999500, -4.349999999999999600, 0.5399999999999993700 ) ) ;
#2309 = ORIENTED_EDGE ( 'NONE', *, *, #2037, .F. ) ;
#2310 = VECTOR ( 'NONE', #1812, 1000.000000000000000 ) ;
#2311 = CARTESIAN_POINT ( 'NONE',  ( -2.669999999999999500, -3.860593795000208100, 0.3117861386600226900 ) ) ;
#2312 = DIRECTION ( 'NONE',  ( 0.0000000000000000000, -1.000000000000000000, -4.299266682507337500E-016 ) ) ;
#2313 = VERTEX_POINT ( 'NONE', #1107 ) ;
#2314 = LINE ( 'NONE', #534, #542 ) ;
#2315 = EDGE_CURVE ( 'NONE', #842, #1723, #2604, .T. ) ;
#2316 = LINE ( 'NONE', #568, #1734 ) ;
#2317 = CARTESIAN_POINT ( 'NONE',  ( -2.160000000000000100, -1.080000000000000300, 0.6500000000000000200 ) ) ;
#2318 = CARTESIAN_POINT ( 'NONE',  ( -2.669999999999999500, -3.385792873817839300, 1.329999999999933200 ) ) ;
#2319 = CYLINDRICAL_SURFACE ( 'NONE', #916, 0.5400000000000003700 ) ;
#2320 = SURFACE_STYLE_FILL_AREA ( #108 ) ;
#2321 = FILL_AREA_STYLE_COLOUR ( '', #2258 ) ;
#2322 = SURFACE_SIDE_STYLE ('',( #475 ) ) ;
#2323 = ORIENTED_EDGE ( 'NONE', *, *, #653, .T. ) ;
#2324 = ORIENTED_EDGE ( 'NONE', *, *, #1297, .F. ) ;
#2325 = DIRECTION ( 'NONE',  ( -1.000000000000000000, 0.0000000000000000000, 0.0000000000000000000 ) ) ;
#2326 = ORIENTED_EDGE ( 'NONE', *, *, #184, .F. ) ;
#2327 = CARTESIAN_POINT ( 'NONE',  ( -2.669999999999999900, 3.830000000000000100, 0.6500000000000000200 ) ) ;
#2328 = AXIS2_PLACEMENT_3D ( 'NONE', #2049, #262, #2296 ) ;
#2329 = CARTESIAN_POINT ( 'NONE',  ( -1.909999999999999700, -3.522499185607650400, 1.036832368289343700 ) ) ;
#2330 = FACE_OUTER_BOUND ( 'NONE', #2387, .T. ) ;
#2331 = CARTESIAN_POINT ( 'NONE',  ( 3.280352575691170400, -3.049999999999999800, 1.669999999999933300 ) ) ;
#2332 = CARTESIAN_POINT ( 'NONE',  ( -2.160000000000000100, 3.049999999999999800, 0.07000000000000000700 ) ) ;
#2333 = VECTOR ( 'NONE', #2633, 1000.000000000000000 ) ;
#2334 = SURFACE_SIDE_STYLE ('',( #445 ) ) ;
#2335 = ORIENTED_EDGE ( 'NONE', *, *, #328, .T. ) ;
#2336 = AXIS2_PLACEMENT_3D ( 'NONE', #2662, #466, #2027 ) ;
#2337 = FILL_AREA_STYLE_COLOUR ( '', #1450 ) ;
#2338 = ORIENTED_EDGE ( 'NONE', *, *, #1960, .F. ) ;
#2339 = STYLED_ITEM ( 'NONE', ( #2607 ), #2132 ) ;
#2340 = ORIENTED_EDGE ( 'NONE', *, *, #507, .F. ) ;
#2341 = DIRECTION ( 'NONE',  ( 1.000000000000000000, 0.0000000000000000000, 0.0000000000000000000 ) ) ;
#2342 = LINE ( 'NONE', #2825, #1159 ) ;
#2343 = FILL_AREA_STYLE_COLOUR ( '', #1738 ) ;
#2344 = ADVANCED_FACE ( 'NONE', ( #247 ), #720, .F. ) ;
#2345 = EDGE_LOOP ( 'NONE', ( #817, #646, #298, #2146 ) ) ;
#2346 = AXIS2_PLACEMENT_3D ( 'NONE', #2553, #127, #2364 ) ;
#2347 = VERTEX_POINT ( 'NONE', #2298 ) ;
#2348 = EDGE_CURVE ( 'NONE', #1331, #1034, #322, .T. ) ;
#2349 = CARTESIAN_POINT ( 'NONE',  ( 1.909999999999999700, -4.349999999999999600, 0.5399999999999990400 ) ) ;
#2350 = EDGE_CURVE ( 'NONE', #2268, #1311, #2525, .T. ) ;
#2351 =( NAMED_UNIT ( * ) PLANE_ANGLE_UNIT ( ) SI_UNIT ( $, .RADIAN. ) );
#2352 = ORIENTED_EDGE ( 'NONE', *, *, #1760, .T. ) ;
#2353 =( LENGTH_UNIT ( ) NAMED_UNIT ( * ) SI_UNIT ( .MILLI., .METRE. ) );
#2354 = FACE_OUTER_BOUND ( 'NONE', #2251, .T. ) ;
#2355 = VECTOR ( 'NONE', #2834, 1000.000000000000000 ) ;
#2356 = LINE ( 'NONE', #2562, #652 ) ;
#2357 = ORIENTED_EDGE ( 'NONE', *, *, #1852, .F. ) ;
#2358 = VERTEX_POINT ( 'NONE', #1422 ) ;
#2359 = AXIS2_PLACEMENT_3D ( 'NONE', #2725, #694, #516 ) ;
#2360 = ADVANCED_FACE ( 'NONE', ( #775 ), #1153, .T. ) ;
#2361 = DIRECTION ( 'NONE',  ( 0.0000000000000000000, -1.000000000000000000, -1.422901506435916700E-016 ) ) ;
#2362 = STYLED_ITEM ( 'NONE', ( #826 ), #1639 ) ;
#2363 = CARTESIAN_POINT ( 'NONE',  ( 2.160000000000000100, 3.049999999999999800, 0.6500000000000000200 ) ) ;
#2364 = DIRECTION ( 'NONE',  ( 0.0000000000000000000, 0.0000000000000000000, 1.000000000000000000 ) ) ;
#2365 = CARTESIAN_POINT ( 'NONE',  ( 2.669999999999999500, -3.049999999999999800, 1.669999999999934200 ) ) ;
#2366 = VECTOR ( 'NONE', #814, 1000.000000000000000 ) ;
#2367 = DIRECTION ( 'NONE',  ( 0.0000000000000000000, 0.9063077870366509400, -0.4226182617406974400 ) ) ;
#2368 = VECTOR ( 'NONE', #451, 1000.000000000000000 ) ;
#2369 = DIRECTION ( 'NONE',  ( 0.0000000000000000000, 0.9990482215818579100, -0.04361938736533313400 ) ) ;
#2370 = ORIENTED_EDGE ( 'NONE', *, *, #2022, .F. ) ;
#2371 = LINE ( 'NONE', #830, #668 ) ;
#2372 = CARTESIAN_POINT ( 'NONE',  ( -0.3800000000000000000, -3.049999999999999800, 1.669999999999935500 ) ) ;
#2373 = ORIENTED_EDGE ( 'NONE', *, *, #1872, .T. ) ;
#2374 = ADVANCED_FACE ( 'NONE', ( #1355 ), #987, .F. ) ;
#2375 = CARTESIAN_POINT ( 'NONE',  ( 2.669999999999999900, 3.049999999999999800, 0.07000000000000000700 ) ) ;
#2376 = EDGE_LOOP ( 'NONE', ( #2150, #2573, #1484, #757, #2031, #1371 ) ) ;
#2377 = EDGE_LOOP ( 'NONE', ( #532, #2175, #2743, #2617, #1696 ) ) ;
#2378 = LINE ( 'NONE', #2463, #2117 ) ;
#2379 =( LENGTH_UNIT ( ) NAMED_UNIT ( * ) SI_UNIT ( .MILLI., .METRE. ) );
#2380 = PLANE ( 'NONE',  #1863 ) ;
#2381 = COLOUR_RGB ( '',1.000000000000000000, 1.000000000000000000, 1.000000000000000000 ) ;
#2382 = VECTOR ( 'NONE', #2485, 1000.000000000000000 ) ;
#2383 = ORIENTED_EDGE ( 'NONE', *, *, #657, .F. ) ;
#2384 = STYLED_ITEM ( 'NONE', ( #2724 ), #154 ) ;
#2385 = FACE_OUTER_BOUND ( 'NONE', #2740, .T. ) ;
#2386 = EDGE_CURVE ( 'NONE', #2412, #2640, #1144, .T. ) ;
#2387 = EDGE_LOOP ( 'NONE', ( #583, #993, #1519, #1542 ) ) ;
#2388 = CARTESIAN_POINT ( 'NONE',  ( 1.909999999999999700, -3.522499185607650400, 1.036832368289343700 ) ) ;
#2389 = EDGE_CURVE ( 'NONE', #2680, #2241, #2255, .T. ) ;
#2390 = DIRECTION ( 'NONE',  ( 0.0000000000000000000, 4.299266682507337000E-016, -1.000000000000000000 ) ) ;
#2391 = PRESENTATION_STYLE_ASSIGNMENT (( #2486 ) ) ;
#2392 = UNCERTAINTY_MEASURE_WITH_UNIT (LENGTH_MEASURE( 1.000000000000000100E-005 ), #1189, 'distance_accuracy_value', 'NONE');
#2393 = ADVANCED_FACE ( 'NONE', ( #2761 ), #759, .F. ) ;
#2394 = ORIENTED_EDGE ( 'NONE', *, *, #2691, .T. ) ;
#2395 =( NAMED_UNIT ( * ) PLANE_ANGLE_UNIT ( ) SI_UNIT ( $, .RADIAN. ) );
#2396 = CARTESIAN_POINT ( 'NONE',  ( 2.859999999999999900, -4.349999999999999600, 0.5399999999999993700 ) ) ;
#2397 = ORIENTED_EDGE ( 'NONE', *, *, #2405, .T. ) ;
#2398 = DIRECTION ( 'NONE',  ( 1.000000000000000000, 0.0000000000000000000, 0.0000000000000000000 ) ) ;
#2399 = DIRECTION ( 'NONE',  ( -0.0000000000000000000, -1.000000000000000000, -7.132909029509895700E-017 ) ) ;
#2400 = MECHANICAL_DESIGN_GEOMETRIC_PRESENTATION_REPRESENTATION (  '', ( #1954 ), #2532 ) ;
#2401 = CARTESIAN_POINT ( 'NONE',  ( 3.299999999999996700, -3.034285653728707700, 1.219999999999906700 ) ) ;
#2402 = MECHANICAL_DESIGN_GEOMETRIC_PRESENTATION_REPRESENTATION (  '', ( #1957 ), #2534 ) ;
#2403 = CARTESIAN_POINT ( 'NONE',  ( 2.160000000000000100, -1.080000000000000300, 0.07000000000000000700 ) ) ;
#2404 = LINE ( 'NONE', #941, #1147 ) ;
#2405 = EDGE_CURVE ( 'NONE', #1721, #630, #1678, .T. ) ;
#2406 = VECTOR ( 'NONE', #637, 1000.000000000000000 ) ;
#2407 = EDGE_CURVE ( 'NONE', #467, #404, #2187, .T. ) ;
#2408 = CARTESIAN_POINT ( 'NONE',  ( 2.669999999999999500, -4.349999999999999600, 0.5399999999999993700 ) ) ;
#2409 = CARTESIAN_POINT ( 'NONE',  ( 0.0000000000000000000, 0.0000000000000000000, 0.6500000000000000200 ) ) ;
#2410 = ORIENTED_EDGE ( 'NONE', *, *, #13, .F. ) ;
#2411 = CARTESIAN_POINT ( 'NONE',  ( -1.909999999999999700, -3.522499185607650400, 1.036832368289343700 ) ) ;
#2412 = VERTEX_POINT ( 'NONE', #877 ) ;
#2413 = ORIENTED_EDGE ( 'NONE', *, *, #1221, .F. ) ;
#2414 = SURFACE_STYLE_FILL_AREA ( #954 ) ;
#2415 = DIRECTION ( 'NONE',  ( 0.0000000000000000000, 0.0000000000000000000, 1.000000000000000000 ) ) ;
#2416 = VECTOR ( 'NONE', #80, 1000.000000000000000 ) ;
#2417 = ORIENTED_EDGE ( 'NONE', *, *, #2156, .T. ) ;
#2418 = VECTOR ( 'NONE', #1756, 1000.000000000000000 ) ;
#2419 = DIRECTION ( 'NONE',  ( 0.0000000000000000000, 0.0000000000000000000, 1.000000000000000000 ) ) ;
#2420 = CARTESIAN_POINT ( 'NONE',  ( -2.669999999999999500, -3.522499185607650400, 1.036832368289343700 ) ) ;
#2421 = ORIENTED_EDGE ( 'NONE', *, *, #2195, .T. ) ;
#2422 =( LENGTH_UNIT ( ) NAMED_UNIT ( * ) SI_UNIT ( .MILLI., .METRE. ) );
#2423 =( NAMED_UNIT ( * ) PLANE_ANGLE_UNIT ( ) SI_UNIT ( $, .RADIAN. ) );
#2424 = DIRECTION ( 'NONE',  ( 0.0000000000000000000, -0.04361938736533312700, -0.9990482215818579100 ) ) ;
#2425 = VERTEX_POINT ( 'NONE', #1389 ) ;
#2426 = CARTESIAN_POINT ( 'NONE',  ( 1.719999999999999800, -3.522499185607650400, 1.036832368289343700 ) ) ;
#2427 = DIRECTION ( 'NONE',  ( -0.9990482215818579100, -2.130826725751141200E-016, 0.04361938736533237800 ) ) ;
#2428 = PRESENTATION_STYLE_ASSIGNMENT (( #2700 ) ) ;
#2429 = EDGE_CURVE ( 'NONE', #1517, #686, #2699, .T. ) ;
#2430 = EDGE_CURVE ( 'NONE', #1034, #1630, #1602, .T. ) ;
#2431 = DIRECTION ( 'NONE',  ( -2.132856732758369600E-016, 1.000000000000000000, 0.0000000000000000000 ) ) ;
#2432 = EDGE_CURVE ( 'NONE', #180, #2580, #1531, .T. ) ;
#2433 = CARTESIAN_POINT ( 'NONE',  ( 1.909999999999999700, -3.041267811418298300, 1.869999999999927500 ) ) ;
#2434 = VERTEX_POINT ( 'NONE', #1192 ) ;
#2435 = CARTESIAN_POINT ( 'NONE',  ( 2.669999999999999500, -3.038126938372802200, 1.329999999999935500 ) ) ;
#2436 = ORIENTED_EDGE ( 'NONE', *, *, #75, .T. ) ;
#2437 = VERTEX_POINT ( 'NONE', #2675 ) ;
#2438 = MECHANICAL_DESIGN_GEOMETRIC_PRESENTATION_REPRESENTATION (  '', ( #2011 ), #2595 ) ;
#2439 = VECTOR ( 'NONE', #1646, 1000.000000000000000 ) ;
#2440 = LINE ( 'NONE', #82, #2382 ) ;
#2441 = AXIS2_PLACEMENT_3D ( 'NONE', #2409, #1294, #641 ) ;
#2442 = VECTOR ( 'NONE', #137, 1000.000000000000000 ) ;
#2443 = APPLICATION_CONTEXT ( 'automotive_design' ) ;
#2444 = FILL_AREA_STYLE_COLOUR ( '', #2222 ) ;
#2445 = CARTESIAN_POINT ( 'NONE',  ( -2.669999999999999500, -5.869999999999998300, -1.138412281109779700E-015 ) ) ;
#2446 = VECTOR ( 'NONE', #44, 1000.000000000000000 ) ;
#2447 = ORIENTED_EDGE ( 'NONE', *, *, #1992, .F. ) ;
#2448 = VERTEX_POINT ( 'NONE', #2420 ) ;
#2449 = EDGE_CURVE ( 'NONE', #2796, #620, #557, .T. ) ;
#2450 = UNCERTAINTY_MEASURE_WITH_UNIT (LENGTH_MEASURE( 1.000000000000000100E-005 ), #803, 'distance_accuracy_value', 'NONE');
#2451 = ORIENTED_EDGE ( 'NONE', *, *, #1459, .T. ) ;
#2452 = CARTESIAN_POINT ( 'NONE',  ( -2.669999999999999500, -4.349999999999999600, 0.5399999999999990400 ) ) ;
#2453 = PRESENTATION_STYLE_ASSIGNMENT (( #35 ) ) ;
#2454 = DIRECTION ( 'NONE',  ( 0.0000000000000000000, 0.9063077870366511600, -0.4226182617406968300 ) ) ;
#2455 = LINE ( 'NONE', #286, #704 ) ;
#2456 = CARTESIAN_POINT ( 'NONE',  ( 2.669999999999999900, 3.049999999999999800, 0.6500000000000000200 ) ) ;
#2457 = STYLED_ITEM ( 'NONE', ( #2471 ), #314 ) ;
#2458 = PLANE ( 'NONE',  #275 ) ;
#2459 = ORIENTED_EDGE ( 'NONE', *, *, #356, .T. ) ;
#2460 = ORIENTED_EDGE ( 'NONE', *, *, #959, .F. ) ;
#2461 = DIRECTION ( 'NONE',  ( 0.0000000000000000000, 0.0000000000000000000, 1.000000000000000000 ) ) ;
#2462 = COLOUR_RGB ( '',1.000000000000000000, 1.000000000000000000, 1.000000000000000000 ) ;
#2463 = CARTESIAN_POINT ( 'NONE',  ( -2.669999999999999500, -3.385792873817839300, 1.329999999999933200 ) ) ;
#2464 = ORIENTED_EDGE ( 'NONE', *, *, #1459, .F. ) ;
#2465 = LINE ( 'NONE', #1770, #791 ) ;
#2466 = PRODUCT_DEFINITION ( 'Î´Öª', '', #2625, #2192 ) ;
#2467 = SURFACE_STYLE_USAGE ( .BOTH. , #1751 ) ;
#2468 = ORIENTED_EDGE ( 'NONE', *, *, #675, .T. ) ;
#2469 = LINE ( 'NONE', #2620, #1312 ) ;
#2470 = AXIS2_PLACEMENT_3D ( 'NONE', #2057, #2194, #1069 ) ;
#2471 = PRESENTATION_STYLE_ASSIGNMENT (( #2520 ) ) ;
#2472 = DIRECTION ( 'NONE',  ( 0.0000000000000000000, -0.9063077870366509400, 0.4226182617406974400 ) ) ;
#2473 = STYLED_ITEM ( 'NONE', ( #2749 ), #1431 ) ;
#2474 = CARTESIAN_POINT ( 'NONE',  ( 3.249789915655210600, 2.470210084344795400, 2.370000000000000100 ) ) ;
#2475 = DIRECTION ( 'NONE',  ( 1.000000000000000000, 0.0000000000000000000, 0.0000000000000000000 ) ) ;
#2476 = PLANE ( 'NONE',  #29 ) ;
#2477 = ORIENTED_EDGE ( 'NONE', *, *, #1198, .T. ) ;
#2478 = ORIENTED_EDGE ( 'NONE', *, *, #2635, .T. ) ;
#2479 = ORIENTED_EDGE ( 'NONE', *, *, #562, .F. ) ;
#2480 = EDGE_CURVE ( 'NONE', #362, #193, #942, .T. ) ;
#2481 = EDGE_CURVE ( 'NONE', #1825, #2448, #2054, .T. ) ;
#2482 = CARTESIAN_POINT ( 'NONE',  ( -2.669999999999999500, -3.041267811418298300, 1.869999999999927500 ) ) ;
#2483 = FILL_AREA_STYLE ('',( #2605 ) ) ;
#2484 = ORIENTED_EDGE ( 'NONE', *, *, #1649, .T. ) ;
#2485 = DIRECTION ( 'NONE',  ( 0.0000000000000000000, -0.04361938736533280100, -0.9990482215818579100 ) ) ;
#2486 = SURFACE_STYLE_USAGE ( .BOTH. , #1434 ) ;
#2487 =( NAMED_UNIT ( * ) SI_UNIT ( $, .STERADIAN. ) SOLID_ANGLE_UNIT ( ) );
#2488 = DIRECTION ( 'NONE',  ( 0.0000000000000000000, 0.0000000000000000000, -1.000000000000000000 ) ) ;
#2489 = FACE_OUTER_BOUND ( 'NONE', #207, .T. ) ;
#2490 = ADVANCED_FACE ( 'NONE', ( #875 ), #485, .T. ) ;
#2491 = CARTESIAN_POINT ( 'NONE',  ( -1.909999999999999700, -4.349999999999999600, -9.221312521315205400E-016 ) ) ;
#2492 = PRESENTATION_LAYER_ASSIGNMENT (  '', '', ( #2205 ) ) ;
#2493 = VECTOR ( 'NONE', #2624, 1000.000000000000000 ) ;
#2494 = AXIS2_PLACEMENT_3D ( 'NONE', #999, #1881, #329 ) ;
#2495 = CARTESIAN_POINT ( 'NONE',  ( 1.909999999999999700, -4.349999999999999600, 0.5399999999999993700 ) ) ;
#2496 = AXIS2_PLACEMENT_3D ( 'NONE', #2482, #948, #77 ) ;
#2497 =( NAMED_UNIT ( * ) SI_UNIT ( $, .STERADIAN. ) SOLID_ANGLE_UNIT ( ) );
#2498 = DIRECTION ( 'NONE',  ( -1.000000000000000000, -0.0000000000000000000, -0.0000000000000000000 ) ) ;
#2499 =( NAMED_UNIT ( * ) PLANE_ANGLE_UNIT ( ) SI_UNIT ( $, .RADIAN. ) );
#2500 = MANIFOLD_SOLID_BREP ( 'Lead2', #1937 ) ;
#2501 = ORIENTED_EDGE ( 'NONE', *, *, #1801, .F. ) ;
#2502 = ORIENTED_EDGE ( 'NONE', *, *, #1706, .T. ) ;
#2503 = ORIENTED_EDGE ( 'NONE', *, *, #1999, .F. ) ;
#2504 = ADVANCED_FACE ( 'NONE', ( #1182 ), #1249, .T. ) ;
#2505 =( NAMED_UNIT ( * ) PLANE_ANGLE_UNIT ( ) SI_UNIT ( $, .RADIAN. ) );
#2506 = ORIENTED_EDGE ( 'NONE', *, *, #2829, .T. ) ;
#2507 = DIRECTION ( 'NONE',  ( 0.0000000000000000000, 0.0000000000000000000, -1.000000000000000000 ) ) ;
#2508 = FACE_OUTER_BOUND ( 'NONE', #2125, .T. ) ;
#2509 = VERTEX_POINT ( 'NONE', #2721 ) ;
#2510 = FACE_OUTER_BOUND ( 'NONE', #2180, .T. ) ;
#2511 = PLANE ( 'NONE',  #2328 ) ;
#2512 = EDGE_LOOP ( 'NONE', ( #2210, #2140, #2745, #2519 ) ) ;
#2513 = VECTOR ( 'NONE', #1947, 1000.000000000000000 ) ;
#2514 = VECTOR ( 'NONE', #1336, 1000.000000000000000 ) ;
#2515 = COLOUR_RGB ( '',1.000000000000000000, 1.000000000000000000, 1.000000000000000000 ) ;
#2516 = VECTOR ( 'NONE', #543, 1000.000000000000000 ) ;
#2517 = DIRECTION ( 'NONE',  ( 1.000000000000000000, -0.0000000000000000000, -0.0000000000000000000 ) ) ;
#2518 = CARTESIAN_POINT ( 'NONE',  ( -1.719999999999999800, -3.860593795000208100, 0.3117861386600225800 ) ) ;
#2519 = ORIENTED_EDGE ( 'NONE', *, *, #2771, .T. ) ;
#2520 = SURFACE_STYLE_USAGE ( .BOTH. , #501 ) ;
#2521 = ORIENTED_EDGE ( 'NONE', *, *, #1992, .T. ) ;
#2522 = AXIS2_PLACEMENT_3D ( 'NONE', #2549, #1457, #2765 ) ;
#2523 = DIRECTION ( 'NONE',  ( -0.0000000000000000000, 1.000000000000000000, 1.606225440719265500E-015 ) ) ;
#2524 = EDGE_CURVE ( 'NONE', #609, #2174, #1572, .T. ) ;
#2525 = LINE ( 'NONE', #34, #1429 ) ;
#2526 = CARTESIAN_POINT ( 'NONE',  ( -2.669999999999999900, 3.049999999999999800, 0.07000000000000018700 ) ) ;
#2527 = DIRECTION ( 'NONE',  ( 0.0000000000000000000, 3.212450881438529900E-015, -1.000000000000000000 ) ) ;
#2528 = SURFACE_STYLE_USAGE ( .BOTH. , #2322 ) ;
#2529 = VECTOR ( 'NONE', #2731, 1000.000000000000000 ) ;
#2530 = AXIS2_PLACEMENT_3D ( 'NONE', #840, #2369, #2598 ) ;
#2531 = EDGE_LOOP ( 'NONE', ( #2588, #2557, #1995, #113, #1439 ) ) ;
#2532 =( GEOMETRIC_REPRESENTATION_CONTEXT ( 3 ) GLOBAL_UNCERTAINTY_ASSIGNED_CONTEXT ( ( #2039 ) ) GLOBAL_UNIT_ASSIGNED_CONTEXT ( ( #1156, #688, #417 ) ) REPRESENTATION_CONTEXT ( 'NONE', 'WORKASPACE' ) );
#2533 = ADVANCED_FACE ( 'NONE', ( #2665 ), #359, .T. ) ;
#2534 =( GEOMETRIC_REPRESENTATION_CONTEXT ( 3 ) GLOBAL_UNCERTAINTY_ASSIGNED_CONTEXT ( ( #400 ) ) GLOBAL_UNIT_ASSIGNED_CONTEXT ( ( #528, #2087, #750 ) ) REPRESENTATION_CONTEXT ( 'NONE', 'WORKASPACE' ) );
#2535 = ORIENTED_EDGE ( 'NONE', *, *, #2449, .F. ) ;
#2536 = CARTESIAN_POINT ( 'NONE',  ( 1.719999999999999800, -3.860593795000208100, 0.3117861386600225800 ) ) ;
#2537 = UNCERTAINTY_MEASURE_WITH_UNIT (LENGTH_MEASURE( 1.000000000000000100E-005 ), #1251, 'distance_accuracy_value', 'NONE');
#2538 = EDGE_CURVE ( 'NONE', #1928, #2138, #983, .T. ) ;
#2539 = VERTEX_POINT ( 'NONE', #2142 ) ;
#2540 = DIRECTION ( 'NONE',  ( 1.000000000000000000, -0.0000000000000000000, -0.0000000000000000000 ) ) ;
#2541 = ORIENTED_EDGE ( 'NONE', *, *, #709, .T. ) ;
#2542 = LINE ( 'NONE', #2329, #1969 ) ;
#2543 = DIRECTION ( 'NONE',  ( 0.0000000000000000000, -0.4226182617406972200, -0.9063077870366511600 ) ) ;
#2544 = EDGE_CURVE ( 'NONE', #2159, #1130, #1783, .T. ) ;
#2545 = COLOUR_RGB ( '',0.0000000000000000000, 0.0000000000000000000, 1.000000000000000000 ) ;
#2546 = ADVANCED_FACE ( 'NONE', ( #909 ), #594, .F. ) ;
#2547 = DIRECTION ( 'NONE',  ( -1.000000000000000000, 0.0000000000000000000, 0.0000000000000000000 ) ) ;
#2548 = ORIENTED_EDGE ( 'NONE', *, *, #270, .T. ) ;
#2549 = CARTESIAN_POINT ( 'NONE',  ( 3.249789915655211000, 4.620890867770313100E-016, 0.07000000000000000700 ) ) ;
#2550 = VECTOR ( 'NONE', #2543, 999.9999999999998900 ) ;
#2551 = VECTOR ( 'NONE', #634, 1000.000000000000000 ) ;
#2552 = AXIS2_PLACEMENT_3D ( 'NONE', #87, #295, #1178 ) ;
#2553 = CARTESIAN_POINT ( 'NONE',  ( 1.909999999999999700, -3.385792873817840700, 1.329999999999929200 ) ) ;
#2554 = COLOUR_RGB ( '',1.000000000000000000, 1.000000000000000000, 1.000000000000000000 ) ;
#2555 =( NAMED_UNIT ( * ) PLANE_ANGLE_UNIT ( ) SI_UNIT ( $, .RADIAN. ) );
#2556 = FILL_AREA_STYLE ('',( #2337 ) ) ;
#2557 = ORIENTED_EDGE ( 'NONE', *, *, #2350, .T. ) ;
#2558 = DIRECTION ( 'NONE',  ( 1.000000000000000000, -0.0000000000000000000, -0.0000000000000000000 ) ) ;
#2559 = STYLED_ITEM ( 'NONE', ( #40 ), #460 ) ;
#2560 = SURFACE_STYLE_USAGE ( .BOTH. , #2121 ) ;
#2561 = UNCERTAINTY_MEASURE_WITH_UNIT (LENGTH_MEASURE( 1.000000000000000100E-005 ), #1847, 'distance_accuracy_value', 'NONE');
#2562 = CARTESIAN_POINT ( 'NONE',  ( -2.669999999999999500, -3.038126938372802200, 1.329999999999935500 ) ) ;
#2563 = VECTOR ( 'NONE', #2683, 1000.000000000000100 ) ;
#2564 = DIRECTION ( 'NONE',  ( 0.0000000000000000000, 0.0000000000000000000, 1.000000000000000000 ) ) ;
#2565 = SURFACE_SIDE_STYLE ('',( #1167 ) ) ;
#2566 =( NAMED_UNIT ( * ) PLANE_ANGLE_UNIT ( ) SI_UNIT ( $, .RADIAN. ) );
#2567 = ADVANCED_FACE ( 'NONE', ( #1005 ), #1052, .T. ) ;
#2568 = LINE ( 'NONE', #664, #1324 ) ;
#2569 = CARTESIAN_POINT ( 'NONE',  ( -0.3800000000000000000, -4.049999999999999800, 1.869999999999926800 ) ) ;
#2570 = DIRECTION ( 'NONE',  ( 0.0000000000000000000, -0.0000000000000000000, 1.000000000000000000 ) ) ;
#2571 = DIRECTION ( 'NONE',  ( 0.0000000000000000000, -1.000000000000000000, 0.0000000000000000000 ) ) ;
#2572 = CARTESIAN_POINT ( 'NONE',  ( -1.719999999999999800, -4.349999999999999600, 0.5399999999999993700 ) ) ;
#2573 = ORIENTED_EDGE ( 'NONE', *, *, #777, .T. ) ;
#2574 = DIRECTION ( 'NONE',  ( -1.000000000000000000, -0.0000000000000000000, -0.0000000000000000000 ) ) ;
#2575 = ORIENTED_EDGE ( 'NONE', *, *, #959, .T. ) ;
#2576 = ORIENTED_EDGE ( 'NONE', *, *, #74, .F. ) ;
#2577 = ORIENTED_EDGE ( 'NONE', *, *, #270, .F. ) ;
#2578 = VECTOR ( 'NONE', #991, 1000.000000000000000 ) ;
#2579 = EDGE_CURVE ( 'NONE', #2035, #569, #410, .T. ) ;
#2580 = VERTEX_POINT ( 'NONE', #1281 ) ;
#2581 = CYLINDRICAL_SURFACE ( 'NONE', #1067, 0.5400000000000001500 ) ;
#2582 = EDGE_CURVE ( 'NONE', #2784, #995, #1595, .T. ) ;
#2583 = ADVANCED_FACE ( 'NONE', ( #935 ), #1950, .F. ) ;
#2584 = LINE ( 'NONE', #398, #2006 ) ;
#2585 = CARTESIAN_POINT ( 'NONE',  ( 0.0000000000000000000, 0.0000000000000000000, 0.6500000000000000200 ) ) ;
#2586 = EDGE_CURVE ( 'NONE', #1673, #2640, #2043, .T. ) ;
#2587 = SURFACE_SIDE_STYLE ('',( #2091 ) ) ;
#2588 = ORIENTED_EDGE ( 'NONE', *, *, #2096, .F. ) ;
#2589 = DIRECTION ( 'NONE',  ( 0.0000000000000000000, -0.04361938736533312700, -0.9990482215818579100 ) ) ;
#2590 = VECTOR ( 'NONE', #1162, 999.9999999999998900 ) ;
#2591 = VECTOR ( 'NONE', #221, 1000.000000000000000 ) ;
#2592 = LINE ( 'NONE', #347, #2010 ) ;
#2593 = DIRECTION ( 'NONE',  ( 0.0000000000000000000, 1.000000000000000000, 6.237034244368226100E-015 ) ) ;
#2594 = ORIENTED_EDGE ( 'NONE', *, *, #1397, .T. ) ;
#2595 =( GEOMETRIC_REPRESENTATION_CONTEXT ( 3 ) GLOBAL_UNCERTAINTY_ASSIGNED_CONTEXT ( ( #489 ) ) GLOBAL_UNIT_ASSIGNED_CONTEXT ( ( #1106, #2555, #1241 ) ) REPRESENTATION_CONTEXT ( 'NONE', 'WORKASPACE' ) );
#2596 = ORIENTED_EDGE ( 'NONE', *, *, #2691, .F. ) ;
#2597 = PRESENTATION_LAYER_ASSIGNMENT (  '', '', ( #2301 ) ) ;
#2598 = DIRECTION ( 'NONE',  ( 0.0000000000000000000, 0.04361938736533313400, 0.9990482215818579100 ) ) ;
#2599 = AXIS2_PLACEMENT_3D ( 'NONE', #141, #662, #1990 ) ;
#2600 = UNCERTAINTY_MEASURE_WITH_UNIT (LENGTH_MEASURE( 1.000000000000000100E-005 ), #2800, 'distance_accuracy_value', 'NONE');
#2601 = SURFACE_STYLE_USAGE ( .BOTH. , #1284 ) ;
#2602 = COLOUR_RGB ( '',1.000000000000000000, 1.000000000000000000, 1.000000000000000000 ) ;
#2603 = PRODUCT ( 'DPAK(2-7K1S)', 'DPAK(2-7K1S)', '', ( #693 ) ) ;
#2604 = LINE ( 'NONE', #1368, #845 ) ;
#2605 = FILL_AREA_STYLE_COLOUR ( '', #1789 ) ;
#2606 = CARTESIAN_POINT ( 'NONE',  ( -2.669999999999999900, 3.830000000000000100, 0.6500000000000000200 ) ) ;
#2607 = PRESENTATION_STYLE_ASSIGNMENT (( #1532 ) ) ;
#2608 = EDGE_CURVE ( 'NONE', #2269, #335, #2619, .T. ) ;
#2609 = VECTOR ( 'NONE', #2558, 1000.000000000000000 ) ;
#2610 = ORIENTED_EDGE ( 'NONE', *, *, #809, .T. ) ;
#2611 = CARTESIAN_POINT ( 'NONE',  ( 2.169999999999997300, 4.129999999999999900, 0.07000000000000000700 ) ) ;
#2612 = ORIENTED_EDGE ( 'NONE', *, *, #2407, .T. ) ;
#2613 = ORIENTED_EDGE ( 'NONE', *, *, #416, .F. ) ;
#2614 = DIRECTION ( 'NONE',  ( -0.04357795025174415700, -0.04357795025174370600, 0.9980991556472297300 ) ) ;
#2615 = LINE ( 'NONE', #2396, #860 ) ;
#2616 = AXIS2_PLACEMENT_3D ( 'NONE', #2327, #486, #1247 ) ;
#2617 = ORIENTED_EDGE ( 'NONE', *, *, #1050, .T. ) ;
#2618 = LINE ( 'NONE', #517, #2041 ) ;
#2619 = LINE ( 'NONE', #2817, #864 ) ;
#2620 = CARTESIAN_POINT ( 'NONE',  ( 2.859999999999999900, -3.860593795000208100, 0.3117861386600225800 ) ) ;
#2621 = LINE ( 'NONE', #1642, #414 ) ;
#2622 = DIRECTION ( 'NONE',  ( 0.0000000000000000000, 0.0000000000000000000, 1.000000000000000000 ) ) ;
#2623 = ORIENTED_EDGE ( 'NONE', *, *, #96, .T. ) ;
#2624 = DIRECTION ( 'NONE',  ( 0.0000000000000000000, 0.03489949670251092700, -0.9993908270190953200 ) ) ;
#2625 = PRODUCT_DEFINITION_FORMATION_WITH_SPECIFIED_SOURCE ( 'ÈÎºÎ', '', #2603, .NOT_KNOWN. ) ;
#2626 = SURFACE_SIDE_STYLE ('',( #1837 ) ) ;
#2627 = PRESENTATION_LAYER_ASSIGNMENT (  '', '', ( #2339 ) ) ;
#2628 = CARTESIAN_POINT ( 'NONE',  ( -1.909999999999999700, -5.869999999999998300, -1.138412281109779700E-015 ) ) ;
#2629 = VECTOR ( 'NONE', #1786, 1000.000000000000000 ) ;
#2630 = CARTESIAN_POINT ( 'NONE',  ( 2.160000000000000100, -1.080000000000000300, 0.6500000000000000200 ) ) ;
#2631 = AXIS2_PLACEMENT_3D ( 'NONE', #1259, #2523, #2742 ) ;
#2632 = EDGE_CURVE ( 'NONE', #1661, #960, #1451, .T. ) ;
#2633 = DIRECTION ( 'NONE',  ( -1.000000000000000000, 0.0000000000000000000, 0.0000000000000000000 ) ) ;
#2634 = LINE ( 'NONE', #1332, #947 ) ;
#2635 = EDGE_CURVE ( 'NONE', #2412, #231, #2118, .T. ) ;
#2636 = CARTESIAN_POINT ( 'NONE',  ( -2.669999999999999500, -3.049999999999999800, 1.669999999999934200 ) ) ;
#2637 =( NAMED_UNIT ( * ) SI_UNIT ( $, .STERADIAN. ) SOLID_ANGLE_UNIT ( ) );
#2638 = DIRECTION ( 'NONE',  ( -1.000000000000000000, -0.0000000000000000000, 0.0000000000000000000 ) ) ;
#2639 = ORIENTED_EDGE ( 'NONE', *, *, #115, .T. ) ;
#2640 = VERTEX_POINT ( 'NONE', #2401 ) ;
#2641 = MECHANICAL_DESIGN_GEOMETRIC_PRESENTATION_REPRESENTATION (  '', ( #2205 ), #2786 ) ;
#2642 = ORIENTED_EDGE ( 'NONE', *, *, #1119, .T. ) ;
#2643 = CARTESIAN_POINT ( 'NONE',  ( 2.669999999999999500, -3.049999999999999800, 1.669999999999934200 ) ) ;
#2644 = ORIENTED_EDGE ( 'NONE', *, *, #1346, .F. ) ;
#2645 = PRESENTATION_LAYER_ASSIGNMENT (  '', '', ( #2362 ) ) ;
#2646 = VERTEX_POINT ( 'NONE', #1741 ) ;
#2647 = LINE ( 'NONE', #1890, #2071 ) ;
#2648 = VERTEX_POINT ( 'NONE', #2611 ) ;
#2649 = DIRECTION ( 'NONE',  ( 1.000000000000000000, 0.0000000000000000000, 0.0000000000000000000 ) ) ;
#2650 = AXIS2_PLACEMENT_3D ( 'NONE', #1403, #92, #281 ) ;
#2651 = VECTOR ( 'NONE', #1924, 1000.000000000000000 ) ;
#2652 = CARTESIAN_POINT ( 'NONE',  ( 2.669999999999999500, -5.869999999999998300, -1.138412281109779700E-015 ) ) ;
#2653 = SURFACE_STYLE_FILL_AREA ( #1604 ) ;
#2654 = EDGE_LOOP ( 'NONE', ( #1666, #1932, #743, #721, #225 ) ) ;
#2655 = VECTOR ( 'NONE', #881, 1000.000000000000100 ) ;
#2656 = LINE ( 'NONE', #2212, #1773 ) ;
#2657 = VECTOR ( 'NONE', #758, 1000.000000000000000 ) ;
#2658 = ADVANCED_FACE ( 'NONE', ( #202 ), #844, .T. ) ;
#2659 = ORIENTED_EDGE ( 'NONE', *, *, #1804, .F. ) ;
#2660 = ORIENTED_EDGE ( 'NONE', *, *, #2056, .F. ) ;
#2661 = ORIENTED_EDGE ( 'NONE', *, *, #212, .T. ) ;
#2662 = CARTESIAN_POINT ( 'NONE',  ( 0.0000000000000000000, 0.0000000000000000000, 0.0000000000000000000 ) ) ;
#2663 = CARTESIAN_POINT ( 'NONE',  ( 1.909999999999999700, -3.385792873817840700, 1.869999999999929300 ) ) ;
#2664 = CARTESIAN_POINT ( 'NONE',  ( 3.288378558535908900, -3.058025982844737800, 1.486174770628296800 ) ) ;
#2665 = FACE_OUTER_BOUND ( 'NONE', #1761, .T. ) ;
#2666 = DIRECTION ( 'NONE',  ( -0.0000000000000000000, 0.4226182617406978900, 0.9063077870366507100 ) ) ;
#2667 = CARTESIAN_POINT ( 'NONE',  ( 2.160000000000000100, 3.049999999999999800, 0.6500000000000000200 ) ) ;
#2668 = DIRECTION ( 'NONE',  ( 1.000000000000000000, -0.0000000000000000000, -0.0000000000000000000 ) ) ;
#2669 = SURFACE_SIDE_STYLE ('',( #622 ) ) ;
#2670 = FILL_AREA_STYLE ('',( #1848 ) ) ;
#2671 = VECTOR ( 'NONE', #63, 1000.000000000000000 ) ;
#2672 = PRESENTATION_LAYER_ASSIGNMENT (  '', '', ( #2384 ) ) ;
#2673 = PLANE ( 'NONE',  #2164 ) ;
#2674 = EDGE_CURVE ( 'NONE', #446, #1661, #1974, .T. ) ;
#2675 = CARTESIAN_POINT ( 'NONE',  ( 2.160000000000000100, 3.049999999999999800, 0.07000000000000000700 ) ) ;
#2676 = ORIENTED_EDGE ( 'NONE', *, *, #2288, .F. ) ;
#2677 = SURFACE_STYLE_USAGE ( .BOTH. , #1769 ) ;
#2678 = DIRECTION ( 'NONE',  ( 0.7071067811865512400, 0.7071067811865439100, 0.0000000000000000000 ) ) ;
#2679 = ORIENTED_EDGE ( 'NONE', *, *, #998, .T. ) ;
#2680 = VERTEX_POINT ( 'NONE', #1080 ) ;
#2681 = ORIENTED_EDGE ( 'NONE', *, *, #755, .T. ) ;
#2682 = DIRECTION ( 'NONE',  ( 0.0000000000000000000, 0.9063077870366509400, -0.4226182617406974400 ) ) ;
#2683 = DIRECTION ( 'NONE',  ( -0.0000000000000000000, -0.4226182617406968900, -0.9063077870366511600 ) ) ;
#2684 = VECTOR ( 'NONE', #2589, 1000.000000000000100 ) ;
#2685 = DIRECTION ( 'NONE',  ( 0.0000000000000000000, 0.0000000000000000000, -1.000000000000000000 ) ) ;
#2686 = VECTOR ( 'NONE', #1432, 999.9999999999998900 ) ;
#2687 = DIRECTION ( 'NONE',  ( 0.04359286612377599700, -0.03486632051403078200, 0.9984407852831971300 ) ) ;
#2688 = ORIENTED_EDGE ( 'NONE', *, *, #1993, .F. ) ;
#2689 = CARTESIAN_POINT ( 'NONE',  ( 2.669999999999999500, -5.869999999999998300, -1.138412281109779700E-015 ) ) ;
#2690 = VECTOR ( 'NONE', #1925, 1000.000000000000000 ) ;
#2691 = EDGE_CURVE ( 'NONE', #1966, #1330, #2469, .T. ) ;
#2692 = PRESENTATION_STYLE_ASSIGNMENT (( #1842 ) ) ;
#2693 = LINE ( 'NONE', #1778, #1008 ) ;
#2694 = CARTESIAN_POINT ( 'NONE',  ( 1.719999999999999800, -3.860593795000208100, 0.3117861386600225800 ) ) ;
#2695 =( NAMED_UNIT ( * ) PLANE_ANGLE_UNIT ( ) SI_UNIT ( $, .RADIAN. ) );
#2696 = EDGE_CURVE ( 'NONE', #1215, #2186, #796, .T. ) ;
#2697 = ORIENTED_EDGE ( 'NONE', *, *, #1557, .T. ) ;
#2698 = AXIS2_PLACEMENT_3D ( 'NONE', #2833, #495, #2419 ) ;
#2699 = LINE ( 'NONE', #735, #2130 ) ;
#2700 = SURFACE_STYLE_USAGE ( .BOTH. , #1056 ) ;
#2701 = SURFACE_STYLE_FILL_AREA ( #920 ) ;
#2702 = AXIS2_PLACEMENT_3D ( 'NONE', #2318, #1901, #539 ) ;
#2703 = DIRECTION ( 'NONE',  ( 1.000000000000000000, 0.0000000000000000000, 0.0000000000000000000 ) ) ;
#2704 = CARTESIAN_POINT ( 'NONE',  ( 2.669999999999999500, -3.041267811418298300, 1.869999999999927500 ) ) ;
#2705 = CARTESIAN_POINT ( 'NONE',  ( 2.160000000000000100, -1.080000000000000300, 0.6500000000000000200 ) ) ;
#2706 = ORIENTED_EDGE ( 'NONE', *, *, #2111, .T. ) ;
#2707 = VECTOR ( 'NONE', #635, 1000.000000000000000 ) ;
#2708 = DIRECTION ( 'NONE',  ( 0.0000000000000000000, -0.4226182617406974400, -0.9063077870366509400 ) ) ;
#2709 = VERTEX_POINT ( 'NONE', #419 ) ;
#2710 = DIRECTION ( 'NONE',  ( -1.000000000000000000, 0.0000000000000000000, -0.0000000000000000000 ) ) ;
#2711 = ORIENTED_EDGE ( 'NONE', *, *, #2291, .F. ) ;
#2712 = LINE ( 'NONE', #1232, #962 ) ;
#2713 = CLOSED_SHELL ( 'NONE', ( #71, #90, #1180, #526, #396, #1923, #9, #1996, #1012, #2504, #1511, #950, #1042, #1587, #1393, #2090, #2214, #363, #1363, #2058, #2073 ) ) ;
#2714 = ORIENTED_EDGE ( 'NONE', *, *, #1999, .T. ) ;
#2715 = UNCERTAINTY_MEASURE_WITH_UNIT (LENGTH_MEASURE( 1.000000000000000100E-005 ), #1316, 'distance_accuracy_value', 'NONE');
#2716 = LINE ( 'NONE', #1255, #438 ) ;
#2717 = LINE ( 'NONE', #1530, #1037 ) ;
#2718 = VERTEX_POINT ( 'NONE', #2184 ) ;
#2719 = CARTESIAN_POINT ( 'NONE',  ( -2.669999999999999500, -4.349999999999999600, -9.221312521315205400E-016 ) ) ;
#2720 = FACE_OUTER_BOUND ( 'NONE', #2835, .T. ) ;
#2721 = CARTESIAN_POINT ( 'NONE',  ( -1.909999999999999700, -4.011905390607442000, 1.265046229629320800 ) ) ;
#2722 = SURFACE_STYLE_USAGE ( .BOTH. , #943 ) ;
#2723 = DIRECTION ( 'NONE',  ( -0.0000000000000000000, -0.9990482215818580200, 0.04361938736533214200 ) ) ;
#2724 = PRESENTATION_STYLE_ASSIGNMENT (( #1684 ) ) ;
#2725 = CARTESIAN_POINT ( 'NONE',  ( 3.299999999999999400, 3.049999999999999800, 1.219999999999906500 ) ) ;
#2726 = EDGE_CURVE ( 'NONE', #936, #2241, #1840, .T. ) ;
#2727 = CARTESIAN_POINT ( 'NONE',  ( 2.669999999999999900, 3.829999999999999600, 0.07000000000000000700 ) ) ;
#2728 = ORIENTED_EDGE ( 'NONE', *, *, #1849, .F. ) ;
#2729 = EDGE_CURVE ( 'NONE', #609, #2425, #1906, .T. ) ;
#2730 = EDGE_CURVE ( 'NONE', #654, #1274, #650, .T. ) ;
#2731 = DIRECTION ( 'NONE',  ( -1.000000000000000000, -0.0000000000000000000, -0.0000000000000000000 ) ) ;
#2732 = FILL_AREA_STYLE ('',( #1426 ) ) ;
#2733 = CARTESIAN_POINT ( 'NONE',  ( -2.669999999999999900, 3.049999999999999800, 0.07000000000000018700 ) ) ;
#2734 = DIRECTION ( 'NONE',  ( -0.0000000000000000000, -1.000000000000000000, -6.237034244368226900E-015 ) ) ;
#2735 = VECTOR ( 'NONE', #949, 1000.000000000000100 ) ;
#2736 = MECHANICAL_DESIGN_GEOMETRIC_PRESENTATION_REPRESENTATION (  '', ( #2301 ), #24 ) ;
#2737 = CARTESIAN_POINT ( 'NONE',  ( -2.669999999999999500, -5.870000000000000100, 0.5399999999999992600 ) ) ;
#2738 = FILL_AREA_STYLE ('',( #742 ) ) ;
#2739 = AXIS2_PLACEMENT_3D ( 'NONE', #2797, #2723, #2710 ) ;
#2740 = EDGE_LOOP ( 'NONE', ( #361, #1039, #2642, #2679 ) ) ;
#2741 =( NAMED_UNIT ( * ) SI_UNIT ( $, .STERADIAN. ) SOLID_ANGLE_UNIT ( ) );
#2742 = DIRECTION ( 'NONE',  ( 0.0000000000000000000, -1.606225440719265500E-015, 1.000000000000000000 ) ) ;
#2743 = ORIENTED_EDGE ( 'NONE', *, *, #1313, .T. ) ;
#2744 = EDGE_CURVE ( 'NONE', #2796, #936, #723, .T. ) ;
#2745 = ORIENTED_EDGE ( 'NONE', *, *, #2056, .T. ) ;
#2746 = PRESENTATION_STYLE_ASSIGNMENT (( #1621 ) ) ;
#2747 =( NAMED_UNIT ( * ) SI_UNIT ( $, .STERADIAN. ) SOLID_ANGLE_UNIT ( ) );
#2748 = ORIENTED_EDGE ( 'NONE', *, *, #904, .F. ) ;
#2749 = PRESENTATION_STYLE_ASSIGNMENT (( #2528 ) ) ;
#2750 = DIRECTION ( 'NONE',  ( 1.000000000000000000, -0.0000000000000000000, -0.0000000000000000000 ) ) ;
#2751 = CIRCLE ( 'NONE', #771, 0.5400000000000003700 ) ;
#2752 = CARTESIAN_POINT ( 'NONE',  ( -0.3800000000000000000, -3.038126938372802200, 1.329999999999935500 ) ) ;
#2753 = VERTEX_POINT ( 'NONE', #1982 ) ;
#2754 = FACE_OUTER_BOUND ( 'NONE', #116, .T. ) ;
#2755 = VECTOR ( 'NONE', #2262, 1000.000000000000000 ) ;
#2756 = EDGE_LOOP ( 'NONE', ( #1589, #1341, #1207, #2352 ) ) ;
#2757 = PRESENTATION_LAYER_ASSIGNMENT (  '', '', ( #2457 ) ) ;
#2758 = CARTESIAN_POINT ( 'NONE',  ( -2.669999999999999500, -3.860593795000208500, 0.3117861386600225800 ) ) ;
#2759 = DIRECTION ( 'NONE',  ( 0.0000000000000000000, 1.000000000000000000, 0.0000000000000000000 ) ) ;
#2760 = CARTESIAN_POINT ( 'NONE',  ( -3.300000000000000300, 3.049999999999999800, 0.6500000000000000200 ) ) ;
#2761 = FACE_OUTER_BOUND ( 'NONE', #2345, .T. ) ;
#2762 = DIRECTION ( 'NONE',  ( -1.000000000000000000, -0.0000000000000000000, -0.0000000000000000000 ) ) ;
#2763 = ADVANCED_FACE ( 'NONE', ( #585 ), #425, .F. ) ;
#2764 = PRESENTATION_STYLE_ASSIGNMENT (( #5 ) ) ;
#2765 = DIRECTION ( 'NONE',  ( -1.421904488505579700E-016, 1.000000000000000000, 0.0000000000000000000 ) ) ;
#2766 = PLANE ( 'NONE',  #651 ) ;
#2767 = PRODUCT_RELATED_PRODUCT_CATEGORY ( 'part', '', ( #2603 ) ) ;
#2768 = DIRECTION ( 'NONE',  ( 0.0000000000000000000, 0.9993908270190954300, 0.03489949670251106500 ) ) ;
#2769 =( NAMED_UNIT ( * ) SI_UNIT ( $, .STERADIAN. ) SOLID_ANGLE_UNIT ( ) );
#2770 = PRESENTATION_LAYER_ASSIGNMENT (  '', '', ( #2473 ) ) ;
#2771 = EDGE_CURVE ( 'NONE', #188, #1098, #2656, .T. ) ;
#2772 = EDGE_LOOP ( 'NONE', ( #367, #885, #441, #1478, #927, #176, #674, #2202 ) ) ;
#2773 = VECTOR ( 'NONE', #1516, 1000.000000000000000 ) ;
#2774 = ORIENTED_EDGE ( 'NONE', *, *, #1506, .T. ) ;
#2775 = CARTESIAN_POINT ( 'NONE',  ( 2.160000000000000100, -1.080000000000000300, 0.6500000000000000200 ) ) ;
#2776 = ORIENTED_EDGE ( 'NONE', *, *, #266, .T. ) ;
#2777 = EDGE_CURVE ( 'NONE', #2141, #630, #973, .T. ) ;
#2778 = CLOSED_SHELL ( 'NONE', ( #1337, #2099, #1991, #2284, #151, #277, #906, #1474, #2374, #2393, #1698, #460, #2360, #257, #732, #790, #1677 ) ) ;
#2779 = LINE ( 'NONE', #2277, #502 ) ;
#2780 = PLANE ( 'NONE',  #2304 ) ;
#2781 = ORIENTED_EDGE ( 'NONE', *, *, #1100, .T. ) ;
#2782 = SURFACE_STYLE_USAGE ( .BOTH. , #150 ) ;
#2783 = VECTOR ( 'NONE', #1909, 1000.000000000000000 ) ;
#2784 = VERTEX_POINT ( 'NONE', #1105 ) ;
#2785 = LINE ( 'NONE', #2733, #1101 ) ;
#2786 =( GEOMETRIC_REPRESENTATION_CONTEXT ( 3 ) GLOBAL_UNCERTAINTY_ASSIGNED_CONTEXT ( ( #2715 ) ) GLOBAL_UNIT_ASSIGNED_CONTEXT ( ( #1316, #1322, #1327 ) ) REPRESENTATION_CONTEXT ( 'NONE', 'WORKASPACE' ) );
#2787 = ORIENTED_EDGE ( 'NONE', *, *, #813, .F. ) ;
#2788 = CARTESIAN_POINT ( 'NONE',  ( -2.670000000000001700, 3.049999999999999800, 0.07000000000000000700 ) ) ;
#2789 = MECHANICAL_DESIGN_GEOMETRIC_PRESENTATION_REPRESENTATION (  '', ( #2362 ), #86 ) ;
#2790 = CARTESIAN_POINT ( 'NONE',  ( -3.249789915655211000, -6.931336301655470200E-016, 0.07000000000000000700 ) ) ;
#2791 = COLOUR_RGB ( '',1.000000000000000000, 0.5019607843137254800, 0.0000000000000000000 ) ;
#2792 = FILL_AREA_STYLE_COLOUR ( '', #2112 ) ;
#2793 = ORIENTED_EDGE ( 'NONE', *, *, #2815, .T. ) ;
#2794 = CARTESIAN_POINT ( 'NONE',  ( -2.669999999999999500, -3.385792873817840700, 1.329999999999929200 ) ) ;
#2795 = AXIS2_PLACEMENT_3D ( 'NONE', #1689, #1548, #873 ) ;
#2796 = VERTEX_POINT ( 'NONE', #660 ) ;
#2797 = CARTESIAN_POINT ( 'NONE',  ( 0.0000000000000000000, -3.019437339964041300, 2.370000000000000100 ) ) ;
#2798 = DIRECTION ( 'NONE',  ( 0.0000000000000000000, 0.0000000000000000000, -1.000000000000000000 ) ) ;
#2799 = EDGE_CURVE ( 'NONE', #1381, #484, #306, .T. ) ;
#2800 =( LENGTH_UNIT ( ) NAMED_UNIT ( * ) SI_UNIT ( .MILLI., .METRE. ) );
#2801 = DIRECTION ( 'NONE',  ( 0.0000000000000000000, 0.4226182617406978900, 0.9063077870366507100 ) ) ;
#2802 = VECTOR ( 'NONE', #2278, 1000.000000000000100 ) ;
#2803 = UNCERTAINTY_MEASURE_WITH_UNIT (LENGTH_MEASURE( 1.000000000000000100E-005 ), #625, 'distance_accuracy_value', 'NONE');
#2804 = DIRECTION ( 'NONE',  ( 0.0000000000000000000, -1.000000000000000000, -3.212450881438529900E-015 ) ) ;
#2805 = ORIENTED_EDGE ( 'NONE', *, *, #1139, .T. ) ;
#2806 = VERTEX_POINT ( 'NONE', #1561 ) ;
#2807 = FILL_AREA_STYLE ('',( #177 ) ) ;
#2808 = PLANE ( 'NONE',  #2739 ) ;
#2809 = EDGE_LOOP ( 'NONE', ( #1335, #827, #2541, #1158 ) ) ;
#2810 = VECTOR ( 'NONE', #1202, 1000.000000000000000 ) ;
#2811 = MECHANICAL_DESIGN_GEOMETRIC_PRESENTATION_REPRESENTATION (  '', ( #2384 ), #112 ) ;
#2812 = EDGE_LOOP ( 'NONE', ( #1582, #2040, #1094, #1027 ) ) ;
#2813 = FACE_OUTER_BOUND ( 'NONE', #533, .T. ) ;
#2814 = CARTESIAN_POINT ( 'NONE',  ( -1.719999999999999800, -4.011905390607442000, 1.265046229629320600 ) ) ;
#2815 = EDGE_CURVE ( 'NONE', #1564, #2709, #899, .T. ) ;
#2816 = VECTOR ( 'NONE', #179, 1000.000000000000100 ) ;
#2817 = CARTESIAN_POINT ( 'NONE',  ( -1.909999999999999700, -3.038126938372802200, 1.329999999999935500 ) ) ;
#2818 = VECTOR ( 'NONE', #264, 1000.000000000000000 ) ;
#2819 = DIRECTION ( 'NONE',  ( 0.0000000000000000000, 0.4226182617406965500, 0.9063077870366512700 ) ) ;
#2820 = LINE ( 'NONE', #214, #2755 ) ;
#2821 = AXIS2_PLACEMENT_3D ( 'NONE', #174, #2390, #1061 ) ;
#2822 = ORIENTED_EDGE ( 'NONE', *, *, #1849, .T. ) ;
#2823 = CARTESIAN_POINT ( 'NONE',  ( -1.719999999999999800, -3.522499185607650400, 1.036832368289343700 ) ) ;
#2824 = AXIS2_PLACEMENT_3D ( 'NONE', #2349, #1023, #2564 ) ;
#2825 = CARTESIAN_POINT ( 'NONE',  ( -3.298803606218669900, 2.421196393781336600, 1.192598077328902900 ) ) ;
#2826 = EDGE_CURVE ( 'NONE', #1215, #404, #2009, .T. ) ;
#2827 = VECTOR ( 'NONE', #2283, 1000.000000000000000 ) ;
#2828 = FACE_OUTER_BOUND ( 'NONE', #1118, .T. ) ;
#2829 = EDGE_CURVE ( 'NONE', #958, #180, #835, .T. ) ;
#2830 = UNCERTAINTY_MEASURE_WITH_UNIT (LENGTH_MEASURE( 1.000000000000000100E-005 ), #31, 'distance_accuracy_value', 'NONE');
#2831 = CARTESIAN_POINT ( 'NONE',  ( 1.719999999999999800, -3.860593795000208100, 0.3117861386600225800 ) ) ;
#2832 = PRESENTATION_STYLE_ASSIGNMENT (( #2467 ) ) ;
#2833 = CARTESIAN_POINT ( 'NONE',  ( -2.160000000000000100, -1.080000000000000300, 0.6500000000000000200 ) ) ;
#2834 = DIRECTION ( 'NONE',  ( 0.0000000000000000000, -3.212450881438529900E-015, 1.000000000000000000 ) ) ;
#2835 = EDGE_LOOP ( 'NONE', ( #292, #2612, #1288, #22 ) ) ;
#2836 = VECTOR ( 'NONE', #854, 1000.000000000000000 ) ;
#2837 = PRESENTATION_LAYER_ASSIGNMENT (  '', '', ( #2559 ) ) ;
#2838 = DIRECTION ( 'NONE',  ( -0.0000000000000000000, -1.000000000000000000, -0.0000000000000000000 ) ) ;
#2839 = ORIENTED_EDGE ( 'NONE', *, *, #2674, .T. ) ;
#2840 = CARTESIAN_POINT ( 'NONE',  ( -1.719999999999999800, -3.860593795000208100, 0.3117861386600225800 ) ) ;
#2841 = LINE ( 'NONE', #2760, #1033 ) ;
#2842 = ORIENTED_EDGE ( 'NONE', *, *, #2119, .F. ) ;
#2843 = LINE ( 'NONE', #1795, #1697 ) ;
#2844 = DIRECTION ( 'NONE',  ( 0.0000000000000000000, 1.422901506435916700E-016, -1.000000000000000000 ) ) ;
ENDSEC;
END-ISO-10303-21;
