ISO-10303-21;
HEADER;
/* Generated by software containing ST-Developer
 * from STEP Tools, Inc. (www.steptools.com) 
 */
/* OPTION: using custom schema-name function */

FILE_DESCRIPTION(
/* description */ (''),
/* implementation_level */ '2;1');

FILE_NAME(
/* name */ '2002411132wbm000_02_214.stp',
/* time_stamp */ '2023-08-30T14:42:30+05:00',
/* author */ (''),
/* organization */ (''),
/* preprocessor_version */ 'ST-DEVELOPER v16.7',
/* originating_system */ 'SIEMENS PLM Software NX 1919',
/* authorisation */ '');

FILE_SCHEMA (('AUTOMOTIVE_DESIGN { 1 0 10303 214 3 1 1 1 }'));
ENDSEC;

DATA;
#10=SHAPE_REPRESENTATION_RELATIONSHIP('None',
'relationship between 2002411132wbm000_02-None and 2002411132wbm000_02
-None',#22,#11);
#11=ADVANCED_BREP_SHAPE_REPRESENTATION('2002411132wbm000_02-None',(#32),
#3030);
#12=SHAPE_DEFINITION_REPRESENTATION(#13,#22);
#13=PRODUCT_DEFINITION_SHAPE('','',#14);
#14=PRODUCT_DEFINITION(' ','',#16,#15);
#15=PRODUCT_DEFINITION_CONTEXT('part definition',#21,'design');
#16=PRODUCT_DEFINITION_FORMATION_WITH_SPECIFIED_SOURCE(' ',' ',#18,
 .NOT_KNOWN.);
#17=PRODUCT_RELATED_PRODUCT_CATEGORY('part','',(#18));
#18=PRODUCT('2002411132wbm000_02','2002411132wbm000_02',' ',(#19));
#19=PRODUCT_CONTEXT(' ',#21,'mechanical');
#20=APPLICATION_PROTOCOL_DEFINITION('international standard',
'automotive_design',2010,#21);
#21=APPLICATION_CONTEXT(
'core data for automotive mechanical design processes');
#22=SHAPE_REPRESENTATION('2002411132wbm000_02-None',(#1905),#3030);
#23=PRESENTATION_LAYER_ASSIGNMENT('1','Layer 1',(#32));
#24=STYLED_ITEM('',(#25),#32);
#25=PRESENTATION_STYLE_ASSIGNMENT((#26));
#26=SURFACE_STYLE_USAGE(.BOTH.,#27);
#27=SURFACE_SIDE_STYLE('',(#28));
#28=SURFACE_STYLE_FILL_AREA(#29);
#29=FILL_AREA_STYLE('',(#30));
#30=FILL_AREA_STYLE_COLOUR('',#31);
#31=COLOUR_RGB('Medium Steel',0.596063172350652,0.666666666666667,0.686259250782025);
#32=MANIFOLD_SOLID_BREP('',#33);
#33=CLOSED_SHELL('',(#66,#67,#68,#69,#70,#71,#72,#73,#74,#75,#76,#77,#78,
#79,#80,#81,#82,#83,#84,#85,#86,#87,#88,#89,#90,#91,#92,#93,#94,#95,#96,
#97,#98,#99,#100,#101,#102,#103,#104,#105,#106,#107,#108,#109,#110,#111,
#112,#113,#114,#115,#116,#117,#118,#119,#120,#121,#122,#123,#124,#125,#126,
#127,#128,#129,#130,#131,#132,#133,#134,#135,#136,#137,#138,#139,#140,#141,
#142,#143,#144,#145,#146,#147,#148,#149,#150,#151,#152,#153,#154,#155,#156,
#157,#158,#159,#160,#161,#162,#163));
#34=CYLINDRICAL_SURFACE('',#1924,1.5);
#35=CYLINDRICAL_SURFACE('',#1927,0.85);
#36=CYLINDRICAL_SURFACE('',#1930,1.55);
#37=CYLINDRICAL_SURFACE('',#1933,0.85);
#38=CYLINDRICAL_SURFACE('',#1936,1.5);
#39=CYLINDRICAL_SURFACE('',#1939,0.85);
#40=CYLINDRICAL_SURFACE('',#1942,1.55);
#41=CYLINDRICAL_SURFACE('',#1945,0.849999999999943);
#42=CIRCLE('',#1912,1.5);
#43=CIRCLE('',#1913,0.849999999999943);
#44=CIRCLE('',#1914,1.55);
#45=CIRCLE('',#1915,0.85);
#46=CIRCLE('',#1916,1.5);
#47=CIRCLE('',#1917,0.85);
#48=CIRCLE('',#1918,1.55);
#49=CIRCLE('',#1919,0.85);
#50=CIRCLE('',#1923,1.5);
#51=CIRCLE('',#1926,0.85);
#52=CIRCLE('',#1929,1.55);
#53=CIRCLE('',#1932,0.85);
#54=CIRCLE('',#1935,1.5);
#55=CIRCLE('',#1938,0.85);
#56=CIRCLE('',#1941,1.55);
#57=CIRCLE('',#1944,0.849999999999943);
#58=FACE_BOUND('',#355,.T.);
#59=FACE_BOUND('',#356,.T.);
#60=FACE_BOUND('',#357,.T.);
#61=FACE_BOUND('',#358,.T.);
#62=FACE_BOUND('',#399,.T.);
#63=FACE_BOUND('',#400,.T.);
#64=FACE_BOUND('',#408,.T.);
#65=FACE_BOUND('',#409,.T.);
#66=ADVANCED_FACE('',(#254),#164,.T.);
#67=ADVANCED_FACE('',(#255),#165,.F.);
#68=ADVANCED_FACE('',(#256),#166,.T.);
#69=ADVANCED_FACE('',(#257),#167,.F.);
#70=ADVANCED_FACE('',(#258),#168,.T.);
#71=ADVANCED_FACE('',(#259),#169,.T.);
#72=ADVANCED_FACE('',(#58,#59,#60,#61),#170,.T.);
#73=ADVANCED_FACE('',(#260),#171,.T.);
#74=ADVANCED_FACE('',(#261),#172,.F.);
#75=ADVANCED_FACE('',(#262),#34,.T.);
#76=ADVANCED_FACE('',(#263),#173,.F.);
#77=ADVANCED_FACE('',(#264),#35,.F.);
#78=ADVANCED_FACE('',(#265),#174,.F.);
#79=ADVANCED_FACE('',(#266),#36,.T.);
#80=ADVANCED_FACE('',(#267),#175,.F.);
#81=ADVANCED_FACE('',(#268),#37,.F.);
#82=ADVANCED_FACE('',(#269),#176,.F.);
#83=ADVANCED_FACE('',(#270),#38,.T.);
#84=ADVANCED_FACE('',(#271),#177,.F.);
#85=ADVANCED_FACE('',(#272),#39,.F.);
#86=ADVANCED_FACE('',(#273),#178,.F.);
#87=ADVANCED_FACE('',(#274),#40,.T.);
#88=ADVANCED_FACE('',(#275),#179,.F.);
#89=ADVANCED_FACE('',(#276),#41,.F.);
#90=ADVANCED_FACE('',(#277),#180,.F.);
#91=ADVANCED_FACE('',(#278),#181,.T.);
#92=ADVANCED_FACE('',(#279),#182,.F.);
#93=ADVANCED_FACE('',(#280),#183,.F.);
#94=ADVANCED_FACE('',(#281),#184,.F.);
#95=ADVANCED_FACE('',(#282),#185,.F.);
#96=ADVANCED_FACE('',(#283),#186,.T.);
#97=ADVANCED_FACE('',(#284),#187,.F.);
#98=ADVANCED_FACE('',(#285),#188,.F.);
#99=ADVANCED_FACE('',(#286),#189,.F.);
#100=ADVANCED_FACE('',(#287),#190,.F.);
#101=ADVANCED_FACE('',(#288),#191,.F.);
#102=ADVANCED_FACE('',(#289),#192,.T.);
#103=ADVANCED_FACE('',(#290),#193,.F.);
#104=ADVANCED_FACE('',(#291),#194,.F.);
#105=ADVANCED_FACE('',(#292),#195,.F.);
#106=ADVANCED_FACE('',(#293),#196,.F.);
#107=ADVANCED_FACE('',(#294),#197,.F.);
#108=ADVANCED_FACE('',(#295),#198,.F.);
#109=ADVANCED_FACE('',(#296),#199,.F.);
#110=ADVANCED_FACE('',(#297),#200,.F.);
#111=ADVANCED_FACE('',(#298),#201,.F.);
#112=ADVANCED_FACE('',(#299),#202,.F.);
#113=ADVANCED_FACE('',(#62,#63),#203,.T.);
#114=ADVANCED_FACE('',(#300),#204,.T.);
#115=ADVANCED_FACE('',(#301),#205,.T.);
#116=ADVANCED_FACE('',(#302),#206,.T.);
#117=ADVANCED_FACE('',(#303),#207,.T.);
#118=ADVANCED_FACE('',(#304),#208,.T.);
#119=ADVANCED_FACE('',(#305),#209,.T.);
#120=ADVANCED_FACE('',(#306),#210,.T.);
#121=ADVANCED_FACE('',(#64,#65),#211,.F.);
#122=ADVANCED_FACE('',(#307),#212,.F.);
#123=ADVANCED_FACE('',(#308),#213,.F.);
#124=ADVANCED_FACE('',(#309),#214,.T.);
#125=ADVANCED_FACE('',(#310),#215,.F.);
#126=ADVANCED_FACE('',(#311),#216,.F.);
#127=ADVANCED_FACE('',(#312),#217,.T.);
#128=ADVANCED_FACE('',(#313),#218,.T.);
#129=ADVANCED_FACE('',(#314),#219,.T.);
#130=ADVANCED_FACE('',(#315),#220,.T.);
#131=ADVANCED_FACE('',(#316),#221,.T.);
#132=ADVANCED_FACE('',(#317),#222,.T.);
#133=ADVANCED_FACE('',(#318),#223,.T.);
#134=ADVANCED_FACE('',(#319),#224,.T.);
#135=ADVANCED_FACE('',(#320),#225,.T.);
#136=ADVANCED_FACE('',(#321),#226,.T.);
#137=ADVANCED_FACE('',(#322),#227,.F.);
#138=ADVANCED_FACE('',(#323),#228,.T.);
#139=ADVANCED_FACE('',(#324),#229,.T.);
#140=ADVANCED_FACE('',(#325),#230,.T.);
#141=ADVANCED_FACE('',(#326),#231,.T.);
#142=ADVANCED_FACE('',(#327),#232,.F.);
#143=ADVANCED_FACE('',(#328),#233,.F.);
#144=ADVANCED_FACE('',(#329),#234,.F.);
#145=ADVANCED_FACE('',(#330),#235,.F.);
#146=ADVANCED_FACE('',(#331),#236,.T.);
#147=ADVANCED_FACE('',(#332),#237,.T.);
#148=ADVANCED_FACE('',(#333),#238,.T.);
#149=ADVANCED_FACE('',(#334),#239,.T.);
#150=ADVANCED_FACE('',(#335),#240,.T.);
#151=ADVANCED_FACE('',(#336),#241,.T.);
#152=ADVANCED_FACE('',(#337),#242,.T.);
#153=ADVANCED_FACE('',(#338),#243,.T.);
#154=ADVANCED_FACE('',(#339),#244,.T.);
#155=ADVANCED_FACE('',(#340),#245,.F.);
#156=ADVANCED_FACE('',(#341),#246,.T.);
#157=ADVANCED_FACE('',(#342),#247,.T.);
#158=ADVANCED_FACE('',(#343),#248,.T.);
#159=ADVANCED_FACE('',(#344),#249,.T.);
#160=ADVANCED_FACE('',(#345),#250,.F.);
#161=ADVANCED_FACE('',(#346),#251,.F.);
#162=ADVANCED_FACE('',(#347),#252,.F.);
#163=ADVANCED_FACE('',(#348),#253,.F.);
#164=PLANE('',#1906);
#165=PLANE('',#1907);
#166=PLANE('',#1908);
#167=PLANE('',#1909);
#168=PLANE('',#1910);
#169=PLANE('',#1911);
#170=PLANE('',#1920);
#171=PLANE('',#1921);
#172=PLANE('',#1922);
#173=PLANE('',#1925);
#174=PLANE('',#1928);
#175=PLANE('',#1931);
#176=PLANE('',#1934);
#177=PLANE('',#1937);
#178=PLANE('',#1940);
#179=PLANE('',#1943);
#180=PLANE('',#1946);
#181=PLANE('',#1947);
#182=PLANE('',#1948);
#183=PLANE('',#1949);
#184=PLANE('',#1950);
#185=PLANE('',#1951);
#186=PLANE('',#1952);
#187=PLANE('',#1953);
#188=PLANE('',#1954);
#189=PLANE('',#1955);
#190=PLANE('',#1956);
#191=PLANE('',#1957);
#192=PLANE('',#1958);
#193=PLANE('',#1959);
#194=PLANE('',#1960);
#195=PLANE('',#1961);
#196=PLANE('',#1962);
#197=PLANE('',#1963);
#198=PLANE('',#1964);
#199=PLANE('',#1965);
#200=PLANE('',#1966);
#201=PLANE('',#1967);
#202=PLANE('',#1968);
#203=PLANE('',#1969);
#204=PLANE('',#1970);
#205=PLANE('',#1971);
#206=PLANE('',#1972);
#207=PLANE('',#1973);
#208=PLANE('',#1974);
#209=PLANE('',#1975);
#210=PLANE('',#1976);
#211=PLANE('',#1977);
#212=PLANE('',#1978);
#213=PLANE('',#1979);
#214=PLANE('',#1980);
#215=PLANE('',#1981);
#216=PLANE('',#1982);
#217=PLANE('',#1983);
#218=PLANE('',#1984);
#219=PLANE('',#1985);
#220=PLANE('',#1986);
#221=PLANE('',#1987);
#222=PLANE('',#1988);
#223=PLANE('',#1989);
#224=PLANE('',#1990);
#225=PLANE('',#1991);
#226=PLANE('',#1992);
#227=PLANE('',#1993);
#228=PLANE('',#1994);
#229=PLANE('',#1995);
#230=PLANE('',#1996);
#231=PLANE('',#1997);
#232=PLANE('',#1998);
#233=PLANE('',#1999);
#234=PLANE('',#2000);
#235=PLANE('',#2001);
#236=PLANE('',#2002);
#237=PLANE('',#2003);
#238=PLANE('',#2004);
#239=PLANE('',#2005);
#240=PLANE('',#2006);
#241=PLANE('',#2007);
#242=PLANE('',#2008);
#243=PLANE('',#2009);
#244=PLANE('',#2010);
#245=PLANE('',#2011);
#246=PLANE('',#2012);
#247=PLANE('',#2013);
#248=PLANE('',#2014);
#249=PLANE('',#2015);
#250=PLANE('',#2016);
#251=PLANE('',#2017);
#252=PLANE('',#2018);
#253=PLANE('',#2019);
#254=FACE_OUTER_BOUND('',#349,.T.);
#255=FACE_OUTER_BOUND('',#350,.T.);
#256=FACE_OUTER_BOUND('',#351,.T.);
#257=FACE_OUTER_BOUND('',#352,.T.);
#258=FACE_OUTER_BOUND('',#353,.T.);
#259=FACE_OUTER_BOUND('',#354,.T.);
#260=FACE_OUTER_BOUND('',#359,.T.);
#261=FACE_OUTER_BOUND('',#360,.T.);
#262=FACE_OUTER_BOUND('',#361,.T.);
#263=FACE_OUTER_BOUND('',#362,.T.);
#264=FACE_OUTER_BOUND('',#363,.T.);
#265=FACE_OUTER_BOUND('',#364,.T.);
#266=FACE_OUTER_BOUND('',#365,.T.);
#267=FACE_OUTER_BOUND('',#366,.T.);
#268=FACE_OUTER_BOUND('',#367,.T.);
#269=FACE_OUTER_BOUND('',#368,.T.);
#270=FACE_OUTER_BOUND('',#369,.T.);
#271=FACE_OUTER_BOUND('',#370,.T.);
#272=FACE_OUTER_BOUND('',#371,.T.);
#273=FACE_OUTER_BOUND('',#372,.T.);
#274=FACE_OUTER_BOUND('',#373,.T.);
#275=FACE_OUTER_BOUND('',#374,.T.);
#276=FACE_OUTER_BOUND('',#375,.T.);
#277=FACE_OUTER_BOUND('',#376,.T.);
#278=FACE_OUTER_BOUND('',#377,.T.);
#279=FACE_OUTER_BOUND('',#378,.T.);
#280=FACE_OUTER_BOUND('',#379,.T.);
#281=FACE_OUTER_BOUND('',#380,.T.);
#282=FACE_OUTER_BOUND('',#381,.T.);
#283=FACE_OUTER_BOUND('',#382,.T.);
#284=FACE_OUTER_BOUND('',#383,.T.);
#285=FACE_OUTER_BOUND('',#384,.T.);
#286=FACE_OUTER_BOUND('',#385,.T.);
#287=FACE_OUTER_BOUND('',#386,.T.);
#288=FACE_OUTER_BOUND('',#387,.T.);
#289=FACE_OUTER_BOUND('',#388,.T.);
#290=FACE_OUTER_BOUND('',#389,.T.);
#291=FACE_OUTER_BOUND('',#390,.T.);
#292=FACE_OUTER_BOUND('',#391,.T.);
#293=FACE_OUTER_BOUND('',#392,.T.);
#294=FACE_OUTER_BOUND('',#393,.T.);
#295=FACE_OUTER_BOUND('',#394,.T.);
#296=FACE_OUTER_BOUND('',#395,.T.);
#297=FACE_OUTER_BOUND('',#396,.T.);
#298=FACE_OUTER_BOUND('',#397,.T.);
#299=FACE_OUTER_BOUND('',#398,.T.);
#300=FACE_OUTER_BOUND('',#401,.T.);
#301=FACE_OUTER_BOUND('',#402,.T.);
#302=FACE_OUTER_BOUND('',#403,.T.);
#303=FACE_OUTER_BOUND('',#404,.T.);
#304=FACE_OUTER_BOUND('',#405,.T.);
#305=FACE_OUTER_BOUND('',#406,.T.);
#306=FACE_OUTER_BOUND('',#407,.T.);
#307=FACE_OUTER_BOUND('',#410,.T.);
#308=FACE_OUTER_BOUND('',#411,.T.);
#309=FACE_OUTER_BOUND('',#412,.T.);
#310=FACE_OUTER_BOUND('',#413,.T.);
#311=FACE_OUTER_BOUND('',#414,.T.);
#312=FACE_OUTER_BOUND('',#415,.T.);
#313=FACE_OUTER_BOUND('',#416,.T.);
#314=FACE_OUTER_BOUND('',#417,.T.);
#315=FACE_OUTER_BOUND('',#418,.T.);
#316=FACE_OUTER_BOUND('',#419,.T.);
#317=FACE_OUTER_BOUND('',#420,.T.);
#318=FACE_OUTER_BOUND('',#421,.T.);
#319=FACE_OUTER_BOUND('',#422,.T.);
#320=FACE_OUTER_BOUND('',#423,.T.);
#321=FACE_OUTER_BOUND('',#424,.T.);
#322=FACE_OUTER_BOUND('',#425,.T.);
#323=FACE_OUTER_BOUND('',#426,.T.);
#324=FACE_OUTER_BOUND('',#427,.T.);
#325=FACE_OUTER_BOUND('',#428,.T.);
#326=FACE_OUTER_BOUND('',#429,.T.);
#327=FACE_OUTER_BOUND('',#430,.T.);
#328=FACE_OUTER_BOUND('',#431,.T.);
#329=FACE_OUTER_BOUND('',#432,.T.);
#330=FACE_OUTER_BOUND('',#433,.T.);
#331=FACE_OUTER_BOUND('',#434,.T.);
#332=FACE_OUTER_BOUND('',#435,.T.);
#333=FACE_OUTER_BOUND('',#436,.T.);
#334=FACE_OUTER_BOUND('',#437,.T.);
#335=FACE_OUTER_BOUND('',#438,.T.);
#336=FACE_OUTER_BOUND('',#439,.T.);
#337=FACE_OUTER_BOUND('',#440,.T.);
#338=FACE_OUTER_BOUND('',#441,.T.);
#339=FACE_OUTER_BOUND('',#442,.T.);
#340=FACE_OUTER_BOUND('',#443,.T.);
#341=FACE_OUTER_BOUND('',#444,.T.);
#342=FACE_OUTER_BOUND('',#445,.T.);
#343=FACE_OUTER_BOUND('',#446,.T.);
#344=FACE_OUTER_BOUND('',#447,.T.);
#345=FACE_OUTER_BOUND('',#448,.T.);
#346=FACE_OUTER_BOUND('',#449,.T.);
#347=FACE_OUTER_BOUND('',#450,.T.);
#348=FACE_OUTER_BOUND('',#451,.T.);
#349=EDGE_LOOP('',(#452,#453,#454,#455,#456,#457,#458,#459,#460,#461,#462,
#463,#464,#465,#466,#467,#468,#469,#470,#471,#472,#473,#474,#475,#476,#477,
#478,#479,#480,#481,#482,#483,#484,#485));
#350=EDGE_LOOP('',(#486,#487,#488,#489));
#351=EDGE_LOOP('',(#490,#491,#492,#493));
#352=EDGE_LOOP('',(#494,#495,#496,#497,#498,#499,#500,#501));
#353=EDGE_LOOP('',(#502,#503,#504,#505,#506,#507,#508,#509));
#354=EDGE_LOOP('',(#510,#511,#512,#513));
#355=EDGE_LOOP('',(#514,#515,#516,#517));
#356=EDGE_LOOP('',(#518,#519,#520,#521));
#357=EDGE_LOOP('',(#522,#523,#524,#525,#526,#527,#528,#529,#530,#531,#532,
#533,#534,#535,#536,#537));
#358=EDGE_LOOP('',(#538,#539,#540,#541));
#359=EDGE_LOOP('',(#542,#543,#544,#545));
#360=EDGE_LOOP('',(#546,#547,#548,#549,#550,#551,#552,#553,#554,#555,#556,
#557));
#361=EDGE_LOOP('',(#558,#559,#560,#561));
#362=EDGE_LOOP('',(#562,#563,#564,#565));
#363=EDGE_LOOP('',(#566,#567,#568,#569));
#364=EDGE_LOOP('',(#570,#571,#572,#573));
#365=EDGE_LOOP('',(#574,#575,#576,#577));
#366=EDGE_LOOP('',(#578,#579,#580,#581));
#367=EDGE_LOOP('',(#582,#583,#584,#585));
#368=EDGE_LOOP('',(#586,#587,#588,#589));
#369=EDGE_LOOP('',(#590,#591,#592,#593));
#370=EDGE_LOOP('',(#594,#595,#596,#597));
#371=EDGE_LOOP('',(#598,#599,#600,#601));
#372=EDGE_LOOP('',(#602,#603,#604,#605));
#373=EDGE_LOOP('',(#606,#607,#608,#609));
#374=EDGE_LOOP('',(#610,#611,#612,#613));
#375=EDGE_LOOP('',(#614,#615,#616,#617));
#376=EDGE_LOOP('',(#618,#619,#620,#621));
#377=EDGE_LOOP('',(#622,#623,#624,#625,#626,#627,#628,#629,#630,#631,#632,
#633,#634,#635,#636,#637));
#378=EDGE_LOOP('',(#638,#639,#640,#641,#642,#643,#644,#645));
#379=EDGE_LOOP('',(#646,#647,#648,#649));
#380=EDGE_LOOP('',(#650,#651,#652,#653,#654,#655,#656,#657));
#381=EDGE_LOOP('',(#658,#659,#660,#661));
#382=EDGE_LOOP('',(#662,#663,#664,#665,#666,#667,#668));
#383=EDGE_LOOP('',(#669,#670,#671,#672,#673,#674,#675));
#384=EDGE_LOOP('',(#676,#677,#678,#679,#680,#681));
#385=EDGE_LOOP('',(#682,#683,#684,#685));
#386=EDGE_LOOP('',(#686,#687,#688,#689,#690,#691));
#387=EDGE_LOOP('',(#692,#693,#694,#695,#696,#697,#698,#699));
#388=EDGE_LOOP('',(#700,#701,#702,#703,#704,#705,#706,#707));
#389=EDGE_LOOP('',(#708,#709,#710,#711,#712,#713));
#390=EDGE_LOOP('',(#714,#715,#716,#717));
#391=EDGE_LOOP('',(#718,#719,#720,#721,#722,#723));
#392=EDGE_LOOP('',(#724,#725,#726,#727));
#393=EDGE_LOOP('',(#728,#729,#730,#731));
#394=EDGE_LOOP('',(#732,#733,#734,#735));
#395=EDGE_LOOP('',(#736,#737,#738,#739));
#396=EDGE_LOOP('',(#740,#741,#742,#743));
#397=EDGE_LOOP('',(#744,#745,#746,#747,#748,#749,#750,#751));
#398=EDGE_LOOP('',(#752,#753,#754,#755));
#399=EDGE_LOOP('',(#756,#757,#758,#759));
#400=EDGE_LOOP('',(#760,#761,#762,#763,#764,#765,#766));
#401=EDGE_LOOP('',(#767,#768,#769,#770));
#402=EDGE_LOOP('',(#771,#772,#773,#774));
#403=EDGE_LOOP('',(#775,#776,#777,#778));
#404=EDGE_LOOP('',(#779,#780,#781,#782));
#405=EDGE_LOOP('',(#783,#784,#785,#786));
#406=EDGE_LOOP('',(#787,#788,#789,#790,#791,#792,#793,#794));
#407=EDGE_LOOP('',(#795,#796,#797,#798));
#408=EDGE_LOOP('',(#799,#800,#801,#802));
#409=EDGE_LOOP('',(#803,#804,#805,#806,#807,#808,#809));
#410=EDGE_LOOP('',(#810,#811,#812,#813));
#411=EDGE_LOOP('',(#814,#815,#816,#817));
#412=EDGE_LOOP('',(#818,#819,#820,#821));
#413=EDGE_LOOP('',(#822,#823,#824,#825));
#414=EDGE_LOOP('',(#826,#827,#828,#829));
#415=EDGE_LOOP('',(#830,#831,#832,#833));
#416=EDGE_LOOP('',(#834,#835,#836,#837));
#417=EDGE_LOOP('',(#838,#839,#840,#841));
#418=EDGE_LOOP('',(#842,#843,#844,#845));
#419=EDGE_LOOP('',(#846,#847,#848,#849));
#420=EDGE_LOOP('',(#850,#851,#852,#853));
#421=EDGE_LOOP('',(#854,#855,#856,#857));
#422=EDGE_LOOP('',(#858,#859,#860,#861));
#423=EDGE_LOOP('',(#862,#863,#864,#865));
#424=EDGE_LOOP('',(#866,#867,#868,#869));
#425=EDGE_LOOP('',(#870,#871,#872,#873));
#426=EDGE_LOOP('',(#874,#875,#876,#877));
#427=EDGE_LOOP('',(#878,#879,#880,#881));
#428=EDGE_LOOP('',(#882,#883,#884,#885));
#429=EDGE_LOOP('',(#886,#887,#888,#889));
#430=EDGE_LOOP('',(#890,#891,#892,#893));
#431=EDGE_LOOP('',(#894,#895,#896,#897));
#432=EDGE_LOOP('',(#898,#899,#900,#901));
#433=EDGE_LOOP('',(#902,#903,#904,#905));
#434=EDGE_LOOP('',(#906,#907,#908,#909));
#435=EDGE_LOOP('',(#910,#911,#912,#913));
#436=EDGE_LOOP('',(#914,#915,#916,#917));
#437=EDGE_LOOP('',(#918,#919,#920,#921));
#438=EDGE_LOOP('',(#922,#923,#924,#925));
#439=EDGE_LOOP('',(#926,#927,#928,#929));
#440=EDGE_LOOP('',(#930,#931,#932,#933));
#441=EDGE_LOOP('',(#934,#935,#936,#937));
#442=EDGE_LOOP('',(#938,#939,#940,#941));
#443=EDGE_LOOP('',(#942,#943,#944,#945));
#444=EDGE_LOOP('',(#946,#947,#948,#949));
#445=EDGE_LOOP('',(#950,#951,#952,#953));
#446=EDGE_LOOP('',(#954,#955,#956,#957));
#447=EDGE_LOOP('',(#958,#959,#960,#961));
#448=EDGE_LOOP('',(#962,#963,#964,#965));
#449=EDGE_LOOP('',(#966,#967,#968,#969));
#450=EDGE_LOOP('',(#970,#971,#972,#973));
#451=EDGE_LOOP('',(#974,#975,#976,#977));
#452=ORIENTED_EDGE('',*,*,#1148,.F.);
#453=ORIENTED_EDGE('',*,*,#1149,.T.);
#454=ORIENTED_EDGE('',*,*,#1150,.T.);
#455=ORIENTED_EDGE('',*,*,#1151,.T.);
#456=ORIENTED_EDGE('',*,*,#1152,.T.);
#457=ORIENTED_EDGE('',*,*,#1153,.T.);
#458=ORIENTED_EDGE('',*,*,#1154,.T.);
#459=ORIENTED_EDGE('',*,*,#1155,.T.);
#460=ORIENTED_EDGE('',*,*,#1156,.T.);
#461=ORIENTED_EDGE('',*,*,#1157,.F.);
#462=ORIENTED_EDGE('',*,*,#1158,.T.);
#463=ORIENTED_EDGE('',*,*,#1159,.F.);
#464=ORIENTED_EDGE('',*,*,#1160,.F.);
#465=ORIENTED_EDGE('',*,*,#1161,.F.);
#466=ORIENTED_EDGE('',*,*,#1162,.F.);
#467=ORIENTED_EDGE('',*,*,#1163,.F.);
#468=ORIENTED_EDGE('',*,*,#1164,.F.);
#469=ORIENTED_EDGE('',*,*,#1165,.F.);
#470=ORIENTED_EDGE('',*,*,#1166,.F.);
#471=ORIENTED_EDGE('',*,*,#1167,.F.);
#472=ORIENTED_EDGE('',*,*,#1168,.F.);
#473=ORIENTED_EDGE('',*,*,#1169,.T.);
#474=ORIENTED_EDGE('',*,*,#1170,.T.);
#475=ORIENTED_EDGE('',*,*,#1171,.F.);
#476=ORIENTED_EDGE('',*,*,#1172,.T.);
#477=ORIENTED_EDGE('',*,*,#1173,.F.);
#478=ORIENTED_EDGE('',*,*,#1174,.F.);
#479=ORIENTED_EDGE('',*,*,#1175,.F.);
#480=ORIENTED_EDGE('',*,*,#1176,.F.);
#481=ORIENTED_EDGE('',*,*,#1177,.F.);
#482=ORIENTED_EDGE('',*,*,#1178,.F.);
#483=ORIENTED_EDGE('',*,*,#1179,.F.);
#484=ORIENTED_EDGE('',*,*,#1180,.F.);
#485=ORIENTED_EDGE('',*,*,#1181,.T.);
#486=ORIENTED_EDGE('',*,*,#1177,.T.);
#487=ORIENTED_EDGE('',*,*,#1182,.T.);
#488=ORIENTED_EDGE('',*,*,#1183,.F.);
#489=ORIENTED_EDGE('',*,*,#1184,.F.);
#490=ORIENTED_EDGE('',*,*,#1185,.T.);
#491=ORIENTED_EDGE('',*,*,#1186,.T.);
#492=ORIENTED_EDGE('',*,*,#1187,.T.);
#493=ORIENTED_EDGE('',*,*,#1188,.F.);
#494=ORIENTED_EDGE('',*,*,#1189,.F.);
#495=ORIENTED_EDGE('',*,*,#1190,.F.);
#496=ORIENTED_EDGE('',*,*,#1191,.F.);
#497=ORIENTED_EDGE('',*,*,#1192,.T.);
#498=ORIENTED_EDGE('',*,*,#1193,.T.);
#499=ORIENTED_EDGE('',*,*,#1194,.F.);
#500=ORIENTED_EDGE('',*,*,#1195,.F.);
#501=ORIENTED_EDGE('',*,*,#1196,.F.);
#502=ORIENTED_EDGE('',*,*,#1197,.T.);
#503=ORIENTED_EDGE('',*,*,#1198,.T.);
#504=ORIENTED_EDGE('',*,*,#1171,.T.);
#505=ORIENTED_EDGE('',*,*,#1199,.T.);
#506=ORIENTED_EDGE('',*,*,#1200,.T.);
#507=ORIENTED_EDGE('',*,*,#1201,.T.);
#508=ORIENTED_EDGE('',*,*,#1179,.T.);
#509=ORIENTED_EDGE('',*,*,#1202,.F.);
#510=ORIENTED_EDGE('',*,*,#1199,.F.);
#511=ORIENTED_EDGE('',*,*,#1170,.F.);
#512=ORIENTED_EDGE('',*,*,#1203,.T.);
#513=ORIENTED_EDGE('',*,*,#1204,.T.);
#514=ORIENTED_EDGE('',*,*,#1205,.F.);
#515=ORIENTED_EDGE('',*,*,#1206,.F.);
#516=ORIENTED_EDGE('',*,*,#1207,.F.);
#517=ORIENTED_EDGE('',*,*,#1208,.F.);
#518=ORIENTED_EDGE('',*,*,#1209,.F.);
#519=ORIENTED_EDGE('',*,*,#1210,.F.);
#520=ORIENTED_EDGE('',*,*,#1211,.F.);
#521=ORIENTED_EDGE('',*,*,#1212,.F.);
#522=ORIENTED_EDGE('',*,*,#1213,.F.);
#523=ORIENTED_EDGE('',*,*,#1214,.F.);
#524=ORIENTED_EDGE('',*,*,#1215,.F.);
#525=ORIENTED_EDGE('',*,*,#1216,.F.);
#526=ORIENTED_EDGE('',*,*,#1217,.F.);
#527=ORIENTED_EDGE('',*,*,#1218,.F.);
#528=ORIENTED_EDGE('',*,*,#1219,.F.);
#529=ORIENTED_EDGE('',*,*,#1220,.F.);
#530=ORIENTED_EDGE('',*,*,#1221,.F.);
#531=ORIENTED_EDGE('',*,*,#1222,.F.);
#532=ORIENTED_EDGE('',*,*,#1223,.F.);
#533=ORIENTED_EDGE('',*,*,#1224,.F.);
#534=ORIENTED_EDGE('',*,*,#1225,.F.);
#535=ORIENTED_EDGE('',*,*,#1226,.F.);
#536=ORIENTED_EDGE('',*,*,#1227,.F.);
#537=ORIENTED_EDGE('',*,*,#1228,.F.);
#538=ORIENTED_EDGE('',*,*,#1200,.F.);
#539=ORIENTED_EDGE('',*,*,#1204,.F.);
#540=ORIENTED_EDGE('',*,*,#1229,.T.);
#541=ORIENTED_EDGE('',*,*,#1230,.T.);
#542=ORIENTED_EDGE('',*,*,#1201,.F.);
#543=ORIENTED_EDGE('',*,*,#1230,.F.);
#544=ORIENTED_EDGE('',*,*,#1231,.T.);
#545=ORIENTED_EDGE('',*,*,#1180,.T.);
#546=ORIENTED_EDGE('',*,*,#1232,.F.);
#547=ORIENTED_EDGE('',*,*,#1233,.T.);
#548=ORIENTED_EDGE('',*,*,#1181,.F.);
#549=ORIENTED_EDGE('',*,*,#1231,.F.);
#550=ORIENTED_EDGE('',*,*,#1229,.F.);
#551=ORIENTED_EDGE('',*,*,#1203,.F.);
#552=ORIENTED_EDGE('',*,*,#1169,.F.);
#553=ORIENTED_EDGE('',*,*,#1234,.F.);
#554=ORIENTED_EDGE('',*,*,#1235,.F.);
#555=ORIENTED_EDGE('',*,*,#1236,.T.);
#556=ORIENTED_EDGE('',*,*,#1158,.F.);
#557=ORIENTED_EDGE('',*,*,#1237,.F.);
#558=ORIENTED_EDGE('',*,*,#1213,.T.);
#559=ORIENTED_EDGE('',*,*,#1238,.F.);
#560=ORIENTED_EDGE('',*,*,#1239,.F.);
#561=ORIENTED_EDGE('',*,*,#1240,.T.);
#562=ORIENTED_EDGE('',*,*,#1228,.T.);
#563=ORIENTED_EDGE('',*,*,#1241,.F.);
#564=ORIENTED_EDGE('',*,*,#1242,.F.);
#565=ORIENTED_EDGE('',*,*,#1238,.T.);
#566=ORIENTED_EDGE('',*,*,#1227,.T.);
#567=ORIENTED_EDGE('',*,*,#1243,.F.);
#568=ORIENTED_EDGE('',*,*,#1244,.F.);
#569=ORIENTED_EDGE('',*,*,#1241,.T.);
#570=ORIENTED_EDGE('',*,*,#1226,.T.);
#571=ORIENTED_EDGE('',*,*,#1245,.F.);
#572=ORIENTED_EDGE('',*,*,#1246,.F.);
#573=ORIENTED_EDGE('',*,*,#1243,.T.);
#574=ORIENTED_EDGE('',*,*,#1225,.T.);
#575=ORIENTED_EDGE('',*,*,#1247,.F.);
#576=ORIENTED_EDGE('',*,*,#1248,.F.);
#577=ORIENTED_EDGE('',*,*,#1245,.T.);
#578=ORIENTED_EDGE('',*,*,#1224,.T.);
#579=ORIENTED_EDGE('',*,*,#1249,.F.);
#580=ORIENTED_EDGE('',*,*,#1250,.F.);
#581=ORIENTED_EDGE('',*,*,#1247,.T.);
#582=ORIENTED_EDGE('',*,*,#1223,.T.);
#583=ORIENTED_EDGE('',*,*,#1251,.F.);
#584=ORIENTED_EDGE('',*,*,#1252,.F.);
#585=ORIENTED_EDGE('',*,*,#1249,.T.);
#586=ORIENTED_EDGE('',*,*,#1222,.T.);
#587=ORIENTED_EDGE('',*,*,#1253,.F.);
#588=ORIENTED_EDGE('',*,*,#1254,.F.);
#589=ORIENTED_EDGE('',*,*,#1251,.T.);
#590=ORIENTED_EDGE('',*,*,#1221,.T.);
#591=ORIENTED_EDGE('',*,*,#1255,.F.);
#592=ORIENTED_EDGE('',*,*,#1256,.F.);
#593=ORIENTED_EDGE('',*,*,#1253,.T.);
#594=ORIENTED_EDGE('',*,*,#1220,.T.);
#595=ORIENTED_EDGE('',*,*,#1257,.F.);
#596=ORIENTED_EDGE('',*,*,#1258,.F.);
#597=ORIENTED_EDGE('',*,*,#1255,.T.);
#598=ORIENTED_EDGE('',*,*,#1219,.T.);
#599=ORIENTED_EDGE('',*,*,#1259,.F.);
#600=ORIENTED_EDGE('',*,*,#1260,.F.);
#601=ORIENTED_EDGE('',*,*,#1257,.T.);
#602=ORIENTED_EDGE('',*,*,#1218,.T.);
#603=ORIENTED_EDGE('',*,*,#1261,.F.);
#604=ORIENTED_EDGE('',*,*,#1262,.F.);
#605=ORIENTED_EDGE('',*,*,#1259,.T.);
#606=ORIENTED_EDGE('',*,*,#1217,.T.);
#607=ORIENTED_EDGE('',*,*,#1263,.F.);
#608=ORIENTED_EDGE('',*,*,#1264,.F.);
#609=ORIENTED_EDGE('',*,*,#1261,.T.);
#610=ORIENTED_EDGE('',*,*,#1216,.T.);
#611=ORIENTED_EDGE('',*,*,#1265,.F.);
#612=ORIENTED_EDGE('',*,*,#1266,.F.);
#613=ORIENTED_EDGE('',*,*,#1263,.T.);
#614=ORIENTED_EDGE('',*,*,#1215,.T.);
#615=ORIENTED_EDGE('',*,*,#1267,.F.);
#616=ORIENTED_EDGE('',*,*,#1268,.F.);
#617=ORIENTED_EDGE('',*,*,#1265,.T.);
#618=ORIENTED_EDGE('',*,*,#1214,.T.);
#619=ORIENTED_EDGE('',*,*,#1240,.F.);
#620=ORIENTED_EDGE('',*,*,#1269,.F.);
#621=ORIENTED_EDGE('',*,*,#1267,.T.);
#622=ORIENTED_EDGE('',*,*,#1239,.T.);
#623=ORIENTED_EDGE('',*,*,#1242,.T.);
#624=ORIENTED_EDGE('',*,*,#1244,.T.);
#625=ORIENTED_EDGE('',*,*,#1246,.T.);
#626=ORIENTED_EDGE('',*,*,#1248,.T.);
#627=ORIENTED_EDGE('',*,*,#1250,.T.);
#628=ORIENTED_EDGE('',*,*,#1252,.T.);
#629=ORIENTED_EDGE('',*,*,#1254,.T.);
#630=ORIENTED_EDGE('',*,*,#1256,.T.);
#631=ORIENTED_EDGE('',*,*,#1258,.T.);
#632=ORIENTED_EDGE('',*,*,#1260,.T.);
#633=ORIENTED_EDGE('',*,*,#1262,.T.);
#634=ORIENTED_EDGE('',*,*,#1264,.T.);
#635=ORIENTED_EDGE('',*,*,#1266,.T.);
#636=ORIENTED_EDGE('',*,*,#1268,.T.);
#637=ORIENTED_EDGE('',*,*,#1269,.T.);
#638=ORIENTED_EDGE('',*,*,#1188,.T.);
#639=ORIENTED_EDGE('',*,*,#1270,.T.);
#640=ORIENTED_EDGE('',*,*,#1194,.T.);
#641=ORIENTED_EDGE('',*,*,#1271,.T.);
#642=ORIENTED_EDGE('',*,*,#1197,.F.);
#643=ORIENTED_EDGE('',*,*,#1272,.F.);
#644=ORIENTED_EDGE('',*,*,#1190,.T.);
#645=ORIENTED_EDGE('',*,*,#1273,.F.);
#646=ORIENTED_EDGE('',*,*,#1274,.F.);
#647=ORIENTED_EDGE('',*,*,#1275,.T.);
#648=ORIENTED_EDGE('',*,*,#1173,.T.);
#649=ORIENTED_EDGE('',*,*,#1276,.T.);
#650=ORIENTED_EDGE('',*,*,#1183,.T.);
#651=ORIENTED_EDGE('',*,*,#1277,.T.);
#652=ORIENTED_EDGE('',*,*,#1278,.T.);
#653=ORIENTED_EDGE('',*,*,#1279,.T.);
#654=ORIENTED_EDGE('',*,*,#1274,.T.);
#655=ORIENTED_EDGE('',*,*,#1280,.T.);
#656=ORIENTED_EDGE('',*,*,#1281,.F.);
#657=ORIENTED_EDGE('',*,*,#1282,.F.);
#658=ORIENTED_EDGE('',*,*,#1283,.T.);
#659=ORIENTED_EDGE('',*,*,#1192,.F.);
#660=ORIENTED_EDGE('',*,*,#1284,.F.);
#661=ORIENTED_EDGE('',*,*,#1281,.T.);
#662=ORIENTED_EDGE('',*,*,#1191,.T.);
#663=ORIENTED_EDGE('',*,*,#1272,.T.);
#664=ORIENTED_EDGE('',*,*,#1202,.T.);
#665=ORIENTED_EDGE('',*,*,#1178,.T.);
#666=ORIENTED_EDGE('',*,*,#1184,.T.);
#667=ORIENTED_EDGE('',*,*,#1282,.T.);
#668=ORIENTED_EDGE('',*,*,#1284,.T.);
#669=ORIENTED_EDGE('',*,*,#1193,.F.);
#670=ORIENTED_EDGE('',*,*,#1283,.F.);
#671=ORIENTED_EDGE('',*,*,#1280,.F.);
#672=ORIENTED_EDGE('',*,*,#1276,.F.);
#673=ORIENTED_EDGE('',*,*,#1172,.F.);
#674=ORIENTED_EDGE('',*,*,#1198,.F.);
#675=ORIENTED_EDGE('',*,*,#1271,.F.);
#676=ORIENTED_EDGE('',*,*,#1285,.T.);
#677=ORIENTED_EDGE('',*,*,#1286,.T.);
#678=ORIENTED_EDGE('',*,*,#1287,.F.);
#679=ORIENTED_EDGE('',*,*,#1185,.F.);
#680=ORIENTED_EDGE('',*,*,#1273,.T.);
#681=ORIENTED_EDGE('',*,*,#1189,.T.);
#682=ORIENTED_EDGE('',*,*,#1288,.T.);
#683=ORIENTED_EDGE('',*,*,#1289,.T.);
#684=ORIENTED_EDGE('',*,*,#1285,.F.);
#685=ORIENTED_EDGE('',*,*,#1196,.T.);
#686=ORIENTED_EDGE('',*,*,#1290,.F.);
#687=ORIENTED_EDGE('',*,*,#1291,.T.);
#688=ORIENTED_EDGE('',*,*,#1288,.F.);
#689=ORIENTED_EDGE('',*,*,#1195,.T.);
#690=ORIENTED_EDGE('',*,*,#1270,.F.);
#691=ORIENTED_EDGE('',*,*,#1187,.F.);
#692=ORIENTED_EDGE('',*,*,#1292,.T.);
#693=ORIENTED_EDGE('',*,*,#1293,.T.);
#694=ORIENTED_EDGE('',*,*,#1286,.F.);
#695=ORIENTED_EDGE('',*,*,#1289,.F.);
#696=ORIENTED_EDGE('',*,*,#1291,.F.);
#697=ORIENTED_EDGE('',*,*,#1294,.T.);
#698=ORIENTED_EDGE('',*,*,#1295,.F.);
#699=ORIENTED_EDGE('',*,*,#1278,.F.);
#700=ORIENTED_EDGE('',*,*,#1287,.T.);
#701=ORIENTED_EDGE('',*,*,#1293,.F.);
#702=ORIENTED_EDGE('',*,*,#1296,.F.);
#703=ORIENTED_EDGE('',*,*,#1297,.F.);
#704=ORIENTED_EDGE('',*,*,#1298,.F.);
#705=ORIENTED_EDGE('',*,*,#1294,.F.);
#706=ORIENTED_EDGE('',*,*,#1290,.T.);
#707=ORIENTED_EDGE('',*,*,#1186,.F.);
#708=ORIENTED_EDGE('',*,*,#1176,.T.);
#709=ORIENTED_EDGE('',*,*,#1299,.T.);
#710=ORIENTED_EDGE('',*,*,#1296,.T.);
#711=ORIENTED_EDGE('',*,*,#1292,.F.);
#712=ORIENTED_EDGE('',*,*,#1277,.F.);
#713=ORIENTED_EDGE('',*,*,#1182,.F.);
#714=ORIENTED_EDGE('',*,*,#1175,.T.);
#715=ORIENTED_EDGE('',*,*,#1300,.T.);
#716=ORIENTED_EDGE('',*,*,#1297,.T.);
#717=ORIENTED_EDGE('',*,*,#1299,.F.);
#718=ORIENTED_EDGE('',*,*,#1174,.T.);
#719=ORIENTED_EDGE('',*,*,#1275,.F.);
#720=ORIENTED_EDGE('',*,*,#1279,.F.);
#721=ORIENTED_EDGE('',*,*,#1295,.T.);
#722=ORIENTED_EDGE('',*,*,#1298,.T.);
#723=ORIENTED_EDGE('',*,*,#1300,.F.);
#724=ORIENTED_EDGE('',*,*,#1165,.T.);
#725=ORIENTED_EDGE('',*,*,#1301,.T.);
#726=ORIENTED_EDGE('',*,*,#1302,.T.);
#727=ORIENTED_EDGE('',*,*,#1303,.F.);
#728=ORIENTED_EDGE('',*,*,#1164,.T.);
#729=ORIENTED_EDGE('',*,*,#1304,.T.);
#730=ORIENTED_EDGE('',*,*,#1305,.T.);
#731=ORIENTED_EDGE('',*,*,#1301,.F.);
#732=ORIENTED_EDGE('',*,*,#1163,.T.);
#733=ORIENTED_EDGE('',*,*,#1306,.T.);
#734=ORIENTED_EDGE('',*,*,#1307,.T.);
#735=ORIENTED_EDGE('',*,*,#1304,.F.);
#736=ORIENTED_EDGE('',*,*,#1162,.T.);
#737=ORIENTED_EDGE('',*,*,#1308,.T.);
#738=ORIENTED_EDGE('',*,*,#1309,.T.);
#739=ORIENTED_EDGE('',*,*,#1306,.F.);
#740=ORIENTED_EDGE('',*,*,#1161,.T.);
#741=ORIENTED_EDGE('',*,*,#1310,.T.);
#742=ORIENTED_EDGE('',*,*,#1311,.T.);
#743=ORIENTED_EDGE('',*,*,#1308,.F.);
#744=ORIENTED_EDGE('',*,*,#1312,.F.);
#745=ORIENTED_EDGE('',*,*,#1313,.T.);
#746=ORIENTED_EDGE('',*,*,#1167,.T.);
#747=ORIENTED_EDGE('',*,*,#1314,.T.);
#748=ORIENTED_EDGE('',*,*,#1315,.T.);
#749=ORIENTED_EDGE('',*,*,#1310,.F.);
#750=ORIENTED_EDGE('',*,*,#1160,.T.);
#751=ORIENTED_EDGE('',*,*,#1316,.T.);
#752=ORIENTED_EDGE('',*,*,#1166,.T.);
#753=ORIENTED_EDGE('',*,*,#1303,.T.);
#754=ORIENTED_EDGE('',*,*,#1317,.T.);
#755=ORIENTED_EDGE('',*,*,#1314,.F.);
#756=ORIENTED_EDGE('',*,*,#1318,.F.);
#757=ORIENTED_EDGE('',*,*,#1319,.F.);
#758=ORIENTED_EDGE('',*,*,#1320,.F.);
#759=ORIENTED_EDGE('',*,*,#1321,.F.);
#760=ORIENTED_EDGE('',*,*,#1302,.F.);
#761=ORIENTED_EDGE('',*,*,#1305,.F.);
#762=ORIENTED_EDGE('',*,*,#1307,.F.);
#763=ORIENTED_EDGE('',*,*,#1309,.F.);
#764=ORIENTED_EDGE('',*,*,#1311,.F.);
#765=ORIENTED_EDGE('',*,*,#1315,.F.);
#766=ORIENTED_EDGE('',*,*,#1317,.F.);
#767=ORIENTED_EDGE('',*,*,#1151,.F.);
#768=ORIENTED_EDGE('',*,*,#1322,.T.);
#769=ORIENTED_EDGE('',*,*,#1323,.F.);
#770=ORIENTED_EDGE('',*,*,#1324,.F.);
#771=ORIENTED_EDGE('',*,*,#1152,.F.);
#772=ORIENTED_EDGE('',*,*,#1324,.T.);
#773=ORIENTED_EDGE('',*,*,#1325,.F.);
#774=ORIENTED_EDGE('',*,*,#1326,.F.);
#775=ORIENTED_EDGE('',*,*,#1153,.F.);
#776=ORIENTED_EDGE('',*,*,#1326,.T.);
#777=ORIENTED_EDGE('',*,*,#1327,.F.);
#778=ORIENTED_EDGE('',*,*,#1328,.F.);
#779=ORIENTED_EDGE('',*,*,#1154,.F.);
#780=ORIENTED_EDGE('',*,*,#1328,.T.);
#781=ORIENTED_EDGE('',*,*,#1329,.F.);
#782=ORIENTED_EDGE('',*,*,#1330,.F.);
#783=ORIENTED_EDGE('',*,*,#1155,.F.);
#784=ORIENTED_EDGE('',*,*,#1330,.T.);
#785=ORIENTED_EDGE('',*,*,#1331,.F.);
#786=ORIENTED_EDGE('',*,*,#1332,.F.);
#787=ORIENTED_EDGE('',*,*,#1333,.F.);
#788=ORIENTED_EDGE('',*,*,#1156,.F.);
#789=ORIENTED_EDGE('',*,*,#1332,.T.);
#790=ORIENTED_EDGE('',*,*,#1334,.F.);
#791=ORIENTED_EDGE('',*,*,#1335,.F.);
#792=ORIENTED_EDGE('',*,*,#1149,.F.);
#793=ORIENTED_EDGE('',*,*,#1336,.F.);
#794=ORIENTED_EDGE('',*,*,#1337,.T.);
#795=ORIENTED_EDGE('',*,*,#1150,.F.);
#796=ORIENTED_EDGE('',*,*,#1335,.T.);
#797=ORIENTED_EDGE('',*,*,#1338,.F.);
#798=ORIENTED_EDGE('',*,*,#1322,.F.);
#799=ORIENTED_EDGE('',*,*,#1339,.T.);
#800=ORIENTED_EDGE('',*,*,#1340,.T.);
#801=ORIENTED_EDGE('',*,*,#1341,.T.);
#802=ORIENTED_EDGE('',*,*,#1342,.T.);
#803=ORIENTED_EDGE('',*,*,#1323,.T.);
#804=ORIENTED_EDGE('',*,*,#1338,.T.);
#805=ORIENTED_EDGE('',*,*,#1334,.T.);
#806=ORIENTED_EDGE('',*,*,#1331,.T.);
#807=ORIENTED_EDGE('',*,*,#1329,.T.);
#808=ORIENTED_EDGE('',*,*,#1327,.T.);
#809=ORIENTED_EDGE('',*,*,#1325,.T.);
#810=ORIENTED_EDGE('',*,*,#1159,.T.);
#811=ORIENTED_EDGE('',*,*,#1236,.F.);
#812=ORIENTED_EDGE('',*,*,#1343,.T.);
#813=ORIENTED_EDGE('',*,*,#1316,.F.);
#814=ORIENTED_EDGE('',*,*,#1168,.T.);
#815=ORIENTED_EDGE('',*,*,#1313,.F.);
#816=ORIENTED_EDGE('',*,*,#1344,.T.);
#817=ORIENTED_EDGE('',*,*,#1234,.T.);
#818=ORIENTED_EDGE('',*,*,#1343,.F.);
#819=ORIENTED_EDGE('',*,*,#1235,.T.);
#820=ORIENTED_EDGE('',*,*,#1344,.F.);
#821=ORIENTED_EDGE('',*,*,#1312,.T.);
#822=ORIENTED_EDGE('',*,*,#1148,.T.);
#823=ORIENTED_EDGE('',*,*,#1233,.F.);
#824=ORIENTED_EDGE('',*,*,#1345,.F.);
#825=ORIENTED_EDGE('',*,*,#1336,.T.);
#826=ORIENTED_EDGE('',*,*,#1333,.T.);
#827=ORIENTED_EDGE('',*,*,#1346,.F.);
#828=ORIENTED_EDGE('',*,*,#1237,.T.);
#829=ORIENTED_EDGE('',*,*,#1157,.T.);
#830=ORIENTED_EDGE('',*,*,#1345,.T.);
#831=ORIENTED_EDGE('',*,*,#1232,.T.);
#832=ORIENTED_EDGE('',*,*,#1346,.T.);
#833=ORIENTED_EDGE('',*,*,#1337,.F.);
#834=ORIENTED_EDGE('',*,*,#1347,.T.);
#835=ORIENTED_EDGE('',*,*,#1348,.T.);
#836=ORIENTED_EDGE('',*,*,#1349,.T.);
#837=ORIENTED_EDGE('',*,*,#1350,.T.);
#838=ORIENTED_EDGE('',*,*,#1351,.T.);
#839=ORIENTED_EDGE('',*,*,#1352,.T.);
#840=ORIENTED_EDGE('',*,*,#1353,.F.);
#841=ORIENTED_EDGE('',*,*,#1319,.T.);
#842=ORIENTED_EDGE('',*,*,#1353,.T.);
#843=ORIENTED_EDGE('',*,*,#1354,.T.);
#844=ORIENTED_EDGE('',*,*,#1355,.F.);
#845=ORIENTED_EDGE('',*,*,#1320,.T.);
#846=ORIENTED_EDGE('',*,*,#1355,.T.);
#847=ORIENTED_EDGE('',*,*,#1356,.T.);
#848=ORIENTED_EDGE('',*,*,#1357,.F.);
#849=ORIENTED_EDGE('',*,*,#1321,.T.);
#850=ORIENTED_EDGE('',*,*,#1357,.T.);
#851=ORIENTED_EDGE('',*,*,#1358,.T.);
#852=ORIENTED_EDGE('',*,*,#1351,.F.);
#853=ORIENTED_EDGE('',*,*,#1318,.T.);
#854=ORIENTED_EDGE('',*,*,#1359,.F.);
#855=ORIENTED_EDGE('',*,*,#1360,.T.);
#856=ORIENTED_EDGE('',*,*,#1361,.T.);
#857=ORIENTED_EDGE('',*,*,#1209,.T.);
#858=ORIENTED_EDGE('',*,*,#1361,.F.);
#859=ORIENTED_EDGE('',*,*,#1362,.T.);
#860=ORIENTED_EDGE('',*,*,#1363,.T.);
#861=ORIENTED_EDGE('',*,*,#1210,.T.);
#862=ORIENTED_EDGE('',*,*,#1363,.F.);
#863=ORIENTED_EDGE('',*,*,#1364,.T.);
#864=ORIENTED_EDGE('',*,*,#1365,.T.);
#865=ORIENTED_EDGE('',*,*,#1211,.T.);
#866=ORIENTED_EDGE('',*,*,#1365,.F.);
#867=ORIENTED_EDGE('',*,*,#1366,.T.);
#868=ORIENTED_EDGE('',*,*,#1359,.T.);
#869=ORIENTED_EDGE('',*,*,#1212,.T.);
#870=ORIENTED_EDGE('',*,*,#1367,.T.);
#871=ORIENTED_EDGE('',*,*,#1368,.T.);
#872=ORIENTED_EDGE('',*,*,#1369,.T.);
#873=ORIENTED_EDGE('',*,*,#1370,.T.);
#874=ORIENTED_EDGE('',*,*,#1371,.F.);
#875=ORIENTED_EDGE('',*,*,#1370,.F.);
#876=ORIENTED_EDGE('',*,*,#1372,.F.);
#877=ORIENTED_EDGE('',*,*,#1360,.F.);
#878=ORIENTED_EDGE('',*,*,#1372,.T.);
#879=ORIENTED_EDGE('',*,*,#1369,.F.);
#880=ORIENTED_EDGE('',*,*,#1373,.F.);
#881=ORIENTED_EDGE('',*,*,#1362,.F.);
#882=ORIENTED_EDGE('',*,*,#1371,.T.);
#883=ORIENTED_EDGE('',*,*,#1366,.F.);
#884=ORIENTED_EDGE('',*,*,#1374,.F.);
#885=ORIENTED_EDGE('',*,*,#1367,.F.);
#886=ORIENTED_EDGE('',*,*,#1373,.T.);
#887=ORIENTED_EDGE('',*,*,#1368,.F.);
#888=ORIENTED_EDGE('',*,*,#1374,.T.);
#889=ORIENTED_EDGE('',*,*,#1364,.F.);
#890=ORIENTED_EDGE('',*,*,#1375,.F.);
#891=ORIENTED_EDGE('',*,*,#1356,.F.);
#892=ORIENTED_EDGE('',*,*,#1376,.F.);
#893=ORIENTED_EDGE('',*,*,#1350,.F.);
#894=ORIENTED_EDGE('',*,*,#1376,.T.);
#895=ORIENTED_EDGE('',*,*,#1354,.F.);
#896=ORIENTED_EDGE('',*,*,#1377,.F.);
#897=ORIENTED_EDGE('',*,*,#1347,.F.);
#898=ORIENTED_EDGE('',*,*,#1375,.T.);
#899=ORIENTED_EDGE('',*,*,#1349,.F.);
#900=ORIENTED_EDGE('',*,*,#1378,.F.);
#901=ORIENTED_EDGE('',*,*,#1358,.F.);
#902=ORIENTED_EDGE('',*,*,#1377,.T.);
#903=ORIENTED_EDGE('',*,*,#1352,.F.);
#904=ORIENTED_EDGE('',*,*,#1378,.T.);
#905=ORIENTED_EDGE('',*,*,#1348,.F.);
#906=ORIENTED_EDGE('',*,*,#1379,.T.);
#907=ORIENTED_EDGE('',*,*,#1380,.T.);
#908=ORIENTED_EDGE('',*,*,#1381,.T.);
#909=ORIENTED_EDGE('',*,*,#1382,.T.);
#910=ORIENTED_EDGE('',*,*,#1383,.T.);
#911=ORIENTED_EDGE('',*,*,#1384,.T.);
#912=ORIENTED_EDGE('',*,*,#1385,.F.);
#913=ORIENTED_EDGE('',*,*,#1341,.F.);
#914=ORIENTED_EDGE('',*,*,#1385,.T.);
#915=ORIENTED_EDGE('',*,*,#1386,.T.);
#916=ORIENTED_EDGE('',*,*,#1387,.F.);
#917=ORIENTED_EDGE('',*,*,#1342,.F.);
#918=ORIENTED_EDGE('',*,*,#1387,.T.);
#919=ORIENTED_EDGE('',*,*,#1388,.T.);
#920=ORIENTED_EDGE('',*,*,#1389,.F.);
#921=ORIENTED_EDGE('',*,*,#1339,.F.);
#922=ORIENTED_EDGE('',*,*,#1389,.T.);
#923=ORIENTED_EDGE('',*,*,#1390,.T.);
#924=ORIENTED_EDGE('',*,*,#1383,.F.);
#925=ORIENTED_EDGE('',*,*,#1340,.F.);
#926=ORIENTED_EDGE('',*,*,#1391,.F.);
#927=ORIENTED_EDGE('',*,*,#1392,.T.);
#928=ORIENTED_EDGE('',*,*,#1393,.T.);
#929=ORIENTED_EDGE('',*,*,#1205,.T.);
#930=ORIENTED_EDGE('',*,*,#1393,.F.);
#931=ORIENTED_EDGE('',*,*,#1394,.T.);
#932=ORIENTED_EDGE('',*,*,#1395,.T.);
#933=ORIENTED_EDGE('',*,*,#1206,.T.);
#934=ORIENTED_EDGE('',*,*,#1395,.F.);
#935=ORIENTED_EDGE('',*,*,#1396,.T.);
#936=ORIENTED_EDGE('',*,*,#1397,.T.);
#937=ORIENTED_EDGE('',*,*,#1207,.T.);
#938=ORIENTED_EDGE('',*,*,#1397,.F.);
#939=ORIENTED_EDGE('',*,*,#1398,.T.);
#940=ORIENTED_EDGE('',*,*,#1391,.T.);
#941=ORIENTED_EDGE('',*,*,#1208,.T.);
#942=ORIENTED_EDGE('',*,*,#1399,.T.);
#943=ORIENTED_EDGE('',*,*,#1400,.T.);
#944=ORIENTED_EDGE('',*,*,#1401,.T.);
#945=ORIENTED_EDGE('',*,*,#1402,.T.);
#946=ORIENTED_EDGE('',*,*,#1403,.F.);
#947=ORIENTED_EDGE('',*,*,#1402,.F.);
#948=ORIENTED_EDGE('',*,*,#1404,.F.);
#949=ORIENTED_EDGE('',*,*,#1392,.F.);
#950=ORIENTED_EDGE('',*,*,#1404,.T.);
#951=ORIENTED_EDGE('',*,*,#1401,.F.);
#952=ORIENTED_EDGE('',*,*,#1405,.F.);
#953=ORIENTED_EDGE('',*,*,#1394,.F.);
#954=ORIENTED_EDGE('',*,*,#1403,.T.);
#955=ORIENTED_EDGE('',*,*,#1398,.F.);
#956=ORIENTED_EDGE('',*,*,#1406,.F.);
#957=ORIENTED_EDGE('',*,*,#1399,.F.);
#958=ORIENTED_EDGE('',*,*,#1405,.T.);
#959=ORIENTED_EDGE('',*,*,#1400,.F.);
#960=ORIENTED_EDGE('',*,*,#1406,.T.);
#961=ORIENTED_EDGE('',*,*,#1396,.F.);
#962=ORIENTED_EDGE('',*,*,#1407,.F.);
#963=ORIENTED_EDGE('',*,*,#1388,.F.);
#964=ORIENTED_EDGE('',*,*,#1408,.F.);
#965=ORIENTED_EDGE('',*,*,#1382,.F.);
#966=ORIENTED_EDGE('',*,*,#1408,.T.);
#967=ORIENTED_EDGE('',*,*,#1386,.F.);
#968=ORIENTED_EDGE('',*,*,#1409,.F.);
#969=ORIENTED_EDGE('',*,*,#1379,.F.);
#970=ORIENTED_EDGE('',*,*,#1407,.T.);
#971=ORIENTED_EDGE('',*,*,#1381,.F.);
#972=ORIENTED_EDGE('',*,*,#1410,.F.);
#973=ORIENTED_EDGE('',*,*,#1390,.F.);
#974=ORIENTED_EDGE('',*,*,#1409,.T.);
#975=ORIENTED_EDGE('',*,*,#1384,.F.);
#976=ORIENTED_EDGE('',*,*,#1410,.T.);
#977=ORIENTED_EDGE('',*,*,#1380,.F.);
#978=VERTEX_POINT('',#2499);
#979=VERTEX_POINT('',#2500);
#980=VERTEX_POINT('',#2502);
#981=VERTEX_POINT('',#2504);
#982=VERTEX_POINT('',#2506);
#983=VERTEX_POINT('',#2508);
#984=VERTEX_POINT('',#2510);
#985=VERTEX_POINT('',#2512);
#986=VERTEX_POINT('',#2514);
#987=VERTEX_POINT('',#2516);
#988=VERTEX_POINT('',#2518);
#989=VERTEX_POINT('',#2520);
#990=VERTEX_POINT('',#2522);
#991=VERTEX_POINT('',#2524);
#992=VERTEX_POINT('',#2526);
#993=VERTEX_POINT('',#2528);
#994=VERTEX_POINT('',#2530);
#995=VERTEX_POINT('',#2532);
#996=VERTEX_POINT('',#2534);
#997=VERTEX_POINT('',#2536);
#998=VERTEX_POINT('',#2538);
#999=VERTEX_POINT('',#2540);
#1000=VERTEX_POINT('',#2542);
#1001=VERTEX_POINT('',#2544);
#1002=VERTEX_POINT('',#2546);
#1003=VERTEX_POINT('',#2548);
#1004=VERTEX_POINT('',#2550);
#1005=VERTEX_POINT('',#2552);
#1006=VERTEX_POINT('',#2554);
#1007=VERTEX_POINT('',#2556);
#1008=VERTEX_POINT('',#2558);
#1009=VERTEX_POINT('',#2560);
#1010=VERTEX_POINT('',#2562);
#1011=VERTEX_POINT('',#2564);
#1012=VERTEX_POINT('',#2568);
#1013=VERTEX_POINT('',#2570);
#1014=VERTEX_POINT('',#2574);
#1015=VERTEX_POINT('',#2575);
#1016=VERTEX_POINT('',#2577);
#1017=VERTEX_POINT('',#2579);
#1018=VERTEX_POINT('',#2583);
#1019=VERTEX_POINT('',#2584);
#1020=VERTEX_POINT('',#2586);
#1021=VERTEX_POINT('',#2588);
#1022=VERTEX_POINT('',#2590);
#1023=VERTEX_POINT('',#2592);
#1024=VERTEX_POINT('',#2594);
#1025=VERTEX_POINT('',#2596);
#1026=VERTEX_POINT('',#2600);
#1027=VERTEX_POINT('',#2601);
#1028=VERTEX_POINT('',#2604);
#1029=VERTEX_POINT('',#2606);
#1030=VERTEX_POINT('',#2611);
#1031=VERTEX_POINT('',#2615);
#1032=VERTEX_POINT('',#2616);
#1033=VERTEX_POINT('',#2618);
#1034=VERTEX_POINT('',#2620);
#1035=VERTEX_POINT('',#2623);
#1036=VERTEX_POINT('',#2624);
#1037=VERTEX_POINT('',#2626);
#1038=VERTEX_POINT('',#2628);
#1039=VERTEX_POINT('',#2631);
#1040=VERTEX_POINT('',#2632);
#1041=VERTEX_POINT('',#2634);
#1042=VERTEX_POINT('',#2636);
#1043=VERTEX_POINT('',#2638);
#1044=VERTEX_POINT('',#2640);
#1045=VERTEX_POINT('',#2642);
#1046=VERTEX_POINT('',#2644);
#1047=VERTEX_POINT('',#2646);
#1048=VERTEX_POINT('',#2648);
#1049=VERTEX_POINT('',#2650);
#1050=VERTEX_POINT('',#2652);
#1051=VERTEX_POINT('',#2654);
#1052=VERTEX_POINT('',#2656);
#1053=VERTEX_POINT('',#2658);
#1054=VERTEX_POINT('',#2660);
#1055=VERTEX_POINT('',#2663);
#1056=VERTEX_POINT('',#2669);
#1057=VERTEX_POINT('',#2670);
#1058=VERTEX_POINT('',#2673);
#1059=VERTEX_POINT('',#2675);
#1060=VERTEX_POINT('',#2680);
#1061=VERTEX_POINT('',#2682);
#1062=VERTEX_POINT('',#2686);
#1063=VERTEX_POINT('',#2690);
#1064=VERTEX_POINT('',#2694);
#1065=VERTEX_POINT('',#2698);
#1066=VERTEX_POINT('',#2702);
#1067=VERTEX_POINT('',#2706);
#1068=VERTEX_POINT('',#2710);
#1069=VERTEX_POINT('',#2714);
#1070=VERTEX_POINT('',#2718);
#1071=VERTEX_POINT('',#2722);
#1072=VERTEX_POINT('',#2726);
#1073=VERTEX_POINT('',#2730);
#1074=VERTEX_POINT('',#2734);
#1075=VERTEX_POINT('',#2738);
#1076=VERTEX_POINT('',#2750);
#1077=VERTEX_POINT('',#2751);
#1078=VERTEX_POINT('',#2756);
#1079=VERTEX_POINT('',#2758);
#1080=VERTEX_POINT('',#2761);
#1081=VERTEX_POINT('',#2763);
#1082=VERTEX_POINT('',#2772);
#1083=VERTEX_POINT('',#2774);
#1084=VERTEX_POINT('',#2778);
#1085=VERTEX_POINT('',#2782);
#1086=VERTEX_POINT('',#2786);
#1087=VERTEX_POINT('',#2789);
#1088=VERTEX_POINT('',#2793);
#1089=VERTEX_POINT('',#2795);
#1090=VERTEX_POINT('',#2804);
#1091=VERTEX_POINT('',#2806);
#1092=VERTEX_POINT('',#2810);
#1093=VERTEX_POINT('',#2814);
#1094=VERTEX_POINT('',#2818);
#1095=VERTEX_POINT('',#2822);
#1096=VERTEX_POINT('',#2826);
#1097=VERTEX_POINT('',#2827);
#1098=VERTEX_POINT('',#2830);
#1099=VERTEX_POINT('',#2837);
#1100=VERTEX_POINT('',#2838);
#1101=VERTEX_POINT('',#2840);
#1102=VERTEX_POINT('',#2842);
#1103=VERTEX_POINT('',#2846);
#1104=VERTEX_POINT('',#2848);
#1105=VERTEX_POINT('',#2852);
#1106=VERTEX_POINT('',#2856);
#1107=VERTEX_POINT('',#2860);
#1108=VERTEX_POINT('',#2864);
#1109=VERTEX_POINT('',#2868);
#1110=VERTEX_POINT('',#2870);
#1111=VERTEX_POINT('',#2873);
#1112=VERTEX_POINT('',#2879);
#1113=VERTEX_POINT('',#2880);
#1114=VERTEX_POINT('',#2882);
#1115=VERTEX_POINT('',#2884);
#1116=VERTEX_POINT('',#2898);
#1117=VERTEX_POINT('',#2899);
#1118=VERTEX_POINT('',#2901);
#1119=VERTEX_POINT('',#2903);
#1120=VERTEX_POINT('',#2907);
#1121=VERTEX_POINT('',#2909);
#1122=VERTEX_POINT('',#2913);
#1123=VERTEX_POINT('',#2917);
#1124=VERTEX_POINT('',#2923);
#1125=VERTEX_POINT('',#2925);
#1126=VERTEX_POINT('',#2929);
#1127=VERTEX_POINT('',#2933);
#1128=VERTEX_POINT('',#2939);
#1129=VERTEX_POINT('',#2940);
#1130=VERTEX_POINT('',#2942);
#1131=VERTEX_POINT('',#2944);
#1132=VERTEX_POINT('',#2964);
#1133=VERTEX_POINT('',#2965);
#1134=VERTEX_POINT('',#2967);
#1135=VERTEX_POINT('',#2969);
#1136=VERTEX_POINT('',#2973);
#1137=VERTEX_POINT('',#2975);
#1138=VERTEX_POINT('',#2979);
#1139=VERTEX_POINT('',#2983);
#1140=VERTEX_POINT('',#2989);
#1141=VERTEX_POINT('',#2991);
#1142=VERTEX_POINT('',#2995);
#1143=VERTEX_POINT('',#2999);
#1144=VERTEX_POINT('',#3005);
#1145=VERTEX_POINT('',#3006);
#1146=VERTEX_POINT('',#3008);
#1147=VERTEX_POINT('',#3010);
#1148=EDGE_CURVE('',#978,#979,#1411,.T.);
#1149=EDGE_CURVE('',#978,#980,#1412,.T.);
#1150=EDGE_CURVE('',#980,#981,#1413,.T.);
#1151=EDGE_CURVE('',#981,#982,#1414,.T.);
#1152=EDGE_CURVE('',#982,#983,#1415,.T.);
#1153=EDGE_CURVE('',#983,#984,#1416,.T.);
#1154=EDGE_CURVE('',#984,#985,#1417,.T.);
#1155=EDGE_CURVE('',#985,#986,#1418,.T.);
#1156=EDGE_CURVE('',#986,#987,#1419,.T.);
#1157=EDGE_CURVE('',#988,#987,#1420,.T.);
#1158=EDGE_CURVE('',#988,#989,#1421,.T.);
#1159=EDGE_CURVE('',#990,#989,#1422,.T.);
#1160=EDGE_CURVE('',#991,#990,#1423,.T.);
#1161=EDGE_CURVE('',#992,#991,#1424,.T.);
#1162=EDGE_CURVE('',#993,#992,#1425,.T.);
#1163=EDGE_CURVE('',#994,#993,#1426,.T.);
#1164=EDGE_CURVE('',#995,#994,#1427,.T.);
#1165=EDGE_CURVE('',#996,#995,#1428,.T.);
#1166=EDGE_CURVE('',#997,#996,#1429,.T.);
#1167=EDGE_CURVE('',#998,#997,#1430,.T.);
#1168=EDGE_CURVE('',#999,#998,#1431,.T.);
#1169=EDGE_CURVE('',#999,#1000,#1432,.T.);
#1170=EDGE_CURVE('',#1000,#1001,#1433,.T.);
#1171=EDGE_CURVE('',#1002,#1001,#1434,.T.);
#1172=EDGE_CURVE('',#1002,#1003,#1435,.T.);
#1173=EDGE_CURVE('',#1004,#1003,#1436,.T.);
#1174=EDGE_CURVE('',#1005,#1004,#1437,.T.);
#1175=EDGE_CURVE('',#1006,#1005,#1438,.T.);
#1176=EDGE_CURVE('',#1007,#1006,#1439,.T.);
#1177=EDGE_CURVE('',#1008,#1007,#1440,.T.);
#1178=EDGE_CURVE('',#1009,#1008,#1441,.T.);
#1179=EDGE_CURVE('',#1010,#1009,#1442,.T.);
#1180=EDGE_CURVE('',#1011,#1010,#1443,.T.);
#1181=EDGE_CURVE('',#1011,#979,#1444,.T.);
#1182=EDGE_CURVE('',#1007,#1012,#1445,.T.);
#1183=EDGE_CURVE('',#1013,#1012,#1446,.T.);
#1184=EDGE_CURVE('',#1008,#1013,#1447,.T.);
#1185=EDGE_CURVE('',#1014,#1015,#1448,.T.);
#1186=EDGE_CURVE('',#1015,#1016,#1449,.T.);
#1187=EDGE_CURVE('',#1016,#1017,#1450,.T.);
#1188=EDGE_CURVE('',#1014,#1017,#1451,.T.);
#1189=EDGE_CURVE('',#1018,#1019,#1452,.T.);
#1190=EDGE_CURVE('',#1020,#1018,#1453,.T.);
#1191=EDGE_CURVE('',#1021,#1020,#1454,.T.);
#1192=EDGE_CURVE('',#1021,#1022,#1455,.T.);
#1193=EDGE_CURVE('',#1022,#1023,#1456,.T.);
#1194=EDGE_CURVE('',#1024,#1023,#1457,.T.);
#1195=EDGE_CURVE('',#1025,#1024,#1458,.T.);
#1196=EDGE_CURVE('',#1019,#1025,#1459,.T.);
#1197=EDGE_CURVE('',#1026,#1027,#1460,.T.);
#1198=EDGE_CURVE('',#1027,#1002,#1461,.T.);
#1199=EDGE_CURVE('',#1001,#1028,#1462,.T.);
#1200=EDGE_CURVE('',#1028,#1029,#1463,.T.);
#1201=EDGE_CURVE('',#1029,#1010,#1464,.T.);
#1202=EDGE_CURVE('',#1026,#1009,#1465,.T.);
#1203=EDGE_CURVE('',#1000,#1030,#1466,.T.);
#1204=EDGE_CURVE('',#1030,#1028,#1467,.T.);
#1205=EDGE_CURVE('',#1031,#1032,#1468,.T.);
#1206=EDGE_CURVE('',#1033,#1031,#1469,.T.);
#1207=EDGE_CURVE('',#1034,#1033,#1470,.T.);
#1208=EDGE_CURVE('',#1032,#1034,#1471,.T.);
#1209=EDGE_CURVE('',#1035,#1036,#1472,.T.);
#1210=EDGE_CURVE('',#1037,#1035,#1473,.T.);
#1211=EDGE_CURVE('',#1038,#1037,#1474,.T.);
#1212=EDGE_CURVE('',#1036,#1038,#1475,.T.);
#1213=EDGE_CURVE('',#1039,#1040,#42,.T.);
#1214=EDGE_CURVE('',#1041,#1039,#1476,.T.);
#1215=EDGE_CURVE('',#1042,#1041,#43,.T.);
#1216=EDGE_CURVE('',#1043,#1042,#1477,.T.);
#1217=EDGE_CURVE('',#1044,#1043,#44,.T.);
#1218=EDGE_CURVE('',#1045,#1044,#1478,.T.);
#1219=EDGE_CURVE('',#1046,#1045,#45,.T.);
#1220=EDGE_CURVE('',#1047,#1046,#1479,.T.);
#1221=EDGE_CURVE('',#1048,#1047,#46,.T.);
#1222=EDGE_CURVE('',#1049,#1048,#1480,.T.);
#1223=EDGE_CURVE('',#1050,#1049,#47,.T.);
#1224=EDGE_CURVE('',#1051,#1050,#1481,.T.);
#1225=EDGE_CURVE('',#1052,#1051,#48,.T.);
#1226=EDGE_CURVE('',#1053,#1052,#1482,.T.);
#1227=EDGE_CURVE('',#1054,#1053,#49,.T.);
#1228=EDGE_CURVE('',#1040,#1054,#1483,.T.);
#1229=EDGE_CURVE('',#1030,#1055,#1484,.T.);
#1230=EDGE_CURVE('',#1055,#1029,#1485,.T.);
#1231=EDGE_CURVE('',#1055,#1011,#1486,.T.);
#1232=EDGE_CURVE('',#1056,#1057,#1487,.T.);
#1233=EDGE_CURVE('',#1056,#979,#1488,.T.);
#1234=EDGE_CURVE('',#1058,#999,#1489,.T.);
#1235=EDGE_CURVE('',#1059,#1058,#1490,.T.);
#1236=EDGE_CURVE('',#1059,#989,#1491,.T.);
#1237=EDGE_CURVE('',#1057,#988,#1492,.T.);
#1238=EDGE_CURVE('',#1060,#1040,#1493,.T.);
#1239=EDGE_CURVE('',#1061,#1060,#50,.T.);
#1240=EDGE_CURVE('',#1061,#1039,#1494,.T.);
#1241=EDGE_CURVE('',#1062,#1054,#1495,.T.);
#1242=EDGE_CURVE('',#1060,#1062,#1496,.T.);
#1243=EDGE_CURVE('',#1063,#1053,#1497,.T.);
#1244=EDGE_CURVE('',#1062,#1063,#51,.T.);
#1245=EDGE_CURVE('',#1064,#1052,#1498,.T.);
#1246=EDGE_CURVE('',#1063,#1064,#1499,.T.);
#1247=EDGE_CURVE('',#1065,#1051,#1500,.T.);
#1248=EDGE_CURVE('',#1064,#1065,#52,.T.);
#1249=EDGE_CURVE('',#1066,#1050,#1501,.T.);
#1250=EDGE_CURVE('',#1065,#1066,#1502,.T.);
#1251=EDGE_CURVE('',#1067,#1049,#1503,.T.);
#1252=EDGE_CURVE('',#1066,#1067,#53,.T.);
#1253=EDGE_CURVE('',#1068,#1048,#1504,.T.);
#1254=EDGE_CURVE('',#1067,#1068,#1505,.T.);
#1255=EDGE_CURVE('',#1069,#1047,#1506,.T.);
#1256=EDGE_CURVE('',#1068,#1069,#54,.T.);
#1257=EDGE_CURVE('',#1070,#1046,#1507,.T.);
#1258=EDGE_CURVE('',#1069,#1070,#1508,.T.);
#1259=EDGE_CURVE('',#1071,#1045,#1509,.T.);
#1260=EDGE_CURVE('',#1070,#1071,#55,.T.);
#1261=EDGE_CURVE('',#1072,#1044,#1510,.T.);
#1262=EDGE_CURVE('',#1071,#1072,#1511,.T.);
#1263=EDGE_CURVE('',#1073,#1043,#1512,.T.);
#1264=EDGE_CURVE('',#1072,#1073,#56,.T.);
#1265=EDGE_CURVE('',#1074,#1042,#1513,.T.);
#1266=EDGE_CURVE('',#1073,#1074,#1514,.T.);
#1267=EDGE_CURVE('',#1075,#1041,#1515,.T.);
#1268=EDGE_CURVE('',#1074,#1075,#57,.T.);
#1269=EDGE_CURVE('',#1075,#1061,#1516,.T.);
#1270=EDGE_CURVE('',#1017,#1024,#1517,.T.);
#1271=EDGE_CURVE('',#1023,#1027,#1518,.T.);
#1272=EDGE_CURVE('',#1020,#1026,#1519,.T.);
#1273=EDGE_CURVE('',#1014,#1018,#1520,.T.);
#1274=EDGE_CURVE('',#1076,#1077,#1521,.T.);
#1275=EDGE_CURVE('',#1076,#1004,#1522,.T.);
#1276=EDGE_CURVE('',#1003,#1077,#1523,.T.);
#1277=EDGE_CURVE('',#1012,#1078,#1524,.T.);
#1278=EDGE_CURVE('',#1078,#1079,#1525,.T.);
#1279=EDGE_CURVE('',#1079,#1076,#1526,.T.);
#1280=EDGE_CURVE('',#1077,#1080,#1527,.T.);
#1281=EDGE_CURVE('',#1081,#1080,#1528,.T.);
#1282=EDGE_CURVE('',#1013,#1081,#1529,.T.);
#1283=EDGE_CURVE('',#1080,#1022,#1530,.T.);
#1284=EDGE_CURVE('',#1081,#1021,#1531,.T.);
#1285=EDGE_CURVE('',#1019,#1082,#1532,.T.);
#1286=EDGE_CURVE('',#1082,#1083,#1533,.T.);
#1287=EDGE_CURVE('',#1015,#1083,#1534,.T.);
#1288=EDGE_CURVE('',#1025,#1084,#1535,.T.);
#1289=EDGE_CURVE('',#1084,#1082,#1536,.T.);
#1290=EDGE_CURVE('',#1085,#1016,#1537,.T.);
#1291=EDGE_CURVE('',#1085,#1084,#1538,.T.);
#1292=EDGE_CURVE('',#1078,#1086,#1539,.T.);
#1293=EDGE_CURVE('',#1086,#1083,#1540,.T.);
#1294=EDGE_CURVE('',#1085,#1087,#1541,.T.);
#1295=EDGE_CURVE('',#1079,#1087,#1542,.T.);
#1296=EDGE_CURVE('',#1088,#1086,#1543,.T.);
#1297=EDGE_CURVE('',#1089,#1088,#1544,.T.);
#1298=EDGE_CURVE('',#1087,#1089,#1545,.T.);
#1299=EDGE_CURVE('',#1006,#1088,#1546,.T.);
#1300=EDGE_CURVE('',#1005,#1089,#1547,.T.);
#1301=EDGE_CURVE('',#995,#1090,#1548,.T.);
#1302=EDGE_CURVE('',#1090,#1091,#1549,.T.);
#1303=EDGE_CURVE('',#996,#1091,#1550,.T.);
#1304=EDGE_CURVE('',#994,#1092,#1551,.T.);
#1305=EDGE_CURVE('',#1092,#1090,#1552,.T.);
#1306=EDGE_CURVE('',#993,#1093,#1553,.T.);
#1307=EDGE_CURVE('',#1093,#1092,#1554,.T.);
#1308=EDGE_CURVE('',#992,#1094,#1555,.T.);
#1309=EDGE_CURVE('',#1094,#1093,#1556,.T.);
#1310=EDGE_CURVE('',#991,#1095,#1557,.T.);
#1311=EDGE_CURVE('',#1095,#1094,#1558,.T.);
#1312=EDGE_CURVE('',#1096,#1097,#1559,.T.);
#1313=EDGE_CURVE('',#1096,#998,#1560,.T.);
#1314=EDGE_CURVE('',#997,#1098,#1561,.T.);
#1315=EDGE_CURVE('',#1098,#1095,#1562,.T.);
#1316=EDGE_CURVE('',#990,#1097,#1563,.T.);
#1317=EDGE_CURVE('',#1091,#1098,#1564,.T.);
#1318=EDGE_CURVE('',#1099,#1100,#1565,.T.);
#1319=EDGE_CURVE('',#1101,#1099,#1566,.T.);
#1320=EDGE_CURVE('',#1102,#1101,#1567,.T.);
#1321=EDGE_CURVE('',#1100,#1102,#1568,.T.);
#1322=EDGE_CURVE('',#981,#1103,#1569,.T.);
#1323=EDGE_CURVE('',#1104,#1103,#1570,.T.);
#1324=EDGE_CURVE('',#982,#1104,#1571,.T.);
#1325=EDGE_CURVE('',#1105,#1104,#1572,.T.);
#1326=EDGE_CURVE('',#983,#1105,#1573,.T.);
#1327=EDGE_CURVE('',#1106,#1105,#1574,.T.);
#1328=EDGE_CURVE('',#984,#1106,#1575,.T.);
#1329=EDGE_CURVE('',#1107,#1106,#1576,.T.);
#1330=EDGE_CURVE('',#985,#1107,#1577,.T.);
#1331=EDGE_CURVE('',#1108,#1107,#1578,.T.);
#1332=EDGE_CURVE('',#986,#1108,#1579,.T.);
#1333=EDGE_CURVE('',#987,#1109,#1580,.T.);
#1334=EDGE_CURVE('',#1110,#1108,#1581,.T.);
#1335=EDGE_CURVE('',#980,#1110,#1582,.T.);
#1336=EDGE_CURVE('',#1111,#978,#1583,.T.);
#1337=EDGE_CURVE('',#1111,#1109,#1584,.T.);
#1338=EDGE_CURVE('',#1103,#1110,#1585,.T.);
#1339=EDGE_CURVE('',#1112,#1113,#1586,.T.);
#1340=EDGE_CURVE('',#1113,#1114,#1587,.T.);
#1341=EDGE_CURVE('',#1114,#1115,#1588,.T.);
#1342=EDGE_CURVE('',#1115,#1112,#1589,.T.);
#1343=EDGE_CURVE('',#1059,#1097,#1590,.T.);
#1344=EDGE_CURVE('',#1096,#1058,#1591,.T.);
#1345=EDGE_CURVE('',#1111,#1056,#1592,.T.);
#1346=EDGE_CURVE('',#1057,#1109,#1593,.T.);
#1347=EDGE_CURVE('',#1116,#1117,#1594,.T.);
#1348=EDGE_CURVE('',#1117,#1118,#1595,.T.);
#1349=EDGE_CURVE('',#1118,#1119,#1596,.T.);
#1350=EDGE_CURVE('',#1119,#1116,#1597,.T.);
#1351=EDGE_CURVE('',#1099,#1120,#1598,.T.);
#1352=EDGE_CURVE('',#1120,#1121,#1599,.T.);
#1353=EDGE_CURVE('',#1101,#1121,#1600,.T.);
#1354=EDGE_CURVE('',#1121,#1122,#1601,.T.);
#1355=EDGE_CURVE('',#1102,#1122,#1602,.T.);
#1356=EDGE_CURVE('',#1122,#1123,#1603,.T.);
#1357=EDGE_CURVE('',#1100,#1123,#1604,.T.);
#1358=EDGE_CURVE('',#1123,#1120,#1605,.T.);
#1359=EDGE_CURVE('',#1124,#1036,#1606,.T.);
#1360=EDGE_CURVE('',#1124,#1125,#1607,.T.);
#1361=EDGE_CURVE('',#1125,#1035,#1608,.T.);
#1362=EDGE_CURVE('',#1125,#1126,#1609,.T.);
#1363=EDGE_CURVE('',#1126,#1037,#1610,.T.);
#1364=EDGE_CURVE('',#1126,#1127,#1611,.T.);
#1365=EDGE_CURVE('',#1127,#1038,#1612,.T.);
#1366=EDGE_CURVE('',#1127,#1124,#1613,.T.);
#1367=EDGE_CURVE('',#1128,#1129,#1614,.T.);
#1368=EDGE_CURVE('',#1129,#1130,#1615,.T.);
#1369=EDGE_CURVE('',#1130,#1131,#1616,.T.);
#1370=EDGE_CURVE('',#1131,#1128,#1617,.T.);
#1371=EDGE_CURVE('',#1128,#1124,#1618,.T.);
#1372=EDGE_CURVE('',#1125,#1131,#1619,.T.);
#1373=EDGE_CURVE('',#1126,#1130,#1620,.T.);
#1374=EDGE_CURVE('',#1129,#1127,#1621,.T.);
#1375=EDGE_CURVE('',#1123,#1119,#1622,.T.);
#1376=EDGE_CURVE('',#1116,#1122,#1623,.T.);
#1377=EDGE_CURVE('',#1117,#1121,#1624,.T.);
#1378=EDGE_CURVE('',#1120,#1118,#1625,.T.);
#1379=EDGE_CURVE('',#1132,#1133,#1626,.T.);
#1380=EDGE_CURVE('',#1133,#1134,#1627,.T.);
#1381=EDGE_CURVE('',#1134,#1135,#1628,.T.);
#1382=EDGE_CURVE('',#1135,#1132,#1629,.T.);
#1383=EDGE_CURVE('',#1114,#1136,#1630,.T.);
#1384=EDGE_CURVE('',#1136,#1137,#1631,.T.);
#1385=EDGE_CURVE('',#1115,#1137,#1632,.T.);
#1386=EDGE_CURVE('',#1137,#1138,#1633,.T.);
#1387=EDGE_CURVE('',#1112,#1138,#1634,.T.);
#1388=EDGE_CURVE('',#1138,#1139,#1635,.T.);
#1389=EDGE_CURVE('',#1113,#1139,#1636,.T.);
#1390=EDGE_CURVE('',#1139,#1136,#1637,.T.);
#1391=EDGE_CURVE('',#1140,#1032,#1638,.T.);
#1392=EDGE_CURVE('',#1140,#1141,#1639,.T.);
#1393=EDGE_CURVE('',#1141,#1031,#1640,.T.);
#1394=EDGE_CURVE('',#1141,#1142,#1641,.T.);
#1395=EDGE_CURVE('',#1142,#1033,#1642,.T.);
#1396=EDGE_CURVE('',#1142,#1143,#1643,.T.);
#1397=EDGE_CURVE('',#1143,#1034,#1644,.T.);
#1398=EDGE_CURVE('',#1143,#1140,#1645,.T.);
#1399=EDGE_CURVE('',#1144,#1145,#1646,.T.);
#1400=EDGE_CURVE('',#1145,#1146,#1647,.T.);
#1401=EDGE_CURVE('',#1146,#1147,#1648,.T.);
#1402=EDGE_CURVE('',#1147,#1144,#1649,.T.);
#1403=EDGE_CURVE('',#1144,#1140,#1650,.T.);
#1404=EDGE_CURVE('',#1141,#1147,#1651,.T.);
#1405=EDGE_CURVE('',#1142,#1146,#1652,.T.);
#1406=EDGE_CURVE('',#1145,#1143,#1653,.T.);
#1407=EDGE_CURVE('',#1139,#1135,#1654,.T.);
#1408=EDGE_CURVE('',#1132,#1138,#1655,.T.);
#1409=EDGE_CURVE('',#1133,#1137,#1656,.T.);
#1410=EDGE_CURVE('',#1136,#1134,#1657,.T.);
#1411=LINE('',#2498,#1658);
#1412=LINE('',#2501,#1659);
#1413=LINE('',#2503,#1660);
#1414=LINE('',#2505,#1661);
#1415=LINE('',#2507,#1662);
#1416=LINE('',#2509,#1663);
#1417=LINE('',#2511,#1664);
#1418=LINE('',#2513,#1665);
#1419=LINE('',#2515,#1666);
#1420=LINE('',#2517,#1667);
#1421=LINE('',#2519,#1668);
#1422=LINE('',#2521,#1669);
#1423=LINE('',#2523,#1670);
#1424=LINE('',#2525,#1671);
#1425=LINE('',#2527,#1672);
#1426=LINE('',#2529,#1673);
#1427=LINE('',#2531,#1674);
#1428=LINE('',#2533,#1675);
#1429=LINE('',#2535,#1676);
#1430=LINE('',#2537,#1677);
#1431=LINE('',#2539,#1678);
#1432=LINE('',#2541,#1679);
#1433=LINE('',#2543,#1680);
#1434=LINE('',#2545,#1681);
#1435=LINE('',#2547,#1682);
#1436=LINE('',#2549,#1683);
#1437=LINE('',#2551,#1684);
#1438=LINE('',#2553,#1685);
#1439=LINE('',#2555,#1686);
#1440=LINE('',#2557,#1687);
#1441=LINE('',#2559,#1688);
#1442=LINE('',#2561,#1689);
#1443=LINE('',#2563,#1690);
#1444=LINE('',#2565,#1691);
#1445=LINE('',#2567,#1692);
#1446=LINE('',#2569,#1693);
#1447=LINE('',#2571,#1694);
#1448=LINE('',#2573,#1695);
#1449=LINE('',#2576,#1696);
#1450=LINE('',#2578,#1697);
#1451=LINE('',#2580,#1698);
#1452=LINE('',#2582,#1699);
#1453=LINE('',#2585,#1700);
#1454=LINE('',#2587,#1701);
#1455=LINE('',#2589,#1702);
#1456=LINE('',#2591,#1703);
#1457=LINE('',#2593,#1704);
#1458=LINE('',#2595,#1705);
#1459=LINE('',#2597,#1706);
#1460=LINE('',#2599,#1707);
#1461=LINE('',#2602,#1708);
#1462=LINE('',#2603,#1709);
#1463=LINE('',#2605,#1710);
#1464=LINE('',#2607,#1711);
#1465=LINE('',#2608,#1712);
#1466=LINE('',#2610,#1713);
#1467=LINE('',#2612,#1714);
#1468=LINE('',#2614,#1715);
#1469=LINE('',#2617,#1716);
#1470=LINE('',#2619,#1717);
#1471=LINE('',#2621,#1718);
#1472=LINE('',#2622,#1719);
#1473=LINE('',#2625,#1720);
#1474=LINE('',#2627,#1721);
#1475=LINE('',#2629,#1722);
#1476=LINE('',#2633,#1723);
#1477=LINE('',#2637,#1724);
#1478=LINE('',#2641,#1725);
#1479=LINE('',#2645,#1726);
#1480=LINE('',#2649,#1727);
#1481=LINE('',#2653,#1728);
#1482=LINE('',#2657,#1729);
#1483=LINE('',#2661,#1730);
#1484=LINE('',#2662,#1731);
#1485=LINE('',#2664,#1732);
#1486=LINE('',#2666,#1733);
#1487=LINE('',#2668,#1734);
#1488=LINE('',#2671,#1735);
#1489=LINE('',#2672,#1736);
#1490=LINE('',#2674,#1737);
#1491=LINE('',#2676,#1738);
#1492=LINE('',#2677,#1739);
#1493=LINE('',#2679,#1740);
#1494=LINE('',#2683,#1741);
#1495=LINE('',#2685,#1742);
#1496=LINE('',#2687,#1743);
#1497=LINE('',#2689,#1744);
#1498=LINE('',#2693,#1745);
#1499=LINE('',#2695,#1746);
#1500=LINE('',#2697,#1747);
#1501=LINE('',#2701,#1748);
#1502=LINE('',#2703,#1749);
#1503=LINE('',#2705,#1750);
#1504=LINE('',#2709,#1751);
#1505=LINE('',#2711,#1752);
#1506=LINE('',#2713,#1753);
#1507=LINE('',#2717,#1754);
#1508=LINE('',#2719,#1755);
#1509=LINE('',#2721,#1756);
#1510=LINE('',#2725,#1757);
#1511=LINE('',#2727,#1758);
#1512=LINE('',#2729,#1759);
#1513=LINE('',#2733,#1760);
#1514=LINE('',#2735,#1761);
#1515=LINE('',#2737,#1762);
#1516=LINE('',#2741,#1763);
#1517=LINE('',#2744,#1764);
#1518=LINE('',#2745,#1765);
#1519=LINE('',#2746,#1766);
#1520=LINE('',#2747,#1767);
#1521=LINE('',#2749,#1768);
#1522=LINE('',#2752,#1769);
#1523=LINE('',#2753,#1770);
#1524=LINE('',#2755,#1771);
#1525=LINE('',#2757,#1772);
#1526=LINE('',#2759,#1773);
#1527=LINE('',#2760,#1774);
#1528=LINE('',#2762,#1775);
#1529=LINE('',#2764,#1776);
#1530=LINE('',#2766,#1777);
#1531=LINE('',#2767,#1778);
#1532=LINE('',#2771,#1779);
#1533=LINE('',#2773,#1780);
#1534=LINE('',#2775,#1781);
#1535=LINE('',#2777,#1782);
#1536=LINE('',#2779,#1783);
#1537=LINE('',#2781,#1784);
#1538=LINE('',#2783,#1785);
#1539=LINE('',#2785,#1786);
#1540=LINE('',#2787,#1787);
#1541=LINE('',#2788,#1788);
#1542=LINE('',#2790,#1789);
#1543=LINE('',#2792,#1790);
#1544=LINE('',#2794,#1791);
#1545=LINE('',#2796,#1792);
#1546=LINE('',#2798,#1793);
#1547=LINE('',#2800,#1794);
#1548=LINE('',#2803,#1795);
#1549=LINE('',#2805,#1796);
#1550=LINE('',#2807,#1797);
#1551=LINE('',#2809,#1798);
#1552=LINE('',#2811,#1799);
#1553=LINE('',#2813,#1800);
#1554=LINE('',#2815,#1801);
#1555=LINE('',#2817,#1802);
#1556=LINE('',#2819,#1803);
#1557=LINE('',#2821,#1804);
#1558=LINE('',#2823,#1805);
#1559=LINE('',#2825,#1806);
#1560=LINE('',#2828,#1807);
#1561=LINE('',#2829,#1808);
#1562=LINE('',#2831,#1809);
#1563=LINE('',#2832,#1810);
#1564=LINE('',#2834,#1811);
#1565=LINE('',#2836,#1812);
#1566=LINE('',#2839,#1813);
#1567=LINE('',#2841,#1814);
#1568=LINE('',#2843,#1815);
#1569=LINE('',#2845,#1816);
#1570=LINE('',#2847,#1817);
#1571=LINE('',#2849,#1818);
#1572=LINE('',#2851,#1819);
#1573=LINE('',#2853,#1820);
#1574=LINE('',#2855,#1821);
#1575=LINE('',#2857,#1822);
#1576=LINE('',#2859,#1823);
#1577=LINE('',#2861,#1824);
#1578=LINE('',#2863,#1825);
#1579=LINE('',#2865,#1826);
#1580=LINE('',#2867,#1827);
#1581=LINE('',#2869,#1828);
#1582=LINE('',#2871,#1829);
#1583=LINE('',#2872,#1830);
#1584=LINE('',#2874,#1831);
#1585=LINE('',#2876,#1832);
#1586=LINE('',#2878,#1833);
#1587=LINE('',#2881,#1834);
#1588=LINE('',#2883,#1835);
#1589=LINE('',#2885,#1836);
#1590=LINE('',#2887,#1837);
#1591=LINE('',#2889,#1838);
#1592=LINE('',#2892,#1839);
#1593=LINE('',#2894,#1840);
#1594=LINE('',#2897,#1841);
#1595=LINE('',#2900,#1842);
#1596=LINE('',#2902,#1843);
#1597=LINE('',#2904,#1844);
#1598=LINE('',#2906,#1845);
#1599=LINE('',#2908,#1846);
#1600=LINE('',#2910,#1847);
#1601=LINE('',#2912,#1848);
#1602=LINE('',#2914,#1849);
#1603=LINE('',#2916,#1850);
#1604=LINE('',#2918,#1851);
#1605=LINE('',#2920,#1852);
#1606=LINE('',#2922,#1853);
#1607=LINE('',#2924,#1854);
#1608=LINE('',#2926,#1855);
#1609=LINE('',#2928,#1856);
#1610=LINE('',#2930,#1857);
#1611=LINE('',#2932,#1858);
#1612=LINE('',#2934,#1859);
#1613=LINE('',#2936,#1860);
#1614=LINE('',#2938,#1861);
#1615=LINE('',#2941,#1862);
#1616=LINE('',#2943,#1863);
#1617=LINE('',#2945,#1864);
#1618=LINE('',#2947,#1865);
#1619=LINE('',#2948,#1866);
#1620=LINE('',#2950,#1867);
#1621=LINE('',#2952,#1868);
#1622=LINE('',#2955,#1869);
#1623=LINE('',#2956,#1870);
#1624=LINE('',#2958,#1871);
#1625=LINE('',#2960,#1872);
#1626=LINE('',#2963,#1873);
#1627=LINE('',#2966,#1874);
#1628=LINE('',#2968,#1875);
#1629=LINE('',#2970,#1876);
#1630=LINE('',#2972,#1877);
#1631=LINE('',#2974,#1878);
#1632=LINE('',#2976,#1879);
#1633=LINE('',#2978,#1880);
#1634=LINE('',#2980,#1881);
#1635=LINE('',#2982,#1882);
#1636=LINE('',#2984,#1883);
#1637=LINE('',#2986,#1884);
#1638=LINE('',#2988,#1885);
#1639=LINE('',#2990,#1886);
#1640=LINE('',#2992,#1887);
#1641=LINE('',#2994,#1888);
#1642=LINE('',#2996,#1889);
#1643=LINE('',#2998,#1890);
#1644=LINE('',#3000,#1891);
#1645=LINE('',#3002,#1892);
#1646=LINE('',#3004,#1893);
#1647=LINE('',#3007,#1894);
#1648=LINE('',#3009,#1895);
#1649=LINE('',#3011,#1896);
#1650=LINE('',#3013,#1897);
#1651=LINE('',#3014,#1898);
#1652=LINE('',#3016,#1899);
#1653=LINE('',#3018,#1900);
#1654=LINE('',#3021,#1901);
#1655=LINE('',#3022,#1902);
#1656=LINE('',#3024,#1903);
#1657=LINE('',#3026,#1904);
#1658=VECTOR('',#2022,1.);
#1659=VECTOR('',#2023,1.);
#1660=VECTOR('',#2024,1.);
#1661=VECTOR('',#2025,1.);
#1662=VECTOR('',#2026,1.);
#1663=VECTOR('',#2027,1.);
#1664=VECTOR('',#2028,1.);
#1665=VECTOR('',#2029,1.);
#1666=VECTOR('',#2030,1.);
#1667=VECTOR('',#2031,1.);
#1668=VECTOR('',#2032,1.);
#1669=VECTOR('',#2033,1.);
#1670=VECTOR('',#2034,1.);
#1671=VECTOR('',#2035,1.);
#1672=VECTOR('',#2036,1.);
#1673=VECTOR('',#2037,1.);
#1674=VECTOR('',#2038,1.);
#1675=VECTOR('',#2039,1.);
#1676=VECTOR('',#2040,1.);
#1677=VECTOR('',#2041,1.);
#1678=VECTOR('',#2042,1.);
#1679=VECTOR('',#2043,1.);
#1680=VECTOR('',#2044,1.);
#1681=VECTOR('',#2045,1.);
#1682=VECTOR('',#2046,1.);
#1683=VECTOR('',#2047,1.);
#1684=VECTOR('',#2048,1.);
#1685=VECTOR('',#2049,1.);
#1686=VECTOR('',#2050,1.);
#1687=VECTOR('',#2051,1.);
#1688=VECTOR('',#2052,1.);
#1689=VECTOR('',#2053,1.);
#1690=VECTOR('',#2054,1.);
#1691=VECTOR('',#2055,1.);
#1692=VECTOR('',#2058,1.);
#1693=VECTOR('',#2059,1.);
#1694=VECTOR('',#2060,1.);
#1695=VECTOR('',#2063,1.);
#1696=VECTOR('',#2064,1.);
#1697=VECTOR('',#2065,1.);
#1698=VECTOR('',#2066,1.);
#1699=VECTOR('',#2069,1.);
#1700=VECTOR('',#2070,1.);
#1701=VECTOR('',#2071,1.);
#1702=VECTOR('',#2072,1.);
#1703=VECTOR('',#2073,1.);
#1704=VECTOR('',#2074,1.);
#1705=VECTOR('',#2075,1.);
#1706=VECTOR('',#2076,1.);
#1707=VECTOR('',#2079,1.);
#1708=VECTOR('',#2080,1.);
#1709=VECTOR('',#2081,1.);
#1710=VECTOR('',#2082,1.);
#1711=VECTOR('',#2083,1.);
#1712=VECTOR('',#2084,1.);
#1713=VECTOR('',#2087,1.);
#1714=VECTOR('',#2088,1.);
#1715=VECTOR('',#2091,1.);
#1716=VECTOR('',#2092,1.);
#1717=VECTOR('',#2093,1.);
#1718=VECTOR('',#2094,1.);
#1719=VECTOR('',#2095,1.);
#1720=VECTOR('',#2096,1.);
#1721=VECTOR('',#2097,1.);
#1722=VECTOR('',#2098,1.);
#1723=VECTOR('',#2101,1.);
#1724=VECTOR('',#2104,1.);
#1725=VECTOR('',#2107,1.);
#1726=VECTOR('',#2110,1.);
#1727=VECTOR('',#2113,1.);
#1728=VECTOR('',#2116,1.);
#1729=VECTOR('',#2119,1.);
#1730=VECTOR('',#2122,1.);
#1731=VECTOR('',#2123,1.);
#1732=VECTOR('',#2124,1.);
#1733=VECTOR('',#2127,1.);
#1734=VECTOR('',#2130,1.);
#1735=VECTOR('',#2131,1.);
#1736=VECTOR('',#2132,1.);
#1737=VECTOR('',#2133,1.);
#1738=VECTOR('',#2134,1.);
#1739=VECTOR('',#2135,1.);
#1740=VECTOR('',#2138,1.);
#1741=VECTOR('',#2141,1.);
#1742=VECTOR('',#2144,1.);
#1743=VECTOR('',#2145,1.);
#1744=VECTOR('',#2148,1.);
#1745=VECTOR('',#2153,1.);
#1746=VECTOR('',#2154,1.);
#1747=VECTOR('',#2157,1.);
#1748=VECTOR('',#2162,1.);
#1749=VECTOR('',#2163,1.);
#1750=VECTOR('',#2166,1.);
#1751=VECTOR('',#2171,1.);
#1752=VECTOR('',#2172,1.);
#1753=VECTOR('',#2175,1.);
#1754=VECTOR('',#2180,1.);
#1755=VECTOR('',#2181,1.);
#1756=VECTOR('',#2184,1.);
#1757=VECTOR('',#2189,1.);
#1758=VECTOR('',#2190,1.);
#1759=VECTOR('',#2193,1.);
#1760=VECTOR('',#2198,1.);
#1761=VECTOR('',#2199,1.);
#1762=VECTOR('',#2202,1.);
#1763=VECTOR('',#2207,1.);
#1764=VECTOR('',#2212,1.);
#1765=VECTOR('',#2213,1.);
#1766=VECTOR('',#2214,1.);
#1767=VECTOR('',#2215,1.);
#1768=VECTOR('',#2218,1.);
#1769=VECTOR('',#2219,1.);
#1770=VECTOR('',#2220,1.);
#1771=VECTOR('',#2223,1.);
#1772=VECTOR('',#2224,1.);
#1773=VECTOR('',#2225,1.);
#1774=VECTOR('',#2226,1.);
#1775=VECTOR('',#2227,1.);
#1776=VECTOR('',#2228,1.);
#1777=VECTOR('',#2231,1.);
#1778=VECTOR('',#2232,1.);
#1779=VECTOR('',#2239,1.);
#1780=VECTOR('',#2240,1.);
#1781=VECTOR('',#2241,1.);
#1782=VECTOR('',#2244,1.);
#1783=VECTOR('',#2245,1.);
#1784=VECTOR('',#2248,1.);
#1785=VECTOR('',#2249,1.);
#1786=VECTOR('',#2252,1.);
#1787=VECTOR('',#2253,1.);
#1788=VECTOR('',#2254,1.);
#1789=VECTOR('',#2255,1.);
#1790=VECTOR('',#2258,1.);
#1791=VECTOR('',#2259,1.);
#1792=VECTOR('',#2260,1.);
#1793=VECTOR('',#2263,1.);
#1794=VECTOR('',#2266,1.);
#1795=VECTOR('',#2271,1.);
#1796=VECTOR('',#2272,1.);
#1797=VECTOR('',#2273,1.);
#1798=VECTOR('',#2276,1.);
#1799=VECTOR('',#2277,1.);
#1800=VECTOR('',#2280,1.);
#1801=VECTOR('',#2281,1.);
#1802=VECTOR('',#2284,1.);
#1803=VECTOR('',#2285,1.);
#1804=VECTOR('',#2288,1.);
#1805=VECTOR('',#2289,1.);
#1806=VECTOR('',#2292,1.);
#1807=VECTOR('',#2293,1.);
#1808=VECTOR('',#2294,1.);
#1809=VECTOR('',#2295,1.);
#1810=VECTOR('',#2296,1.);
#1811=VECTOR('',#2299,1.);
#1812=VECTOR('',#2302,1.);
#1813=VECTOR('',#2303,1.);
#1814=VECTOR('',#2304,1.);
#1815=VECTOR('',#2305,1.);
#1816=VECTOR('',#2308,1.);
#1817=VECTOR('',#2309,1.);
#1818=VECTOR('',#2310,1.);
#1819=VECTOR('',#2313,1.);
#1820=VECTOR('',#2314,1.);
#1821=VECTOR('',#2317,1.);
#1822=VECTOR('',#2318,1.);
#1823=VECTOR('',#2321,1.);
#1824=VECTOR('',#2322,1.);
#1825=VECTOR('',#2325,1.);
#1826=VECTOR('',#2326,1.);
#1827=VECTOR('',#2329,1.);
#1828=VECTOR('',#2330,1.);
#1829=VECTOR('',#2331,1.);
#1830=VECTOR('',#2332,1.);
#1831=VECTOR('',#2333,1.);
#1832=VECTOR('',#2336,1.);
#1833=VECTOR('',#2339,1.);
#1834=VECTOR('',#2340,1.);
#1835=VECTOR('',#2341,1.);
#1836=VECTOR('',#2342,1.);
#1837=VECTOR('',#2345,1.);
#1838=VECTOR('',#2348,1.);
#1839=VECTOR('',#2353,1.);
#1840=VECTOR('',#2356,1.);
#1841=VECTOR('',#2361,1.);
#1842=VECTOR('',#2362,1.);
#1843=VECTOR('',#2363,1.);
#1844=VECTOR('',#2364,1.);
#1845=VECTOR('',#2367,1.);
#1846=VECTOR('',#2368,1.);
#1847=VECTOR('',#2369,1.);
#1848=VECTOR('',#2372,1.);
#1849=VECTOR('',#2373,1.);
#1850=VECTOR('',#2376,1.);
#1851=VECTOR('',#2377,1.);
#1852=VECTOR('',#2380,1.);
#1853=VECTOR('',#2383,1.);
#1854=VECTOR('',#2384,1.);
#1855=VECTOR('',#2385,1.);
#1856=VECTOR('',#2388,1.);
#1857=VECTOR('',#2389,1.);
#1858=VECTOR('',#2392,1.);
#1859=VECTOR('',#2393,1.);
#1860=VECTOR('',#2396,1.);
#1861=VECTOR('',#2399,1.);
#1862=VECTOR('',#2400,1.);
#1863=VECTOR('',#2401,1.);
#1864=VECTOR('',#2402,1.);
#1865=VECTOR('',#2405,1.);
#1866=VECTOR('',#2406,1.);
#1867=VECTOR('',#2409,1.);
#1868=VECTOR('',#2412,1.);
#1869=VECTOR('',#2417,1.);
#1870=VECTOR('',#2418,1.);
#1871=VECTOR('',#2421,1.);
#1872=VECTOR('',#2424,1.);
#1873=VECTOR('',#2429,1.);
#1874=VECTOR('',#2430,1.);
#1875=VECTOR('',#2431,1.);
#1876=VECTOR('',#2432,1.);
#1877=VECTOR('',#2435,1.);
#1878=VECTOR('',#2436,1.);
#1879=VECTOR('',#2437,1.);
#1880=VECTOR('',#2440,1.);
#1881=VECTOR('',#2441,1.);
#1882=VECTOR('',#2444,1.);
#1883=VECTOR('',#2445,1.);
#1884=VECTOR('',#2448,1.);
#1885=VECTOR('',#2451,1.);
#1886=VECTOR('',#2452,1.);
#1887=VECTOR('',#2453,1.);
#1888=VECTOR('',#2456,1.);
#1889=VECTOR('',#2457,1.);
#1890=VECTOR('',#2460,1.);
#1891=VECTOR('',#2461,1.);
#1892=VECTOR('',#2464,1.);
#1893=VECTOR('',#2467,1.);
#1894=VECTOR('',#2468,1.);
#1895=VECTOR('',#2469,1.);
#1896=VECTOR('',#2470,1.);
#1897=VECTOR('',#2473,1.);
#1898=VECTOR('',#2474,1.);
#1899=VECTOR('',#2477,1.);
#1900=VECTOR('',#2480,1.);
#1901=VECTOR('',#2485,1.);
#1902=VECTOR('',#2486,1.);
#1903=VECTOR('',#2489,1.);
#1904=VECTOR('',#2492,1.);
#1905=AXIS2_PLACEMENT_3D('',#2497,#2020,#2021);
#1906=AXIS2_PLACEMENT_3D('',#2566,#2056,#2057);
#1907=AXIS2_PLACEMENT_3D('',#2572,#2061,#2062);
#1908=AXIS2_PLACEMENT_3D('',#2581,#2067,#2068);
#1909=AXIS2_PLACEMENT_3D('',#2598,#2077,#2078);
#1910=AXIS2_PLACEMENT_3D('',#2609,#2085,#2086);
#1911=AXIS2_PLACEMENT_3D('',#2613,#2089,#2090);
#1912=AXIS2_PLACEMENT_3D('',#2630,#2099,#2100);
#1913=AXIS2_PLACEMENT_3D('',#2635,#2102,#2103);
#1914=AXIS2_PLACEMENT_3D('',#2639,#2105,#2106);
#1915=AXIS2_PLACEMENT_3D('',#2643,#2108,#2109);
#1916=AXIS2_PLACEMENT_3D('',#2647,#2111,#2112);
#1917=AXIS2_PLACEMENT_3D('',#2651,#2114,#2115);
#1918=AXIS2_PLACEMENT_3D('',#2655,#2117,#2118);
#1919=AXIS2_PLACEMENT_3D('',#2659,#2120,#2121);
#1920=AXIS2_PLACEMENT_3D('',#2665,#2125,#2126);
#1921=AXIS2_PLACEMENT_3D('',#2667,#2128,#2129);
#1922=AXIS2_PLACEMENT_3D('',#2678,#2136,#2137);
#1923=AXIS2_PLACEMENT_3D('',#2681,#2139,#2140);
#1924=AXIS2_PLACEMENT_3D('',#2684,#2142,#2143);
#1925=AXIS2_PLACEMENT_3D('',#2688,#2146,#2147);
#1926=AXIS2_PLACEMENT_3D('',#2691,#2149,#2150);
#1927=AXIS2_PLACEMENT_3D('',#2692,#2151,#2152);
#1928=AXIS2_PLACEMENT_3D('',#2696,#2155,#2156);
#1929=AXIS2_PLACEMENT_3D('',#2699,#2158,#2159);
#1930=AXIS2_PLACEMENT_3D('',#2700,#2160,#2161);
#1931=AXIS2_PLACEMENT_3D('',#2704,#2164,#2165);
#1932=AXIS2_PLACEMENT_3D('',#2707,#2167,#2168);
#1933=AXIS2_PLACEMENT_3D('',#2708,#2169,#2170);
#1934=AXIS2_PLACEMENT_3D('',#2712,#2173,#2174);
#1935=AXIS2_PLACEMENT_3D('',#2715,#2176,#2177);
#1936=AXIS2_PLACEMENT_3D('',#2716,#2178,#2179);
#1937=AXIS2_PLACEMENT_3D('',#2720,#2182,#2183);
#1938=AXIS2_PLACEMENT_3D('',#2723,#2185,#2186);
#1939=AXIS2_PLACEMENT_3D('',#2724,#2187,#2188);
#1940=AXIS2_PLACEMENT_3D('',#2728,#2191,#2192);
#1941=AXIS2_PLACEMENT_3D('',#2731,#2194,#2195);
#1942=AXIS2_PLACEMENT_3D('',#2732,#2196,#2197);
#1943=AXIS2_PLACEMENT_3D('',#2736,#2200,#2201);
#1944=AXIS2_PLACEMENT_3D('',#2739,#2203,#2204);
#1945=AXIS2_PLACEMENT_3D('',#2740,#2205,#2206);
#1946=AXIS2_PLACEMENT_3D('',#2742,#2208,#2209);
#1947=AXIS2_PLACEMENT_3D('',#2743,#2210,#2211);
#1948=AXIS2_PLACEMENT_3D('',#2748,#2216,#2217);
#1949=AXIS2_PLACEMENT_3D('',#2754,#2221,#2222);
#1950=AXIS2_PLACEMENT_3D('',#2765,#2229,#2230);
#1951=AXIS2_PLACEMENT_3D('',#2768,#2233,#2234);
#1952=AXIS2_PLACEMENT_3D('',#2769,#2235,#2236);
#1953=AXIS2_PLACEMENT_3D('',#2770,#2237,#2238);
#1954=AXIS2_PLACEMENT_3D('',#2776,#2242,#2243);
#1955=AXIS2_PLACEMENT_3D('',#2780,#2246,#2247);
#1956=AXIS2_PLACEMENT_3D('',#2784,#2250,#2251);
#1957=AXIS2_PLACEMENT_3D('',#2791,#2256,#2257);
#1958=AXIS2_PLACEMENT_3D('',#2797,#2261,#2262);
#1959=AXIS2_PLACEMENT_3D('',#2799,#2264,#2265);
#1960=AXIS2_PLACEMENT_3D('',#2801,#2267,#2268);
#1961=AXIS2_PLACEMENT_3D('',#2802,#2269,#2270);
#1962=AXIS2_PLACEMENT_3D('',#2808,#2274,#2275);
#1963=AXIS2_PLACEMENT_3D('',#2812,#2278,#2279);
#1964=AXIS2_PLACEMENT_3D('',#2816,#2282,#2283);
#1965=AXIS2_PLACEMENT_3D('',#2820,#2286,#2287);
#1966=AXIS2_PLACEMENT_3D('',#2824,#2290,#2291);
#1967=AXIS2_PLACEMENT_3D('',#2833,#2297,#2298);
#1968=AXIS2_PLACEMENT_3D('',#2835,#2300,#2301);
#1969=AXIS2_PLACEMENT_3D('',#2844,#2306,#2307);
#1970=AXIS2_PLACEMENT_3D('',#2850,#2311,#2312);
#1971=AXIS2_PLACEMENT_3D('',#2854,#2315,#2316);
#1972=AXIS2_PLACEMENT_3D('',#2858,#2319,#2320);
#1973=AXIS2_PLACEMENT_3D('',#2862,#2323,#2324);
#1974=AXIS2_PLACEMENT_3D('',#2866,#2327,#2328);
#1975=AXIS2_PLACEMENT_3D('',#2875,#2334,#2335);
#1976=AXIS2_PLACEMENT_3D('',#2877,#2337,#2338);
#1977=AXIS2_PLACEMENT_3D('',#2886,#2343,#2344);
#1978=AXIS2_PLACEMENT_3D('',#2888,#2346,#2347);
#1979=AXIS2_PLACEMENT_3D('',#2890,#2349,#2350);
#1980=AXIS2_PLACEMENT_3D('',#2891,#2351,#2352);
#1981=AXIS2_PLACEMENT_3D('',#2893,#2354,#2355);
#1982=AXIS2_PLACEMENT_3D('',#2895,#2357,#2358);
#1983=AXIS2_PLACEMENT_3D('',#2896,#2359,#2360);
#1984=AXIS2_PLACEMENT_3D('',#2905,#2365,#2366);
#1985=AXIS2_PLACEMENT_3D('',#2911,#2370,#2371);
#1986=AXIS2_PLACEMENT_3D('',#2915,#2374,#2375);
#1987=AXIS2_PLACEMENT_3D('',#2919,#2378,#2379);
#1988=AXIS2_PLACEMENT_3D('',#2921,#2381,#2382);
#1989=AXIS2_PLACEMENT_3D('',#2927,#2386,#2387);
#1990=AXIS2_PLACEMENT_3D('',#2931,#2390,#2391);
#1991=AXIS2_PLACEMENT_3D('',#2935,#2394,#2395);
#1992=AXIS2_PLACEMENT_3D('',#2937,#2397,#2398);
#1993=AXIS2_PLACEMENT_3D('',#2946,#2403,#2404);
#1994=AXIS2_PLACEMENT_3D('',#2949,#2407,#2408);
#1995=AXIS2_PLACEMENT_3D('',#2951,#2410,#2411);
#1996=AXIS2_PLACEMENT_3D('',#2953,#2413,#2414);
#1997=AXIS2_PLACEMENT_3D('',#2954,#2415,#2416);
#1998=AXIS2_PLACEMENT_3D('',#2957,#2419,#2420);
#1999=AXIS2_PLACEMENT_3D('',#2959,#2422,#2423);
#2000=AXIS2_PLACEMENT_3D('',#2961,#2425,#2426);
#2001=AXIS2_PLACEMENT_3D('',#2962,#2427,#2428);
#2002=AXIS2_PLACEMENT_3D('',#2971,#2433,#2434);
#2003=AXIS2_PLACEMENT_3D('',#2977,#2438,#2439);
#2004=AXIS2_PLACEMENT_3D('',#2981,#2442,#2443);
#2005=AXIS2_PLACEMENT_3D('',#2985,#2446,#2447);
#2006=AXIS2_PLACEMENT_3D('',#2987,#2449,#2450);
#2007=AXIS2_PLACEMENT_3D('',#2993,#2454,#2455);
#2008=AXIS2_PLACEMENT_3D('',#2997,#2458,#2459);
#2009=AXIS2_PLACEMENT_3D('',#3001,#2462,#2463);
#2010=AXIS2_PLACEMENT_3D('',#3003,#2465,#2466);
#2011=AXIS2_PLACEMENT_3D('',#3012,#2471,#2472);
#2012=AXIS2_PLACEMENT_3D('',#3015,#2475,#2476);
#2013=AXIS2_PLACEMENT_3D('',#3017,#2478,#2479);
#2014=AXIS2_PLACEMENT_3D('',#3019,#2481,#2482);
#2015=AXIS2_PLACEMENT_3D('',#3020,#2483,#2484);
#2016=AXIS2_PLACEMENT_3D('',#3023,#2487,#2488);
#2017=AXIS2_PLACEMENT_3D('',#3025,#2490,#2491);
#2018=AXIS2_PLACEMENT_3D('',#3027,#2493,#2494);
#2019=AXIS2_PLACEMENT_3D('',#3028,#2495,#2496);
#2020=DIRECTION('',(0.,0.,1.));
#2021=DIRECTION('',(1.,0.,0.));
#2022=DIRECTION('',(0.,1.,0.));
#2023=DIRECTION('',(0.999999968348838,-0.000251599528881399,0.));
#2024=DIRECTION('',(0.707106781186547,-0.707106781186548,0.));
#2025=DIRECTION('',(-3.68347594265947E-16,-1.,0.));
#2026=DIRECTION('',(-1.,2.73328278777859E-16,0.));
#2027=DIRECTION('',(0.,1.,0.));
#2028=DIRECTION('',(-1.,5.72138349596572E-17,0.));
#2029=DIRECTION('',(1.76633168364073E-16,1.,0.));
#2030=DIRECTION('',(0.999999968348838,-0.000251599528881399,0.));
#2031=DIRECTION('',(0.,-1.,0.));
#2032=DIRECTION('',(-1.,0.,0.));
#2033=DIRECTION('',(0.,1.,0.));
#2034=DIRECTION('',(-0.999999968348838,-0.000251599528881399,0.));
#2035=DIRECTION('',(-1.76633168364073E-16,1.,0.));
#2036=DIRECTION('',(1.,5.72138349596572E-17,0.));
#2037=DIRECTION('',(0.,1.,0.));
#2038=DIRECTION('',(1.,2.73328278777859E-16,0.));
#2039=DIRECTION('',(3.68347594265947E-16,-1.,0.));
#2040=DIRECTION('',(-0.707106781186547,-0.707106781186548,0.));
#2041=DIRECTION('',(-0.999999968348838,-0.000251599528881399,0.));
#2042=DIRECTION('',(0.,-1.,0.));
#2043=DIRECTION('',(-1.,0.,0.));
#2044=DIRECTION('',(0.,-1.,0.));
#2045=DIRECTION('',(-1.,0.,0.));
#2046=DIRECTION('',(0.,-1.,0.));
#2047=DIRECTION('',(-1.,0.,0.));
#2048=DIRECTION('',(-3.80421814907194E-16,-1.,0.));
#2049=DIRECTION('',(-1.,0.,0.));
#2050=DIRECTION('',(-3.80421814907195E-16,1.,0.));
#2051=DIRECTION('',(-1.,0.,0.));
#2052=DIRECTION('',(0.,-1.,0.));
#2053=DIRECTION('',(-1.,0.,0.));
#2054=DIRECTION('',(0.,-1.,0.));
#2055=DIRECTION('',(-1.,0.,0.));
#2056=DIRECTION('',(0.,0.,1.));
#2057=DIRECTION('',(1.,0.,0.));
#2058=DIRECTION('',(7.34669383198475E-32,-1.93119677791796E-16,1.));
#2059=DIRECTION('',(-1.,0.,0.));
#2060=DIRECTION('',(0.,-1.93119677791796E-16,1.));
#2061=DIRECTION('',(0.,-1.,-1.93119677791796E-16));
#2062=DIRECTION('',(0.,1.93096406919668E-16,-1.));
#2063=DIRECTION('',(-6.76569218399691E-17,0.,1.));
#2064=DIRECTION('',(-1.,0.,0.));
#2065=DIRECTION('',(-6.76569218399691E-17,0.,-1.));
#2066=DIRECTION('',(-1.,0.,0.));
#2067=DIRECTION('',(0.,-1.,0.));
#2068=DIRECTION('',(0.,0.,-1.));
#2069=DIRECTION('',(-6.76569218399691E-17,0.,1.));
#2070=DIRECTION('',(-1.,0.,0.));
#2071=DIRECTION('',(0.,1.0668656063818E-16,-1.));
#2072=DIRECTION('',(-1.,0.,0.));
#2073=DIRECTION('',(0.,1.0668656063818E-16,-1.));
#2074=DIRECTION('',(-1.,0.,0.));
#2075=DIRECTION('',(-6.76569218399691E-17,0.,-1.));
#2076=DIRECTION('',(-1.,0.,0.));
#2077=DIRECTION('',(0.,1.,1.0668656063818E-16));
#2078=DIRECTION('',(0.,-1.06685493772574E-16,1.));
#2079=DIRECTION('',(-1.,0.,0.));
#2080=DIRECTION('',(0.,-1.96740602254237E-16,1.));
#2081=DIRECTION('',(0.,0.,-1.));
#2082=DIRECTION('',(1.,0.,0.));
#2083=DIRECTION('',(0.,0.,1.));
#2084=DIRECTION('',(0.,-1.96740602254237E-16,1.));
#2085=DIRECTION('',(0.,-1.,0.));
#2086=DIRECTION('',(0.,0.,-1.));
#2087=DIRECTION('',(0.,0.,-1.));
#2088=DIRECTION('',(0.,-1.,0.));
#2089=DIRECTION('',(-1.,0.,0.));
#2090=DIRECTION('',(0.,0.,1.));
#2091=DIRECTION('',(1.2113990754028E-15,-1.,0.));
#2092=DIRECTION('',(1.,0.,0.));
#2093=DIRECTION('',(8.47979352781958E-15,1.,0.));
#2094=DIRECTION('',(-1.,-1.61519876720373E-15,0.));
#2095=DIRECTION('',(1.2113990754028E-15,-1.,0.));
#2096=DIRECTION('',(1.,0.,0.));
#2097=DIRECTION('',(8.47979352781958E-15,1.,0.));
#2098=DIRECTION('',(-1.,-1.61519876720373E-15,0.));
#2099=DIRECTION('',(0.,0.,-1.));
#2100=DIRECTION('',(1.,0.,0.));
#2101=DIRECTION('',(-1.,-5.87108039754684E-15,0.));
#2102=DIRECTION('',(0.,0.,1.));
#2103=DIRECTION('',(1.,0.,0.));
#2104=DIRECTION('',(0.,1.,0.));
#2105=DIRECTION('',(0.,0.,-1.));
#2106=DIRECTION('',(1.,0.,0.));
#2107=DIRECTION('',(1.63909039657088E-13,-1.,0.));
#2108=DIRECTION('',(0.,0.,1.));
#2109=DIRECTION('',(1.,0.,0.));
#2110=DIRECTION('',(-1.,0.,0.));
#2111=DIRECTION('',(0.,0.,-1.));
#2112=DIRECTION('',(1.,0.,0.));
#2113=DIRECTION('',(1.,0.,0.));
#2114=DIRECTION('',(0.,0.,1.));
#2115=DIRECTION('',(1.,0.,0.));
#2116=DIRECTION('',(0.,-1.,0.));
#2117=DIRECTION('',(0.,0.,-1.));
#2118=DIRECTION('',(1.,0.,0.));
#2119=DIRECTION('',(0.,1.,0.));
#2120=DIRECTION('',(0.,0.,1.));
#2121=DIRECTION('',(1.,0.,0.));
#2122=DIRECTION('',(1.,5.87108039754686E-15,0.));
#2123=DIRECTION('',(1.,0.,0.));
#2124=DIRECTION('',(0.,-1.,0.));
#2125=DIRECTION('',(0.,0.,-1.));
#2126=DIRECTION('',(-1.,0.,0.));
#2127=DIRECTION('',(0.,0.,1.));
#2128=DIRECTION('',(1.,0.,0.));
#2129=DIRECTION('',(0.,0.,-1.));
#2130=DIRECTION('',(-1.,0.,0.));
#2131=DIRECTION('',(0.,0.,1.));
#2132=DIRECTION('',(0.,0.,1.));
#2133=DIRECTION('',(-1.,0.,0.));
#2134=DIRECTION('',(0.,0.,1.));
#2135=DIRECTION('',(0.,0.,1.));
#2136=DIRECTION('',(0.,-1.,0.));
#2137=DIRECTION('',(0.,0.,-1.));
#2138=DIRECTION('',(0.,0.,1.));
#2139=DIRECTION('',(0.,0.,-1.));
#2140=DIRECTION('',(1.,0.,0.));
#2141=DIRECTION('',(0.,0.,1.));
#2142=DIRECTION('',(0.,0.,1.));
#2143=DIRECTION('',(1.,0.,0.));
#2144=DIRECTION('',(0.,0.,1.));
#2145=DIRECTION('',(1.,5.87108039754686E-15,0.));
#2146=DIRECTION('',(5.87108039754686E-15,-1.,0.));
#2147=DIRECTION('',(1.,5.8711716044435E-15,0.));
#2148=DIRECTION('',(0.,0.,1.));
#2149=DIRECTION('',(0.,0.,1.));
#2150=DIRECTION('',(1.,0.,0.));
#2151=DIRECTION('',(0.,0.,1.));
#2152=DIRECTION('',(1.,0.,0.));
#2153=DIRECTION('',(0.,0.,1.));
#2154=DIRECTION('',(0.,1.,0.));
#2155=DIRECTION('',(1.,0.,0.));
#2156=DIRECTION('',(0.,0.,-1.));
#2157=DIRECTION('',(0.,0.,1.));
#2158=DIRECTION('',(0.,0.,-1.));
#2159=DIRECTION('',(1.,0.,0.));
#2160=DIRECTION('',(0.,0.,1.));
#2161=DIRECTION('',(1.,0.,0.));
#2162=DIRECTION('',(0.,0.,1.));
#2163=DIRECTION('',(0.,-1.,0.));
#2164=DIRECTION('',(-1.,0.,0.));
#2165=DIRECTION('',(0.,0.,1.));
#2166=DIRECTION('',(0.,0.,1.));
#2167=DIRECTION('',(0.,0.,1.));
#2168=DIRECTION('',(1.,0.,0.));
#2169=DIRECTION('',(0.,0.,1.));
#2170=DIRECTION('',(1.,0.,0.));
#2171=DIRECTION('',(0.,0.,1.));
#2172=DIRECTION('',(1.,0.,0.));
#2173=DIRECTION('',(0.,-1.,0.));
#2174=DIRECTION('',(0.,0.,-1.));
#2175=DIRECTION('',(0.,0.,1.));
#2176=DIRECTION('',(0.,0.,-1.));
#2177=DIRECTION('',(1.,0.,0.));
#2178=DIRECTION('',(0.,0.,1.));
#2179=DIRECTION('',(1.,0.,0.));
#2180=DIRECTION('',(0.,0.,1.));
#2181=DIRECTION('',(-1.,0.,0.));
#2182=DIRECTION('',(0.,1.,0.));
#2183=DIRECTION('',(0.,0.,1.));
#2184=DIRECTION('',(0.,0.,1.));
#2185=DIRECTION('',(0.,0.,1.));
#2186=DIRECTION('',(1.,0.,0.));
#2187=DIRECTION('',(0.,0.,1.));
#2188=DIRECTION('',(1.,0.,0.));
#2189=DIRECTION('',(0.,0.,1.));
#2190=DIRECTION('',(1.63909039657088E-13,-1.,0.));
#2191=DIRECTION('',(-1.,-1.63909039657088E-13,0.));
#2192=DIRECTION('',(1.63909033915055E-13,-1.,0.));
#2193=DIRECTION('',(0.,0.,1.));
#2194=DIRECTION('',(0.,0.,-1.));
#2195=DIRECTION('',(1.,0.,0.));
#2196=DIRECTION('',(0.,0.,1.));
#2197=DIRECTION('',(1.,0.,0.));
#2198=DIRECTION('',(0.,0.,1.));
#2199=DIRECTION('',(0.,1.,0.));
#2200=DIRECTION('',(1.,0.,0.));
#2201=DIRECTION('',(0.,0.,-1.));
#2202=DIRECTION('',(0.,0.,1.));
#2203=DIRECTION('',(0.,0.,1.));
#2204=DIRECTION('',(1.,0.,0.));
#2205=DIRECTION('',(0.,0.,1.));
#2206=DIRECTION('',(1.,0.,0.));
#2207=DIRECTION('',(-1.,-5.87108039754684E-15,0.));
#2208=DIRECTION('',(-5.87108039754684E-15,1.,0.));
#2209=DIRECTION('',(-1.,-5.8711716044435E-15,0.));
#2210=DIRECTION('',(0.,0.,-1.));
#2211=DIRECTION('',(-1.,0.,0.));
#2212=DIRECTION('',(0.,-1.,0.));
#2213=DIRECTION('',(0.,1.,4.55307998944044E-16));
#2214=DIRECTION('',(0.,1.,4.55307998944044E-16));
#2215=DIRECTION('',(0.,-1.,0.));
#2216=DIRECTION('',(0.,-4.55307998944044E-16,1.));
#2217=DIRECTION('',(0.,-1.,-4.54497550705923E-16));
#2218=DIRECTION('',(-1.,0.,0.));
#2219=DIRECTION('',(7.34669383198474E-32,1.93119677791796E-16,-1.));
#2220=DIRECTION('',(0.,-1.93119677791796E-16,1.));
#2221=DIRECTION('',(0.,-1.,-1.93119677791796E-16));
#2222=DIRECTION('',(0.,1.93096406919668E-16,-1.));
#2223=DIRECTION('',(3.44779253209005E-16,-0.906307787036649,0.4226182617407));
#2224=DIRECTION('',(-1.,-4.26571346551674E-16,1.98913485646536E-16));
#2225=DIRECTION('',(3.44779253209005E-16,0.906307787036649,-0.4226182617407));
#2226=DIRECTION('',(0.,-0.906307787036649,0.4226182617407));
#2227=DIRECTION('',(-1.,0.,0.));
#2228=DIRECTION('',(0.,-0.906307787036649,0.4226182617407));
#2229=DIRECTION('',(0.,-0.4226182617407,-0.906307787036649));
#2230=DIRECTION('',(0.,0.906307787036649,-0.4226182617407));
#2231=DIRECTION('',(0.,-1.,0.));
#2232=DIRECTION('',(0.,-1.,0.));
#2233=DIRECTION('',(0.,0.,-1.));
#2234=DIRECTION('',(-1.,0.,0.));
#2235=DIRECTION('',(1.,0.,0.));
#2236=DIRECTION('',(0.,0.,-1.));
#2237=DIRECTION('',(1.,0.,0.));
#2238=DIRECTION('',(0.,0.,-1.));
#2239=DIRECTION('',(0.,1.,0.));
#2240=DIRECTION('',(6.76569218399691E-17,2.8860504252817E-32,-1.));
#2241=DIRECTION('',(0.,-1.,0.));
#2242=DIRECTION('',(1.,0.,6.76569218399691E-17));
#2243=DIRECTION('',(6.76542155630955E-17,0.,-1.));
#2244=DIRECTION('',(0.,1.,0.));
#2245=DIRECTION('',(1.,4.26571346551674E-16,0.));
#2246=DIRECTION('',(0.,0.,1.));
#2247=DIRECTION('',(1.,0.,0.));
#2248=DIRECTION('',(0.,1.,0.));
#2249=DIRECTION('',(6.76569218399691E-17,2.8860504252817E-32,1.));
#2250=DIRECTION('',(-1.,0.,6.76569218399691E-17));
#2251=DIRECTION('',(6.76542155630955E-17,0.,1.));
#2252=DIRECTION('',(0.,0.,-1.));
#2253=DIRECTION('',(-1.,-4.26571346551674E-16,0.));
#2254=DIRECTION('',(-1.,-4.26571346551674E-16,0.));
#2255=DIRECTION('',(0.,0.,-1.));
#2256=DIRECTION('',(4.26571346551674E-16,-1.,0.));
#2257=DIRECTION('',(1.,4.26741975090295E-16,0.));
#2258=DIRECTION('',(3.80421814907195E-16,-1.,0.));
#2259=DIRECTION('',(1.,0.,0.));
#2260=DIRECTION('',(3.80421814907194E-16,1.,0.));
#2261=DIRECTION('',(0.,0.,1.));
#2262=DIRECTION('',(1.,0.,0.));
#2263=DIRECTION('',(0.,0.,-1.));
#2264=DIRECTION('',(1.,3.80421814907195E-16,0.));
#2265=DIRECTION('',(-3.80338122107915E-16,1.,0.));
#2266=DIRECTION('',(0.,0.,-1.));
#2267=DIRECTION('',(0.,1.,0.));
#2268=DIRECTION('',(0.,0.,1.));
#2269=DIRECTION('',(-1.,3.80421814907194E-16,0.));
#2270=DIRECTION('',(-3.80338122107915E-16,-1.,0.));
#2271=DIRECTION('',(0.,0.,-1.));
#2272=DIRECTION('',(-3.68347594265947E-16,1.,0.));
#2273=DIRECTION('',(0.,0.,-1.));
#2274=DIRECTION('',(-1.,-3.68347594265947E-16,0.));
#2275=DIRECTION('',(3.68628738645072E-16,-1.,0.));
#2276=DIRECTION('',(0.,0.,-1.));
#2277=DIRECTION('',(-1.,-2.73328278777859E-16,0.));
#2278=DIRECTION('',(2.73328278777859E-16,-1.,0.));
#2279=DIRECTION('',(1.,2.73327367683596E-16,0.));
#2280=DIRECTION('',(0.,0.,-1.));
#2281=DIRECTION('',(0.,-1.,0.));
#2282=DIRECTION('',(1.,0.,0.));
#2283=DIRECTION('',(0.,0.,-1.));
#2284=DIRECTION('',(0.,0.,-1.));
#2285=DIRECTION('',(-1.,-5.72138349596572E-17,0.));
#2286=DIRECTION('',(5.72138349596572E-17,-1.,0.));
#2287=DIRECTION('',(1.,5.72458747072346E-17,0.));
#2288=DIRECTION('',(0.,0.,-1.));
#2289=DIRECTION('',(1.76633168364073E-16,-1.,0.));
#2290=DIRECTION('',(1.,1.76633168364073E-16,0.));
#2291=DIRECTION('',(-1.76616533897889E-16,1.,0.));
#2292=DIRECTION('',(0.999999968348838,0.000251599528881399,0.));
#2293=DIRECTION('',(0.,0.,1.));
#2294=DIRECTION('',(0.,0.,-1.));
#2295=DIRECTION('',(0.999999968348838,0.000251599528881399,0.));
#2296=DIRECTION('',(0.,0.,-1.));
#2297=DIRECTION('',(-0.000251599528881399,0.999999968348838,0.));
#2298=DIRECTION('',(-0.999999968348838,-0.000251599528881399,0.));
#2299=DIRECTION('',(0.707106781186547,0.707106781186548,0.));
#2300=DIRECTION('',(-0.707106781186548,0.707106781186547,0.));
#2301=DIRECTION('',(-0.707106781186547,-0.707106781186548,0.));
#2302=DIRECTION('',(-1.2113990754028E-15,1.,0.));
#2303=DIRECTION('',(1.,1.61519876720373E-15,0.));
#2304=DIRECTION('',(-8.47979352781958E-15,-1.,0.));
#2305=DIRECTION('',(-1.,0.,0.));
#2306=DIRECTION('',(0.,0.,1.));
#2307=DIRECTION('',(1.,0.,0.));
#2308=DIRECTION('',(0.,0.,-1.));
#2309=DIRECTION('',(3.68347594265947E-16,1.,0.));
#2310=DIRECTION('',(0.,0.,-1.));
#2311=DIRECTION('',(-1.,3.68347594265947E-16,0.));
#2312=DIRECTION('',(-3.68628738645072E-16,-1.,0.));
#2313=DIRECTION('',(1.,-2.73328278777859E-16,0.));
#2314=DIRECTION('',(0.,0.,-1.));
#2315=DIRECTION('',(2.73328278777859E-16,1.,0.));
#2316=DIRECTION('',(-1.,2.73327367683596E-16,0.));
#2317=DIRECTION('',(0.,-1.,0.));
#2318=DIRECTION('',(0.,0.,-1.));
#2319=DIRECTION('',(1.,0.,0.));
#2320=DIRECTION('',(0.,0.,-1.));
#2321=DIRECTION('',(1.,-5.72138349596572E-17,0.));
#2322=DIRECTION('',(0.,0.,-1.));
#2323=DIRECTION('',(5.72138349596572E-17,1.,0.));
#2324=DIRECTION('',(-1.,5.72458747072346E-17,0.));
#2325=DIRECTION('',(-1.76633168364073E-16,-1.,0.));
#2326=DIRECTION('',(0.,0.,-1.));
#2327=DIRECTION('',(1.,-1.76633168364073E-16,0.));
#2328=DIRECTION('',(1.76616533897889E-16,1.,0.));
#2329=DIRECTION('',(0.,0.,-1.));
#2330=DIRECTION('',(-0.999999968348838,0.000251599528881399,0.));
#2331=DIRECTION('',(0.,0.,-1.));
#2332=DIRECTION('',(0.,0.,1.));
#2333=DIRECTION('',(-0.999999968348838,0.000251599528881399,0.));
#2334=DIRECTION('',(-0.000251599528881399,-0.999999968348838,0.));
#2335=DIRECTION('',(0.999999968348838,-0.000251599528881399,0.));
#2336=DIRECTION('',(-0.707106781186547,0.707106781186548,0.));
#2337=DIRECTION('',(-0.707106781186548,-0.707106781186547,0.));
#2338=DIRECTION('',(0.707106781186547,-0.707106781186548,0.));
#2339=DIRECTION('',(1.,0.,0.));
#2340=DIRECTION('',(1.2113990754028E-15,-1.,0.));
#2341=DIRECTION('',(-1.,-1.61519876720373E-15,0.));
#2342=DIRECTION('',(8.47979352781958E-15,1.,0.));
#2343=DIRECTION('',(0.,0.,-1.));
#2344=DIRECTION('',(-1.,0.,0.));
#2345=DIRECTION('',(0.,-1.,0.));
#2346=DIRECTION('',(1.,0.,0.));
#2347=DIRECTION('',(0.,0.,-1.));
#2348=DIRECTION('',(0.,1.,0.));
#2349=DIRECTION('',(-1.,0.,0.));
#2350=DIRECTION('',(0.,0.,1.));
#2351=DIRECTION('',(0.,0.,1.));
#2352=DIRECTION('',(1.,0.,0.));
#2353=DIRECTION('',(0.,1.,0.));
#2354=DIRECTION('',(1.,0.,0.));
#2355=DIRECTION('',(0.,0.,-1.));
#2356=DIRECTION('',(0.,-1.,0.));
#2357=DIRECTION('',(-1.,0.,0.));
#2358=DIRECTION('',(0.,0.,1.));
#2359=DIRECTION('',(0.,0.,1.));
#2360=DIRECTION('',(1.,0.,0.));
#2361=DIRECTION('',(-8.47979352781958E-15,-1.,0.));
#2362=DIRECTION('',(1.,1.61519876720373E-15,0.));
#2363=DIRECTION('',(-1.2113990754028E-15,1.,0.));
#2364=DIRECTION('',(-1.,0.,0.));
#2365=DIRECTION('',(0.,0.,1.));
#2366=DIRECTION('',(1.,0.,0.));
#2367=DIRECTION('',(0.,0.,1.));
#2368=DIRECTION('',(-1.,-1.61519876720373E-15,0.));
#2369=DIRECTION('',(0.,0.,1.));
#2370=DIRECTION('',(1.61519876720373E-15,-1.,0.));
#2371=DIRECTION('',(1.,1.61502755613441E-15,0.));
#2372=DIRECTION('',(8.47979352781958E-15,1.,0.));
#2373=DIRECTION('',(0.,0.,1.));
#2374=DIRECTION('',(-1.,8.47979352781958E-15,0.));
#2375=DIRECTION('',(-8.47976203144363E-15,-1.,0.));
#2376=DIRECTION('',(1.,0.,0.));
#2377=DIRECTION('',(0.,0.,1.));
#2378=DIRECTION('',(0.,1.,0.));
#2379=DIRECTION('',(0.,0.,1.));
#2380=DIRECTION('',(1.2113990754028E-15,-1.,0.));
#2381=DIRECTION('',(1.,1.2113990754028E-15,0.));
#2382=DIRECTION('',(-1.21127066710081E-15,1.,0.));
#2383=DIRECTION('',(0.,0.,1.));
#2384=DIRECTION('',(-1.2113990754028E-15,1.,0.));
#2385=DIRECTION('',(0.,0.,1.));
#2386=DIRECTION('',(1.,1.2113990754028E-15,0.));
#2387=DIRECTION('',(-1.21127066710081E-15,1.,0.));
#2388=DIRECTION('',(-1.,0.,0.));
#2389=DIRECTION('',(0.,0.,1.));
#2390=DIRECTION('',(0.,1.,0.));
#2391=DIRECTION('',(0.,0.,1.));
#2392=DIRECTION('',(-8.47979352781958E-15,-1.,0.));
#2393=DIRECTION('',(0.,0.,1.));
#2394=DIRECTION('',(-1.,8.47979352781958E-15,0.));
#2395=DIRECTION('',(-8.47976203144363E-15,-1.,0.));
#2396=DIRECTION('',(1.,1.61519876720373E-15,0.));
#2397=DIRECTION('',(1.61519876720373E-15,-1.,0.));
#2398=DIRECTION('',(1.,1.61502755613441E-15,0.));
#2399=DIRECTION('',(-1.,-1.61519876720373E-15,0.));
#2400=DIRECTION('',(8.47979352781958E-15,1.,0.));
#2401=DIRECTION('',(1.,0.,0.));
#2402=DIRECTION('',(1.2113990754028E-15,-1.,0.));
#2403=DIRECTION('',(0.,0.,1.));
#2404=DIRECTION('',(1.,0.,0.));
#2405=DIRECTION('',(0.449101004660397,-0.449101004660396,0.772409590325007));
#2406=DIRECTION('',(-0.449101004660396,-0.449101004660397,-0.772409590325007));
#2407=DIRECTION('',(0.86449470670431,1.04724808839222E-15,-0.502641922326649));
#2408=DIRECTION('',(1.21127066710081E-15,-1.,0.));
#2409=DIRECTION('',(0.449101004660393,-0.449101004660397,-0.772409590325008));
#2410=DIRECTION('',(0.,0.86449470670431,-0.502641922326649));
#2411=DIRECTION('',(1.,0.,0.));
#2412=DIRECTION('',(-0.449101004660399,-0.449101004660397,0.772409590325005));
#2413=DIRECTION('',(1.39633078452295E-15,-0.86449470670431,-0.502641922326649));
#2414=DIRECTION('',(-1.,-1.61502755613441E-15,0.));
#2415=DIRECTION('',(-0.86449470670431,7.3307366187455E-15,-0.502641922326648));
#2416=DIRECTION('',(8.47976203144363E-15,1.,0.));
#2417=DIRECTION('',(-0.449101004660396,-0.449101004660396,0.772409590325007));
#2418=DIRECTION('',(-0.449101004660393,0.449101004660397,-0.772409590325009));
#2419=DIRECTION('',(0.,-0.86449470670431,-0.502641922326648));
#2420=DIRECTION('',(-1.,0.,0.));
#2421=DIRECTION('',(-0.449101004660399,-0.449101004660396,-0.772409590325006));
#2422=DIRECTION('',(0.864494706704311,-7.3307366187455E-15,-0.502641922326648));
#2423=DIRECTION('',(-8.47976203144363E-15,-1.,0.));
#2424=DIRECTION('',(-0.449101004660397,0.449101004660396,0.772409590325007));
#2425=DIRECTION('',(-0.86449470670431,-1.04724808839222E-15,-0.502641922326648));
#2426=DIRECTION('',(-1.21127066710081E-15,1.,0.));
#2427=DIRECTION('',(-1.39633078452295E-15,0.86449470670431,-0.502641922326648));
#2428=DIRECTION('',(1.,1.61502755613441E-15,0.));
#2429=DIRECTION('',(-8.47979352781958E-15,-1.,0.));
#2430=DIRECTION('',(1.,1.61519876720373E-15,0.));
#2431=DIRECTION('',(-1.2113990754028E-15,1.,0.));
#2432=DIRECTION('',(-1.,0.,0.));
#2433=DIRECTION('',(0.,0.,1.));
#2434=DIRECTION('',(1.,0.,0.));
#2435=DIRECTION('',(0.,0.,1.));
#2436=DIRECTION('',(-1.,-1.61519876720373E-15,0.));
#2437=DIRECTION('',(0.,0.,1.));
#2438=DIRECTION('',(1.61519876720373E-15,-1.,0.));
#2439=DIRECTION('',(1.,1.61502755613441E-15,0.));
#2440=DIRECTION('',(8.47979352781958E-15,1.,0.));
#2441=DIRECTION('',(0.,0.,1.));
#2442=DIRECTION('',(-1.,8.47979352781958E-15,0.));
#2443=DIRECTION('',(-8.47976203144363E-15,-1.,0.));
#2444=DIRECTION('',(1.,0.,0.));
#2445=DIRECTION('',(0.,0.,1.));
#2446=DIRECTION('',(0.,1.,0.));
#2447=DIRECTION('',(0.,0.,1.));
#2448=DIRECTION('',(1.2113990754028E-15,-1.,0.));
#2449=DIRECTION('',(1.,1.2113990754028E-15,0.));
#2450=DIRECTION('',(-1.21127066710081E-15,1.,0.));
#2451=DIRECTION('',(0.,0.,1.));
#2452=DIRECTION('',(-1.2113990754028E-15,1.,0.));
#2453=DIRECTION('',(0.,0.,1.));
#2454=DIRECTION('',(1.,1.2113990754028E-15,0.));
#2455=DIRECTION('',(-1.21127066710081E-15,1.,0.));
#2456=DIRECTION('',(-1.,0.,0.));
#2457=DIRECTION('',(0.,0.,1.));
#2458=DIRECTION('',(0.,1.,0.));
#2459=DIRECTION('',(0.,0.,1.));
#2460=DIRECTION('',(-8.47979352781958E-15,-1.,0.));
#2461=DIRECTION('',(0.,0.,1.));
#2462=DIRECTION('',(-1.,8.47979352781958E-15,0.));
#2463=DIRECTION('',(-8.47976203144363E-15,-1.,0.));
#2464=DIRECTION('',(1.,1.61519876720373E-15,0.));
#2465=DIRECTION('',(1.61519876720373E-15,-1.,0.));
#2466=DIRECTION('',(1.,1.61502755613441E-15,0.));
#2467=DIRECTION('',(-1.,-1.61519876720373E-15,0.));
#2468=DIRECTION('',(8.47979352781958E-15,1.,0.));
#2469=DIRECTION('',(1.,0.,0.));
#2470=DIRECTION('',(1.2113990754028E-15,-1.,0.));
#2471=DIRECTION('',(0.,0.,1.));
#2472=DIRECTION('',(1.,0.,0.));
#2473=DIRECTION('',(0.449101004660397,-0.449101004660396,0.772409590325007));
#2474=DIRECTION('',(-0.449101004660396,-0.449101004660397,-0.772409590325007));
#2475=DIRECTION('',(0.86449470670431,1.04724808839222E-15,-0.502641922326649));
#2476=DIRECTION('',(1.21127066710081E-15,-1.,0.));
#2477=DIRECTION('',(0.449101004660393,-0.449101004660397,-0.772409590325008));
#2478=DIRECTION('',(0.,0.86449470670431,-0.502641922326649));
#2479=DIRECTION('',(1.,0.,0.));
#2480=DIRECTION('',(-0.449101004660399,-0.449101004660397,0.772409590325005));
#2481=DIRECTION('',(1.39633078452295E-15,-0.86449470670431,-0.502641922326649));
#2482=DIRECTION('',(-1.,-1.61502755613441E-15,0.));
#2483=DIRECTION('',(-0.86449470670431,7.3307366187455E-15,-0.502641922326648));
#2484=DIRECTION('',(8.47976203144363E-15,1.,0.));
#2485=DIRECTION('',(-0.449101004660396,-0.449101004660396,0.772409590325007));
#2486=DIRECTION('',(-0.449101004660393,0.449101004660397,-0.772409590325009));
#2487=DIRECTION('',(0.,-0.86449470670431,-0.502641922326648));
#2488=DIRECTION('',(-1.,0.,0.));
#2489=DIRECTION('',(-0.449101004660399,-0.449101004660396,-0.772409590325006));
#2490=DIRECTION('',(0.864494706704311,-7.3307366187455E-15,-0.502641922326648));
#2491=DIRECTION('',(-8.47976203144363E-15,-1.,0.));
#2492=DIRECTION('',(-0.449101004660397,0.449101004660396,0.772409590325007));
#2493=DIRECTION('',(-0.86449470670431,-1.04724808839222E-15,-0.502641922326648));
#2494=DIRECTION('',(-1.21127066710081E-15,1.,0.));
#2495=DIRECTION('',(-1.39633078452295E-15,0.86449470670431,-0.502641922326648));
#2496=DIRECTION('',(1.,1.61502755613441E-15,0.));
#2497=CARTESIAN_POINT('',(0.,0.,0.));
#2498=CARTESIAN_POINT('',(3.43499941203716,6.11475217430828,15.3));
#2499=CARTESIAN_POINT('',(3.43499941203716,6.11475217430828,15.3));
#2500=CARTESIAN_POINT('',(3.43499941203716,6.79,15.3));
#2501=CARTESIAN_POINT('',(0.359999999999997,6.11552584303201,15.3));
#2502=CARTESIAN_POINT('',(4.54,6.114474156968,15.3));
#2503=CARTESIAN_POINT('',(4.54,6.114474156968,15.3));
#2504=CARTESIAN_POINT('',(5.34,5.31447415696799,15.3));
#2505=CARTESIAN_POINT('',(5.34,5.31447415696799,15.3));
#2506=CARTESIAN_POINT('',(5.33999999999999,0.605000000000002,15.3));
#2507=CARTESIAN_POINT('',(5.33999999999999,0.605000000000002,15.3));
#2508=CARTESIAN_POINT('',(4.15,0.605000000000002,15.3));
#2509=CARTESIAN_POINT('',(4.15,0.605000000000002,15.3));
#2510=CARTESIAN_POINT('',(4.15,1.205,15.3));
#2511=CARTESIAN_POINT('',(4.15,1.205,15.3));
#2512=CARTESIAN_POINT('',(0.359999999999996,1.205,15.3));
#2513=CARTESIAN_POINT('',(0.359999999999996,1.205,15.3));
#2514=CARTESIAN_POINT('',(0.359999999999997,6.11552584303201,15.3));
#2515=CARTESIAN_POINT('',(0.359999999999997,6.11552584303201,15.3));
#2516=CARTESIAN_POINT('',(2.26499941203716,6.11504654606225,15.3));
#2517=CARTESIAN_POINT('',(2.26499941203716,6.79,15.3));
#2518=CARTESIAN_POINT('',(2.26499941203716,6.79,15.3));
#2519=CARTESIAN_POINT('',(6.025,6.79,15.3));
#2520=CARTESIAN_POINT('',(-2.26500058796284,6.79,15.3));
#2521=CARTESIAN_POINT('',(-2.26500058796284,6.11475217430828,15.3));
#2522=CARTESIAN_POINT('',(-2.26500058796284,6.11504654576639,15.3));
#2523=CARTESIAN_POINT('',(-0.359999999999997,6.11552584303201,15.3));
#2524=CARTESIAN_POINT('',(-0.359999999999997,6.11552584303201,15.3));
#2525=CARTESIAN_POINT('',(-0.359999999999996,1.205,15.3));
#2526=CARTESIAN_POINT('',(-0.359999999999996,1.205,15.3));
#2527=CARTESIAN_POINT('',(-4.15,1.205,15.3));
#2528=CARTESIAN_POINT('',(-4.15,1.205,15.3));
#2529=CARTESIAN_POINT('',(-4.15,0.605000000000002,15.3));
#2530=CARTESIAN_POINT('',(-4.15,0.605000000000002,15.3));
#2531=CARTESIAN_POINT('',(-5.33999999999999,0.605000000000002,15.3));
#2532=CARTESIAN_POINT('',(-5.33999999999999,0.605000000000002,15.3));
#2533=CARTESIAN_POINT('',(-5.34,5.31447415696799,15.3));
#2534=CARTESIAN_POINT('',(-5.34,5.31447415696799,15.3));
#2535=CARTESIAN_POINT('',(-4.54,6.114474156968,15.3));
#2536=CARTESIAN_POINT('',(-4.54,6.114474156968,15.3));
#2537=CARTESIAN_POINT('',(-0.359999999999997,6.11552584303201,15.3));
#2538=CARTESIAN_POINT('',(-3.43500058796284,6.11475217430828,15.3));
#2539=CARTESIAN_POINT('',(-3.43500058796284,6.79,15.3));
#2540=CARTESIAN_POINT('',(-3.43500058796284,6.79,15.3));
#2541=CARTESIAN_POINT('',(6.025,6.79,15.3));
#2542=CARTESIAN_POINT('',(-6.025,6.79,15.3));
#2543=CARTESIAN_POINT('',(-6.025,6.79,15.3));
#2544=CARTESIAN_POINT('',(-6.025,0.,15.3));
#2545=CARTESIAN_POINT('',(6.025,0.,15.3));
#2546=CARTESIAN_POINT('',(-3.9,-2.78493351667499E-16,15.3));
#2547=CARTESIAN_POINT('',(-3.9,-2.77555756156289E-16,15.3));
#2548=CARTESIAN_POINT('',(-3.9,-0.25,15.3));
#2549=CARTESIAN_POINT('',(3.9,-0.25,15.3));
#2550=CARTESIAN_POINT('',(-3.04999999999999,-0.25,15.3));
#2551=CARTESIAN_POINT('',(-3.04999999999999,6.79,15.3));
#2552=CARTESIAN_POINT('',(-3.04999999999999,1.98591143529825E-14,15.3));
#2553=CARTESIAN_POINT('',(6.025,1.99493199737333E-14,15.3));
#2554=CARTESIAN_POINT('',(3.05,1.99493199737333E-14,15.3));
#2555=CARTESIAN_POINT('',(3.05,6.79,15.3));
#2556=CARTESIAN_POINT('',(3.05,-0.25,15.3));
#2557=CARTESIAN_POINT('',(3.9,-0.25,15.3));
#2558=CARTESIAN_POINT('',(3.9,-0.25,15.3));
#2559=CARTESIAN_POINT('',(3.9,-2.77555756156289E-16,15.3));
#2560=CARTESIAN_POINT('',(3.9,-2.78493351667499E-16,15.3));
#2561=CARTESIAN_POINT('',(6.025,0.,15.3));
#2562=CARTESIAN_POINT('',(6.025,0.,15.3));
#2563=CARTESIAN_POINT('',(6.025,6.79,15.3));
#2564=CARTESIAN_POINT('',(6.025,6.79,15.3));
#2565=CARTESIAN_POINT('',(6.025,6.79,15.3));
#2566=CARTESIAN_POINT('',(6.025,6.79,15.3));
#2567=CARTESIAN_POINT('',(3.05,-0.25,15.3));
#2568=CARTESIAN_POINT('',(3.05,-0.25,16.422829309662));
#2569=CARTESIAN_POINT('',(3.9,-0.25,16.422829309662));
#2570=CARTESIAN_POINT('',(3.9,-0.25,16.422829309662));
#2571=CARTESIAN_POINT('',(3.9,-0.25,15.3));
#2572=CARTESIAN_POINT('',(3.9,-0.25,15.3));
#2573=CARTESIAN_POINT('',(1.41,-1.79999999999998,9.37));
#2574=CARTESIAN_POINT('',(1.41,-1.79999999999998,9.37));
#2575=CARTESIAN_POINT('',(1.41,-1.79999999999998,10.7));
#2576=CARTESIAN_POINT('',(0.,-1.79999999999998,10.7));
#2577=CARTESIAN_POINT('',(-1.41,-1.79999999999998,10.7));
#2578=CARTESIAN_POINT('',(-1.40999999999999,-1.79999999999998,15.78));
#2579=CARTESIAN_POINT('',(-1.41,-1.79999999999998,9.37));
#2580=CARTESIAN_POINT('',(-1.41,-1.79999999999998,9.37));
#2581=CARTESIAN_POINT('',(0.,-1.79999999999998,0.));
#2582=CARTESIAN_POINT('',(1.41,-3.80999999999998,9.37));
#2583=CARTESIAN_POINT('',(1.41,-3.80999999999998,9.37));
#2584=CARTESIAN_POINT('',(1.41,-3.80999999999998,15.78));
#2585=CARTESIAN_POINT('',(3.9,-3.81,9.37));
#2586=CARTESIAN_POINT('',(3.9,-3.81,9.37));
#2587=CARTESIAN_POINT('',(3.9,-3.81,17.5));
#2588=CARTESIAN_POINT('',(3.9,-3.81,17.5));
#2589=CARTESIAN_POINT('',(3.9,-3.81,17.5));
#2590=CARTESIAN_POINT('',(-3.9,-3.81,17.5));
#2591=CARTESIAN_POINT('',(-3.9,-3.81,17.5));
#2592=CARTESIAN_POINT('',(-3.9,-3.81,9.37));
#2593=CARTESIAN_POINT('',(3.9,-3.81,9.37));
#2594=CARTESIAN_POINT('',(-1.41,-3.80999999999998,9.37));
#2595=CARTESIAN_POINT('',(-1.40999999999999,-3.80999999999998,15.78));
#2596=CARTESIAN_POINT('',(-1.41,-3.80999999999998,15.78));
#2597=CARTESIAN_POINT('',(1.41,-3.80999999999998,15.78));
#2598=CARTESIAN_POINT('',(3.9,-3.81,17.5));
#2599=CARTESIAN_POINT('',(3.9,8.67361737988404E-16,9.37));
#2600=CARTESIAN_POINT('',(3.9,8.67361737988404E-16,9.37));
#2601=CARTESIAN_POINT('',(-3.9,8.67361737988404E-16,9.37));
#2602=CARTESIAN_POINT('',(-3.9,8.88178419700125E-16,9.37));
#2603=CARTESIAN_POINT('',(-6.025,0.,15.3));
#2604=CARTESIAN_POINT('',(-6.025,0.,0.));
#2605=CARTESIAN_POINT('',(-6.025,0.,0.));
#2606=CARTESIAN_POINT('',(6.025,0.,0.));
#2607=CARTESIAN_POINT('',(6.025,0.,0.));
#2608=CARTESIAN_POINT('',(3.9,8.88178419700125E-16,9.37));
#2609=CARTESIAN_POINT('',(0.,0.,0.));
#2610=CARTESIAN_POINT('',(-6.025,6.79,15.3));
#2611=CARTESIAN_POINT('',(-6.025,6.79,0.));
#2612=CARTESIAN_POINT('',(-6.025,6.79,0.));
#2613=CARTESIAN_POINT('',(-6.025,6.79,15.3));
#2614=CARTESIAN_POINT('',(3.382,6.79000000000001,0.));
#2615=CARTESIAN_POINT('',(3.38200000000001,4.007,0.));
#2616=CARTESIAN_POINT('',(3.38200000000001,2.933,0.));
#2617=CARTESIAN_POINT('',(-6.025,4.007,0.));
#2618=CARTESIAN_POINT('',(2.30800000000001,4.007,0.));
#2619=CARTESIAN_POINT('',(2.30800000000004,6.78999999999993,0.));
#2620=CARTESIAN_POINT('',(2.308,2.933,0.));
#2621=CARTESIAN_POINT('',(-6.02499999999999,2.93299999999999,0.));
#2622=CARTESIAN_POINT('',(-2.318,6.79,0.));
#2623=CARTESIAN_POINT('',(-2.31799999999999,4.007,0.));
#2624=CARTESIAN_POINT('',(-2.31799999999999,2.933,0.));
#2625=CARTESIAN_POINT('',(-6.025,4.007,0.));
#2626=CARTESIAN_POINT('',(-3.39199999999999,4.007,0.));
#2627=CARTESIAN_POINT('',(-3.39199999999996,6.78999999999998,0.));
#2628=CARTESIAN_POINT('',(-3.392,2.933,0.));
#2629=CARTESIAN_POINT('',(-6.02499999999999,2.933,0.));
#2630=CARTESIAN_POINT('',(3.49093698645592E-15,4.81,3.5527136788005E-15));
#2631=CARTESIAN_POINT('',(-1.46546920813779,4.49000000000001,3.5527136788005E-15));
#2632=CARTESIAN_POINT('',(-1.46546920813779,5.13,3.5527136788005E-15));
#2633=CARTESIAN_POINT('',(-1.16999999999994,4.49000000000001,3.5527136788005E-15));
#2634=CARTESIAN_POINT('',(-1.16999999999994,4.48999999999995,3.5527136788005E-15));
#2635=CARTESIAN_POINT('',(-1.16999999999994,3.64000000000001,3.5527136788005E-15));
#2636=CARTESIAN_POINT('',(-0.319999999999997,3.64000000000001,3.5527136788005E-15));
#2637=CARTESIAN_POINT('',(-0.319999999999997,3.29339194252437,3.5527136788005E-15));
#2638=CARTESIAN_POINT('',(-0.319999999999997,3.29339194252437,3.5527136788005E-15));
#2639=CARTESIAN_POINT('',(3.49093698645592E-15,4.81,3.5527136788005E-15));
#2640=CARTESIAN_POINT('',(0.320000000000004,3.29339194252437,3.5527136788005E-15));
#2641=CARTESIAN_POINT('',(0.319999999999947,3.64000000000001,3.5527136788005E-15));
#2642=CARTESIAN_POINT('',(0.319999999999947,3.64000000000001,3.5527136788005E-15));
#2643=CARTESIAN_POINT('',(1.16999999999995,3.64000000000001,3.5527136788005E-15));
#2644=CARTESIAN_POINT('',(1.16999999999995,4.49000000000001,3.5527136788005E-15));
#2645=CARTESIAN_POINT('',(1.46546920813779,4.49000000000001,3.5527136788005E-15));
#2646=CARTESIAN_POINT('',(1.46546920813779,4.49000000000001,3.5527136788005E-15));
#2647=CARTESIAN_POINT('',(3.49093698645592E-15,4.81,3.5527136788005E-15));
#2648=CARTESIAN_POINT('',(1.46546920813779,5.13,3.5527136788005E-15));
#2649=CARTESIAN_POINT('',(1.16999999999994,5.13,3.5527136788005E-15));
#2650=CARTESIAN_POINT('',(1.16999999999994,5.13000000000001,3.5527136788005E-15));
#2651=CARTESIAN_POINT('',(1.16999999999994,5.98000000000001,3.5527136788005E-15));
#2652=CARTESIAN_POINT('',(0.319999999999945,5.98000000000001,3.5527136788005E-15));
#2653=CARTESIAN_POINT('',(0.319999999999945,6.32660805747564,3.5527136788005E-15));
#2654=CARTESIAN_POINT('',(0.319999999999945,6.32660805747564,3.5527136788005E-15));
#2655=CARTESIAN_POINT('',(3.49093698645592E-15,4.81,3.5527136788005E-15));
#2656=CARTESIAN_POINT('',(-0.319999999999937,6.32660805747564,3.5527136788005E-15));
#2657=CARTESIAN_POINT('',(-0.319999999999937,5.98000000000001,3.5527136788005E-15));
#2658=CARTESIAN_POINT('',(-0.319999999999938,5.98000000000001,3.5527136788005E-15));
#2659=CARTESIAN_POINT('',(-1.16999999999994,5.98000000000001,3.5527136788005E-15));
#2660=CARTESIAN_POINT('',(-1.16999999999994,5.13000000000001,3.5527136788005E-15));
#2661=CARTESIAN_POINT('',(-1.46546920813778,5.13,3.5527136788005E-15));
#2662=CARTESIAN_POINT('',(-6.025,6.79,0.));
#2663=CARTESIAN_POINT('',(6.025,6.79,0.));
#2664=CARTESIAN_POINT('',(6.025,6.79,0.));
#2665=CARTESIAN_POINT('',(-6.025,6.79,0.));
#2666=CARTESIAN_POINT('',(6.025,6.79,0.));
#2667=CARTESIAN_POINT('',(6.025,6.79,0.));
#2668=CARTESIAN_POINT('',(3.43499941203716,6.79,12.95));
#2669=CARTESIAN_POINT('',(3.43499941203716,6.79,12.95));
#2670=CARTESIAN_POINT('',(2.26499941203716,6.79,12.95));
#2671=CARTESIAN_POINT('',(3.43499941203716,6.79,12.95));
#2672=CARTESIAN_POINT('',(-3.43500058796284,6.79,12.95));
#2673=CARTESIAN_POINT('',(-3.43500058796284,6.79,12.95));
#2674=CARTESIAN_POINT('',(-2.26500058796284,6.79,12.95));
#2675=CARTESIAN_POINT('',(-2.26500058796284,6.79,12.95));
#2676=CARTESIAN_POINT('',(-2.26500058796284,6.79,12.95));
#2677=CARTESIAN_POINT('',(2.26499941203716,6.79,12.95));
#2678=CARTESIAN_POINT('',(0.,6.79,0.));
#2679=CARTESIAN_POINT('',(-1.46546920813779,5.13,-1.45));
#2680=CARTESIAN_POINT('',(-1.46546920813779,5.13,-1.45));
#2681=CARTESIAN_POINT('',(3.49093698645592E-15,4.81,-1.45));
#2682=CARTESIAN_POINT('',(-1.46546920813779,4.49000000000001,-1.45));
#2683=CARTESIAN_POINT('',(-1.46546920813779,4.49000000000001,-1.45));
#2684=CARTESIAN_POINT('',(3.49093698645592E-15,4.81,-1.45));
#2685=CARTESIAN_POINT('',(-1.16999999999994,5.13000000000001,-1.45));
#2686=CARTESIAN_POINT('',(-1.16999999999994,5.13000000000001,-1.45));
#2687=CARTESIAN_POINT('',(-1.46546920813778,5.13,-1.45));
#2688=CARTESIAN_POINT('',(-1.46546920813778,5.13,-1.45));
#2689=CARTESIAN_POINT('',(-0.319999999999938,5.98000000000001,-1.45));
#2690=CARTESIAN_POINT('',(-0.319999999999938,5.98000000000001,-1.45));
#2691=CARTESIAN_POINT('',(-1.16999999999994,5.98000000000001,-1.45));
#2692=CARTESIAN_POINT('',(-1.16999999999994,5.98000000000001,-1.45));
#2693=CARTESIAN_POINT('',(-0.319999999999937,6.32660805747564,-1.45));
#2694=CARTESIAN_POINT('',(-0.319999999999937,6.32660805747564,-1.45));
#2695=CARTESIAN_POINT('',(-0.319999999999937,5.98000000000001,-1.45));
#2696=CARTESIAN_POINT('',(-0.319999999999937,5.98000000000001,-1.45));
#2697=CARTESIAN_POINT('',(0.319999999999945,6.32660805747564,-1.45));
#2698=CARTESIAN_POINT('',(0.319999999999945,6.32660805747564,-1.45));
#2699=CARTESIAN_POINT('',(3.49093698645592E-15,4.81,-1.45));
#2700=CARTESIAN_POINT('',(3.49093698645592E-15,4.81,-1.45));
#2701=CARTESIAN_POINT('',(0.319999999999945,5.98000000000001,-1.45));
#2702=CARTESIAN_POINT('',(0.319999999999945,5.98000000000001,-1.45));
#2703=CARTESIAN_POINT('',(0.319999999999945,6.32660805747564,-1.45));
#2704=CARTESIAN_POINT('',(0.319999999999945,6.32660805747564,-1.45));
#2705=CARTESIAN_POINT('',(1.16999999999994,5.13000000000001,-1.45));
#2706=CARTESIAN_POINT('',(1.16999999999994,5.13000000000001,-1.45));
#2707=CARTESIAN_POINT('',(1.16999999999994,5.98000000000001,-1.45));
#2708=CARTESIAN_POINT('',(1.16999999999994,5.98000000000001,-1.45));
#2709=CARTESIAN_POINT('',(1.46546920813779,5.13,-1.45));
#2710=CARTESIAN_POINT('',(1.46546920813779,5.13,-1.45));
#2711=CARTESIAN_POINT('',(1.16999999999994,5.13,-1.45));
#2712=CARTESIAN_POINT('',(1.16999999999994,5.13,-1.45));
#2713=CARTESIAN_POINT('',(1.46546920813779,4.49000000000001,-1.45));
#2714=CARTESIAN_POINT('',(1.46546920813779,4.49000000000001,-1.45));
#2715=CARTESIAN_POINT('',(3.49093698645592E-15,4.81,-1.45));
#2716=CARTESIAN_POINT('',(3.49093698645592E-15,4.81,-1.45));
#2717=CARTESIAN_POINT('',(1.16999999999995,4.49000000000001,-1.45));
#2718=CARTESIAN_POINT('',(1.16999999999995,4.49000000000001,-1.45));
#2719=CARTESIAN_POINT('',(1.46546920813779,4.49000000000001,-1.45));
#2720=CARTESIAN_POINT('',(1.46546920813779,4.49000000000001,-1.45));
#2721=CARTESIAN_POINT('',(0.319999999999947,3.64000000000001,-1.45));
#2722=CARTESIAN_POINT('',(0.319999999999947,3.64000000000001,-1.45));
#2723=CARTESIAN_POINT('',(1.16999999999995,3.64000000000001,-1.45));
#2724=CARTESIAN_POINT('',(1.16999999999995,3.64000000000001,-1.45));
#2725=CARTESIAN_POINT('',(0.320000000000004,3.29339194252437,-1.45));
#2726=CARTESIAN_POINT('',(0.320000000000004,3.29339194252437,-1.45));
#2727=CARTESIAN_POINT('',(0.319999999999947,3.64000000000001,-1.45));
#2728=CARTESIAN_POINT('',(0.319999999999947,3.64000000000001,-1.45));
#2729=CARTESIAN_POINT('',(-0.319999999999997,3.29339194252437,-1.45));
#2730=CARTESIAN_POINT('',(-0.319999999999997,3.29339194252437,-1.45));
#2731=CARTESIAN_POINT('',(3.49093698645592E-15,4.81,-1.45));
#2732=CARTESIAN_POINT('',(3.49093698645592E-15,4.81,-1.45));
#2733=CARTESIAN_POINT('',(-0.319999999999997,3.64000000000001,-1.45));
#2734=CARTESIAN_POINT('',(-0.319999999999997,3.64000000000001,-1.45));
#2735=CARTESIAN_POINT('',(-0.319999999999997,3.29339194252437,-1.45));
#2736=CARTESIAN_POINT('',(-0.319999999999997,3.29339194252437,-1.45));
#2737=CARTESIAN_POINT('',(-1.16999999999994,4.48999999999995,-1.45));
#2738=CARTESIAN_POINT('',(-1.16999999999994,4.48999999999995,-1.45));
#2739=CARTESIAN_POINT('',(-1.16999999999994,3.64000000000001,-1.45));
#2740=CARTESIAN_POINT('',(-1.16999999999994,3.64000000000001,-1.45));
#2741=CARTESIAN_POINT('',(-1.16999999999994,4.49000000000001,-1.45));
#2742=CARTESIAN_POINT('',(-1.16999999999994,4.49000000000001,-1.45));
#2743=CARTESIAN_POINT('',(3.49093698645592E-15,4.81,-1.45));
#2744=CARTESIAN_POINT('',(-1.41,-1.79999999999998,9.37));
#2745=CARTESIAN_POINT('',(-3.9,-3.81,9.37));
#2746=CARTESIAN_POINT('',(3.9,-3.81,9.37));
#2747=CARTESIAN_POINT('',(1.41,-1.79999999999998,9.37));
#2748=CARTESIAN_POINT('',(3.9,-3.81,9.37));
#2749=CARTESIAN_POINT('',(3.9,-0.25,16.422829309662));
#2750=CARTESIAN_POINT('',(-3.04999999999999,-0.25,16.422829309662));
#2751=CARTESIAN_POINT('',(-3.9,-0.25,16.422829309662));
#2752=CARTESIAN_POINT('',(-3.04999999999999,-0.25,15.3));
#2753=CARTESIAN_POINT('',(-3.9,-0.25,15.3));
#2754=CARTESIAN_POINT('',(3.9,-0.25,15.3));
#2755=CARTESIAN_POINT('',(3.05,-0.250000000000001,16.422829309662));
#2756=CARTESIAN_POINT('',(3.05,-2.27999999999998,17.3694338557166));
#2757=CARTESIAN_POINT('',(3.9,-2.27999999999998,17.3694338557166));
#2758=CARTESIAN_POINT('',(-3.05,-2.27999999999998,17.3694338557166));
#2759=CARTESIAN_POINT('',(-3.04999999999999,-0.249999999999998,16.422829309662));
#2760=CARTESIAN_POINT('',(-3.9,-0.25,16.422829309662));
#2761=CARTESIAN_POINT('',(-3.9,-2.56,17.5));
#2762=CARTESIAN_POINT('',(3.9,-2.56,17.5));
#2763=CARTESIAN_POINT('',(3.9,-2.56,17.5));
#2764=CARTESIAN_POINT('',(3.9,-0.25,16.422829309662));
#2765=CARTESIAN_POINT('',(3.9,-0.25,16.422829309662));
#2766=CARTESIAN_POINT('',(-3.9,-2.56,17.5));
#2767=CARTESIAN_POINT('',(3.9,-2.56,17.5));
#2768=CARTESIAN_POINT('',(3.9,-2.56,17.5));
#2769=CARTESIAN_POINT('',(3.9,0.,0.));
#2770=CARTESIAN_POINT('',(-3.9,0.,0.));
#2771=CARTESIAN_POINT('',(1.41,-1.79999999999998,15.78));
#2772=CARTESIAN_POINT('',(1.41,-2.27999999999998,15.78));
#2773=CARTESIAN_POINT('',(1.41,-2.27999999999998,9.37));
#2774=CARTESIAN_POINT('',(1.41,-2.27999999999998,10.7));
#2775=CARTESIAN_POINT('',(1.41,-1.79999999999998,10.7));
#2776=CARTESIAN_POINT('',(1.41,-1.79999999999998,9.37));
#2777=CARTESIAN_POINT('',(-1.41,-1.79999999999998,15.78));
#2778=CARTESIAN_POINT('',(-1.40999999999999,-2.27999999999998,15.78));
#2779=CARTESIAN_POINT('',(1.41,-2.27999999999998,15.78));
#2780=CARTESIAN_POINT('',(1.41,-1.79999999999998,15.78));
#2781=CARTESIAN_POINT('',(-1.41,-1.79999999999998,10.7));
#2782=CARTESIAN_POINT('',(-1.41,-2.27999999999998,10.7));
#2783=CARTESIAN_POINT('',(-1.40999999999999,-2.27999999999998,15.78));
#2784=CARTESIAN_POINT('',(-1.40999999999999,-1.79999999999998,15.78));
#2785=CARTESIAN_POINT('',(3.05,-2.27999999999998,10.7));
#2786=CARTESIAN_POINT('',(3.05,-2.27999999999998,10.7));
#2787=CARTESIAN_POINT('',(-3.05,-2.27999999999998,10.7));
#2788=CARTESIAN_POINT('',(-3.05,-2.27999999999998,10.7));
#2789=CARTESIAN_POINT('',(-3.05,-2.27999999999998,10.7));
#2790=CARTESIAN_POINT('',(-3.05,-2.27999999999998,10.7));
#2791=CARTESIAN_POINT('',(-3.05,-2.27999999999998,10.7));
#2792=CARTESIAN_POINT('',(3.05,-2.27999999999998,10.7));
#2793=CARTESIAN_POINT('',(3.05,1.99493199737333E-14,10.7));
#2794=CARTESIAN_POINT('',(3.05,1.98591143529825E-14,10.7));
#2795=CARTESIAN_POINT('',(-3.04999999999999,1.98591143529825E-14,10.7));
#2796=CARTESIAN_POINT('',(-3.04999999999999,1.99840144432528E-14,10.7));
#2797=CARTESIAN_POINT('',(0.,0.,10.7));
#2798=CARTESIAN_POINT('',(3.05,1.99493199737333E-14,10.7));
#2799=CARTESIAN_POINT('',(3.05,-2.27999999999998,10.7));
#2800=CARTESIAN_POINT('',(-3.04999999999999,1.98591143529825E-14,10.7));
#2801=CARTESIAN_POINT('',(3.05,1.98591143529825E-14,10.7));
#2802=CARTESIAN_POINT('',(-3.04999999999999,1.99840144432528E-14,10.7));
#2803=CARTESIAN_POINT('',(-5.33999999999999,0.605000000000002,4.2));
#2804=CARTESIAN_POINT('',(-5.33999999999999,0.605000000000002,4.2));
#2805=CARTESIAN_POINT('',(-5.34,5.31447415696799,4.2));
#2806=CARTESIAN_POINT('',(-5.34,5.31447415696799,4.2));
#2807=CARTESIAN_POINT('',(-5.34,5.31447415696799,4.2));
#2808=CARTESIAN_POINT('',(-5.34,5.31447415696799,4.2));
#2809=CARTESIAN_POINT('',(-4.15,0.605000000000002,4.2));
#2810=CARTESIAN_POINT('',(-4.15,0.605000000000002,4.2));
#2811=CARTESIAN_POINT('',(-5.33999999999999,0.605000000000002,4.2));
#2812=CARTESIAN_POINT('',(-5.33999999999999,0.605000000000002,4.2));
#2813=CARTESIAN_POINT('',(-4.15,1.205,4.2));
#2814=CARTESIAN_POINT('',(-4.15,1.205,4.2));
#2815=CARTESIAN_POINT('',(-4.15,0.605000000000002,4.2));
#2816=CARTESIAN_POINT('',(-4.15,0.605000000000002,4.2));
#2817=CARTESIAN_POINT('',(-0.359999999999996,1.205,4.2));
#2818=CARTESIAN_POINT('',(-0.359999999999996,1.205,4.2));
#2819=CARTESIAN_POINT('',(-4.15,1.205,4.2));
#2820=CARTESIAN_POINT('',(-4.15,1.205,4.2));
#2821=CARTESIAN_POINT('',(-0.359999999999997,6.11552584303201,4.2));
#2822=CARTESIAN_POINT('',(-0.359999999999997,6.11552584303201,4.2));
#2823=CARTESIAN_POINT('',(-0.359999999999996,1.205,4.2));
#2824=CARTESIAN_POINT('',(-0.359999999999996,1.205,4.2));
#2825=CARTESIAN_POINT('',(-0.359999999999997,6.11552584303201,12.95));
#2826=CARTESIAN_POINT('',(-3.43500058796284,6.11475217430828,12.95));
#2827=CARTESIAN_POINT('',(-2.26500058796284,6.11504654576639,12.95));
#2828=CARTESIAN_POINT('',(-3.43500058796284,6.11475217430828,12.95));
#2829=CARTESIAN_POINT('',(-4.54,6.114474156968,4.19999999999995));
#2830=CARTESIAN_POINT('',(-4.54,6.114474156968,4.19999999999995));
#2831=CARTESIAN_POINT('',(-0.359999999999997,6.11552584303201,4.19999999999995));
#2832=CARTESIAN_POINT('',(-2.26500058796284,6.11504654576639,12.95));
#2833=CARTESIAN_POINT('',(-0.359999999999997,6.11552584303201,4.19999999999995));
#2834=CARTESIAN_POINT('',(-4.54,6.114474156968,4.2));
#2835=CARTESIAN_POINT('',(-4.54,6.114474156968,4.2));
#2836=CARTESIAN_POINT('',(-2.31799999999999,-2.80802305678368E-15,4.2));
#2837=CARTESIAN_POINT('',(-2.31799999999999,2.933,4.2));
#2838=CARTESIAN_POINT('',(-2.31799999999999,4.007,4.2));
#2839=CARTESIAN_POINT('',(-4.73737798420855E-15,2.93300000000001,4.2));
#2840=CARTESIAN_POINT('',(-3.392,2.933,4.2));
#2841=CARTESIAN_POINT('',(-3.39200000000002,2.87634596463642E-14,4.2));
#2842=CARTESIAN_POINT('',(-3.39199999999999,4.007,4.2));
#2843=CARTESIAN_POINT('',(0.,4.007,4.2));
#2844=CARTESIAN_POINT('',(0.,0.,4.2));
#2845=CARTESIAN_POINT('',(5.34,5.31447415696799,4.2));
#2846=CARTESIAN_POINT('',(5.34,5.31447415696799,4.2));
#2847=CARTESIAN_POINT('',(5.34,5.31447415696799,4.2));
#2848=CARTESIAN_POINT('',(5.33999999999999,0.605000000000002,4.2));
#2849=CARTESIAN_POINT('',(5.33999999999999,0.605000000000002,4.2));
#2850=CARTESIAN_POINT('',(5.34,5.31447415696799,4.2));
#2851=CARTESIAN_POINT('',(5.33999999999999,0.605000000000002,4.2));
#2852=CARTESIAN_POINT('',(4.15,0.605000000000002,4.2));
#2853=CARTESIAN_POINT('',(4.15,0.605000000000002,4.2));
#2854=CARTESIAN_POINT('',(5.33999999999999,0.605000000000002,4.2));
#2855=CARTESIAN_POINT('',(4.15,0.605000000000002,4.2));
#2856=CARTESIAN_POINT('',(4.15,1.205,4.2));
#2857=CARTESIAN_POINT('',(4.15,1.205,4.2));
#2858=CARTESIAN_POINT('',(4.15,0.605000000000002,4.2));
#2859=CARTESIAN_POINT('',(4.15,1.205,4.2));
#2860=CARTESIAN_POINT('',(0.359999999999996,1.205,4.2));
#2861=CARTESIAN_POINT('',(0.359999999999996,1.205,4.2));
#2862=CARTESIAN_POINT('',(4.15,1.205,4.2));
#2863=CARTESIAN_POINT('',(0.359999999999996,1.205,4.2));
#2864=CARTESIAN_POINT('',(0.359999999999997,6.11552584303201,4.2));
#2865=CARTESIAN_POINT('',(0.359999999999997,6.11552584303201,4.2));
#2866=CARTESIAN_POINT('',(0.359999999999996,1.205,4.2));
#2867=CARTESIAN_POINT('',(2.26499941203716,6.11504654606225,4.20000000000005));
#2868=CARTESIAN_POINT('',(2.26499941203716,6.11504654606225,12.95));
#2869=CARTESIAN_POINT('',(0.359999999999997,6.11552584303201,4.20000000000005));
#2870=CARTESIAN_POINT('',(4.54,6.114474156968,4.20000000000005));
#2871=CARTESIAN_POINT('',(4.54,6.114474156968,4.20000000000005));
#2872=CARTESIAN_POINT('',(3.43499941203716,6.11475217430828,12.95));
#2873=CARTESIAN_POINT('',(3.43499941203716,6.11475217430828,12.95));
#2874=CARTESIAN_POINT('',(0.359999999999997,6.11552584303201,12.95));
#2875=CARTESIAN_POINT('',(0.359999999999997,6.11552584303201,4.20000000000005));
#2876=CARTESIAN_POINT('',(4.54,6.114474156968,4.2));
#2877=CARTESIAN_POINT('',(4.54,6.114474156968,4.2));
#2878=CARTESIAN_POINT('',(0.,4.007,4.2));
#2879=CARTESIAN_POINT('',(2.30800000000001,4.007,4.2));
#2880=CARTESIAN_POINT('',(3.38200000000001,4.007,4.2));
#2881=CARTESIAN_POINT('',(3.38200000000001,4.09695167301228E-15,4.2));
#2882=CARTESIAN_POINT('',(3.38200000000001,2.933,4.2));
#2883=CARTESIAN_POINT('',(-4.73737798420853E-15,2.933,4.2));
#2884=CARTESIAN_POINT('',(2.308,2.933,4.2));
#2885=CARTESIAN_POINT('',(2.30799999999998,-1.95713634622074E-14,4.2));
#2886=CARTESIAN_POINT('',(0.,0.,4.2));
#2887=CARTESIAN_POINT('',(-2.26500058796284,6.11475217430828,12.95));
#2888=CARTESIAN_POINT('',(-2.26500058796284,6.11475217430828,12.95));
#2889=CARTESIAN_POINT('',(-3.43500058796284,6.79,12.95));
#2890=CARTESIAN_POINT('',(-3.43500058796284,6.79,12.95));
#2891=CARTESIAN_POINT('',(0.,0.,12.95));
#2892=CARTESIAN_POINT('',(3.43499941203716,6.11475217430828,12.95));
#2893=CARTESIAN_POINT('',(3.43499941203716,6.11475217430828,12.95));
#2894=CARTESIAN_POINT('',(2.26499941203716,6.79,12.95));
#2895=CARTESIAN_POINT('',(2.26499941203716,6.79,12.95));
#2896=CARTESIAN_POINT('',(5.7,0.,12.95));
#2897=CARTESIAN_POINT('',(-2.98500000000002,2.53121836805416E-14,12.17));
#2898=CARTESIAN_POINT('',(-2.98499999999999,3.6,12.17));
#2899=CARTESIAN_POINT('',(-2.98499999999999,3.34,12.17));
#2900=CARTESIAN_POINT('',(-5.39476388246047E-15,3.34000000000001,12.17));
#2901=CARTESIAN_POINT('',(-2.72499999999999,3.34,12.17));
#2902=CARTESIAN_POINT('',(-2.72499999999999,-3.30106248047261E-15,12.17));
#2903=CARTESIAN_POINT('',(-2.72499999999999,3.6,12.17));
#2904=CARTESIAN_POINT('',(0.,3.6,12.17));
#2905=CARTESIAN_POINT('',(0.,0.,12.17));
#2906=CARTESIAN_POINT('',(-2.31799999999999,2.933,-3.23));
#2907=CARTESIAN_POINT('',(-2.31799999999999,2.933,11.47));
#2908=CARTESIAN_POINT('',(-3.392,2.933,11.47));
#2909=CARTESIAN_POINT('',(-3.392,2.933,11.47));
#2910=CARTESIAN_POINT('',(-3.392,2.933,-3.23));
#2911=CARTESIAN_POINT('',(-3.392,2.933,-3.23));
#2912=CARTESIAN_POINT('',(-3.39199999999999,4.007,11.47));
#2913=CARTESIAN_POINT('',(-3.39199999999999,4.007,11.47));
#2914=CARTESIAN_POINT('',(-3.39199999999999,4.007,-3.23));
#2915=CARTESIAN_POINT('',(-3.39199999999999,4.007,-3.23));
#2916=CARTESIAN_POINT('',(-2.31799999999999,4.007,11.47));
#2917=CARTESIAN_POINT('',(-2.31799999999999,4.007,11.47));
#2918=CARTESIAN_POINT('',(-2.31799999999999,4.007,-3.23));
#2919=CARTESIAN_POINT('',(-2.31799999999999,4.007,-3.23));
#2920=CARTESIAN_POINT('',(-2.31799999999999,2.933,11.47));
#2921=CARTESIAN_POINT('',(-2.31799999999999,2.933,-3.23));
#2922=CARTESIAN_POINT('',(-2.31799999999999,2.933,-3.23));
#2923=CARTESIAN_POINT('',(-2.31799999999999,2.933,-2.53));
#2924=CARTESIAN_POINT('',(-2.31799999999999,4.007,-2.53));
#2925=CARTESIAN_POINT('',(-2.31799999999999,4.007,-2.53));
#2926=CARTESIAN_POINT('',(-2.31799999999999,4.007,-3.23));
#2927=CARTESIAN_POINT('',(-2.31799999999999,2.933,-3.23));
#2928=CARTESIAN_POINT('',(-3.39199999999999,4.007,-2.53));
#2929=CARTESIAN_POINT('',(-3.39199999999999,4.007,-2.53));
#2930=CARTESIAN_POINT('',(-3.39199999999999,4.007,-3.23));
#2931=CARTESIAN_POINT('',(-2.31799999999999,4.007,-3.23));
#2932=CARTESIAN_POINT('',(-3.392,2.933,-2.53));
#2933=CARTESIAN_POINT('',(-3.392,2.933,-2.53));
#2934=CARTESIAN_POINT('',(-3.392,2.933,-3.23));
#2935=CARTESIAN_POINT('',(-3.39199999999999,4.007,-3.23));
#2936=CARTESIAN_POINT('',(-2.31799999999999,2.933,-2.53));
#2937=CARTESIAN_POINT('',(-3.392,2.933,-3.23));
#2938=CARTESIAN_POINT('',(-3.392,3.34,-3.23));
#2939=CARTESIAN_POINT('',(-2.72499999999999,3.34,-3.23));
#2940=CARTESIAN_POINT('',(-2.98499999999999,3.34,-3.23));
#2941=CARTESIAN_POINT('',(-2.98499999999999,4.007,-3.23));
#2942=CARTESIAN_POINT('',(-2.98499999999999,3.6,-3.23));
#2943=CARTESIAN_POINT('',(-2.31799999999999,3.6,-3.23));
#2944=CARTESIAN_POINT('',(-2.72499999999999,3.6,-3.23));
#2945=CARTESIAN_POINT('',(-2.72499999999999,2.933,-3.23));
#2946=CARTESIAN_POINT('',(0.,0.,-3.23));
#2947=CARTESIAN_POINT('',(-2.53461689910361,3.14961689910362,-2.90255977732809));
#2948=CARTESIAN_POINT('',(-2.53461689910361,3.79038310089639,-2.90255977732808));
#2949=CARTESIAN_POINT('',(-2.31799999999999,2.933,-2.53));
#2950=CARTESIAN_POINT('',(-3.17538310089638,3.79038310089639,-2.90255977732808));
#2951=CARTESIAN_POINT('',(-2.31799999999999,4.007,-2.53));
#2952=CARTESIAN_POINT('',(-3.392,2.933,-2.53));
#2953=CARTESIAN_POINT('',(-3.392,2.933,-2.53));
#2954=CARTESIAN_POINT('',(-3.39199999999999,4.007,-2.53));
#2955=CARTESIAN_POINT('',(-3.45109016459311,2.87390983540688,13.4188037228874));
#2956=CARTESIAN_POINT('',(-2.38295023852487,2.99795023852488,13.2054664202275));
#2957=CARTESIAN_POINT('',(0.,3.6,12.17));
#2958=CARTESIAN_POINT('',(-3.6586503193725,2.6663496806275,11.0113876570989));
#2959=CARTESIAN_POINT('',(-2.98500000000002,2.53121836805416E-14,12.17));
#2960=CARTESIAN_POINT('',(-2.05134968062749,2.6663496806275,11.0113876570989));
#2961=CARTESIAN_POINT('',(-2.72499999999999,-3.30106248047261E-15,12.17));
#2962=CARTESIAN_POINT('',(-5.39476388246047E-15,3.34000000000001,12.17));
#2963=CARTESIAN_POINT('',(2.71499999999998,2.53121836805416E-14,12.17));
#2964=CARTESIAN_POINT('',(2.71500000000001,3.6,12.17));
#2965=CARTESIAN_POINT('',(2.71500000000001,3.34,12.17));
#2966=CARTESIAN_POINT('',(5.69999999999999,3.34000000000001,12.17));
#2967=CARTESIAN_POINT('',(2.97500000000001,3.34,12.17));
#2968=CARTESIAN_POINT('',(2.97500000000001,-3.30106248047261E-15,12.17));
#2969=CARTESIAN_POINT('',(2.97500000000001,3.6,12.17));
#2970=CARTESIAN_POINT('',(5.7,3.6,12.17));
#2971=CARTESIAN_POINT('',(5.7,0.,12.17));
#2972=CARTESIAN_POINT('',(3.38200000000001,2.933,-3.23));
#2973=CARTESIAN_POINT('',(3.38200000000001,2.933,11.47));
#2974=CARTESIAN_POINT('',(2.308,2.933,11.47));
#2975=CARTESIAN_POINT('',(2.308,2.933,11.47));
#2976=CARTESIAN_POINT('',(2.308,2.933,-3.23));
#2977=CARTESIAN_POINT('',(2.308,2.933,-3.23));
#2978=CARTESIAN_POINT('',(2.30800000000001,4.007,11.47));
#2979=CARTESIAN_POINT('',(2.30800000000001,4.007,11.47));
#2980=CARTESIAN_POINT('',(2.30800000000001,4.007,-3.23));
#2981=CARTESIAN_POINT('',(2.30800000000001,4.007,-3.23));
#2982=CARTESIAN_POINT('',(3.38200000000001,4.007,11.47));
#2983=CARTESIAN_POINT('',(3.38200000000001,4.007,11.47));
#2984=CARTESIAN_POINT('',(3.38200000000001,4.007,-3.23));
#2985=CARTESIAN_POINT('',(3.38200000000001,4.007,-3.23));
#2986=CARTESIAN_POINT('',(3.38200000000001,2.933,11.47));
#2987=CARTESIAN_POINT('',(3.38200000000001,2.933,-3.23));
#2988=CARTESIAN_POINT('',(3.38200000000001,2.933,-3.23));
#2989=CARTESIAN_POINT('',(3.38200000000001,2.933,-2.53));
#2990=CARTESIAN_POINT('',(3.38200000000001,4.007,-2.53));
#2991=CARTESIAN_POINT('',(3.38200000000001,4.007,-2.53));
#2992=CARTESIAN_POINT('',(3.38200000000001,4.007,-3.23));
#2993=CARTESIAN_POINT('',(3.38200000000001,2.933,-3.23));
#2994=CARTESIAN_POINT('',(2.30800000000001,4.007,-2.53));
#2995=CARTESIAN_POINT('',(2.30800000000001,4.007,-2.53));
#2996=CARTESIAN_POINT('',(2.30800000000001,4.007,-3.23));
#2997=CARTESIAN_POINT('',(3.38200000000001,4.007,-3.23));
#2998=CARTESIAN_POINT('',(2.308,2.933,-2.53));
#2999=CARTESIAN_POINT('',(2.308,2.933,-2.53));
#3000=CARTESIAN_POINT('',(2.308,2.933,-3.23));
#3001=CARTESIAN_POINT('',(2.30800000000001,4.007,-3.23));
#3002=CARTESIAN_POINT('',(3.38200000000001,2.933,-2.53));
#3003=CARTESIAN_POINT('',(2.308,2.933,-3.23));
#3004=CARTESIAN_POINT('',(2.308,3.34,-3.23));
#3005=CARTESIAN_POINT('',(2.97500000000001,3.34,-3.23));
#3006=CARTESIAN_POINT('',(2.71500000000001,3.34,-3.23));
#3007=CARTESIAN_POINT('',(2.71500000000001,4.007,-3.23));
#3008=CARTESIAN_POINT('',(2.71500000000001,3.6,-3.23));
#3009=CARTESIAN_POINT('',(3.38200000000001,3.6,-3.23));
#3010=CARTESIAN_POINT('',(2.97500000000001,3.6,-3.23));
#3011=CARTESIAN_POINT('',(2.97500000000001,2.933,-3.23));
#3012=CARTESIAN_POINT('',(5.7,0.,-3.23));
#3013=CARTESIAN_POINT('',(3.16538310089639,3.14961689910362,-2.90255977732809));
#3014=CARTESIAN_POINT('',(3.16538310089639,3.79038310089639,-2.90255977732808));
#3015=CARTESIAN_POINT('',(3.38200000000001,2.933,-2.53));
#3016=CARTESIAN_POINT('',(2.52461689910362,3.79038310089639,-2.90255977732808));
#3017=CARTESIAN_POINT('',(3.38200000000001,4.007,-2.53));
#3018=CARTESIAN_POINT('',(2.308,2.933,-2.53));
#3019=CARTESIAN_POINT('',(2.308,2.933,-2.53));
#3020=CARTESIAN_POINT('',(2.30800000000001,4.007,-2.53));
#3021=CARTESIAN_POINT('',(2.24890983540689,2.87390983540688,13.4188037228874));
#3022=CARTESIAN_POINT('',(3.31704976147513,2.99795023852488,13.2054664202275));
#3023=CARTESIAN_POINT('',(5.7,3.6,12.17));
#3024=CARTESIAN_POINT('',(2.0413496806275,2.6663496806275,11.0113876570989));
#3025=CARTESIAN_POINT('',(2.71499999999998,2.53121836805416E-14,12.17));
#3026=CARTESIAN_POINT('',(3.64865031937251,2.6663496806275,11.0113876570989));
#3027=CARTESIAN_POINT('',(2.97500000000001,-3.30106248047261E-15,12.17));
#3028=CARTESIAN_POINT('',(5.69999999999999,3.34000000000001,12.17));
#3029=MECHANICAL_DESIGN_GEOMETRIC_PRESENTATION_REPRESENTATION('',(#24),
#3030);
#3030=(
GEOMETRIC_REPRESENTATION_CONTEXT(3)
GLOBAL_UNCERTAINTY_ASSIGNED_CONTEXT((#3031))
GLOBAL_UNIT_ASSIGNED_CONTEXT((#3037,#3033,#3032))
REPRESENTATION_CONTEXT('2002411132wbm000_02_214',
'TOP_LEVEL_ASSEMBLY_PART')
);
#3031=UNCERTAINTY_MEASURE_WITH_UNIT(LENGTH_MEASURE(2.E-5),#3037,
'DISTANCE_ACCURACY_VALUE','Maximum Tolerance applied to model');
#3032=(
NAMED_UNIT(*)
SI_UNIT($,.STERADIAN.)
SOLID_ANGLE_UNIT()
);
#3033=(
CONVERSION_BASED_UNIT('DEGREE',#3035)
NAMED_UNIT(#3034)
PLANE_ANGLE_UNIT()
);
#3034=DIMENSIONAL_EXPONENTS(0.,0.,0.,0.,0.,0.,0.);
#3035=PLANE_ANGLE_MEASURE_WITH_UNIT(PLANE_ANGLE_MEASURE(0.0174532925),#3036);
#3036=(
NAMED_UNIT(*)
PLANE_ANGLE_UNIT()
SI_UNIT($,.RADIAN.)
);
#3037=(
LENGTH_UNIT()
NAMED_UNIT(*)
SI_UNIT(.MILLI.,.METRE.)
);
ENDSEC;
END-ISO-10303-21;
