ISO-10303-21;
HEADER;
/* Generated by software containing ST-Developer
 * from STEP Tools, Inc. (www.steptools.com) 
 */
/* OPTION: using custom schema-name function */

FILE_DESCRIPTION(
/* description */ (''),
/* implementation_level */ '2;1');

FILE_NAME(
/* name */ '2002411117wbm000_02_214.stp',
/* time_stamp */ '2023-08-30T14:39:23+05:00',
/* author */ (''),
/* organization */ (''),
/* preprocessor_version */ 'ST-DEVELOPER v16.7',
/* originating_system */ 'SIEMENS PLM Software NX 1919',
/* authorisation */ '');

FILE_SCHEMA (('AUTOMOTIVE_DESIGN { 1 0 10303 214 3 1 1 1 }'));
ENDSEC;

DATA;
#10=SHAPE_REPRESENTATION_RELATIONSHIP('None',
'relationship between 2002411117wbm000_02-None and 2002411117wbm000_02
-None',#22,#11);
#11=ADVANCED_BREP_SHAPE_REPRESENTATION('2002411117wbm000_02-None',(#32),
#7284);
#12=SHAPE_DEFINITION_REPRESENTATION(#13,#22);
#13=PRODUCT_DEFINITION_SHAPE('','',#14);
#14=PRODUCT_DEFINITION(' ','',#16,#15);
#15=PRODUCT_DEFINITION_CONTEXT('part definition',#21,'design');
#16=PRODUCT_DEFINITION_FORMATION_WITH_SPECIFIED_SOURCE(' ',' ',#18,
 .NOT_KNOWN.);
#17=PRODUCT_RELATED_PRODUCT_CATEGORY('part','',(#18));
#18=PRODUCT('2002411117wbm000_02','2002411117wbm000_02',' ',(#19));
#19=PRODUCT_CONTEXT(' ',#21,'mechanical');
#20=APPLICATION_PROTOCOL_DEFINITION('international standard',
'automotive_design',2010,#21);
#21=APPLICATION_CONTEXT(
'core data for automotive mechanical design processes');
#22=SHAPE_REPRESENTATION('2002411117wbm000_02-None',(#4571),#7284);
#23=PRESENTATION_LAYER_ASSIGNMENT('1','Layer 1',(#32));
#24=STYLED_ITEM('',(#25),#32);
#25=PRESENTATION_STYLE_ASSIGNMENT((#26));
#26=SURFACE_STYLE_USAGE(.BOTH.,#27);
#27=SURFACE_SIDE_STYLE('',(#28));
#28=SURFACE_STYLE_FILL_AREA(#29);
#29=FILL_AREA_STYLE('',(#30));
#30=FILL_AREA_STYLE_COLOUR('',#31);
#31=COLOUR_RGB('Medium Steel',0.596063172350652,0.666666666666667,0.686259250782025);
#32=MANIFOLD_SOLID_BREP('',#33);
#33=CLOSED_SHELL('',(#106,#107,#108,#109,#110,#111,#112,#113,#114,#115,
#116,#117,#118,#119,#120,#121,#122,#123,#124,#125,#126,#127,#128,#129,#130,
#131,#132,#133,#134,#135,#136,#137,#138,#139,#140,#141,#142,#143,#144,#145,
#146,#147,#148,#149,#150,#151,#152,#153,#154,#155,#156,#157,#158,#159,#160,
#161,#162,#163,#164,#165,#166,#167,#168,#169,#170,#171,#172,#173,#174,#175,
#176,#177,#178,#179,#180,#181,#182,#183,#184,#185,#186,#187,#188,#189,#190,
#191,#192,#193,#194,#195,#196,#197,#198,#199,#200,#201,#202,#203,#204,#205,
#206,#207,#208,#209,#210,#211,#212,#213,#214,#215,#216,#217,#218,#219,#220,
#221,#222,#223,#224,#225,#226,#227,#228,#229,#230,#231,#232,#233,#234,#235,
#236,#237,#238,#239,#240,#241,#242,#243,#244,#245,#246,#247,#248,#249,#250,
#251,#252,#253,#254,#255,#256,#257,#258,#259,#260,#261,#262,#263,#264,#265,
#266,#267,#268,#269,#270,#271,#272,#273,#274,#275,#276,#277,#278,#279,#280,
#281,#282,#283,#284,#285,#286,#287,#288,#289,#290,#291,#292,#293,#294,#295,
#296,#297,#298,#299,#300,#301,#302,#303,#304,#305,#306,#307,#308,#309,#310,
#311,#312,#313,#314,#315,#316,#317,#318,#319,#320,#321,#322,#323,#324,#325,
#326,#327,#328,#329,#330,#331,#332,#333,#334,#335,#336,#337,#338,#339,#340,
#341,#342,#343,#344,#345,#346,#347,#348,#349,#350));
#34=CYLINDRICAL_SURFACE('',#4598,1.5);
#35=CYLINDRICAL_SURFACE('',#4601,0.85);
#36=CYLINDRICAL_SURFACE('',#4604,1.55);
#37=CYLINDRICAL_SURFACE('',#4607,0.850000000000001);
#38=CYLINDRICAL_SURFACE('',#4610,1.5);
#39=CYLINDRICAL_SURFACE('',#4613,0.85);
#40=CYLINDRICAL_SURFACE('',#4616,1.55);
#41=CYLINDRICAL_SURFACE('',#4619,0.849999999999941);
#42=CYLINDRICAL_SURFACE('',#4623,1.5);
#43=CYLINDRICAL_SURFACE('',#4626,0.85);
#44=CYLINDRICAL_SURFACE('',#4629,1.55);
#45=CYLINDRICAL_SURFACE('',#4632,0.850000000000001);
#46=CYLINDRICAL_SURFACE('',#4635,1.5);
#47=CYLINDRICAL_SURFACE('',#4638,0.85);
#48=CYLINDRICAL_SURFACE('',#4641,1.55);
#49=CYLINDRICAL_SURFACE('',#4644,0.849999999999941);
#50=CIRCLE('',#4578,1.5);
#51=CIRCLE('',#4579,0.85);
#52=CIRCLE('',#4580,1.55);
#53=CIRCLE('',#4581,0.850000000000001);
#54=CIRCLE('',#4582,1.5);
#55=CIRCLE('',#4583,0.85);
#56=CIRCLE('',#4584,1.55);
#57=CIRCLE('',#4585,0.849999999999941);
#58=CIRCLE('',#4586,1.5);
#59=CIRCLE('',#4587,0.849999999999941);
#60=CIRCLE('',#4588,1.55);
#61=CIRCLE('',#4589,0.85);
#62=CIRCLE('',#4590,1.5);
#63=CIRCLE('',#4591,0.850000000000001);
#64=CIRCLE('',#4592,1.55);
#65=CIRCLE('',#4593,0.85);
#66=CIRCLE('',#4597,1.5);
#67=CIRCLE('',#4600,0.85);
#68=CIRCLE('',#4603,1.55);
#69=CIRCLE('',#4606,0.850000000000001);
#70=CIRCLE('',#4609,1.5);
#71=CIRCLE('',#4612,0.85);
#72=CIRCLE('',#4615,1.55);
#73=CIRCLE('',#4618,0.849999999999941);
#74=CIRCLE('',#4622,1.5);
#75=CIRCLE('',#4625,0.85);
#76=CIRCLE('',#4628,1.55);
#77=CIRCLE('',#4631,0.850000000000001);
#78=CIRCLE('',#4634,1.5);
#79=CIRCLE('',#4637,0.85);
#80=CIRCLE('',#4640,1.55);
#81=CIRCLE('',#4643,0.849999999999941);
#82=FACE_BOUND('',#823,.T.);
#83=FACE_BOUND('',#824,.T.);
#84=FACE_BOUND('',#825,.T.);
#85=FACE_BOUND('',#826,.T.);
#86=FACE_BOUND('',#827,.T.);
#87=FACE_BOUND('',#828,.T.);
#88=FACE_BOUND('',#829,.T.);
#89=FACE_BOUND('',#830,.T.);
#90=FACE_BOUND('',#831,.T.);
#91=FACE_BOUND('',#832,.T.);
#92=FACE_BOUND('',#890,.T.);
#93=FACE_BOUND('',#891,.T.);
#94=FACE_BOUND('',#899,.T.);
#95=FACE_BOUND('',#900,.T.);
#96=FACE_BOUND('',#905,.T.);
#97=FACE_BOUND('',#906,.T.);
#98=FACE_BOUND('',#911,.T.);
#99=FACE_BOUND('',#912,.T.);
#100=FACE_BOUND('',#917,.T.);
#101=FACE_BOUND('',#918,.T.);
#102=FACE_BOUND('',#923,.T.);
#103=FACE_BOUND('',#924,.T.);
#104=FACE_BOUND('',#929,.T.);
#105=FACE_BOUND('',#930,.T.);
#106=ADVANCED_FACE('',(#580),#351,.T.);
#107=ADVANCED_FACE('',(#581),#352,.F.);
#108=ADVANCED_FACE('',(#582),#353,.T.);
#109=ADVANCED_FACE('',(#583),#354,.F.);
#110=ADVANCED_FACE('',(#584),#355,.T.);
#111=ADVANCED_FACE('',(#585),#356,.T.);
#112=ADVANCED_FACE('',(#82,#83,#84,#85,#86,#87,#88,#89,#90,#91),#357,.T.);
#113=ADVANCED_FACE('',(#586),#358,.T.);
#114=ADVANCED_FACE('',(#587),#359,.F.);
#115=ADVANCED_FACE('',(#588),#34,.T.);
#116=ADVANCED_FACE('',(#589),#360,.F.);
#117=ADVANCED_FACE('',(#590),#35,.F.);
#118=ADVANCED_FACE('',(#591),#361,.F.);
#119=ADVANCED_FACE('',(#592),#36,.T.);
#120=ADVANCED_FACE('',(#593),#362,.F.);
#121=ADVANCED_FACE('',(#594),#37,.F.);
#122=ADVANCED_FACE('',(#595),#363,.F.);
#123=ADVANCED_FACE('',(#596),#38,.T.);
#124=ADVANCED_FACE('',(#597),#364,.F.);
#125=ADVANCED_FACE('',(#598),#39,.F.);
#126=ADVANCED_FACE('',(#599),#365,.F.);
#127=ADVANCED_FACE('',(#600),#40,.T.);
#128=ADVANCED_FACE('',(#601),#366,.F.);
#129=ADVANCED_FACE('',(#602),#41,.F.);
#130=ADVANCED_FACE('',(#603),#367,.F.);
#131=ADVANCED_FACE('',(#604),#368,.T.);
#132=ADVANCED_FACE('',(#605),#42,.T.);
#133=ADVANCED_FACE('',(#606),#369,.T.);
#134=ADVANCED_FACE('',(#607),#43,.F.);
#135=ADVANCED_FACE('',(#608),#370,.T.);
#136=ADVANCED_FACE('',(#609),#44,.T.);
#137=ADVANCED_FACE('',(#610),#371,.T.);
#138=ADVANCED_FACE('',(#611),#45,.F.);
#139=ADVANCED_FACE('',(#612),#372,.T.);
#140=ADVANCED_FACE('',(#613),#46,.T.);
#141=ADVANCED_FACE('',(#614),#373,.T.);
#142=ADVANCED_FACE('',(#615),#47,.F.);
#143=ADVANCED_FACE('',(#616),#374,.T.);
#144=ADVANCED_FACE('',(#617),#48,.T.);
#145=ADVANCED_FACE('',(#618),#375,.T.);
#146=ADVANCED_FACE('',(#619),#49,.F.);
#147=ADVANCED_FACE('',(#620),#376,.T.);
#148=ADVANCED_FACE('',(#621),#377,.F.);
#149=ADVANCED_FACE('',(#622),#378,.F.);
#150=ADVANCED_FACE('',(#623),#379,.F.);
#151=ADVANCED_FACE('',(#624),#380,.F.);
#152=ADVANCED_FACE('',(#625),#381,.F.);
#153=ADVANCED_FACE('',(#626),#382,.T.);
#154=ADVANCED_FACE('',(#627),#383,.F.);
#155=ADVANCED_FACE('',(#628),#384,.F.);
#156=ADVANCED_FACE('',(#629),#385,.F.);
#157=ADVANCED_FACE('',(#630),#386,.F.);
#158=ADVANCED_FACE('',(#631),#387,.F.);
#159=ADVANCED_FACE('',(#632),#388,.T.);
#160=ADVANCED_FACE('',(#633),#389,.F.);
#161=ADVANCED_FACE('',(#634),#390,.F.);
#162=ADVANCED_FACE('',(#635),#391,.F.);
#163=ADVANCED_FACE('',(#636),#392,.F.);
#164=ADVANCED_FACE('',(#637),#393,.F.);
#165=ADVANCED_FACE('',(#638),#394,.F.);
#166=ADVANCED_FACE('',(#639),#395,.F.);
#167=ADVANCED_FACE('',(#640),#396,.F.);
#168=ADVANCED_FACE('',(#641),#397,.F.);
#169=ADVANCED_FACE('',(#642),#398,.F.);
#170=ADVANCED_FACE('',(#92,#93),#399,.T.);
#171=ADVANCED_FACE('',(#643),#400,.T.);
#172=ADVANCED_FACE('',(#644),#401,.T.);
#173=ADVANCED_FACE('',(#645),#402,.T.);
#174=ADVANCED_FACE('',(#646),#403,.T.);
#175=ADVANCED_FACE('',(#647),#404,.T.);
#176=ADVANCED_FACE('',(#648),#405,.T.);
#177=ADVANCED_FACE('',(#649),#406,.T.);
#178=ADVANCED_FACE('',(#94,#95),#407,.F.);
#179=ADVANCED_FACE('',(#650),#408,.F.);
#180=ADVANCED_FACE('',(#651),#409,.F.);
#181=ADVANCED_FACE('',(#652),#410,.F.);
#182=ADVANCED_FACE('',(#653),#411,.F.);
#183=ADVANCED_FACE('',(#96,#97),#412,.T.);
#184=ADVANCED_FACE('',(#654),#413,.F.);
#185=ADVANCED_FACE('',(#655),#414,.F.);
#186=ADVANCED_FACE('',(#656),#415,.F.);
#187=ADVANCED_FACE('',(#657),#416,.F.);
#188=ADVANCED_FACE('',(#98,#99),#417,.T.);
#189=ADVANCED_FACE('',(#658),#418,.F.);
#190=ADVANCED_FACE('',(#659),#419,.F.);
#191=ADVANCED_FACE('',(#660),#420,.F.);
#192=ADVANCED_FACE('',(#661),#421,.F.);
#193=ADVANCED_FACE('',(#100,#101),#422,.T.);
#194=ADVANCED_FACE('',(#662),#423,.F.);
#195=ADVANCED_FACE('',(#663),#424,.F.);
#196=ADVANCED_FACE('',(#664),#425,.F.);
#197=ADVANCED_FACE('',(#665),#426,.F.);
#198=ADVANCED_FACE('',(#102,#103),#427,.T.);
#199=ADVANCED_FACE('',(#666),#428,.F.);
#200=ADVANCED_FACE('',(#667),#429,.F.);
#201=ADVANCED_FACE('',(#668),#430,.F.);
#202=ADVANCED_FACE('',(#669),#431,.F.);
#203=ADVANCED_FACE('',(#104,#105),#432,.T.);
#204=ADVANCED_FACE('',(#670),#433,.F.);
#205=ADVANCED_FACE('',(#671),#434,.F.);
#206=ADVANCED_FACE('',(#672),#435,.T.);
#207=ADVANCED_FACE('',(#673),#436,.F.);
#208=ADVANCED_FACE('',(#674),#437,.F.);
#209=ADVANCED_FACE('',(#675),#438,.T.);
#210=ADVANCED_FACE('',(#676),#439,.F.);
#211=ADVANCED_FACE('',(#677),#440,.F.);
#212=ADVANCED_FACE('',(#678),#441,.T.);
#213=ADVANCED_FACE('',(#679),#442,.F.);
#214=ADVANCED_FACE('',(#680),#443,.F.);
#215=ADVANCED_FACE('',(#681),#444,.T.);
#216=ADVANCED_FACE('',(#682),#445,.F.);
#217=ADVANCED_FACE('',(#683),#446,.F.);
#218=ADVANCED_FACE('',(#684),#447,.T.);
#219=ADVANCED_FACE('',(#685),#448,.F.);
#220=ADVANCED_FACE('',(#686),#449,.F.);
#221=ADVANCED_FACE('',(#687),#450,.T.);
#222=ADVANCED_FACE('',(#688),#451,.F.);
#223=ADVANCED_FACE('',(#689),#452,.F.);
#224=ADVANCED_FACE('',(#690),#453,.T.);
#225=ADVANCED_FACE('',(#691),#454,.T.);
#226=ADVANCED_FACE('',(#692),#455,.T.);
#227=ADVANCED_FACE('',(#693),#456,.T.);
#228=ADVANCED_FACE('',(#694),#457,.T.);
#229=ADVANCED_FACE('',(#695),#458,.T.);
#230=ADVANCED_FACE('',(#696),#459,.T.);
#231=ADVANCED_FACE('',(#697),#460,.T.);
#232=ADVANCED_FACE('',(#698),#461,.T.);
#233=ADVANCED_FACE('',(#699),#462,.T.);
#234=ADVANCED_FACE('',(#700),#463,.F.);
#235=ADVANCED_FACE('',(#701),#464,.T.);
#236=ADVANCED_FACE('',(#702),#465,.T.);
#237=ADVANCED_FACE('',(#703),#466,.T.);
#238=ADVANCED_FACE('',(#704),#467,.T.);
#239=ADVANCED_FACE('',(#705),#468,.F.);
#240=ADVANCED_FACE('',(#706),#469,.F.);
#241=ADVANCED_FACE('',(#707),#470,.F.);
#242=ADVANCED_FACE('',(#708),#471,.F.);
#243=ADVANCED_FACE('',(#709),#472,.T.);
#244=ADVANCED_FACE('',(#710),#473,.T.);
#245=ADVANCED_FACE('',(#711),#474,.T.);
#246=ADVANCED_FACE('',(#712),#475,.T.);
#247=ADVANCED_FACE('',(#713),#476,.T.);
#248=ADVANCED_FACE('',(#714),#477,.T.);
#249=ADVANCED_FACE('',(#715),#478,.T.);
#250=ADVANCED_FACE('',(#716),#479,.T.);
#251=ADVANCED_FACE('',(#717),#480,.T.);
#252=ADVANCED_FACE('',(#718),#481,.T.);
#253=ADVANCED_FACE('',(#719),#482,.T.);
#254=ADVANCED_FACE('',(#720),#483,.T.);
#255=ADVANCED_FACE('',(#721),#484,.T.);
#256=ADVANCED_FACE('',(#722),#485,.T.);
#257=ADVANCED_FACE('',(#723),#486,.T.);
#258=ADVANCED_FACE('',(#724),#487,.T.);
#259=ADVANCED_FACE('',(#725),#488,.T.);
#260=ADVANCED_FACE('',(#726),#489,.T.);
#261=ADVANCED_FACE('',(#727),#490,.T.);
#262=ADVANCED_FACE('',(#728),#491,.T.);
#263=ADVANCED_FACE('',(#729),#492,.T.);
#264=ADVANCED_FACE('',(#730),#493,.T.);
#265=ADVANCED_FACE('',(#731),#494,.T.);
#266=ADVANCED_FACE('',(#732),#495,.T.);
#267=ADVANCED_FACE('',(#733),#496,.T.);
#268=ADVANCED_FACE('',(#734),#497,.T.);
#269=ADVANCED_FACE('',(#735),#498,.T.);
#270=ADVANCED_FACE('',(#736),#499,.T.);
#271=ADVANCED_FACE('',(#737),#500,.T.);
#272=ADVANCED_FACE('',(#738),#501,.T.);
#273=ADVANCED_FACE('',(#739),#502,.T.);
#274=ADVANCED_FACE('',(#740),#503,.T.);
#275=ADVANCED_FACE('',(#741),#504,.T.);
#276=ADVANCED_FACE('',(#742),#505,.T.);
#277=ADVANCED_FACE('',(#743),#506,.F.);
#278=ADVANCED_FACE('',(#744),#507,.T.);
#279=ADVANCED_FACE('',(#745),#508,.T.);
#280=ADVANCED_FACE('',(#746),#509,.T.);
#281=ADVANCED_FACE('',(#747),#510,.T.);
#282=ADVANCED_FACE('',(#748),#511,.F.);
#283=ADVANCED_FACE('',(#749),#512,.T.);
#284=ADVANCED_FACE('',(#750),#513,.T.);
#285=ADVANCED_FACE('',(#751),#514,.T.);
#286=ADVANCED_FACE('',(#752),#515,.T.);
#287=ADVANCED_FACE('',(#753),#516,.F.);
#288=ADVANCED_FACE('',(#754),#517,.T.);
#289=ADVANCED_FACE('',(#755),#518,.T.);
#290=ADVANCED_FACE('',(#756),#519,.T.);
#291=ADVANCED_FACE('',(#757),#520,.T.);
#292=ADVANCED_FACE('',(#758),#521,.F.);
#293=ADVANCED_FACE('',(#759),#522,.T.);
#294=ADVANCED_FACE('',(#760),#523,.T.);
#295=ADVANCED_FACE('',(#761),#524,.T.);
#296=ADVANCED_FACE('',(#762),#525,.T.);
#297=ADVANCED_FACE('',(#763),#526,.F.);
#298=ADVANCED_FACE('',(#764),#527,.T.);
#299=ADVANCED_FACE('',(#765),#528,.T.);
#300=ADVANCED_FACE('',(#766),#529,.T.);
#301=ADVANCED_FACE('',(#767),#530,.T.);
#302=ADVANCED_FACE('',(#768),#531,.F.);
#303=ADVANCED_FACE('',(#769),#532,.T.);
#304=ADVANCED_FACE('',(#770),#533,.T.);
#305=ADVANCED_FACE('',(#771),#534,.T.);
#306=ADVANCED_FACE('',(#772),#535,.T.);
#307=ADVANCED_FACE('',(#773),#536,.T.);
#308=ADVANCED_FACE('',(#774),#537,.T.);
#309=ADVANCED_FACE('',(#775),#538,.T.);
#310=ADVANCED_FACE('',(#776),#539,.T.);
#311=ADVANCED_FACE('',(#777),#540,.T.);
#312=ADVANCED_FACE('',(#778),#541,.T.);
#313=ADVANCED_FACE('',(#779),#542,.T.);
#314=ADVANCED_FACE('',(#780),#543,.T.);
#315=ADVANCED_FACE('',(#781),#544,.T.);
#316=ADVANCED_FACE('',(#782),#545,.T.);
#317=ADVANCED_FACE('',(#783),#546,.T.);
#318=ADVANCED_FACE('',(#784),#547,.T.);
#319=ADVANCED_FACE('',(#785),#548,.T.);
#320=ADVANCED_FACE('',(#786),#549,.T.);
#321=ADVANCED_FACE('',(#787),#550,.T.);
#322=ADVANCED_FACE('',(#788),#551,.T.);
#323=ADVANCED_FACE('',(#789),#552,.T.);
#324=ADVANCED_FACE('',(#790),#553,.T.);
#325=ADVANCED_FACE('',(#791),#554,.T.);
#326=ADVANCED_FACE('',(#792),#555,.T.);
#327=ADVANCED_FACE('',(#793),#556,.F.);
#328=ADVANCED_FACE('',(#794),#557,.F.);
#329=ADVANCED_FACE('',(#795),#558,.F.);
#330=ADVANCED_FACE('',(#796),#559,.F.);
#331=ADVANCED_FACE('',(#797),#560,.F.);
#332=ADVANCED_FACE('',(#798),#561,.F.);
#333=ADVANCED_FACE('',(#799),#562,.F.);
#334=ADVANCED_FACE('',(#800),#563,.F.);
#335=ADVANCED_FACE('',(#801),#564,.F.);
#336=ADVANCED_FACE('',(#802),#565,.F.);
#337=ADVANCED_FACE('',(#803),#566,.F.);
#338=ADVANCED_FACE('',(#804),#567,.F.);
#339=ADVANCED_FACE('',(#805),#568,.F.);
#340=ADVANCED_FACE('',(#806),#569,.F.);
#341=ADVANCED_FACE('',(#807),#570,.F.);
#342=ADVANCED_FACE('',(#808),#571,.F.);
#343=ADVANCED_FACE('',(#809),#572,.F.);
#344=ADVANCED_FACE('',(#810),#573,.F.);
#345=ADVANCED_FACE('',(#811),#574,.F.);
#346=ADVANCED_FACE('',(#812),#575,.F.);
#347=ADVANCED_FACE('',(#813),#576,.F.);
#348=ADVANCED_FACE('',(#814),#577,.F.);
#349=ADVANCED_FACE('',(#815),#578,.F.);
#350=ADVANCED_FACE('',(#816),#579,.F.);
#351=PLANE('',#4572);
#352=PLANE('',#4573);
#353=PLANE('',#4574);
#354=PLANE('',#4575);
#355=PLANE('',#4576);
#356=PLANE('',#4577);
#357=PLANE('',#4594);
#358=PLANE('',#4595);
#359=PLANE('',#4596);
#360=PLANE('',#4599);
#361=PLANE('',#4602);
#362=PLANE('',#4605);
#363=PLANE('',#4608);
#364=PLANE('',#4611);
#365=PLANE('',#4614);
#366=PLANE('',#4617);
#367=PLANE('',#4620);
#368=PLANE('',#4621);
#369=PLANE('',#4624);
#370=PLANE('',#4627);
#371=PLANE('',#4630);
#372=PLANE('',#4633);
#373=PLANE('',#4636);
#374=PLANE('',#4639);
#375=PLANE('',#4642);
#376=PLANE('',#4645);
#377=PLANE('',#4646);
#378=PLANE('',#4647);
#379=PLANE('',#4648);
#380=PLANE('',#4649);
#381=PLANE('',#4650);
#382=PLANE('',#4651);
#383=PLANE('',#4652);
#384=PLANE('',#4653);
#385=PLANE('',#4654);
#386=PLANE('',#4655);
#387=PLANE('',#4656);
#388=PLANE('',#4657);
#389=PLANE('',#4658);
#390=PLANE('',#4659);
#391=PLANE('',#4660);
#392=PLANE('',#4661);
#393=PLANE('',#4662);
#394=PLANE('',#4663);
#395=PLANE('',#4664);
#396=PLANE('',#4665);
#397=PLANE('',#4666);
#398=PLANE('',#4667);
#399=PLANE('',#4668);
#400=PLANE('',#4669);
#401=PLANE('',#4670);
#402=PLANE('',#4671);
#403=PLANE('',#4672);
#404=PLANE('',#4673);
#405=PLANE('',#4674);
#406=PLANE('',#4675);
#407=PLANE('',#4676);
#408=PLANE('',#4677);
#409=PLANE('',#4678);
#410=PLANE('',#4679);
#411=PLANE('',#4680);
#412=PLANE('',#4681);
#413=PLANE('',#4682);
#414=PLANE('',#4683);
#415=PLANE('',#4684);
#416=PLANE('',#4685);
#417=PLANE('',#4686);
#418=PLANE('',#4687);
#419=PLANE('',#4688);
#420=PLANE('',#4689);
#421=PLANE('',#4690);
#422=PLANE('',#4691);
#423=PLANE('',#4692);
#424=PLANE('',#4693);
#425=PLANE('',#4694);
#426=PLANE('',#4695);
#427=PLANE('',#4696);
#428=PLANE('',#4697);
#429=PLANE('',#4698);
#430=PLANE('',#4699);
#431=PLANE('',#4700);
#432=PLANE('',#4701);
#433=PLANE('',#4702);
#434=PLANE('',#4703);
#435=PLANE('',#4704);
#436=PLANE('',#4705);
#437=PLANE('',#4706);
#438=PLANE('',#4707);
#439=PLANE('',#4708);
#440=PLANE('',#4709);
#441=PLANE('',#4710);
#442=PLANE('',#4711);
#443=PLANE('',#4712);
#444=PLANE('',#4713);
#445=PLANE('',#4714);
#446=PLANE('',#4715);
#447=PLANE('',#4716);
#448=PLANE('',#4717);
#449=PLANE('',#4718);
#450=PLANE('',#4719);
#451=PLANE('',#4720);
#452=PLANE('',#4721);
#453=PLANE('',#4722);
#454=PLANE('',#4723);
#455=PLANE('',#4724);
#456=PLANE('',#4725);
#457=PLANE('',#4726);
#458=PLANE('',#4727);
#459=PLANE('',#4728);
#460=PLANE('',#4729);
#461=PLANE('',#4730);
#462=PLANE('',#4731);
#463=PLANE('',#4732);
#464=PLANE('',#4733);
#465=PLANE('',#4734);
#466=PLANE('',#4735);
#467=PLANE('',#4736);
#468=PLANE('',#4737);
#469=PLANE('',#4738);
#470=PLANE('',#4739);
#471=PLANE('',#4740);
#472=PLANE('',#4741);
#473=PLANE('',#4742);
#474=PLANE('',#4743);
#475=PLANE('',#4744);
#476=PLANE('',#4745);
#477=PLANE('',#4746);
#478=PLANE('',#4747);
#479=PLANE('',#4748);
#480=PLANE('',#4749);
#481=PLANE('',#4750);
#482=PLANE('',#4751);
#483=PLANE('',#4752);
#484=PLANE('',#4753);
#485=PLANE('',#4754);
#486=PLANE('',#4755);
#487=PLANE('',#4756);
#488=PLANE('',#4757);
#489=PLANE('',#4758);
#490=PLANE('',#4759);
#491=PLANE('',#4760);
#492=PLANE('',#4761);
#493=PLANE('',#4762);
#494=PLANE('',#4763);
#495=PLANE('',#4764);
#496=PLANE('',#4765);
#497=PLANE('',#4766);
#498=PLANE('',#4767);
#499=PLANE('',#4768);
#500=PLANE('',#4769);
#501=PLANE('',#4770);
#502=PLANE('',#4771);
#503=PLANE('',#4772);
#504=PLANE('',#4773);
#505=PLANE('',#4774);
#506=PLANE('',#4775);
#507=PLANE('',#4776);
#508=PLANE('',#4777);
#509=PLANE('',#4778);
#510=PLANE('',#4779);
#511=PLANE('',#4780);
#512=PLANE('',#4781);
#513=PLANE('',#4782);
#514=PLANE('',#4783);
#515=PLANE('',#4784);
#516=PLANE('',#4785);
#517=PLANE('',#4786);
#518=PLANE('',#4787);
#519=PLANE('',#4788);
#520=PLANE('',#4789);
#521=PLANE('',#4790);
#522=PLANE('',#4791);
#523=PLANE('',#4792);
#524=PLANE('',#4793);
#525=PLANE('',#4794);
#526=PLANE('',#4795);
#527=PLANE('',#4796);
#528=PLANE('',#4797);
#529=PLANE('',#4798);
#530=PLANE('',#4799);
#531=PLANE('',#4800);
#532=PLANE('',#4801);
#533=PLANE('',#4802);
#534=PLANE('',#4803);
#535=PLANE('',#4804);
#536=PLANE('',#4805);
#537=PLANE('',#4806);
#538=PLANE('',#4807);
#539=PLANE('',#4808);
#540=PLANE('',#4809);
#541=PLANE('',#4810);
#542=PLANE('',#4811);
#543=PLANE('',#4812);
#544=PLANE('',#4813);
#545=PLANE('',#4814);
#546=PLANE('',#4815);
#547=PLANE('',#4816);
#548=PLANE('',#4817);
#549=PLANE('',#4818);
#550=PLANE('',#4819);
#551=PLANE('',#4820);
#552=PLANE('',#4821);
#553=PLANE('',#4822);
#554=PLANE('',#4823);
#555=PLANE('',#4824);
#556=PLANE('',#4825);
#557=PLANE('',#4826);
#558=PLANE('',#4827);
#559=PLANE('',#4828);
#560=PLANE('',#4829);
#561=PLANE('',#4830);
#562=PLANE('',#4831);
#563=PLANE('',#4832);
#564=PLANE('',#4833);
#565=PLANE('',#4834);
#566=PLANE('',#4835);
#567=PLANE('',#4836);
#568=PLANE('',#4837);
#569=PLANE('',#4838);
#570=PLANE('',#4839);
#571=PLANE('',#4840);
#572=PLANE('',#4841);
#573=PLANE('',#4842);
#574=PLANE('',#4843);
#575=PLANE('',#4844);
#576=PLANE('',#4845);
#577=PLANE('',#4846);
#578=PLANE('',#4847);
#579=PLANE('',#4848);
#580=FACE_OUTER_BOUND('',#817,.T.);
#581=FACE_OUTER_BOUND('',#818,.T.);
#582=FACE_OUTER_BOUND('',#819,.T.);
#583=FACE_OUTER_BOUND('',#820,.T.);
#584=FACE_OUTER_BOUND('',#821,.T.);
#585=FACE_OUTER_BOUND('',#822,.T.);
#586=FACE_OUTER_BOUND('',#833,.T.);
#587=FACE_OUTER_BOUND('',#834,.T.);
#588=FACE_OUTER_BOUND('',#835,.T.);
#589=FACE_OUTER_BOUND('',#836,.T.);
#590=FACE_OUTER_BOUND('',#837,.T.);
#591=FACE_OUTER_BOUND('',#838,.T.);
#592=FACE_OUTER_BOUND('',#839,.T.);
#593=FACE_OUTER_BOUND('',#840,.T.);
#594=FACE_OUTER_BOUND('',#841,.T.);
#595=FACE_OUTER_BOUND('',#842,.T.);
#596=FACE_OUTER_BOUND('',#843,.T.);
#597=FACE_OUTER_BOUND('',#844,.T.);
#598=FACE_OUTER_BOUND('',#845,.T.);
#599=FACE_OUTER_BOUND('',#846,.T.);
#600=FACE_OUTER_BOUND('',#847,.T.);
#601=FACE_OUTER_BOUND('',#848,.T.);
#602=FACE_OUTER_BOUND('',#849,.T.);
#603=FACE_OUTER_BOUND('',#850,.T.);
#604=FACE_OUTER_BOUND('',#851,.T.);
#605=FACE_OUTER_BOUND('',#852,.T.);
#606=FACE_OUTER_BOUND('',#853,.T.);
#607=FACE_OUTER_BOUND('',#854,.T.);
#608=FACE_OUTER_BOUND('',#855,.T.);
#609=FACE_OUTER_BOUND('',#856,.T.);
#610=FACE_OUTER_BOUND('',#857,.T.);
#611=FACE_OUTER_BOUND('',#858,.T.);
#612=FACE_OUTER_BOUND('',#859,.T.);
#613=FACE_OUTER_BOUND('',#860,.T.);
#614=FACE_OUTER_BOUND('',#861,.T.);
#615=FACE_OUTER_BOUND('',#862,.T.);
#616=FACE_OUTER_BOUND('',#863,.T.);
#617=FACE_OUTER_BOUND('',#864,.T.);
#618=FACE_OUTER_BOUND('',#865,.T.);
#619=FACE_OUTER_BOUND('',#866,.T.);
#620=FACE_OUTER_BOUND('',#867,.T.);
#621=FACE_OUTER_BOUND('',#868,.T.);
#622=FACE_OUTER_BOUND('',#869,.T.);
#623=FACE_OUTER_BOUND('',#870,.T.);
#624=FACE_OUTER_BOUND('',#871,.T.);
#625=FACE_OUTER_BOUND('',#872,.T.);
#626=FACE_OUTER_BOUND('',#873,.T.);
#627=FACE_OUTER_BOUND('',#874,.T.);
#628=FACE_OUTER_BOUND('',#875,.T.);
#629=FACE_OUTER_BOUND('',#876,.T.);
#630=FACE_OUTER_BOUND('',#877,.T.);
#631=FACE_OUTER_BOUND('',#878,.T.);
#632=FACE_OUTER_BOUND('',#879,.T.);
#633=FACE_OUTER_BOUND('',#880,.T.);
#634=FACE_OUTER_BOUND('',#881,.T.);
#635=FACE_OUTER_BOUND('',#882,.T.);
#636=FACE_OUTER_BOUND('',#883,.T.);
#637=FACE_OUTER_BOUND('',#884,.T.);
#638=FACE_OUTER_BOUND('',#885,.T.);
#639=FACE_OUTER_BOUND('',#886,.T.);
#640=FACE_OUTER_BOUND('',#887,.T.);
#641=FACE_OUTER_BOUND('',#888,.T.);
#642=FACE_OUTER_BOUND('',#889,.T.);
#643=FACE_OUTER_BOUND('',#892,.T.);
#644=FACE_OUTER_BOUND('',#893,.T.);
#645=FACE_OUTER_BOUND('',#894,.T.);
#646=FACE_OUTER_BOUND('',#895,.T.);
#647=FACE_OUTER_BOUND('',#896,.T.);
#648=FACE_OUTER_BOUND('',#897,.T.);
#649=FACE_OUTER_BOUND('',#898,.T.);
#650=FACE_OUTER_BOUND('',#901,.T.);
#651=FACE_OUTER_BOUND('',#902,.T.);
#652=FACE_OUTER_BOUND('',#903,.T.);
#653=FACE_OUTER_BOUND('',#904,.T.);
#654=FACE_OUTER_BOUND('',#907,.T.);
#655=FACE_OUTER_BOUND('',#908,.T.);
#656=FACE_OUTER_BOUND('',#909,.T.);
#657=FACE_OUTER_BOUND('',#910,.T.);
#658=FACE_OUTER_BOUND('',#913,.T.);
#659=FACE_OUTER_BOUND('',#914,.T.);
#660=FACE_OUTER_BOUND('',#915,.T.);
#661=FACE_OUTER_BOUND('',#916,.T.);
#662=FACE_OUTER_BOUND('',#919,.T.);
#663=FACE_OUTER_BOUND('',#920,.T.);
#664=FACE_OUTER_BOUND('',#921,.T.);
#665=FACE_OUTER_BOUND('',#922,.T.);
#666=FACE_OUTER_BOUND('',#925,.T.);
#667=FACE_OUTER_BOUND('',#926,.T.);
#668=FACE_OUTER_BOUND('',#927,.T.);
#669=FACE_OUTER_BOUND('',#928,.T.);
#670=FACE_OUTER_BOUND('',#931,.T.);
#671=FACE_OUTER_BOUND('',#932,.T.);
#672=FACE_OUTER_BOUND('',#933,.T.);
#673=FACE_OUTER_BOUND('',#934,.T.);
#674=FACE_OUTER_BOUND('',#935,.T.);
#675=FACE_OUTER_BOUND('',#936,.T.);
#676=FACE_OUTER_BOUND('',#937,.T.);
#677=FACE_OUTER_BOUND('',#938,.T.);
#678=FACE_OUTER_BOUND('',#939,.T.);
#679=FACE_OUTER_BOUND('',#940,.T.);
#680=FACE_OUTER_BOUND('',#941,.T.);
#681=FACE_OUTER_BOUND('',#942,.T.);
#682=FACE_OUTER_BOUND('',#943,.T.);
#683=FACE_OUTER_BOUND('',#944,.T.);
#684=FACE_OUTER_BOUND('',#945,.T.);
#685=FACE_OUTER_BOUND('',#946,.T.);
#686=FACE_OUTER_BOUND('',#947,.T.);
#687=FACE_OUTER_BOUND('',#948,.T.);
#688=FACE_OUTER_BOUND('',#949,.T.);
#689=FACE_OUTER_BOUND('',#950,.T.);
#690=FACE_OUTER_BOUND('',#951,.T.);
#691=FACE_OUTER_BOUND('',#952,.T.);
#692=FACE_OUTER_BOUND('',#953,.T.);
#693=FACE_OUTER_BOUND('',#954,.T.);
#694=FACE_OUTER_BOUND('',#955,.T.);
#695=FACE_OUTER_BOUND('',#956,.T.);
#696=FACE_OUTER_BOUND('',#957,.T.);
#697=FACE_OUTER_BOUND('',#958,.T.);
#698=FACE_OUTER_BOUND('',#959,.T.);
#699=FACE_OUTER_BOUND('',#960,.T.);
#700=FACE_OUTER_BOUND('',#961,.T.);
#701=FACE_OUTER_BOUND('',#962,.T.);
#702=FACE_OUTER_BOUND('',#963,.T.);
#703=FACE_OUTER_BOUND('',#964,.T.);
#704=FACE_OUTER_BOUND('',#965,.T.);
#705=FACE_OUTER_BOUND('',#966,.T.);
#706=FACE_OUTER_BOUND('',#967,.T.);
#707=FACE_OUTER_BOUND('',#968,.T.);
#708=FACE_OUTER_BOUND('',#969,.T.);
#709=FACE_OUTER_BOUND('',#970,.T.);
#710=FACE_OUTER_BOUND('',#971,.T.);
#711=FACE_OUTER_BOUND('',#972,.T.);
#712=FACE_OUTER_BOUND('',#973,.T.);
#713=FACE_OUTER_BOUND('',#974,.T.);
#714=FACE_OUTER_BOUND('',#975,.T.);
#715=FACE_OUTER_BOUND('',#976,.T.);
#716=FACE_OUTER_BOUND('',#977,.T.);
#717=FACE_OUTER_BOUND('',#978,.T.);
#718=FACE_OUTER_BOUND('',#979,.T.);
#719=FACE_OUTER_BOUND('',#980,.T.);
#720=FACE_OUTER_BOUND('',#981,.T.);
#721=FACE_OUTER_BOUND('',#982,.T.);
#722=FACE_OUTER_BOUND('',#983,.T.);
#723=FACE_OUTER_BOUND('',#984,.T.);
#724=FACE_OUTER_BOUND('',#985,.T.);
#725=FACE_OUTER_BOUND('',#986,.T.);
#726=FACE_OUTER_BOUND('',#987,.T.);
#727=FACE_OUTER_BOUND('',#988,.T.);
#728=FACE_OUTER_BOUND('',#989,.T.);
#729=FACE_OUTER_BOUND('',#990,.T.);
#730=FACE_OUTER_BOUND('',#991,.T.);
#731=FACE_OUTER_BOUND('',#992,.T.);
#732=FACE_OUTER_BOUND('',#993,.T.);
#733=FACE_OUTER_BOUND('',#994,.T.);
#734=FACE_OUTER_BOUND('',#995,.T.);
#735=FACE_OUTER_BOUND('',#996,.T.);
#736=FACE_OUTER_BOUND('',#997,.T.);
#737=FACE_OUTER_BOUND('',#998,.T.);
#738=FACE_OUTER_BOUND('',#999,.T.);
#739=FACE_OUTER_BOUND('',#1000,.T.);
#740=FACE_OUTER_BOUND('',#1001,.T.);
#741=FACE_OUTER_BOUND('',#1002,.T.);
#742=FACE_OUTER_BOUND('',#1003,.T.);
#743=FACE_OUTER_BOUND('',#1004,.T.);
#744=FACE_OUTER_BOUND('',#1005,.T.);
#745=FACE_OUTER_BOUND('',#1006,.T.);
#746=FACE_OUTER_BOUND('',#1007,.T.);
#747=FACE_OUTER_BOUND('',#1008,.T.);
#748=FACE_OUTER_BOUND('',#1009,.T.);
#749=FACE_OUTER_BOUND('',#1010,.T.);
#750=FACE_OUTER_BOUND('',#1011,.T.);
#751=FACE_OUTER_BOUND('',#1012,.T.);
#752=FACE_OUTER_BOUND('',#1013,.T.);
#753=FACE_OUTER_BOUND('',#1014,.T.);
#754=FACE_OUTER_BOUND('',#1015,.T.);
#755=FACE_OUTER_BOUND('',#1016,.T.);
#756=FACE_OUTER_BOUND('',#1017,.T.);
#757=FACE_OUTER_BOUND('',#1018,.T.);
#758=FACE_OUTER_BOUND('',#1019,.T.);
#759=FACE_OUTER_BOUND('',#1020,.T.);
#760=FACE_OUTER_BOUND('',#1021,.T.);
#761=FACE_OUTER_BOUND('',#1022,.T.);
#762=FACE_OUTER_BOUND('',#1023,.T.);
#763=FACE_OUTER_BOUND('',#1024,.T.);
#764=FACE_OUTER_BOUND('',#1025,.T.);
#765=FACE_OUTER_BOUND('',#1026,.T.);
#766=FACE_OUTER_BOUND('',#1027,.T.);
#767=FACE_OUTER_BOUND('',#1028,.T.);
#768=FACE_OUTER_BOUND('',#1029,.T.);
#769=FACE_OUTER_BOUND('',#1030,.T.);
#770=FACE_OUTER_BOUND('',#1031,.T.);
#771=FACE_OUTER_BOUND('',#1032,.T.);
#772=FACE_OUTER_BOUND('',#1033,.T.);
#773=FACE_OUTER_BOUND('',#1034,.T.);
#774=FACE_OUTER_BOUND('',#1035,.T.);
#775=FACE_OUTER_BOUND('',#1036,.T.);
#776=FACE_OUTER_BOUND('',#1037,.T.);
#777=FACE_OUTER_BOUND('',#1038,.T.);
#778=FACE_OUTER_BOUND('',#1039,.T.);
#779=FACE_OUTER_BOUND('',#1040,.T.);
#780=FACE_OUTER_BOUND('',#1041,.T.);
#781=FACE_OUTER_BOUND('',#1042,.T.);
#782=FACE_OUTER_BOUND('',#1043,.T.);
#783=FACE_OUTER_BOUND('',#1044,.T.);
#784=FACE_OUTER_BOUND('',#1045,.T.);
#785=FACE_OUTER_BOUND('',#1046,.T.);
#786=FACE_OUTER_BOUND('',#1047,.T.);
#787=FACE_OUTER_BOUND('',#1048,.T.);
#788=FACE_OUTER_BOUND('',#1049,.T.);
#789=FACE_OUTER_BOUND('',#1050,.T.);
#790=FACE_OUTER_BOUND('',#1051,.T.);
#791=FACE_OUTER_BOUND('',#1052,.T.);
#792=FACE_OUTER_BOUND('',#1053,.T.);
#793=FACE_OUTER_BOUND('',#1054,.T.);
#794=FACE_OUTER_BOUND('',#1055,.T.);
#795=FACE_OUTER_BOUND('',#1056,.T.);
#796=FACE_OUTER_BOUND('',#1057,.T.);
#797=FACE_OUTER_BOUND('',#1058,.T.);
#798=FACE_OUTER_BOUND('',#1059,.T.);
#799=FACE_OUTER_BOUND('',#1060,.T.);
#800=FACE_OUTER_BOUND('',#1061,.T.);
#801=FACE_OUTER_BOUND('',#1062,.T.);
#802=FACE_OUTER_BOUND('',#1063,.T.);
#803=FACE_OUTER_BOUND('',#1064,.T.);
#804=FACE_OUTER_BOUND('',#1065,.T.);
#805=FACE_OUTER_BOUND('',#1066,.T.);
#806=FACE_OUTER_BOUND('',#1067,.T.);
#807=FACE_OUTER_BOUND('',#1068,.T.);
#808=FACE_OUTER_BOUND('',#1069,.T.);
#809=FACE_OUTER_BOUND('',#1070,.T.);
#810=FACE_OUTER_BOUND('',#1071,.T.);
#811=FACE_OUTER_BOUND('',#1072,.T.);
#812=FACE_OUTER_BOUND('',#1073,.T.);
#813=FACE_OUTER_BOUND('',#1074,.T.);
#814=FACE_OUTER_BOUND('',#1075,.T.);
#815=FACE_OUTER_BOUND('',#1076,.T.);
#816=FACE_OUTER_BOUND('',#1077,.T.);
#817=EDGE_LOOP('',(#1078,#1079,#1080,#1081,#1082,#1083,#1084,#1085,#1086,
#1087,#1088,#1089,#1090,#1091,#1092,#1093,#1094,#1095,#1096,#1097,#1098,
#1099,#1100,#1101,#1102,#1103,#1104,#1105,#1106,#1107,#1108,#1109,#1110,
#1111,#1112,#1113,#1114,#1115,#1116,#1117,#1118,#1119,#1120,#1121,#1122,
#1123,#1124,#1125,#1126,#1127,#1128,#1129,#1130,#1131,#1132,#1133,#1134,
#1135,#1136,#1137,#1138,#1139,#1140,#1141,#1142,#1143,#1144,#1145,#1146,
#1147,#1148,#1149,#1150,#1151));
#818=EDGE_LOOP('',(#1152,#1153,#1154,#1155));
#819=EDGE_LOOP('',(#1156,#1157,#1158,#1159));
#820=EDGE_LOOP('',(#1160,#1161,#1162,#1163,#1164,#1165,#1166,#1167));
#821=EDGE_LOOP('',(#1168,#1169,#1170,#1171,#1172,#1173,#1174,#1175));
#822=EDGE_LOOP('',(#1176,#1177,#1178,#1179));
#823=EDGE_LOOP('',(#1180,#1181,#1182,#1183));
#824=EDGE_LOOP('',(#1184,#1185,#1186,#1187));
#825=EDGE_LOOP('',(#1188,#1189,#1190,#1191));
#826=EDGE_LOOP('',(#1192,#1193,#1194,#1195));
#827=EDGE_LOOP('',(#1196,#1197,#1198,#1199));
#828=EDGE_LOOP('',(#1200,#1201,#1202,#1203));
#829=EDGE_LOOP('',(#1204,#1205,#1206,#1207));
#830=EDGE_LOOP('',(#1208,#1209,#1210,#1211,#1212,#1213,#1214,#1215,#1216,
#1217,#1218,#1219,#1220,#1221,#1222,#1223));
#831=EDGE_LOOP('',(#1224,#1225,#1226,#1227,#1228,#1229,#1230,#1231,#1232,
#1233,#1234,#1235,#1236,#1237,#1238,#1239));
#832=EDGE_LOOP('',(#1240,#1241,#1242,#1243));
#833=EDGE_LOOP('',(#1244,#1245,#1246,#1247));
#834=EDGE_LOOP('',(#1248,#1249,#1250,#1251,#1252,#1253,#1254,#1255,#1256,
#1257,#1258,#1259,#1260,#1261,#1262,#1263,#1264,#1265,#1266,#1267,#1268,
#1269,#1270,#1271,#1272,#1273,#1274,#1275,#1276,#1277,#1278,#1279));
#835=EDGE_LOOP('',(#1280,#1281,#1282,#1283));
#836=EDGE_LOOP('',(#1284,#1285,#1286,#1287));
#837=EDGE_LOOP('',(#1288,#1289,#1290,#1291));
#838=EDGE_LOOP('',(#1292,#1293,#1294,#1295));
#839=EDGE_LOOP('',(#1296,#1297,#1298,#1299));
#840=EDGE_LOOP('',(#1300,#1301,#1302,#1303));
#841=EDGE_LOOP('',(#1304,#1305,#1306,#1307));
#842=EDGE_LOOP('',(#1308,#1309,#1310,#1311));
#843=EDGE_LOOP('',(#1312,#1313,#1314,#1315));
#844=EDGE_LOOP('',(#1316,#1317,#1318,#1319));
#845=EDGE_LOOP('',(#1320,#1321,#1322,#1323));
#846=EDGE_LOOP('',(#1324,#1325,#1326,#1327));
#847=EDGE_LOOP('',(#1328,#1329,#1330,#1331));
#848=EDGE_LOOP('',(#1332,#1333,#1334,#1335));
#849=EDGE_LOOP('',(#1336,#1337,#1338,#1339));
#850=EDGE_LOOP('',(#1340,#1341,#1342,#1343));
#851=EDGE_LOOP('',(#1344,#1345,#1346,#1347,#1348,#1349,#1350,#1351,#1352,
#1353,#1354,#1355,#1356,#1357,#1358,#1359));
#852=EDGE_LOOP('',(#1360,#1361,#1362,#1363));
#853=EDGE_LOOP('',(#1364,#1365,#1366,#1367));
#854=EDGE_LOOP('',(#1368,#1369,#1370,#1371));
#855=EDGE_LOOP('',(#1372,#1373,#1374,#1375));
#856=EDGE_LOOP('',(#1376,#1377,#1378,#1379));
#857=EDGE_LOOP('',(#1380,#1381,#1382,#1383));
#858=EDGE_LOOP('',(#1384,#1385,#1386,#1387));
#859=EDGE_LOOP('',(#1388,#1389,#1390,#1391));
#860=EDGE_LOOP('',(#1392,#1393,#1394,#1395));
#861=EDGE_LOOP('',(#1396,#1397,#1398,#1399));
#862=EDGE_LOOP('',(#1400,#1401,#1402,#1403));
#863=EDGE_LOOP('',(#1404,#1405,#1406,#1407));
#864=EDGE_LOOP('',(#1408,#1409,#1410,#1411));
#865=EDGE_LOOP('',(#1412,#1413,#1414,#1415));
#866=EDGE_LOOP('',(#1416,#1417,#1418,#1419));
#867=EDGE_LOOP('',(#1420,#1421,#1422,#1423));
#868=EDGE_LOOP('',(#1424,#1425,#1426,#1427,#1428,#1429,#1430,#1431,#1432,
#1433,#1434,#1435,#1436,#1437,#1438,#1439));
#869=EDGE_LOOP('',(#1440,#1441,#1442,#1443,#1444,#1445,#1446,#1447));
#870=EDGE_LOOP('',(#1448,#1449,#1450,#1451));
#871=EDGE_LOOP('',(#1452,#1453,#1454,#1455,#1456,#1457,#1458,#1459));
#872=EDGE_LOOP('',(#1460,#1461,#1462,#1463));
#873=EDGE_LOOP('',(#1464,#1465,#1466,#1467,#1468,#1469,#1470));
#874=EDGE_LOOP('',(#1471,#1472,#1473,#1474,#1475,#1476,#1477));
#875=EDGE_LOOP('',(#1478,#1479,#1480,#1481,#1482,#1483));
#876=EDGE_LOOP('',(#1484,#1485,#1486,#1487));
#877=EDGE_LOOP('',(#1488,#1489,#1490,#1491,#1492,#1493));
#878=EDGE_LOOP('',(#1494,#1495,#1496,#1497,#1498,#1499,#1500,#1501));
#879=EDGE_LOOP('',(#1502,#1503,#1504,#1505,#1506,#1507,#1508,#1509));
#880=EDGE_LOOP('',(#1510,#1511,#1512,#1513,#1514,#1515));
#881=EDGE_LOOP('',(#1516,#1517,#1518,#1519));
#882=EDGE_LOOP('',(#1520,#1521,#1522,#1523,#1524,#1525));
#883=EDGE_LOOP('',(#1526,#1527,#1528,#1529));
#884=EDGE_LOOP('',(#1530,#1531,#1532,#1533));
#885=EDGE_LOOP('',(#1534,#1535,#1536,#1537));
#886=EDGE_LOOP('',(#1538,#1539,#1540,#1541));
#887=EDGE_LOOP('',(#1542,#1543,#1544,#1545));
#888=EDGE_LOOP('',(#1546,#1547,#1548,#1549,#1550,#1551,#1552,#1553));
#889=EDGE_LOOP('',(#1554,#1555,#1556,#1557));
#890=EDGE_LOOP('',(#1558,#1559,#1560,#1561));
#891=EDGE_LOOP('',(#1562,#1563,#1564,#1565,#1566,#1567,#1568));
#892=EDGE_LOOP('',(#1569,#1570,#1571,#1572));
#893=EDGE_LOOP('',(#1573,#1574,#1575,#1576));
#894=EDGE_LOOP('',(#1577,#1578,#1579,#1580));
#895=EDGE_LOOP('',(#1581,#1582,#1583,#1584));
#896=EDGE_LOOP('',(#1585,#1586,#1587,#1588));
#897=EDGE_LOOP('',(#1589,#1590,#1591,#1592,#1593,#1594,#1595,#1596));
#898=EDGE_LOOP('',(#1597,#1598,#1599,#1600));
#899=EDGE_LOOP('',(#1601,#1602,#1603,#1604));
#900=EDGE_LOOP('',(#1605,#1606,#1607,#1608,#1609,#1610,#1611));
#901=EDGE_LOOP('',(#1612,#1613,#1614,#1615));
#902=EDGE_LOOP('',(#1616,#1617,#1618,#1619));
#903=EDGE_LOOP('',(#1620,#1621,#1622,#1623));
#904=EDGE_LOOP('',(#1624,#1625,#1626,#1627,#1628,#1629,#1630,#1631));
#905=EDGE_LOOP('',(#1632,#1633,#1634,#1635));
#906=EDGE_LOOP('',(#1636,#1637,#1638,#1639));
#907=EDGE_LOOP('',(#1640,#1641,#1642,#1643));
#908=EDGE_LOOP('',(#1644,#1645,#1646,#1647));
#909=EDGE_LOOP('',(#1648,#1649,#1650,#1651));
#910=EDGE_LOOP('',(#1652,#1653,#1654,#1655,#1656,#1657,#1658,#1659));
#911=EDGE_LOOP('',(#1660,#1661,#1662,#1663));
#912=EDGE_LOOP('',(#1664,#1665,#1666,#1667));
#913=EDGE_LOOP('',(#1668,#1669,#1670,#1671));
#914=EDGE_LOOP('',(#1672,#1673,#1674,#1675));
#915=EDGE_LOOP('',(#1676,#1677,#1678,#1679));
#916=EDGE_LOOP('',(#1680,#1681,#1682,#1683,#1684,#1685,#1686,#1687));
#917=EDGE_LOOP('',(#1688,#1689,#1690,#1691));
#918=EDGE_LOOP('',(#1692,#1693,#1694,#1695));
#919=EDGE_LOOP('',(#1696,#1697,#1698,#1699));
#920=EDGE_LOOP('',(#1700,#1701,#1702,#1703));
#921=EDGE_LOOP('',(#1704,#1705,#1706,#1707));
#922=EDGE_LOOP('',(#1708,#1709,#1710,#1711,#1712,#1713,#1714,#1715));
#923=EDGE_LOOP('',(#1716,#1717,#1718,#1719));
#924=EDGE_LOOP('',(#1720,#1721,#1722,#1723));
#925=EDGE_LOOP('',(#1724,#1725,#1726,#1727));
#926=EDGE_LOOP('',(#1728,#1729,#1730,#1731));
#927=EDGE_LOOP('',(#1732,#1733,#1734,#1735));
#928=EDGE_LOOP('',(#1736,#1737,#1738,#1739,#1740,#1741,#1742,#1743));
#929=EDGE_LOOP('',(#1744,#1745,#1746,#1747));
#930=EDGE_LOOP('',(#1748,#1749,#1750,#1751));
#931=EDGE_LOOP('',(#1752,#1753,#1754,#1755));
#932=EDGE_LOOP('',(#1756,#1757,#1758,#1759));
#933=EDGE_LOOP('',(#1760,#1761,#1762,#1763));
#934=EDGE_LOOP('',(#1764,#1765,#1766,#1767));
#935=EDGE_LOOP('',(#1768,#1769,#1770,#1771));
#936=EDGE_LOOP('',(#1772,#1773,#1774,#1775));
#937=EDGE_LOOP('',(#1776,#1777,#1778,#1779));
#938=EDGE_LOOP('',(#1780,#1781,#1782,#1783));
#939=EDGE_LOOP('',(#1784,#1785,#1786,#1787));
#940=EDGE_LOOP('',(#1788,#1789,#1790,#1791));
#941=EDGE_LOOP('',(#1792,#1793,#1794,#1795));
#942=EDGE_LOOP('',(#1796,#1797,#1798,#1799));
#943=EDGE_LOOP('',(#1800,#1801,#1802,#1803));
#944=EDGE_LOOP('',(#1804,#1805,#1806,#1807));
#945=EDGE_LOOP('',(#1808,#1809,#1810,#1811));
#946=EDGE_LOOP('',(#1812,#1813,#1814,#1815));
#947=EDGE_LOOP('',(#1816,#1817,#1818,#1819));
#948=EDGE_LOOP('',(#1820,#1821,#1822,#1823));
#949=EDGE_LOOP('',(#1824,#1825,#1826,#1827));
#950=EDGE_LOOP('',(#1828,#1829,#1830,#1831));
#951=EDGE_LOOP('',(#1832,#1833,#1834,#1835));
#952=EDGE_LOOP('',(#1836,#1837,#1838,#1839));
#953=EDGE_LOOP('',(#1840,#1841,#1842,#1843));
#954=EDGE_LOOP('',(#1844,#1845,#1846,#1847));
#955=EDGE_LOOP('',(#1848,#1849,#1850,#1851));
#956=EDGE_LOOP('',(#1852,#1853,#1854,#1855));
#957=EDGE_LOOP('',(#1856,#1857,#1858,#1859));
#958=EDGE_LOOP('',(#1860,#1861,#1862,#1863));
#959=EDGE_LOOP('',(#1864,#1865,#1866,#1867));
#960=EDGE_LOOP('',(#1868,#1869,#1870,#1871));
#961=EDGE_LOOP('',(#1872,#1873,#1874,#1875));
#962=EDGE_LOOP('',(#1876,#1877,#1878,#1879));
#963=EDGE_LOOP('',(#1880,#1881,#1882,#1883));
#964=EDGE_LOOP('',(#1884,#1885,#1886,#1887));
#965=EDGE_LOOP('',(#1888,#1889,#1890,#1891));
#966=EDGE_LOOP('',(#1892,#1893,#1894,#1895));
#967=EDGE_LOOP('',(#1896,#1897,#1898,#1899));
#968=EDGE_LOOP('',(#1900,#1901,#1902,#1903));
#969=EDGE_LOOP('',(#1904,#1905,#1906,#1907));
#970=EDGE_LOOP('',(#1908,#1909,#1910,#1911));
#971=EDGE_LOOP('',(#1912,#1913,#1914,#1915));
#972=EDGE_LOOP('',(#1916,#1917,#1918,#1919));
#973=EDGE_LOOP('',(#1920,#1921,#1922,#1923));
#974=EDGE_LOOP('',(#1924,#1925,#1926,#1927));
#975=EDGE_LOOP('',(#1928,#1929,#1930,#1931));
#976=EDGE_LOOP('',(#1932,#1933,#1934,#1935));
#977=EDGE_LOOP('',(#1936,#1937,#1938,#1939));
#978=EDGE_LOOP('',(#1940,#1941,#1942,#1943));
#979=EDGE_LOOP('',(#1944,#1945,#1946,#1947));
#980=EDGE_LOOP('',(#1948,#1949,#1950,#1951));
#981=EDGE_LOOP('',(#1952,#1953,#1954,#1955));
#982=EDGE_LOOP('',(#1956,#1957,#1958,#1959));
#983=EDGE_LOOP('',(#1960,#1961,#1962,#1963));
#984=EDGE_LOOP('',(#1964,#1965,#1966,#1967));
#985=EDGE_LOOP('',(#1968,#1969,#1970,#1971));
#986=EDGE_LOOP('',(#1972,#1973,#1974,#1975));
#987=EDGE_LOOP('',(#1976,#1977,#1978,#1979));
#988=EDGE_LOOP('',(#1980,#1981,#1982,#1983));
#989=EDGE_LOOP('',(#1984,#1985,#1986,#1987));
#990=EDGE_LOOP('',(#1988,#1989,#1990,#1991));
#991=EDGE_LOOP('',(#1992,#1993,#1994,#1995));
#992=EDGE_LOOP('',(#1996,#1997,#1998,#1999));
#993=EDGE_LOOP('',(#2000,#2001,#2002,#2003));
#994=EDGE_LOOP('',(#2004,#2005,#2006,#2007));
#995=EDGE_LOOP('',(#2008,#2009,#2010,#2011));
#996=EDGE_LOOP('',(#2012,#2013,#2014,#2015));
#997=EDGE_LOOP('',(#2016,#2017,#2018,#2019));
#998=EDGE_LOOP('',(#2020,#2021,#2022,#2023));
#999=EDGE_LOOP('',(#2024,#2025,#2026,#2027));
#1000=EDGE_LOOP('',(#2028,#2029,#2030,#2031));
#1001=EDGE_LOOP('',(#2032,#2033,#2034,#2035));
#1002=EDGE_LOOP('',(#2036,#2037,#2038,#2039));
#1003=EDGE_LOOP('',(#2040,#2041,#2042,#2043));
#1004=EDGE_LOOP('',(#2044,#2045,#2046,#2047));
#1005=EDGE_LOOP('',(#2048,#2049,#2050,#2051));
#1006=EDGE_LOOP('',(#2052,#2053,#2054,#2055));
#1007=EDGE_LOOP('',(#2056,#2057,#2058,#2059));
#1008=EDGE_LOOP('',(#2060,#2061,#2062,#2063));
#1009=EDGE_LOOP('',(#2064,#2065,#2066,#2067));
#1010=EDGE_LOOP('',(#2068,#2069,#2070,#2071));
#1011=EDGE_LOOP('',(#2072,#2073,#2074,#2075));
#1012=EDGE_LOOP('',(#2076,#2077,#2078,#2079));
#1013=EDGE_LOOP('',(#2080,#2081,#2082,#2083));
#1014=EDGE_LOOP('',(#2084,#2085,#2086,#2087));
#1015=EDGE_LOOP('',(#2088,#2089,#2090,#2091));
#1016=EDGE_LOOP('',(#2092,#2093,#2094,#2095));
#1017=EDGE_LOOP('',(#2096,#2097,#2098,#2099));
#1018=EDGE_LOOP('',(#2100,#2101,#2102,#2103));
#1019=EDGE_LOOP('',(#2104,#2105,#2106,#2107));
#1020=EDGE_LOOP('',(#2108,#2109,#2110,#2111));
#1021=EDGE_LOOP('',(#2112,#2113,#2114,#2115));
#1022=EDGE_LOOP('',(#2116,#2117,#2118,#2119));
#1023=EDGE_LOOP('',(#2120,#2121,#2122,#2123));
#1024=EDGE_LOOP('',(#2124,#2125,#2126,#2127));
#1025=EDGE_LOOP('',(#2128,#2129,#2130,#2131));
#1026=EDGE_LOOP('',(#2132,#2133,#2134,#2135));
#1027=EDGE_LOOP('',(#2136,#2137,#2138,#2139));
#1028=EDGE_LOOP('',(#2140,#2141,#2142,#2143));
#1029=EDGE_LOOP('',(#2144,#2145,#2146,#2147));
#1030=EDGE_LOOP('',(#2148,#2149,#2150,#2151));
#1031=EDGE_LOOP('',(#2152,#2153,#2154,#2155));
#1032=EDGE_LOOP('',(#2156,#2157,#2158,#2159));
#1033=EDGE_LOOP('',(#2160,#2161,#2162,#2163));
#1034=EDGE_LOOP('',(#2164,#2165,#2166,#2167));
#1035=EDGE_LOOP('',(#2168,#2169,#2170,#2171));
#1036=EDGE_LOOP('',(#2172,#2173,#2174,#2175));
#1037=EDGE_LOOP('',(#2176,#2177,#2178,#2179));
#1038=EDGE_LOOP('',(#2180,#2181,#2182,#2183));
#1039=EDGE_LOOP('',(#2184,#2185,#2186,#2187));
#1040=EDGE_LOOP('',(#2188,#2189,#2190,#2191));
#1041=EDGE_LOOP('',(#2192,#2193,#2194,#2195));
#1042=EDGE_LOOP('',(#2196,#2197,#2198,#2199));
#1043=EDGE_LOOP('',(#2200,#2201,#2202,#2203));
#1044=EDGE_LOOP('',(#2204,#2205,#2206,#2207));
#1045=EDGE_LOOP('',(#2208,#2209,#2210,#2211));
#1046=EDGE_LOOP('',(#2212,#2213,#2214,#2215));
#1047=EDGE_LOOP('',(#2216,#2217,#2218,#2219));
#1048=EDGE_LOOP('',(#2220,#2221,#2222,#2223));
#1049=EDGE_LOOP('',(#2224,#2225,#2226,#2227));
#1050=EDGE_LOOP('',(#2228,#2229,#2230,#2231));
#1051=EDGE_LOOP('',(#2232,#2233,#2234,#2235));
#1052=EDGE_LOOP('',(#2236,#2237,#2238,#2239));
#1053=EDGE_LOOP('',(#2240,#2241,#2242,#2243));
#1054=EDGE_LOOP('',(#2244,#2245,#2246,#2247));
#1055=EDGE_LOOP('',(#2248,#2249,#2250,#2251));
#1056=EDGE_LOOP('',(#2252,#2253,#2254,#2255));
#1057=EDGE_LOOP('',(#2256,#2257,#2258,#2259));
#1058=EDGE_LOOP('',(#2260,#2261,#2262,#2263));
#1059=EDGE_LOOP('',(#2264,#2265,#2266,#2267));
#1060=EDGE_LOOP('',(#2268,#2269,#2270,#2271));
#1061=EDGE_LOOP('',(#2272,#2273,#2274,#2275));
#1062=EDGE_LOOP('',(#2276,#2277,#2278,#2279));
#1063=EDGE_LOOP('',(#2280,#2281,#2282,#2283));
#1064=EDGE_LOOP('',(#2284,#2285,#2286,#2287));
#1065=EDGE_LOOP('',(#2288,#2289,#2290,#2291));
#1066=EDGE_LOOP('',(#2292,#2293,#2294,#2295));
#1067=EDGE_LOOP('',(#2296,#2297,#2298,#2299));
#1068=EDGE_LOOP('',(#2300,#2301,#2302,#2303));
#1069=EDGE_LOOP('',(#2304,#2305,#2306,#2307));
#1070=EDGE_LOOP('',(#2308,#2309,#2310,#2311));
#1071=EDGE_LOOP('',(#2312,#2313,#2314,#2315));
#1072=EDGE_LOOP('',(#2316,#2317,#2318,#2319));
#1073=EDGE_LOOP('',(#2320,#2321,#2322,#2323));
#1074=EDGE_LOOP('',(#2324,#2325,#2326,#2327));
#1075=EDGE_LOOP('',(#2328,#2329,#2330,#2331));
#1076=EDGE_LOOP('',(#2332,#2333,#2334,#2335));
#1077=EDGE_LOOP('',(#2336,#2337,#2338,#2339));
#1078=ORIENTED_EDGE('',*,*,#2742,.F.);
#1079=ORIENTED_EDGE('',*,*,#2743,.F.);
#1080=ORIENTED_EDGE('',*,*,#2744,.F.);
#1081=ORIENTED_EDGE('',*,*,#2745,.F.);
#1082=ORIENTED_EDGE('',*,*,#2746,.F.);
#1083=ORIENTED_EDGE('',*,*,#2747,.F.);
#1084=ORIENTED_EDGE('',*,*,#2748,.F.);
#1085=ORIENTED_EDGE('',*,*,#2749,.T.);
#1086=ORIENTED_EDGE('',*,*,#2750,.F.);
#1087=ORIENTED_EDGE('',*,*,#2751,.F.);
#1088=ORIENTED_EDGE('',*,*,#2752,.F.);
#1089=ORIENTED_EDGE('',*,*,#2753,.F.);
#1090=ORIENTED_EDGE('',*,*,#2754,.F.);
#1091=ORIENTED_EDGE('',*,*,#2755,.F.);
#1092=ORIENTED_EDGE('',*,*,#2756,.F.);
#1093=ORIENTED_EDGE('',*,*,#2757,.F.);
#1094=ORIENTED_EDGE('',*,*,#2758,.F.);
#1095=ORIENTED_EDGE('',*,*,#2759,.F.);
#1096=ORIENTED_EDGE('',*,*,#2760,.T.);
#1097=ORIENTED_EDGE('',*,*,#2761,.T.);
#1098=ORIENTED_EDGE('',*,*,#2762,.F.);
#1099=ORIENTED_EDGE('',*,*,#2763,.T.);
#1100=ORIENTED_EDGE('',*,*,#2764,.F.);
#1101=ORIENTED_EDGE('',*,*,#2765,.F.);
#1102=ORIENTED_EDGE('',*,*,#2766,.F.);
#1103=ORIENTED_EDGE('',*,*,#2767,.F.);
#1104=ORIENTED_EDGE('',*,*,#2768,.F.);
#1105=ORIENTED_EDGE('',*,*,#2769,.F.);
#1106=ORIENTED_EDGE('',*,*,#2770,.F.);
#1107=ORIENTED_EDGE('',*,*,#2771,.F.);
#1108=ORIENTED_EDGE('',*,*,#2772,.T.);
#1109=ORIENTED_EDGE('',*,*,#2773,.F.);
#1110=ORIENTED_EDGE('',*,*,#2774,.T.);
#1111=ORIENTED_EDGE('',*,*,#2775,.T.);
#1112=ORIENTED_EDGE('',*,*,#2776,.T.);
#1113=ORIENTED_EDGE('',*,*,#2777,.T.);
#1114=ORIENTED_EDGE('',*,*,#2778,.T.);
#1115=ORIENTED_EDGE('',*,*,#2779,.T.);
#1116=ORIENTED_EDGE('',*,*,#2780,.T.);
#1117=ORIENTED_EDGE('',*,*,#2781,.T.);
#1118=ORIENTED_EDGE('',*,*,#2782,.F.);
#1119=ORIENTED_EDGE('',*,*,#2783,.T.);
#1120=ORIENTED_EDGE('',*,*,#2784,.F.);
#1121=ORIENTED_EDGE('',*,*,#2785,.F.);
#1122=ORIENTED_EDGE('',*,*,#2786,.F.);
#1123=ORIENTED_EDGE('',*,*,#2787,.F.);
#1124=ORIENTED_EDGE('',*,*,#2788,.F.);
#1125=ORIENTED_EDGE('',*,*,#2789,.F.);
#1126=ORIENTED_EDGE('',*,*,#2790,.F.);
#1127=ORIENTED_EDGE('',*,*,#2791,.T.);
#1128=ORIENTED_EDGE('',*,*,#2792,.F.);
#1129=ORIENTED_EDGE('',*,*,#2793,.F.);
#1130=ORIENTED_EDGE('',*,*,#2794,.F.);
#1131=ORIENTED_EDGE('',*,*,#2795,.F.);
#1132=ORIENTED_EDGE('',*,*,#2796,.F.);
#1133=ORIENTED_EDGE('',*,*,#2797,.F.);
#1134=ORIENTED_EDGE('',*,*,#2798,.F.);
#1135=ORIENTED_EDGE('',*,*,#2799,.T.);
#1136=ORIENTED_EDGE('',*,*,#2800,.F.);
#1137=ORIENTED_EDGE('',*,*,#2801,.F.);
#1138=ORIENTED_EDGE('',*,*,#2802,.F.);
#1139=ORIENTED_EDGE('',*,*,#2803,.F.);
#1140=ORIENTED_EDGE('',*,*,#2804,.F.);
#1141=ORIENTED_EDGE('',*,*,#2805,.F.);
#1142=ORIENTED_EDGE('',*,*,#2806,.F.);
#1143=ORIENTED_EDGE('',*,*,#2807,.T.);
#1144=ORIENTED_EDGE('',*,*,#2808,.F.);
#1145=ORIENTED_EDGE('',*,*,#2809,.F.);
#1146=ORIENTED_EDGE('',*,*,#2810,.F.);
#1147=ORIENTED_EDGE('',*,*,#2811,.F.);
#1148=ORIENTED_EDGE('',*,*,#2812,.F.);
#1149=ORIENTED_EDGE('',*,*,#2813,.F.);
#1150=ORIENTED_EDGE('',*,*,#2814,.F.);
#1151=ORIENTED_EDGE('',*,*,#2815,.T.);
#1152=ORIENTED_EDGE('',*,*,#2768,.T.);
#1153=ORIENTED_EDGE('',*,*,#2816,.T.);
#1154=ORIENTED_EDGE('',*,*,#2817,.F.);
#1155=ORIENTED_EDGE('',*,*,#2818,.F.);
#1156=ORIENTED_EDGE('',*,*,#2819,.T.);
#1157=ORIENTED_EDGE('',*,*,#2820,.T.);
#1158=ORIENTED_EDGE('',*,*,#2821,.T.);
#1159=ORIENTED_EDGE('',*,*,#2822,.F.);
#1160=ORIENTED_EDGE('',*,*,#2823,.F.);
#1161=ORIENTED_EDGE('',*,*,#2824,.F.);
#1162=ORIENTED_EDGE('',*,*,#2825,.F.);
#1163=ORIENTED_EDGE('',*,*,#2826,.T.);
#1164=ORIENTED_EDGE('',*,*,#2827,.T.);
#1165=ORIENTED_EDGE('',*,*,#2828,.F.);
#1166=ORIENTED_EDGE('',*,*,#2829,.F.);
#1167=ORIENTED_EDGE('',*,*,#2830,.F.);
#1168=ORIENTED_EDGE('',*,*,#2831,.T.);
#1169=ORIENTED_EDGE('',*,*,#2832,.T.);
#1170=ORIENTED_EDGE('',*,*,#2762,.T.);
#1171=ORIENTED_EDGE('',*,*,#2833,.T.);
#1172=ORIENTED_EDGE('',*,*,#2834,.T.);
#1173=ORIENTED_EDGE('',*,*,#2835,.T.);
#1174=ORIENTED_EDGE('',*,*,#2770,.T.);
#1175=ORIENTED_EDGE('',*,*,#2836,.F.);
#1176=ORIENTED_EDGE('',*,*,#2833,.F.);
#1177=ORIENTED_EDGE('',*,*,#2761,.F.);
#1178=ORIENTED_EDGE('',*,*,#2837,.T.);
#1179=ORIENTED_EDGE('',*,*,#2838,.T.);
#1180=ORIENTED_EDGE('',*,*,#2839,.F.);
#1181=ORIENTED_EDGE('',*,*,#2840,.F.);
#1182=ORIENTED_EDGE('',*,*,#2841,.F.);
#1183=ORIENTED_EDGE('',*,*,#2842,.F.);
#1184=ORIENTED_EDGE('',*,*,#2843,.F.);
#1185=ORIENTED_EDGE('',*,*,#2844,.F.);
#1186=ORIENTED_EDGE('',*,*,#2845,.F.);
#1187=ORIENTED_EDGE('',*,*,#2846,.F.);
#1188=ORIENTED_EDGE('',*,*,#2847,.F.);
#1189=ORIENTED_EDGE('',*,*,#2848,.F.);
#1190=ORIENTED_EDGE('',*,*,#2849,.F.);
#1191=ORIENTED_EDGE('',*,*,#2850,.F.);
#1192=ORIENTED_EDGE('',*,*,#2851,.F.);
#1193=ORIENTED_EDGE('',*,*,#2852,.F.);
#1194=ORIENTED_EDGE('',*,*,#2853,.F.);
#1195=ORIENTED_EDGE('',*,*,#2854,.F.);
#1196=ORIENTED_EDGE('',*,*,#2855,.F.);
#1197=ORIENTED_EDGE('',*,*,#2856,.F.);
#1198=ORIENTED_EDGE('',*,*,#2857,.F.);
#1199=ORIENTED_EDGE('',*,*,#2858,.F.);
#1200=ORIENTED_EDGE('',*,*,#2859,.F.);
#1201=ORIENTED_EDGE('',*,*,#2860,.F.);
#1202=ORIENTED_EDGE('',*,*,#2861,.F.);
#1203=ORIENTED_EDGE('',*,*,#2862,.F.);
#1204=ORIENTED_EDGE('',*,*,#2863,.F.);
#1205=ORIENTED_EDGE('',*,*,#2864,.F.);
#1206=ORIENTED_EDGE('',*,*,#2865,.F.);
#1207=ORIENTED_EDGE('',*,*,#2866,.F.);
#1208=ORIENTED_EDGE('',*,*,#2867,.T.);
#1209=ORIENTED_EDGE('',*,*,#2868,.T.);
#1210=ORIENTED_EDGE('',*,*,#2869,.T.);
#1211=ORIENTED_EDGE('',*,*,#2870,.T.);
#1212=ORIENTED_EDGE('',*,*,#2871,.T.);
#1213=ORIENTED_EDGE('',*,*,#2872,.T.);
#1214=ORIENTED_EDGE('',*,*,#2873,.T.);
#1215=ORIENTED_EDGE('',*,*,#2874,.T.);
#1216=ORIENTED_EDGE('',*,*,#2875,.T.);
#1217=ORIENTED_EDGE('',*,*,#2876,.T.);
#1218=ORIENTED_EDGE('',*,*,#2877,.T.);
#1219=ORIENTED_EDGE('',*,*,#2878,.T.);
#1220=ORIENTED_EDGE('',*,*,#2879,.T.);
#1221=ORIENTED_EDGE('',*,*,#2880,.T.);
#1222=ORIENTED_EDGE('',*,*,#2881,.T.);
#1223=ORIENTED_EDGE('',*,*,#2882,.T.);
#1224=ORIENTED_EDGE('',*,*,#2883,.F.);
#1225=ORIENTED_EDGE('',*,*,#2884,.F.);
#1226=ORIENTED_EDGE('',*,*,#2885,.F.);
#1227=ORIENTED_EDGE('',*,*,#2886,.F.);
#1228=ORIENTED_EDGE('',*,*,#2887,.F.);
#1229=ORIENTED_EDGE('',*,*,#2888,.F.);
#1230=ORIENTED_EDGE('',*,*,#2889,.F.);
#1231=ORIENTED_EDGE('',*,*,#2890,.F.);
#1232=ORIENTED_EDGE('',*,*,#2891,.F.);
#1233=ORIENTED_EDGE('',*,*,#2892,.F.);
#1234=ORIENTED_EDGE('',*,*,#2893,.F.);
#1235=ORIENTED_EDGE('',*,*,#2894,.F.);
#1236=ORIENTED_EDGE('',*,*,#2895,.F.);
#1237=ORIENTED_EDGE('',*,*,#2896,.F.);
#1238=ORIENTED_EDGE('',*,*,#2897,.F.);
#1239=ORIENTED_EDGE('',*,*,#2898,.F.);
#1240=ORIENTED_EDGE('',*,*,#2834,.F.);
#1241=ORIENTED_EDGE('',*,*,#2838,.F.);
#1242=ORIENTED_EDGE('',*,*,#2899,.T.);
#1243=ORIENTED_EDGE('',*,*,#2900,.T.);
#1244=ORIENTED_EDGE('',*,*,#2835,.F.);
#1245=ORIENTED_EDGE('',*,*,#2900,.F.);
#1246=ORIENTED_EDGE('',*,*,#2901,.T.);
#1247=ORIENTED_EDGE('',*,*,#2771,.T.);
#1248=ORIENTED_EDGE('',*,*,#2902,.F.);
#1249=ORIENTED_EDGE('',*,*,#2903,.T.);
#1250=ORIENTED_EDGE('',*,*,#2815,.F.);
#1251=ORIENTED_EDGE('',*,*,#2904,.F.);
#1252=ORIENTED_EDGE('',*,*,#2905,.F.);
#1253=ORIENTED_EDGE('',*,*,#2906,.T.);
#1254=ORIENTED_EDGE('',*,*,#2807,.F.);
#1255=ORIENTED_EDGE('',*,*,#2907,.F.);
#1256=ORIENTED_EDGE('',*,*,#2908,.F.);
#1257=ORIENTED_EDGE('',*,*,#2909,.T.);
#1258=ORIENTED_EDGE('',*,*,#2799,.F.);
#1259=ORIENTED_EDGE('',*,*,#2910,.F.);
#1260=ORIENTED_EDGE('',*,*,#2911,.F.);
#1261=ORIENTED_EDGE('',*,*,#2912,.T.);
#1262=ORIENTED_EDGE('',*,*,#2791,.F.);
#1263=ORIENTED_EDGE('',*,*,#2913,.F.);
#1264=ORIENTED_EDGE('',*,*,#2914,.F.);
#1265=ORIENTED_EDGE('',*,*,#2915,.T.);
#1266=ORIENTED_EDGE('',*,*,#2783,.F.);
#1267=ORIENTED_EDGE('',*,*,#2916,.F.);
#1268=ORIENTED_EDGE('',*,*,#2917,.F.);
#1269=ORIENTED_EDGE('',*,*,#2918,.T.);
#1270=ORIENTED_EDGE('',*,*,#2772,.F.);
#1271=ORIENTED_EDGE('',*,*,#2901,.F.);
#1272=ORIENTED_EDGE('',*,*,#2899,.F.);
#1273=ORIENTED_EDGE('',*,*,#2837,.F.);
#1274=ORIENTED_EDGE('',*,*,#2760,.F.);
#1275=ORIENTED_EDGE('',*,*,#2919,.F.);
#1276=ORIENTED_EDGE('',*,*,#2920,.F.);
#1277=ORIENTED_EDGE('',*,*,#2921,.T.);
#1278=ORIENTED_EDGE('',*,*,#2749,.F.);
#1279=ORIENTED_EDGE('',*,*,#2922,.F.);
#1280=ORIENTED_EDGE('',*,*,#2883,.T.);
#1281=ORIENTED_EDGE('',*,*,#2923,.F.);
#1282=ORIENTED_EDGE('',*,*,#2924,.F.);
#1283=ORIENTED_EDGE('',*,*,#2925,.T.);
#1284=ORIENTED_EDGE('',*,*,#2898,.T.);
#1285=ORIENTED_EDGE('',*,*,#2926,.F.);
#1286=ORIENTED_EDGE('',*,*,#2927,.F.);
#1287=ORIENTED_EDGE('',*,*,#2923,.T.);
#1288=ORIENTED_EDGE('',*,*,#2897,.T.);
#1289=ORIENTED_EDGE('',*,*,#2928,.F.);
#1290=ORIENTED_EDGE('',*,*,#2929,.F.);
#1291=ORIENTED_EDGE('',*,*,#2926,.T.);
#1292=ORIENTED_EDGE('',*,*,#2896,.T.);
#1293=ORIENTED_EDGE('',*,*,#2930,.F.);
#1294=ORIENTED_EDGE('',*,*,#2931,.F.);
#1295=ORIENTED_EDGE('',*,*,#2928,.T.);
#1296=ORIENTED_EDGE('',*,*,#2895,.T.);
#1297=ORIENTED_EDGE('',*,*,#2932,.F.);
#1298=ORIENTED_EDGE('',*,*,#2933,.F.);
#1299=ORIENTED_EDGE('',*,*,#2930,.T.);
#1300=ORIENTED_EDGE('',*,*,#2894,.T.);
#1301=ORIENTED_EDGE('',*,*,#2934,.F.);
#1302=ORIENTED_EDGE('',*,*,#2935,.F.);
#1303=ORIENTED_EDGE('',*,*,#2932,.T.);
#1304=ORIENTED_EDGE('',*,*,#2893,.T.);
#1305=ORIENTED_EDGE('',*,*,#2936,.F.);
#1306=ORIENTED_EDGE('',*,*,#2937,.F.);
#1307=ORIENTED_EDGE('',*,*,#2934,.T.);
#1308=ORIENTED_EDGE('',*,*,#2892,.T.);
#1309=ORIENTED_EDGE('',*,*,#2938,.F.);
#1310=ORIENTED_EDGE('',*,*,#2939,.F.);
#1311=ORIENTED_EDGE('',*,*,#2936,.T.);
#1312=ORIENTED_EDGE('',*,*,#2891,.T.);
#1313=ORIENTED_EDGE('',*,*,#2940,.F.);
#1314=ORIENTED_EDGE('',*,*,#2941,.F.);
#1315=ORIENTED_EDGE('',*,*,#2938,.T.);
#1316=ORIENTED_EDGE('',*,*,#2890,.T.);
#1317=ORIENTED_EDGE('',*,*,#2942,.F.);
#1318=ORIENTED_EDGE('',*,*,#2943,.F.);
#1319=ORIENTED_EDGE('',*,*,#2940,.T.);
#1320=ORIENTED_EDGE('',*,*,#2889,.T.);
#1321=ORIENTED_EDGE('',*,*,#2944,.F.);
#1322=ORIENTED_EDGE('',*,*,#2945,.F.);
#1323=ORIENTED_EDGE('',*,*,#2942,.T.);
#1324=ORIENTED_EDGE('',*,*,#2888,.T.);
#1325=ORIENTED_EDGE('',*,*,#2946,.F.);
#1326=ORIENTED_EDGE('',*,*,#2947,.F.);
#1327=ORIENTED_EDGE('',*,*,#2944,.T.);
#1328=ORIENTED_EDGE('',*,*,#2887,.T.);
#1329=ORIENTED_EDGE('',*,*,#2948,.F.);
#1330=ORIENTED_EDGE('',*,*,#2949,.F.);
#1331=ORIENTED_EDGE('',*,*,#2946,.T.);
#1332=ORIENTED_EDGE('',*,*,#2886,.T.);
#1333=ORIENTED_EDGE('',*,*,#2950,.F.);
#1334=ORIENTED_EDGE('',*,*,#2951,.F.);
#1335=ORIENTED_EDGE('',*,*,#2948,.T.);
#1336=ORIENTED_EDGE('',*,*,#2885,.T.);
#1337=ORIENTED_EDGE('',*,*,#2952,.F.);
#1338=ORIENTED_EDGE('',*,*,#2953,.F.);
#1339=ORIENTED_EDGE('',*,*,#2950,.T.);
#1340=ORIENTED_EDGE('',*,*,#2884,.T.);
#1341=ORIENTED_EDGE('',*,*,#2925,.F.);
#1342=ORIENTED_EDGE('',*,*,#2954,.F.);
#1343=ORIENTED_EDGE('',*,*,#2952,.T.);
#1344=ORIENTED_EDGE('',*,*,#2924,.T.);
#1345=ORIENTED_EDGE('',*,*,#2927,.T.);
#1346=ORIENTED_EDGE('',*,*,#2929,.T.);
#1347=ORIENTED_EDGE('',*,*,#2931,.T.);
#1348=ORIENTED_EDGE('',*,*,#2933,.T.);
#1349=ORIENTED_EDGE('',*,*,#2935,.T.);
#1350=ORIENTED_EDGE('',*,*,#2937,.T.);
#1351=ORIENTED_EDGE('',*,*,#2939,.T.);
#1352=ORIENTED_EDGE('',*,*,#2941,.T.);
#1353=ORIENTED_EDGE('',*,*,#2943,.T.);
#1354=ORIENTED_EDGE('',*,*,#2945,.T.);
#1355=ORIENTED_EDGE('',*,*,#2947,.T.);
#1356=ORIENTED_EDGE('',*,*,#2949,.T.);
#1357=ORIENTED_EDGE('',*,*,#2951,.T.);
#1358=ORIENTED_EDGE('',*,*,#2953,.T.);
#1359=ORIENTED_EDGE('',*,*,#2954,.T.);
#1360=ORIENTED_EDGE('',*,*,#2867,.F.);
#1361=ORIENTED_EDGE('',*,*,#2955,.F.);
#1362=ORIENTED_EDGE('',*,*,#2956,.T.);
#1363=ORIENTED_EDGE('',*,*,#2957,.T.);
#1364=ORIENTED_EDGE('',*,*,#2868,.F.);
#1365=ORIENTED_EDGE('',*,*,#2957,.F.);
#1366=ORIENTED_EDGE('',*,*,#2958,.T.);
#1367=ORIENTED_EDGE('',*,*,#2959,.T.);
#1368=ORIENTED_EDGE('',*,*,#2869,.F.);
#1369=ORIENTED_EDGE('',*,*,#2959,.F.);
#1370=ORIENTED_EDGE('',*,*,#2960,.T.);
#1371=ORIENTED_EDGE('',*,*,#2961,.T.);
#1372=ORIENTED_EDGE('',*,*,#2870,.F.);
#1373=ORIENTED_EDGE('',*,*,#2961,.F.);
#1374=ORIENTED_EDGE('',*,*,#2962,.T.);
#1375=ORIENTED_EDGE('',*,*,#2963,.T.);
#1376=ORIENTED_EDGE('',*,*,#2871,.F.);
#1377=ORIENTED_EDGE('',*,*,#2963,.F.);
#1378=ORIENTED_EDGE('',*,*,#2964,.T.);
#1379=ORIENTED_EDGE('',*,*,#2965,.T.);
#1380=ORIENTED_EDGE('',*,*,#2872,.F.);
#1381=ORIENTED_EDGE('',*,*,#2965,.F.);
#1382=ORIENTED_EDGE('',*,*,#2966,.T.);
#1383=ORIENTED_EDGE('',*,*,#2967,.T.);
#1384=ORIENTED_EDGE('',*,*,#2873,.F.);
#1385=ORIENTED_EDGE('',*,*,#2967,.F.);
#1386=ORIENTED_EDGE('',*,*,#2968,.T.);
#1387=ORIENTED_EDGE('',*,*,#2969,.T.);
#1388=ORIENTED_EDGE('',*,*,#2874,.F.);
#1389=ORIENTED_EDGE('',*,*,#2969,.F.);
#1390=ORIENTED_EDGE('',*,*,#2970,.T.);
#1391=ORIENTED_EDGE('',*,*,#2971,.T.);
#1392=ORIENTED_EDGE('',*,*,#2875,.F.);
#1393=ORIENTED_EDGE('',*,*,#2971,.F.);
#1394=ORIENTED_EDGE('',*,*,#2972,.T.);
#1395=ORIENTED_EDGE('',*,*,#2973,.T.);
#1396=ORIENTED_EDGE('',*,*,#2876,.F.);
#1397=ORIENTED_EDGE('',*,*,#2973,.F.);
#1398=ORIENTED_EDGE('',*,*,#2974,.T.);
#1399=ORIENTED_EDGE('',*,*,#2975,.T.);
#1400=ORIENTED_EDGE('',*,*,#2877,.F.);
#1401=ORIENTED_EDGE('',*,*,#2975,.F.);
#1402=ORIENTED_EDGE('',*,*,#2976,.T.);
#1403=ORIENTED_EDGE('',*,*,#2977,.T.);
#1404=ORIENTED_EDGE('',*,*,#2878,.F.);
#1405=ORIENTED_EDGE('',*,*,#2977,.F.);
#1406=ORIENTED_EDGE('',*,*,#2978,.T.);
#1407=ORIENTED_EDGE('',*,*,#2979,.T.);
#1408=ORIENTED_EDGE('',*,*,#2879,.F.);
#1409=ORIENTED_EDGE('',*,*,#2979,.F.);
#1410=ORIENTED_EDGE('',*,*,#2980,.T.);
#1411=ORIENTED_EDGE('',*,*,#2981,.T.);
#1412=ORIENTED_EDGE('',*,*,#2880,.F.);
#1413=ORIENTED_EDGE('',*,*,#2981,.F.);
#1414=ORIENTED_EDGE('',*,*,#2982,.T.);
#1415=ORIENTED_EDGE('',*,*,#2983,.T.);
#1416=ORIENTED_EDGE('',*,*,#2881,.F.);
#1417=ORIENTED_EDGE('',*,*,#2983,.F.);
#1418=ORIENTED_EDGE('',*,*,#2984,.T.);
#1419=ORIENTED_EDGE('',*,*,#2985,.T.);
#1420=ORIENTED_EDGE('',*,*,#2882,.F.);
#1421=ORIENTED_EDGE('',*,*,#2985,.F.);
#1422=ORIENTED_EDGE('',*,*,#2986,.T.);
#1423=ORIENTED_EDGE('',*,*,#2955,.T.);
#1424=ORIENTED_EDGE('',*,*,#2956,.F.);
#1425=ORIENTED_EDGE('',*,*,#2986,.F.);
#1426=ORIENTED_EDGE('',*,*,#2984,.F.);
#1427=ORIENTED_EDGE('',*,*,#2982,.F.);
#1428=ORIENTED_EDGE('',*,*,#2980,.F.);
#1429=ORIENTED_EDGE('',*,*,#2978,.F.);
#1430=ORIENTED_EDGE('',*,*,#2976,.F.);
#1431=ORIENTED_EDGE('',*,*,#2974,.F.);
#1432=ORIENTED_EDGE('',*,*,#2972,.F.);
#1433=ORIENTED_EDGE('',*,*,#2970,.F.);
#1434=ORIENTED_EDGE('',*,*,#2968,.F.);
#1435=ORIENTED_EDGE('',*,*,#2966,.F.);
#1436=ORIENTED_EDGE('',*,*,#2964,.F.);
#1437=ORIENTED_EDGE('',*,*,#2962,.F.);
#1438=ORIENTED_EDGE('',*,*,#2960,.F.);
#1439=ORIENTED_EDGE('',*,*,#2958,.F.);
#1440=ORIENTED_EDGE('',*,*,#2822,.T.);
#1441=ORIENTED_EDGE('',*,*,#2987,.T.);
#1442=ORIENTED_EDGE('',*,*,#2828,.T.);
#1443=ORIENTED_EDGE('',*,*,#2988,.T.);
#1444=ORIENTED_EDGE('',*,*,#2831,.F.);
#1445=ORIENTED_EDGE('',*,*,#2989,.F.);
#1446=ORIENTED_EDGE('',*,*,#2824,.T.);
#1447=ORIENTED_EDGE('',*,*,#2990,.F.);
#1448=ORIENTED_EDGE('',*,*,#2991,.F.);
#1449=ORIENTED_EDGE('',*,*,#2992,.T.);
#1450=ORIENTED_EDGE('',*,*,#2764,.T.);
#1451=ORIENTED_EDGE('',*,*,#2993,.T.);
#1452=ORIENTED_EDGE('',*,*,#2817,.T.);
#1453=ORIENTED_EDGE('',*,*,#2994,.T.);
#1454=ORIENTED_EDGE('',*,*,#2995,.T.);
#1455=ORIENTED_EDGE('',*,*,#2996,.T.);
#1456=ORIENTED_EDGE('',*,*,#2991,.T.);
#1457=ORIENTED_EDGE('',*,*,#2997,.T.);
#1458=ORIENTED_EDGE('',*,*,#2998,.F.);
#1459=ORIENTED_EDGE('',*,*,#2999,.F.);
#1460=ORIENTED_EDGE('',*,*,#3000,.T.);
#1461=ORIENTED_EDGE('',*,*,#2826,.F.);
#1462=ORIENTED_EDGE('',*,*,#3001,.F.);
#1463=ORIENTED_EDGE('',*,*,#2998,.T.);
#1464=ORIENTED_EDGE('',*,*,#2825,.T.);
#1465=ORIENTED_EDGE('',*,*,#2989,.T.);
#1466=ORIENTED_EDGE('',*,*,#2836,.T.);
#1467=ORIENTED_EDGE('',*,*,#2769,.T.);
#1468=ORIENTED_EDGE('',*,*,#2818,.T.);
#1469=ORIENTED_EDGE('',*,*,#2999,.T.);
#1470=ORIENTED_EDGE('',*,*,#3001,.T.);
#1471=ORIENTED_EDGE('',*,*,#2827,.F.);
#1472=ORIENTED_EDGE('',*,*,#3000,.F.);
#1473=ORIENTED_EDGE('',*,*,#2997,.F.);
#1474=ORIENTED_EDGE('',*,*,#2993,.F.);
#1475=ORIENTED_EDGE('',*,*,#2763,.F.);
#1476=ORIENTED_EDGE('',*,*,#2832,.F.);
#1477=ORIENTED_EDGE('',*,*,#2988,.F.);
#1478=ORIENTED_EDGE('',*,*,#3002,.T.);
#1479=ORIENTED_EDGE('',*,*,#3003,.T.);
#1480=ORIENTED_EDGE('',*,*,#3004,.F.);
#1481=ORIENTED_EDGE('',*,*,#2819,.F.);
#1482=ORIENTED_EDGE('',*,*,#2990,.T.);
#1483=ORIENTED_EDGE('',*,*,#2823,.T.);
#1484=ORIENTED_EDGE('',*,*,#3005,.T.);
#1485=ORIENTED_EDGE('',*,*,#3006,.T.);
#1486=ORIENTED_EDGE('',*,*,#3002,.F.);
#1487=ORIENTED_EDGE('',*,*,#2830,.T.);
#1488=ORIENTED_EDGE('',*,*,#3007,.F.);
#1489=ORIENTED_EDGE('',*,*,#3008,.T.);
#1490=ORIENTED_EDGE('',*,*,#3005,.F.);
#1491=ORIENTED_EDGE('',*,*,#2829,.T.);
#1492=ORIENTED_EDGE('',*,*,#2987,.F.);
#1493=ORIENTED_EDGE('',*,*,#2821,.F.);
#1494=ORIENTED_EDGE('',*,*,#3009,.T.);
#1495=ORIENTED_EDGE('',*,*,#3010,.T.);
#1496=ORIENTED_EDGE('',*,*,#3003,.F.);
#1497=ORIENTED_EDGE('',*,*,#3006,.F.);
#1498=ORIENTED_EDGE('',*,*,#3008,.F.);
#1499=ORIENTED_EDGE('',*,*,#3011,.T.);
#1500=ORIENTED_EDGE('',*,*,#3012,.F.);
#1501=ORIENTED_EDGE('',*,*,#2995,.F.);
#1502=ORIENTED_EDGE('',*,*,#3004,.T.);
#1503=ORIENTED_EDGE('',*,*,#3010,.F.);
#1504=ORIENTED_EDGE('',*,*,#3013,.F.);
#1505=ORIENTED_EDGE('',*,*,#3014,.F.);
#1506=ORIENTED_EDGE('',*,*,#3015,.F.);
#1507=ORIENTED_EDGE('',*,*,#3011,.F.);
#1508=ORIENTED_EDGE('',*,*,#3007,.T.);
#1509=ORIENTED_EDGE('',*,*,#2820,.F.);
#1510=ORIENTED_EDGE('',*,*,#2767,.T.);
#1511=ORIENTED_EDGE('',*,*,#3016,.T.);
#1512=ORIENTED_EDGE('',*,*,#3013,.T.);
#1513=ORIENTED_EDGE('',*,*,#3009,.F.);
#1514=ORIENTED_EDGE('',*,*,#2994,.F.);
#1515=ORIENTED_EDGE('',*,*,#2816,.F.);
#1516=ORIENTED_EDGE('',*,*,#2766,.T.);
#1517=ORIENTED_EDGE('',*,*,#3017,.T.);
#1518=ORIENTED_EDGE('',*,*,#3014,.T.);
#1519=ORIENTED_EDGE('',*,*,#3016,.F.);
#1520=ORIENTED_EDGE('',*,*,#2765,.T.);
#1521=ORIENTED_EDGE('',*,*,#2992,.F.);
#1522=ORIENTED_EDGE('',*,*,#2996,.F.);
#1523=ORIENTED_EDGE('',*,*,#3012,.T.);
#1524=ORIENTED_EDGE('',*,*,#3015,.T.);
#1525=ORIENTED_EDGE('',*,*,#3017,.F.);
#1526=ORIENTED_EDGE('',*,*,#2756,.T.);
#1527=ORIENTED_EDGE('',*,*,#3018,.T.);
#1528=ORIENTED_EDGE('',*,*,#3019,.T.);
#1529=ORIENTED_EDGE('',*,*,#3020,.F.);
#1530=ORIENTED_EDGE('',*,*,#2755,.T.);
#1531=ORIENTED_EDGE('',*,*,#3021,.T.);
#1532=ORIENTED_EDGE('',*,*,#3022,.T.);
#1533=ORIENTED_EDGE('',*,*,#3018,.F.);
#1534=ORIENTED_EDGE('',*,*,#2754,.T.);
#1535=ORIENTED_EDGE('',*,*,#3023,.T.);
#1536=ORIENTED_EDGE('',*,*,#3024,.T.);
#1537=ORIENTED_EDGE('',*,*,#3021,.F.);
#1538=ORIENTED_EDGE('',*,*,#2753,.T.);
#1539=ORIENTED_EDGE('',*,*,#3025,.T.);
#1540=ORIENTED_EDGE('',*,*,#3026,.T.);
#1541=ORIENTED_EDGE('',*,*,#3023,.F.);
#1542=ORIENTED_EDGE('',*,*,#2752,.T.);
#1543=ORIENTED_EDGE('',*,*,#3027,.T.);
#1544=ORIENTED_EDGE('',*,*,#3028,.T.);
#1545=ORIENTED_EDGE('',*,*,#3025,.F.);
#1546=ORIENTED_EDGE('',*,*,#3029,.F.);
#1547=ORIENTED_EDGE('',*,*,#3030,.T.);
#1548=ORIENTED_EDGE('',*,*,#2758,.T.);
#1549=ORIENTED_EDGE('',*,*,#3031,.T.);
#1550=ORIENTED_EDGE('',*,*,#3032,.T.);
#1551=ORIENTED_EDGE('',*,*,#3027,.F.);
#1552=ORIENTED_EDGE('',*,*,#2751,.T.);
#1553=ORIENTED_EDGE('',*,*,#3033,.T.);
#1554=ORIENTED_EDGE('',*,*,#2757,.T.);
#1555=ORIENTED_EDGE('',*,*,#3020,.T.);
#1556=ORIENTED_EDGE('',*,*,#3034,.T.);
#1557=ORIENTED_EDGE('',*,*,#3031,.F.);
#1558=ORIENTED_EDGE('',*,*,#3035,.F.);
#1559=ORIENTED_EDGE('',*,*,#3036,.F.);
#1560=ORIENTED_EDGE('',*,*,#3037,.F.);
#1561=ORIENTED_EDGE('',*,*,#3038,.F.);
#1562=ORIENTED_EDGE('',*,*,#3019,.F.);
#1563=ORIENTED_EDGE('',*,*,#3022,.F.);
#1564=ORIENTED_EDGE('',*,*,#3024,.F.);
#1565=ORIENTED_EDGE('',*,*,#3026,.F.);
#1566=ORIENTED_EDGE('',*,*,#3028,.F.);
#1567=ORIENTED_EDGE('',*,*,#3032,.F.);
#1568=ORIENTED_EDGE('',*,*,#3034,.F.);
#1569=ORIENTED_EDGE('',*,*,#2776,.F.);
#1570=ORIENTED_EDGE('',*,*,#3039,.T.);
#1571=ORIENTED_EDGE('',*,*,#3040,.F.);
#1572=ORIENTED_EDGE('',*,*,#3041,.F.);
#1573=ORIENTED_EDGE('',*,*,#2777,.F.);
#1574=ORIENTED_EDGE('',*,*,#3041,.T.);
#1575=ORIENTED_EDGE('',*,*,#3042,.F.);
#1576=ORIENTED_EDGE('',*,*,#3043,.F.);
#1577=ORIENTED_EDGE('',*,*,#2778,.F.);
#1578=ORIENTED_EDGE('',*,*,#3043,.T.);
#1579=ORIENTED_EDGE('',*,*,#3044,.F.);
#1580=ORIENTED_EDGE('',*,*,#3045,.F.);
#1581=ORIENTED_EDGE('',*,*,#2779,.F.);
#1582=ORIENTED_EDGE('',*,*,#3045,.T.);
#1583=ORIENTED_EDGE('',*,*,#3046,.F.);
#1584=ORIENTED_EDGE('',*,*,#3047,.F.);
#1585=ORIENTED_EDGE('',*,*,#2780,.F.);
#1586=ORIENTED_EDGE('',*,*,#3047,.T.);
#1587=ORIENTED_EDGE('',*,*,#3048,.F.);
#1588=ORIENTED_EDGE('',*,*,#3049,.F.);
#1589=ORIENTED_EDGE('',*,*,#3050,.F.);
#1590=ORIENTED_EDGE('',*,*,#2781,.F.);
#1591=ORIENTED_EDGE('',*,*,#3049,.T.);
#1592=ORIENTED_EDGE('',*,*,#3051,.F.);
#1593=ORIENTED_EDGE('',*,*,#3052,.F.);
#1594=ORIENTED_EDGE('',*,*,#2774,.F.);
#1595=ORIENTED_EDGE('',*,*,#3053,.F.);
#1596=ORIENTED_EDGE('',*,*,#3054,.T.);
#1597=ORIENTED_EDGE('',*,*,#2775,.F.);
#1598=ORIENTED_EDGE('',*,*,#3052,.T.);
#1599=ORIENTED_EDGE('',*,*,#3055,.F.);
#1600=ORIENTED_EDGE('',*,*,#3039,.F.);
#1601=ORIENTED_EDGE('',*,*,#3056,.T.);
#1602=ORIENTED_EDGE('',*,*,#3057,.T.);
#1603=ORIENTED_EDGE('',*,*,#3058,.T.);
#1604=ORIENTED_EDGE('',*,*,#3059,.T.);
#1605=ORIENTED_EDGE('',*,*,#3040,.T.);
#1606=ORIENTED_EDGE('',*,*,#3055,.T.);
#1607=ORIENTED_EDGE('',*,*,#3051,.T.);
#1608=ORIENTED_EDGE('',*,*,#3048,.T.);
#1609=ORIENTED_EDGE('',*,*,#3046,.T.);
#1610=ORIENTED_EDGE('',*,*,#3044,.T.);
#1611=ORIENTED_EDGE('',*,*,#3042,.T.);
#1612=ORIENTED_EDGE('',*,*,#2746,.T.);
#1613=ORIENTED_EDGE('',*,*,#3060,.T.);
#1614=ORIENTED_EDGE('',*,*,#3061,.T.);
#1615=ORIENTED_EDGE('',*,*,#3062,.F.);
#1616=ORIENTED_EDGE('',*,*,#2745,.T.);
#1617=ORIENTED_EDGE('',*,*,#3063,.T.);
#1618=ORIENTED_EDGE('',*,*,#3064,.T.);
#1619=ORIENTED_EDGE('',*,*,#3060,.F.);
#1620=ORIENTED_EDGE('',*,*,#2744,.T.);
#1621=ORIENTED_EDGE('',*,*,#3065,.T.);
#1622=ORIENTED_EDGE('',*,*,#3066,.T.);
#1623=ORIENTED_EDGE('',*,*,#3063,.F.);
#1624=ORIENTED_EDGE('',*,*,#2743,.T.);
#1625=ORIENTED_EDGE('',*,*,#3067,.T.);
#1626=ORIENTED_EDGE('',*,*,#3068,.F.);
#1627=ORIENTED_EDGE('',*,*,#3069,.T.);
#1628=ORIENTED_EDGE('',*,*,#2747,.T.);
#1629=ORIENTED_EDGE('',*,*,#3062,.T.);
#1630=ORIENTED_EDGE('',*,*,#3070,.T.);
#1631=ORIENTED_EDGE('',*,*,#3065,.F.);
#1632=ORIENTED_EDGE('',*,*,#3071,.F.);
#1633=ORIENTED_EDGE('',*,*,#3072,.F.);
#1634=ORIENTED_EDGE('',*,*,#3073,.F.);
#1635=ORIENTED_EDGE('',*,*,#3074,.F.);
#1636=ORIENTED_EDGE('',*,*,#3061,.F.);
#1637=ORIENTED_EDGE('',*,*,#3064,.F.);
#1638=ORIENTED_EDGE('',*,*,#3066,.F.);
#1639=ORIENTED_EDGE('',*,*,#3070,.F.);
#1640=ORIENTED_EDGE('',*,*,#2788,.T.);
#1641=ORIENTED_EDGE('',*,*,#3075,.F.);
#1642=ORIENTED_EDGE('',*,*,#3076,.F.);
#1643=ORIENTED_EDGE('',*,*,#3077,.T.);
#1644=ORIENTED_EDGE('',*,*,#2787,.T.);
#1645=ORIENTED_EDGE('',*,*,#3078,.F.);
#1646=ORIENTED_EDGE('',*,*,#3079,.F.);
#1647=ORIENTED_EDGE('',*,*,#3075,.T.);
#1648=ORIENTED_EDGE('',*,*,#2786,.T.);
#1649=ORIENTED_EDGE('',*,*,#3080,.F.);
#1650=ORIENTED_EDGE('',*,*,#3081,.F.);
#1651=ORIENTED_EDGE('',*,*,#3078,.T.);
#1652=ORIENTED_EDGE('',*,*,#2785,.T.);
#1653=ORIENTED_EDGE('',*,*,#3082,.T.);
#1654=ORIENTED_EDGE('',*,*,#3083,.F.);
#1655=ORIENTED_EDGE('',*,*,#3084,.T.);
#1656=ORIENTED_EDGE('',*,*,#2789,.T.);
#1657=ORIENTED_EDGE('',*,*,#3077,.F.);
#1658=ORIENTED_EDGE('',*,*,#3085,.F.);
#1659=ORIENTED_EDGE('',*,*,#3080,.T.);
#1660=ORIENTED_EDGE('',*,*,#3086,.F.);
#1661=ORIENTED_EDGE('',*,*,#3087,.F.);
#1662=ORIENTED_EDGE('',*,*,#3088,.F.);
#1663=ORIENTED_EDGE('',*,*,#3089,.F.);
#1664=ORIENTED_EDGE('',*,*,#3076,.T.);
#1665=ORIENTED_EDGE('',*,*,#3079,.T.);
#1666=ORIENTED_EDGE('',*,*,#3081,.T.);
#1667=ORIENTED_EDGE('',*,*,#3085,.T.);
#1668=ORIENTED_EDGE('',*,*,#2796,.T.);
#1669=ORIENTED_EDGE('',*,*,#3090,.F.);
#1670=ORIENTED_EDGE('',*,*,#3091,.F.);
#1671=ORIENTED_EDGE('',*,*,#3092,.T.);
#1672=ORIENTED_EDGE('',*,*,#2795,.T.);
#1673=ORIENTED_EDGE('',*,*,#3093,.F.);
#1674=ORIENTED_EDGE('',*,*,#3094,.F.);
#1675=ORIENTED_EDGE('',*,*,#3090,.T.);
#1676=ORIENTED_EDGE('',*,*,#2794,.T.);
#1677=ORIENTED_EDGE('',*,*,#3095,.F.);
#1678=ORIENTED_EDGE('',*,*,#3096,.F.);
#1679=ORIENTED_EDGE('',*,*,#3093,.T.);
#1680=ORIENTED_EDGE('',*,*,#2793,.T.);
#1681=ORIENTED_EDGE('',*,*,#3097,.T.);
#1682=ORIENTED_EDGE('',*,*,#3098,.F.);
#1683=ORIENTED_EDGE('',*,*,#3099,.T.);
#1684=ORIENTED_EDGE('',*,*,#2797,.T.);
#1685=ORIENTED_EDGE('',*,*,#3092,.F.);
#1686=ORIENTED_EDGE('',*,*,#3100,.F.);
#1687=ORIENTED_EDGE('',*,*,#3095,.T.);
#1688=ORIENTED_EDGE('',*,*,#3101,.F.);
#1689=ORIENTED_EDGE('',*,*,#3102,.F.);
#1690=ORIENTED_EDGE('',*,*,#3103,.F.);
#1691=ORIENTED_EDGE('',*,*,#3104,.F.);
#1692=ORIENTED_EDGE('',*,*,#3091,.T.);
#1693=ORIENTED_EDGE('',*,*,#3094,.T.);
#1694=ORIENTED_EDGE('',*,*,#3096,.T.);
#1695=ORIENTED_EDGE('',*,*,#3100,.T.);
#1696=ORIENTED_EDGE('',*,*,#2804,.T.);
#1697=ORIENTED_EDGE('',*,*,#3105,.F.);
#1698=ORIENTED_EDGE('',*,*,#3106,.F.);
#1699=ORIENTED_EDGE('',*,*,#3107,.T.);
#1700=ORIENTED_EDGE('',*,*,#2803,.T.);
#1701=ORIENTED_EDGE('',*,*,#3108,.F.);
#1702=ORIENTED_EDGE('',*,*,#3109,.F.);
#1703=ORIENTED_EDGE('',*,*,#3105,.T.);
#1704=ORIENTED_EDGE('',*,*,#2802,.T.);
#1705=ORIENTED_EDGE('',*,*,#3110,.F.);
#1706=ORIENTED_EDGE('',*,*,#3111,.F.);
#1707=ORIENTED_EDGE('',*,*,#3108,.T.);
#1708=ORIENTED_EDGE('',*,*,#2801,.T.);
#1709=ORIENTED_EDGE('',*,*,#3112,.T.);
#1710=ORIENTED_EDGE('',*,*,#3113,.F.);
#1711=ORIENTED_EDGE('',*,*,#3114,.T.);
#1712=ORIENTED_EDGE('',*,*,#2805,.T.);
#1713=ORIENTED_EDGE('',*,*,#3107,.F.);
#1714=ORIENTED_EDGE('',*,*,#3115,.F.);
#1715=ORIENTED_EDGE('',*,*,#3110,.T.);
#1716=ORIENTED_EDGE('',*,*,#3116,.F.);
#1717=ORIENTED_EDGE('',*,*,#3117,.F.);
#1718=ORIENTED_EDGE('',*,*,#3118,.F.);
#1719=ORIENTED_EDGE('',*,*,#3119,.F.);
#1720=ORIENTED_EDGE('',*,*,#3106,.T.);
#1721=ORIENTED_EDGE('',*,*,#3109,.T.);
#1722=ORIENTED_EDGE('',*,*,#3111,.T.);
#1723=ORIENTED_EDGE('',*,*,#3115,.T.);
#1724=ORIENTED_EDGE('',*,*,#2812,.T.);
#1725=ORIENTED_EDGE('',*,*,#3120,.F.);
#1726=ORIENTED_EDGE('',*,*,#3121,.F.);
#1727=ORIENTED_EDGE('',*,*,#3122,.T.);
#1728=ORIENTED_EDGE('',*,*,#2811,.T.);
#1729=ORIENTED_EDGE('',*,*,#3123,.F.);
#1730=ORIENTED_EDGE('',*,*,#3124,.F.);
#1731=ORIENTED_EDGE('',*,*,#3120,.T.);
#1732=ORIENTED_EDGE('',*,*,#2810,.T.);
#1733=ORIENTED_EDGE('',*,*,#3125,.F.);
#1734=ORIENTED_EDGE('',*,*,#3126,.F.);
#1735=ORIENTED_EDGE('',*,*,#3123,.T.);
#1736=ORIENTED_EDGE('',*,*,#2809,.T.);
#1737=ORIENTED_EDGE('',*,*,#3127,.T.);
#1738=ORIENTED_EDGE('',*,*,#3128,.F.);
#1739=ORIENTED_EDGE('',*,*,#3129,.T.);
#1740=ORIENTED_EDGE('',*,*,#2813,.T.);
#1741=ORIENTED_EDGE('',*,*,#3122,.F.);
#1742=ORIENTED_EDGE('',*,*,#3130,.F.);
#1743=ORIENTED_EDGE('',*,*,#3125,.T.);
#1744=ORIENTED_EDGE('',*,*,#3131,.F.);
#1745=ORIENTED_EDGE('',*,*,#3132,.F.);
#1746=ORIENTED_EDGE('',*,*,#3133,.F.);
#1747=ORIENTED_EDGE('',*,*,#3134,.F.);
#1748=ORIENTED_EDGE('',*,*,#3121,.T.);
#1749=ORIENTED_EDGE('',*,*,#3124,.T.);
#1750=ORIENTED_EDGE('',*,*,#3126,.T.);
#1751=ORIENTED_EDGE('',*,*,#3130,.T.);
#1752=ORIENTED_EDGE('',*,*,#2750,.T.);
#1753=ORIENTED_EDGE('',*,*,#2921,.F.);
#1754=ORIENTED_EDGE('',*,*,#3135,.T.);
#1755=ORIENTED_EDGE('',*,*,#3033,.F.);
#1756=ORIENTED_EDGE('',*,*,#2759,.T.);
#1757=ORIENTED_EDGE('',*,*,#3030,.F.);
#1758=ORIENTED_EDGE('',*,*,#3136,.T.);
#1759=ORIENTED_EDGE('',*,*,#2919,.T.);
#1760=ORIENTED_EDGE('',*,*,#3135,.F.);
#1761=ORIENTED_EDGE('',*,*,#2920,.T.);
#1762=ORIENTED_EDGE('',*,*,#3136,.F.);
#1763=ORIENTED_EDGE('',*,*,#3029,.T.);
#1764=ORIENTED_EDGE('',*,*,#2808,.T.);
#1765=ORIENTED_EDGE('',*,*,#2906,.F.);
#1766=ORIENTED_EDGE('',*,*,#3137,.F.);
#1767=ORIENTED_EDGE('',*,*,#3127,.F.);
#1768=ORIENTED_EDGE('',*,*,#3138,.F.);
#1769=ORIENTED_EDGE('',*,*,#2904,.T.);
#1770=ORIENTED_EDGE('',*,*,#2814,.T.);
#1771=ORIENTED_EDGE('',*,*,#3129,.F.);
#1772=ORIENTED_EDGE('',*,*,#3128,.T.);
#1773=ORIENTED_EDGE('',*,*,#3137,.T.);
#1774=ORIENTED_EDGE('',*,*,#2905,.T.);
#1775=ORIENTED_EDGE('',*,*,#3138,.T.);
#1776=ORIENTED_EDGE('',*,*,#2800,.T.);
#1777=ORIENTED_EDGE('',*,*,#2909,.F.);
#1778=ORIENTED_EDGE('',*,*,#3139,.F.);
#1779=ORIENTED_EDGE('',*,*,#3112,.F.);
#1780=ORIENTED_EDGE('',*,*,#3140,.F.);
#1781=ORIENTED_EDGE('',*,*,#2907,.T.);
#1782=ORIENTED_EDGE('',*,*,#2806,.T.);
#1783=ORIENTED_EDGE('',*,*,#3114,.F.);
#1784=ORIENTED_EDGE('',*,*,#3113,.T.);
#1785=ORIENTED_EDGE('',*,*,#3139,.T.);
#1786=ORIENTED_EDGE('',*,*,#2908,.T.);
#1787=ORIENTED_EDGE('',*,*,#3140,.T.);
#1788=ORIENTED_EDGE('',*,*,#2792,.T.);
#1789=ORIENTED_EDGE('',*,*,#2912,.F.);
#1790=ORIENTED_EDGE('',*,*,#3141,.F.);
#1791=ORIENTED_EDGE('',*,*,#3097,.F.);
#1792=ORIENTED_EDGE('',*,*,#3142,.F.);
#1793=ORIENTED_EDGE('',*,*,#2910,.T.);
#1794=ORIENTED_EDGE('',*,*,#2798,.T.);
#1795=ORIENTED_EDGE('',*,*,#3099,.F.);
#1796=ORIENTED_EDGE('',*,*,#3098,.T.);
#1797=ORIENTED_EDGE('',*,*,#3141,.T.);
#1798=ORIENTED_EDGE('',*,*,#2911,.T.);
#1799=ORIENTED_EDGE('',*,*,#3142,.T.);
#1800=ORIENTED_EDGE('',*,*,#2784,.T.);
#1801=ORIENTED_EDGE('',*,*,#2915,.F.);
#1802=ORIENTED_EDGE('',*,*,#3143,.F.);
#1803=ORIENTED_EDGE('',*,*,#3082,.F.);
#1804=ORIENTED_EDGE('',*,*,#3144,.F.);
#1805=ORIENTED_EDGE('',*,*,#2913,.T.);
#1806=ORIENTED_EDGE('',*,*,#2790,.T.);
#1807=ORIENTED_EDGE('',*,*,#3084,.F.);
#1808=ORIENTED_EDGE('',*,*,#3083,.T.);
#1809=ORIENTED_EDGE('',*,*,#3143,.T.);
#1810=ORIENTED_EDGE('',*,*,#2914,.T.);
#1811=ORIENTED_EDGE('',*,*,#3144,.T.);
#1812=ORIENTED_EDGE('',*,*,#2742,.T.);
#1813=ORIENTED_EDGE('',*,*,#2903,.F.);
#1814=ORIENTED_EDGE('',*,*,#3145,.F.);
#1815=ORIENTED_EDGE('',*,*,#3067,.F.);
#1816=ORIENTED_EDGE('',*,*,#3146,.F.);
#1817=ORIENTED_EDGE('',*,*,#2922,.T.);
#1818=ORIENTED_EDGE('',*,*,#2748,.T.);
#1819=ORIENTED_EDGE('',*,*,#3069,.F.);
#1820=ORIENTED_EDGE('',*,*,#3068,.T.);
#1821=ORIENTED_EDGE('',*,*,#3145,.T.);
#1822=ORIENTED_EDGE('',*,*,#2902,.T.);
#1823=ORIENTED_EDGE('',*,*,#3146,.T.);
#1824=ORIENTED_EDGE('',*,*,#2773,.T.);
#1825=ORIENTED_EDGE('',*,*,#2918,.F.);
#1826=ORIENTED_EDGE('',*,*,#3147,.F.);
#1827=ORIENTED_EDGE('',*,*,#3053,.T.);
#1828=ORIENTED_EDGE('',*,*,#3050,.T.);
#1829=ORIENTED_EDGE('',*,*,#3148,.F.);
#1830=ORIENTED_EDGE('',*,*,#2916,.T.);
#1831=ORIENTED_EDGE('',*,*,#2782,.T.);
#1832=ORIENTED_EDGE('',*,*,#3147,.T.);
#1833=ORIENTED_EDGE('',*,*,#2917,.T.);
#1834=ORIENTED_EDGE('',*,*,#3148,.T.);
#1835=ORIENTED_EDGE('',*,*,#3054,.F.);
#1836=ORIENTED_EDGE('',*,*,#3149,.T.);
#1837=ORIENTED_EDGE('',*,*,#3150,.T.);
#1838=ORIENTED_EDGE('',*,*,#3151,.T.);
#1839=ORIENTED_EDGE('',*,*,#3152,.T.);
#1840=ORIENTED_EDGE('',*,*,#3153,.T.);
#1841=ORIENTED_EDGE('',*,*,#3154,.T.);
#1842=ORIENTED_EDGE('',*,*,#3155,.F.);
#1843=ORIENTED_EDGE('',*,*,#3036,.T.);
#1844=ORIENTED_EDGE('',*,*,#3155,.T.);
#1845=ORIENTED_EDGE('',*,*,#3156,.T.);
#1846=ORIENTED_EDGE('',*,*,#3157,.F.);
#1847=ORIENTED_EDGE('',*,*,#3037,.T.);
#1848=ORIENTED_EDGE('',*,*,#3157,.T.);
#1849=ORIENTED_EDGE('',*,*,#3158,.T.);
#1850=ORIENTED_EDGE('',*,*,#3159,.F.);
#1851=ORIENTED_EDGE('',*,*,#3038,.T.);
#1852=ORIENTED_EDGE('',*,*,#3159,.T.);
#1853=ORIENTED_EDGE('',*,*,#3160,.T.);
#1854=ORIENTED_EDGE('',*,*,#3153,.F.);
#1855=ORIENTED_EDGE('',*,*,#3035,.T.);
#1856=ORIENTED_EDGE('',*,*,#3161,.F.);
#1857=ORIENTED_EDGE('',*,*,#3162,.T.);
#1858=ORIENTED_EDGE('',*,*,#3163,.T.);
#1859=ORIENTED_EDGE('',*,*,#2863,.T.);
#1860=ORIENTED_EDGE('',*,*,#3163,.F.);
#1861=ORIENTED_EDGE('',*,*,#3164,.T.);
#1862=ORIENTED_EDGE('',*,*,#3165,.T.);
#1863=ORIENTED_EDGE('',*,*,#2864,.T.);
#1864=ORIENTED_EDGE('',*,*,#3165,.F.);
#1865=ORIENTED_EDGE('',*,*,#3166,.T.);
#1866=ORIENTED_EDGE('',*,*,#3167,.T.);
#1867=ORIENTED_EDGE('',*,*,#2865,.T.);
#1868=ORIENTED_EDGE('',*,*,#3167,.F.);
#1869=ORIENTED_EDGE('',*,*,#3168,.T.);
#1870=ORIENTED_EDGE('',*,*,#3161,.T.);
#1871=ORIENTED_EDGE('',*,*,#2866,.T.);
#1872=ORIENTED_EDGE('',*,*,#3169,.T.);
#1873=ORIENTED_EDGE('',*,*,#3170,.T.);
#1874=ORIENTED_EDGE('',*,*,#3171,.T.);
#1875=ORIENTED_EDGE('',*,*,#3172,.T.);
#1876=ORIENTED_EDGE('',*,*,#3173,.F.);
#1877=ORIENTED_EDGE('',*,*,#3172,.F.);
#1878=ORIENTED_EDGE('',*,*,#3174,.F.);
#1879=ORIENTED_EDGE('',*,*,#3162,.F.);
#1880=ORIENTED_EDGE('',*,*,#3174,.T.);
#1881=ORIENTED_EDGE('',*,*,#3171,.F.);
#1882=ORIENTED_EDGE('',*,*,#3175,.F.);
#1883=ORIENTED_EDGE('',*,*,#3164,.F.);
#1884=ORIENTED_EDGE('',*,*,#3173,.T.);
#1885=ORIENTED_EDGE('',*,*,#3168,.F.);
#1886=ORIENTED_EDGE('',*,*,#3176,.F.);
#1887=ORIENTED_EDGE('',*,*,#3169,.F.);
#1888=ORIENTED_EDGE('',*,*,#3175,.T.);
#1889=ORIENTED_EDGE('',*,*,#3170,.F.);
#1890=ORIENTED_EDGE('',*,*,#3176,.T.);
#1891=ORIENTED_EDGE('',*,*,#3166,.F.);
#1892=ORIENTED_EDGE('',*,*,#3177,.F.);
#1893=ORIENTED_EDGE('',*,*,#3158,.F.);
#1894=ORIENTED_EDGE('',*,*,#3178,.F.);
#1895=ORIENTED_EDGE('',*,*,#3152,.F.);
#1896=ORIENTED_EDGE('',*,*,#3178,.T.);
#1897=ORIENTED_EDGE('',*,*,#3156,.F.);
#1898=ORIENTED_EDGE('',*,*,#3179,.F.);
#1899=ORIENTED_EDGE('',*,*,#3149,.F.);
#1900=ORIENTED_EDGE('',*,*,#3177,.T.);
#1901=ORIENTED_EDGE('',*,*,#3151,.F.);
#1902=ORIENTED_EDGE('',*,*,#3180,.F.);
#1903=ORIENTED_EDGE('',*,*,#3160,.F.);
#1904=ORIENTED_EDGE('',*,*,#3179,.T.);
#1905=ORIENTED_EDGE('',*,*,#3154,.F.);
#1906=ORIENTED_EDGE('',*,*,#3180,.T.);
#1907=ORIENTED_EDGE('',*,*,#3150,.F.);
#1908=ORIENTED_EDGE('',*,*,#3181,.T.);
#1909=ORIENTED_EDGE('',*,*,#3182,.T.);
#1910=ORIENTED_EDGE('',*,*,#3183,.T.);
#1911=ORIENTED_EDGE('',*,*,#3184,.T.);
#1912=ORIENTED_EDGE('',*,*,#3185,.T.);
#1913=ORIENTED_EDGE('',*,*,#3186,.T.);
#1914=ORIENTED_EDGE('',*,*,#3187,.F.);
#1915=ORIENTED_EDGE('',*,*,#3132,.T.);
#1916=ORIENTED_EDGE('',*,*,#3187,.T.);
#1917=ORIENTED_EDGE('',*,*,#3188,.T.);
#1918=ORIENTED_EDGE('',*,*,#3189,.F.);
#1919=ORIENTED_EDGE('',*,*,#3133,.T.);
#1920=ORIENTED_EDGE('',*,*,#3189,.T.);
#1921=ORIENTED_EDGE('',*,*,#3190,.T.);
#1922=ORIENTED_EDGE('',*,*,#3191,.F.);
#1923=ORIENTED_EDGE('',*,*,#3134,.T.);
#1924=ORIENTED_EDGE('',*,*,#3191,.T.);
#1925=ORIENTED_EDGE('',*,*,#3192,.T.);
#1926=ORIENTED_EDGE('',*,*,#3185,.F.);
#1927=ORIENTED_EDGE('',*,*,#3131,.T.);
#1928=ORIENTED_EDGE('',*,*,#3193,.T.);
#1929=ORIENTED_EDGE('',*,*,#3194,.T.);
#1930=ORIENTED_EDGE('',*,*,#3195,.T.);
#1931=ORIENTED_EDGE('',*,*,#3196,.T.);
#1932=ORIENTED_EDGE('',*,*,#3197,.T.);
#1933=ORIENTED_EDGE('',*,*,#3198,.T.);
#1934=ORIENTED_EDGE('',*,*,#3199,.F.);
#1935=ORIENTED_EDGE('',*,*,#3117,.T.);
#1936=ORIENTED_EDGE('',*,*,#3199,.T.);
#1937=ORIENTED_EDGE('',*,*,#3200,.T.);
#1938=ORIENTED_EDGE('',*,*,#3201,.F.);
#1939=ORIENTED_EDGE('',*,*,#3118,.T.);
#1940=ORIENTED_EDGE('',*,*,#3201,.T.);
#1941=ORIENTED_EDGE('',*,*,#3202,.T.);
#1942=ORIENTED_EDGE('',*,*,#3203,.F.);
#1943=ORIENTED_EDGE('',*,*,#3119,.T.);
#1944=ORIENTED_EDGE('',*,*,#3203,.T.);
#1945=ORIENTED_EDGE('',*,*,#3204,.T.);
#1946=ORIENTED_EDGE('',*,*,#3197,.F.);
#1947=ORIENTED_EDGE('',*,*,#3116,.T.);
#1948=ORIENTED_EDGE('',*,*,#3205,.T.);
#1949=ORIENTED_EDGE('',*,*,#3206,.T.);
#1950=ORIENTED_EDGE('',*,*,#3207,.T.);
#1951=ORIENTED_EDGE('',*,*,#3208,.T.);
#1952=ORIENTED_EDGE('',*,*,#3209,.T.);
#1953=ORIENTED_EDGE('',*,*,#3210,.T.);
#1954=ORIENTED_EDGE('',*,*,#3211,.F.);
#1955=ORIENTED_EDGE('',*,*,#3102,.T.);
#1956=ORIENTED_EDGE('',*,*,#3211,.T.);
#1957=ORIENTED_EDGE('',*,*,#3212,.T.);
#1958=ORIENTED_EDGE('',*,*,#3213,.F.);
#1959=ORIENTED_EDGE('',*,*,#3103,.T.);
#1960=ORIENTED_EDGE('',*,*,#3213,.T.);
#1961=ORIENTED_EDGE('',*,*,#3214,.T.);
#1962=ORIENTED_EDGE('',*,*,#3215,.F.);
#1963=ORIENTED_EDGE('',*,*,#3104,.T.);
#1964=ORIENTED_EDGE('',*,*,#3215,.T.);
#1965=ORIENTED_EDGE('',*,*,#3216,.T.);
#1966=ORIENTED_EDGE('',*,*,#3209,.F.);
#1967=ORIENTED_EDGE('',*,*,#3101,.T.);
#1968=ORIENTED_EDGE('',*,*,#3217,.T.);
#1969=ORIENTED_EDGE('',*,*,#3218,.T.);
#1970=ORIENTED_EDGE('',*,*,#3219,.T.);
#1971=ORIENTED_EDGE('',*,*,#3220,.T.);
#1972=ORIENTED_EDGE('',*,*,#3221,.T.);
#1973=ORIENTED_EDGE('',*,*,#3222,.T.);
#1974=ORIENTED_EDGE('',*,*,#3223,.F.);
#1975=ORIENTED_EDGE('',*,*,#3087,.T.);
#1976=ORIENTED_EDGE('',*,*,#3223,.T.);
#1977=ORIENTED_EDGE('',*,*,#3224,.T.);
#1978=ORIENTED_EDGE('',*,*,#3225,.F.);
#1979=ORIENTED_EDGE('',*,*,#3088,.T.);
#1980=ORIENTED_EDGE('',*,*,#3225,.T.);
#1981=ORIENTED_EDGE('',*,*,#3226,.T.);
#1982=ORIENTED_EDGE('',*,*,#3227,.F.);
#1983=ORIENTED_EDGE('',*,*,#3089,.T.);
#1984=ORIENTED_EDGE('',*,*,#3227,.T.);
#1985=ORIENTED_EDGE('',*,*,#3228,.T.);
#1986=ORIENTED_EDGE('',*,*,#3221,.F.);
#1987=ORIENTED_EDGE('',*,*,#3086,.T.);
#1988=ORIENTED_EDGE('',*,*,#3229,.T.);
#1989=ORIENTED_EDGE('',*,*,#3230,.T.);
#1990=ORIENTED_EDGE('',*,*,#3231,.T.);
#1991=ORIENTED_EDGE('',*,*,#3232,.T.);
#1992=ORIENTED_EDGE('',*,*,#3233,.T.);
#1993=ORIENTED_EDGE('',*,*,#3234,.T.);
#1994=ORIENTED_EDGE('',*,*,#3235,.F.);
#1995=ORIENTED_EDGE('',*,*,#3072,.T.);
#1996=ORIENTED_EDGE('',*,*,#3235,.T.);
#1997=ORIENTED_EDGE('',*,*,#3236,.T.);
#1998=ORIENTED_EDGE('',*,*,#3237,.F.);
#1999=ORIENTED_EDGE('',*,*,#3073,.T.);
#2000=ORIENTED_EDGE('',*,*,#3237,.T.);
#2001=ORIENTED_EDGE('',*,*,#3238,.T.);
#2002=ORIENTED_EDGE('',*,*,#3239,.F.);
#2003=ORIENTED_EDGE('',*,*,#3074,.T.);
#2004=ORIENTED_EDGE('',*,*,#3239,.T.);
#2005=ORIENTED_EDGE('',*,*,#3240,.T.);
#2006=ORIENTED_EDGE('',*,*,#3233,.F.);
#2007=ORIENTED_EDGE('',*,*,#3071,.T.);
#2008=ORIENTED_EDGE('',*,*,#3241,.T.);
#2009=ORIENTED_EDGE('',*,*,#3242,.T.);
#2010=ORIENTED_EDGE('',*,*,#3243,.T.);
#2011=ORIENTED_EDGE('',*,*,#3244,.T.);
#2012=ORIENTED_EDGE('',*,*,#3245,.T.);
#2013=ORIENTED_EDGE('',*,*,#3246,.T.);
#2014=ORIENTED_EDGE('',*,*,#3247,.F.);
#2015=ORIENTED_EDGE('',*,*,#3058,.F.);
#2016=ORIENTED_EDGE('',*,*,#3247,.T.);
#2017=ORIENTED_EDGE('',*,*,#3248,.T.);
#2018=ORIENTED_EDGE('',*,*,#3249,.F.);
#2019=ORIENTED_EDGE('',*,*,#3059,.F.);
#2020=ORIENTED_EDGE('',*,*,#3249,.T.);
#2021=ORIENTED_EDGE('',*,*,#3250,.T.);
#2022=ORIENTED_EDGE('',*,*,#3251,.F.);
#2023=ORIENTED_EDGE('',*,*,#3056,.F.);
#2024=ORIENTED_EDGE('',*,*,#3251,.T.);
#2025=ORIENTED_EDGE('',*,*,#3252,.T.);
#2026=ORIENTED_EDGE('',*,*,#3245,.F.);
#2027=ORIENTED_EDGE('',*,*,#3057,.F.);
#2028=ORIENTED_EDGE('',*,*,#3253,.F.);
#2029=ORIENTED_EDGE('',*,*,#3254,.T.);
#2030=ORIENTED_EDGE('',*,*,#3255,.T.);
#2031=ORIENTED_EDGE('',*,*,#2859,.T.);
#2032=ORIENTED_EDGE('',*,*,#3255,.F.);
#2033=ORIENTED_EDGE('',*,*,#3256,.T.);
#2034=ORIENTED_EDGE('',*,*,#3257,.T.);
#2035=ORIENTED_EDGE('',*,*,#2860,.T.);
#2036=ORIENTED_EDGE('',*,*,#3257,.F.);
#2037=ORIENTED_EDGE('',*,*,#3258,.T.);
#2038=ORIENTED_EDGE('',*,*,#3259,.T.);
#2039=ORIENTED_EDGE('',*,*,#2861,.T.);
#2040=ORIENTED_EDGE('',*,*,#3259,.F.);
#2041=ORIENTED_EDGE('',*,*,#3260,.T.);
#2042=ORIENTED_EDGE('',*,*,#3253,.T.);
#2043=ORIENTED_EDGE('',*,*,#2862,.T.);
#2044=ORIENTED_EDGE('',*,*,#3261,.T.);
#2045=ORIENTED_EDGE('',*,*,#3262,.T.);
#2046=ORIENTED_EDGE('',*,*,#3263,.T.);
#2047=ORIENTED_EDGE('',*,*,#3264,.T.);
#2048=ORIENTED_EDGE('',*,*,#3265,.F.);
#2049=ORIENTED_EDGE('',*,*,#3266,.T.);
#2050=ORIENTED_EDGE('',*,*,#3267,.T.);
#2051=ORIENTED_EDGE('',*,*,#2855,.T.);
#2052=ORIENTED_EDGE('',*,*,#3267,.F.);
#2053=ORIENTED_EDGE('',*,*,#3268,.T.);
#2054=ORIENTED_EDGE('',*,*,#3269,.T.);
#2055=ORIENTED_EDGE('',*,*,#2856,.T.);
#2056=ORIENTED_EDGE('',*,*,#3269,.F.);
#2057=ORIENTED_EDGE('',*,*,#3270,.T.);
#2058=ORIENTED_EDGE('',*,*,#3271,.T.);
#2059=ORIENTED_EDGE('',*,*,#2857,.T.);
#2060=ORIENTED_EDGE('',*,*,#3271,.F.);
#2061=ORIENTED_EDGE('',*,*,#3272,.T.);
#2062=ORIENTED_EDGE('',*,*,#3265,.T.);
#2063=ORIENTED_EDGE('',*,*,#2858,.T.);
#2064=ORIENTED_EDGE('',*,*,#3273,.T.);
#2065=ORIENTED_EDGE('',*,*,#3274,.T.);
#2066=ORIENTED_EDGE('',*,*,#3275,.T.);
#2067=ORIENTED_EDGE('',*,*,#3276,.T.);
#2068=ORIENTED_EDGE('',*,*,#3277,.F.);
#2069=ORIENTED_EDGE('',*,*,#3278,.T.);
#2070=ORIENTED_EDGE('',*,*,#3279,.T.);
#2071=ORIENTED_EDGE('',*,*,#2851,.T.);
#2072=ORIENTED_EDGE('',*,*,#3279,.F.);
#2073=ORIENTED_EDGE('',*,*,#3280,.T.);
#2074=ORIENTED_EDGE('',*,*,#3281,.T.);
#2075=ORIENTED_EDGE('',*,*,#2852,.T.);
#2076=ORIENTED_EDGE('',*,*,#3281,.F.);
#2077=ORIENTED_EDGE('',*,*,#3282,.T.);
#2078=ORIENTED_EDGE('',*,*,#3283,.T.);
#2079=ORIENTED_EDGE('',*,*,#2853,.T.);
#2080=ORIENTED_EDGE('',*,*,#3283,.F.);
#2081=ORIENTED_EDGE('',*,*,#3284,.T.);
#2082=ORIENTED_EDGE('',*,*,#3277,.T.);
#2083=ORIENTED_EDGE('',*,*,#2854,.T.);
#2084=ORIENTED_EDGE('',*,*,#3285,.T.);
#2085=ORIENTED_EDGE('',*,*,#3286,.T.);
#2086=ORIENTED_EDGE('',*,*,#3287,.T.);
#2087=ORIENTED_EDGE('',*,*,#3288,.T.);
#2088=ORIENTED_EDGE('',*,*,#3289,.F.);
#2089=ORIENTED_EDGE('',*,*,#3290,.T.);
#2090=ORIENTED_EDGE('',*,*,#3291,.T.);
#2091=ORIENTED_EDGE('',*,*,#2847,.T.);
#2092=ORIENTED_EDGE('',*,*,#3291,.F.);
#2093=ORIENTED_EDGE('',*,*,#3292,.T.);
#2094=ORIENTED_EDGE('',*,*,#3293,.T.);
#2095=ORIENTED_EDGE('',*,*,#2848,.T.);
#2096=ORIENTED_EDGE('',*,*,#3293,.F.);
#2097=ORIENTED_EDGE('',*,*,#3294,.T.);
#2098=ORIENTED_EDGE('',*,*,#3295,.T.);
#2099=ORIENTED_EDGE('',*,*,#2849,.T.);
#2100=ORIENTED_EDGE('',*,*,#3295,.F.);
#2101=ORIENTED_EDGE('',*,*,#3296,.T.);
#2102=ORIENTED_EDGE('',*,*,#3289,.T.);
#2103=ORIENTED_EDGE('',*,*,#2850,.T.);
#2104=ORIENTED_EDGE('',*,*,#3297,.T.);
#2105=ORIENTED_EDGE('',*,*,#3298,.T.);
#2106=ORIENTED_EDGE('',*,*,#3299,.T.);
#2107=ORIENTED_EDGE('',*,*,#3300,.T.);
#2108=ORIENTED_EDGE('',*,*,#3301,.F.);
#2109=ORIENTED_EDGE('',*,*,#3302,.T.);
#2110=ORIENTED_EDGE('',*,*,#3303,.T.);
#2111=ORIENTED_EDGE('',*,*,#2843,.T.);
#2112=ORIENTED_EDGE('',*,*,#3303,.F.);
#2113=ORIENTED_EDGE('',*,*,#3304,.T.);
#2114=ORIENTED_EDGE('',*,*,#3305,.T.);
#2115=ORIENTED_EDGE('',*,*,#2844,.T.);
#2116=ORIENTED_EDGE('',*,*,#3305,.F.);
#2117=ORIENTED_EDGE('',*,*,#3306,.T.);
#2118=ORIENTED_EDGE('',*,*,#3307,.T.);
#2119=ORIENTED_EDGE('',*,*,#2845,.T.);
#2120=ORIENTED_EDGE('',*,*,#3307,.F.);
#2121=ORIENTED_EDGE('',*,*,#3308,.T.);
#2122=ORIENTED_EDGE('',*,*,#3301,.T.);
#2123=ORIENTED_EDGE('',*,*,#2846,.T.);
#2124=ORIENTED_EDGE('',*,*,#3309,.T.);
#2125=ORIENTED_EDGE('',*,*,#3310,.T.);
#2126=ORIENTED_EDGE('',*,*,#3311,.T.);
#2127=ORIENTED_EDGE('',*,*,#3312,.T.);
#2128=ORIENTED_EDGE('',*,*,#3313,.F.);
#2129=ORIENTED_EDGE('',*,*,#3314,.T.);
#2130=ORIENTED_EDGE('',*,*,#3315,.T.);
#2131=ORIENTED_EDGE('',*,*,#2839,.T.);
#2132=ORIENTED_EDGE('',*,*,#3315,.F.);
#2133=ORIENTED_EDGE('',*,*,#3316,.T.);
#2134=ORIENTED_EDGE('',*,*,#3317,.T.);
#2135=ORIENTED_EDGE('',*,*,#2840,.T.);
#2136=ORIENTED_EDGE('',*,*,#3317,.F.);
#2137=ORIENTED_EDGE('',*,*,#3318,.T.);
#2138=ORIENTED_EDGE('',*,*,#3319,.T.);
#2139=ORIENTED_EDGE('',*,*,#2841,.T.);
#2140=ORIENTED_EDGE('',*,*,#3319,.F.);
#2141=ORIENTED_EDGE('',*,*,#3320,.T.);
#2142=ORIENTED_EDGE('',*,*,#3313,.T.);
#2143=ORIENTED_EDGE('',*,*,#2842,.T.);
#2144=ORIENTED_EDGE('',*,*,#3321,.T.);
#2145=ORIENTED_EDGE('',*,*,#3322,.T.);
#2146=ORIENTED_EDGE('',*,*,#3323,.T.);
#2147=ORIENTED_EDGE('',*,*,#3324,.T.);
#2148=ORIENTED_EDGE('',*,*,#3325,.F.);
#2149=ORIENTED_EDGE('',*,*,#3264,.F.);
#2150=ORIENTED_EDGE('',*,*,#3326,.F.);
#2151=ORIENTED_EDGE('',*,*,#3254,.F.);
#2152=ORIENTED_EDGE('',*,*,#3326,.T.);
#2153=ORIENTED_EDGE('',*,*,#3263,.F.);
#2154=ORIENTED_EDGE('',*,*,#3327,.F.);
#2155=ORIENTED_EDGE('',*,*,#3256,.F.);
#2156=ORIENTED_EDGE('',*,*,#3325,.T.);
#2157=ORIENTED_EDGE('',*,*,#3260,.F.);
#2158=ORIENTED_EDGE('',*,*,#3328,.F.);
#2159=ORIENTED_EDGE('',*,*,#3261,.F.);
#2160=ORIENTED_EDGE('',*,*,#3327,.T.);
#2161=ORIENTED_EDGE('',*,*,#3262,.F.);
#2162=ORIENTED_EDGE('',*,*,#3328,.T.);
#2163=ORIENTED_EDGE('',*,*,#3258,.F.);
#2164=ORIENTED_EDGE('',*,*,#3329,.F.);
#2165=ORIENTED_EDGE('',*,*,#3276,.F.);
#2166=ORIENTED_EDGE('',*,*,#3330,.F.);
#2167=ORIENTED_EDGE('',*,*,#3266,.F.);
#2168=ORIENTED_EDGE('',*,*,#3330,.T.);
#2169=ORIENTED_EDGE('',*,*,#3275,.F.);
#2170=ORIENTED_EDGE('',*,*,#3331,.F.);
#2171=ORIENTED_EDGE('',*,*,#3268,.F.);
#2172=ORIENTED_EDGE('',*,*,#3329,.T.);
#2173=ORIENTED_EDGE('',*,*,#3272,.F.);
#2174=ORIENTED_EDGE('',*,*,#3332,.F.);
#2175=ORIENTED_EDGE('',*,*,#3273,.F.);
#2176=ORIENTED_EDGE('',*,*,#3331,.T.);
#2177=ORIENTED_EDGE('',*,*,#3274,.F.);
#2178=ORIENTED_EDGE('',*,*,#3332,.T.);
#2179=ORIENTED_EDGE('',*,*,#3270,.F.);
#2180=ORIENTED_EDGE('',*,*,#3333,.F.);
#2181=ORIENTED_EDGE('',*,*,#3288,.F.);
#2182=ORIENTED_EDGE('',*,*,#3334,.F.);
#2183=ORIENTED_EDGE('',*,*,#3278,.F.);
#2184=ORIENTED_EDGE('',*,*,#3334,.T.);
#2185=ORIENTED_EDGE('',*,*,#3287,.F.);
#2186=ORIENTED_EDGE('',*,*,#3335,.F.);
#2187=ORIENTED_EDGE('',*,*,#3280,.F.);
#2188=ORIENTED_EDGE('',*,*,#3333,.T.);
#2189=ORIENTED_EDGE('',*,*,#3284,.F.);
#2190=ORIENTED_EDGE('',*,*,#3336,.F.);
#2191=ORIENTED_EDGE('',*,*,#3285,.F.);
#2192=ORIENTED_EDGE('',*,*,#3335,.T.);
#2193=ORIENTED_EDGE('',*,*,#3286,.F.);
#2194=ORIENTED_EDGE('',*,*,#3336,.T.);
#2195=ORIENTED_EDGE('',*,*,#3282,.F.);
#2196=ORIENTED_EDGE('',*,*,#3337,.F.);
#2197=ORIENTED_EDGE('',*,*,#3300,.F.);
#2198=ORIENTED_EDGE('',*,*,#3338,.F.);
#2199=ORIENTED_EDGE('',*,*,#3290,.F.);
#2200=ORIENTED_EDGE('',*,*,#3338,.T.);
#2201=ORIENTED_EDGE('',*,*,#3299,.F.);
#2202=ORIENTED_EDGE('',*,*,#3339,.F.);
#2203=ORIENTED_EDGE('',*,*,#3292,.F.);
#2204=ORIENTED_EDGE('',*,*,#3337,.T.);
#2205=ORIENTED_EDGE('',*,*,#3296,.F.);
#2206=ORIENTED_EDGE('',*,*,#3340,.F.);
#2207=ORIENTED_EDGE('',*,*,#3297,.F.);
#2208=ORIENTED_EDGE('',*,*,#3339,.T.);
#2209=ORIENTED_EDGE('',*,*,#3298,.F.);
#2210=ORIENTED_EDGE('',*,*,#3340,.T.);
#2211=ORIENTED_EDGE('',*,*,#3294,.F.);
#2212=ORIENTED_EDGE('',*,*,#3341,.F.);
#2213=ORIENTED_EDGE('',*,*,#3312,.F.);
#2214=ORIENTED_EDGE('',*,*,#3342,.F.);
#2215=ORIENTED_EDGE('',*,*,#3302,.F.);
#2216=ORIENTED_EDGE('',*,*,#3342,.T.);
#2217=ORIENTED_EDGE('',*,*,#3311,.F.);
#2218=ORIENTED_EDGE('',*,*,#3343,.F.);
#2219=ORIENTED_EDGE('',*,*,#3304,.F.);
#2220=ORIENTED_EDGE('',*,*,#3341,.T.);
#2221=ORIENTED_EDGE('',*,*,#3308,.F.);
#2222=ORIENTED_EDGE('',*,*,#3344,.F.);
#2223=ORIENTED_EDGE('',*,*,#3309,.F.);
#2224=ORIENTED_EDGE('',*,*,#3343,.T.);
#2225=ORIENTED_EDGE('',*,*,#3310,.F.);
#2226=ORIENTED_EDGE('',*,*,#3344,.T.);
#2227=ORIENTED_EDGE('',*,*,#3306,.F.);
#2228=ORIENTED_EDGE('',*,*,#3345,.F.);
#2229=ORIENTED_EDGE('',*,*,#3324,.F.);
#2230=ORIENTED_EDGE('',*,*,#3346,.F.);
#2231=ORIENTED_EDGE('',*,*,#3314,.F.);
#2232=ORIENTED_EDGE('',*,*,#3346,.T.);
#2233=ORIENTED_EDGE('',*,*,#3323,.F.);
#2234=ORIENTED_EDGE('',*,*,#3347,.F.);
#2235=ORIENTED_EDGE('',*,*,#3316,.F.);
#2236=ORIENTED_EDGE('',*,*,#3345,.T.);
#2237=ORIENTED_EDGE('',*,*,#3320,.F.);
#2238=ORIENTED_EDGE('',*,*,#3348,.F.);
#2239=ORIENTED_EDGE('',*,*,#3321,.F.);
#2240=ORIENTED_EDGE('',*,*,#3347,.T.);
#2241=ORIENTED_EDGE('',*,*,#3322,.F.);
#2242=ORIENTED_EDGE('',*,*,#3348,.T.);
#2243=ORIENTED_EDGE('',*,*,#3318,.F.);
#2244=ORIENTED_EDGE('',*,*,#3349,.F.);
#2245=ORIENTED_EDGE('',*,*,#3250,.F.);
#2246=ORIENTED_EDGE('',*,*,#3350,.F.);
#2247=ORIENTED_EDGE('',*,*,#3244,.F.);
#2248=ORIENTED_EDGE('',*,*,#3350,.T.);
#2249=ORIENTED_EDGE('',*,*,#3248,.F.);
#2250=ORIENTED_EDGE('',*,*,#3351,.F.);
#2251=ORIENTED_EDGE('',*,*,#3241,.F.);
#2252=ORIENTED_EDGE('',*,*,#3349,.T.);
#2253=ORIENTED_EDGE('',*,*,#3243,.F.);
#2254=ORIENTED_EDGE('',*,*,#3352,.F.);
#2255=ORIENTED_EDGE('',*,*,#3252,.F.);
#2256=ORIENTED_EDGE('',*,*,#3351,.T.);
#2257=ORIENTED_EDGE('',*,*,#3246,.F.);
#2258=ORIENTED_EDGE('',*,*,#3352,.T.);
#2259=ORIENTED_EDGE('',*,*,#3242,.F.);
#2260=ORIENTED_EDGE('',*,*,#3353,.F.);
#2261=ORIENTED_EDGE('',*,*,#3226,.F.);
#2262=ORIENTED_EDGE('',*,*,#3354,.F.);
#2263=ORIENTED_EDGE('',*,*,#3220,.F.);
#2264=ORIENTED_EDGE('',*,*,#3354,.T.);
#2265=ORIENTED_EDGE('',*,*,#3224,.F.);
#2266=ORIENTED_EDGE('',*,*,#3355,.F.);
#2267=ORIENTED_EDGE('',*,*,#3217,.F.);
#2268=ORIENTED_EDGE('',*,*,#3353,.T.);
#2269=ORIENTED_EDGE('',*,*,#3219,.F.);
#2270=ORIENTED_EDGE('',*,*,#3356,.F.);
#2271=ORIENTED_EDGE('',*,*,#3228,.F.);
#2272=ORIENTED_EDGE('',*,*,#3355,.T.);
#2273=ORIENTED_EDGE('',*,*,#3222,.F.);
#2274=ORIENTED_EDGE('',*,*,#3356,.T.);
#2275=ORIENTED_EDGE('',*,*,#3218,.F.);
#2276=ORIENTED_EDGE('',*,*,#3357,.F.);
#2277=ORIENTED_EDGE('',*,*,#3214,.F.);
#2278=ORIENTED_EDGE('',*,*,#3358,.F.);
#2279=ORIENTED_EDGE('',*,*,#3208,.F.);
#2280=ORIENTED_EDGE('',*,*,#3358,.T.);
#2281=ORIENTED_EDGE('',*,*,#3212,.F.);
#2282=ORIENTED_EDGE('',*,*,#3359,.F.);
#2283=ORIENTED_EDGE('',*,*,#3205,.F.);
#2284=ORIENTED_EDGE('',*,*,#3357,.T.);
#2285=ORIENTED_EDGE('',*,*,#3207,.F.);
#2286=ORIENTED_EDGE('',*,*,#3360,.F.);
#2287=ORIENTED_EDGE('',*,*,#3216,.F.);
#2288=ORIENTED_EDGE('',*,*,#3359,.T.);
#2289=ORIENTED_EDGE('',*,*,#3210,.F.);
#2290=ORIENTED_EDGE('',*,*,#3360,.T.);
#2291=ORIENTED_EDGE('',*,*,#3206,.F.);
#2292=ORIENTED_EDGE('',*,*,#3361,.F.);
#2293=ORIENTED_EDGE('',*,*,#3202,.F.);
#2294=ORIENTED_EDGE('',*,*,#3362,.F.);
#2295=ORIENTED_EDGE('',*,*,#3196,.F.);
#2296=ORIENTED_EDGE('',*,*,#3362,.T.);
#2297=ORIENTED_EDGE('',*,*,#3200,.F.);
#2298=ORIENTED_EDGE('',*,*,#3363,.F.);
#2299=ORIENTED_EDGE('',*,*,#3193,.F.);
#2300=ORIENTED_EDGE('',*,*,#3361,.T.);
#2301=ORIENTED_EDGE('',*,*,#3195,.F.);
#2302=ORIENTED_EDGE('',*,*,#3364,.F.);
#2303=ORIENTED_EDGE('',*,*,#3204,.F.);
#2304=ORIENTED_EDGE('',*,*,#3363,.T.);
#2305=ORIENTED_EDGE('',*,*,#3198,.F.);
#2306=ORIENTED_EDGE('',*,*,#3364,.T.);
#2307=ORIENTED_EDGE('',*,*,#3194,.F.);
#2308=ORIENTED_EDGE('',*,*,#3365,.F.);
#2309=ORIENTED_EDGE('',*,*,#3190,.F.);
#2310=ORIENTED_EDGE('',*,*,#3366,.F.);
#2311=ORIENTED_EDGE('',*,*,#3184,.F.);
#2312=ORIENTED_EDGE('',*,*,#3366,.T.);
#2313=ORIENTED_EDGE('',*,*,#3188,.F.);
#2314=ORIENTED_EDGE('',*,*,#3367,.F.);
#2315=ORIENTED_EDGE('',*,*,#3181,.F.);
#2316=ORIENTED_EDGE('',*,*,#3365,.T.);
#2317=ORIENTED_EDGE('',*,*,#3183,.F.);
#2318=ORIENTED_EDGE('',*,*,#3368,.F.);
#2319=ORIENTED_EDGE('',*,*,#3192,.F.);
#2320=ORIENTED_EDGE('',*,*,#3367,.T.);
#2321=ORIENTED_EDGE('',*,*,#3186,.F.);
#2322=ORIENTED_EDGE('',*,*,#3368,.T.);
#2323=ORIENTED_EDGE('',*,*,#3182,.F.);
#2324=ORIENTED_EDGE('',*,*,#3369,.F.);
#2325=ORIENTED_EDGE('',*,*,#3238,.F.);
#2326=ORIENTED_EDGE('',*,*,#3370,.F.);
#2327=ORIENTED_EDGE('',*,*,#3232,.F.);
#2328=ORIENTED_EDGE('',*,*,#3370,.T.);
#2329=ORIENTED_EDGE('',*,*,#3236,.F.);
#2330=ORIENTED_EDGE('',*,*,#3371,.F.);
#2331=ORIENTED_EDGE('',*,*,#3229,.F.);
#2332=ORIENTED_EDGE('',*,*,#3369,.T.);
#2333=ORIENTED_EDGE('',*,*,#3231,.F.);
#2334=ORIENTED_EDGE('',*,*,#3372,.F.);
#2335=ORIENTED_EDGE('',*,*,#3240,.F.);
#2336=ORIENTED_EDGE('',*,*,#3371,.T.);
#2337=ORIENTED_EDGE('',*,*,#3234,.F.);
#2338=ORIENTED_EDGE('',*,*,#3372,.T.);
#2339=ORIENTED_EDGE('',*,*,#3230,.F.);
#2340=VERTEX_POINT('',#6006);
#2341=VERTEX_POINT('',#6007);
#2342=VERTEX_POINT('',#6009);
#2343=VERTEX_POINT('',#6011);
#2344=VERTEX_POINT('',#6013);
#2345=VERTEX_POINT('',#6015);
#2346=VERTEX_POINT('',#6017);
#2347=VERTEX_POINT('',#6019);
#2348=VERTEX_POINT('',#6021);
#2349=VERTEX_POINT('',#6023);
#2350=VERTEX_POINT('',#6025);
#2351=VERTEX_POINT('',#6027);
#2352=VERTEX_POINT('',#6029);
#2353=VERTEX_POINT('',#6031);
#2354=VERTEX_POINT('',#6033);
#2355=VERTEX_POINT('',#6035);
#2356=VERTEX_POINT('',#6037);
#2357=VERTEX_POINT('',#6039);
#2358=VERTEX_POINT('',#6041);
#2359=VERTEX_POINT('',#6043);
#2360=VERTEX_POINT('',#6045);
#2361=VERTEX_POINT('',#6047);
#2362=VERTEX_POINT('',#6049);
#2363=VERTEX_POINT('',#6051);
#2364=VERTEX_POINT('',#6053);
#2365=VERTEX_POINT('',#6055);
#2366=VERTEX_POINT('',#6057);
#2367=VERTEX_POINT('',#6059);
#2368=VERTEX_POINT('',#6061);
#2369=VERTEX_POINT('',#6063);
#2370=VERTEX_POINT('',#6065);
#2371=VERTEX_POINT('',#6067);
#2372=VERTEX_POINT('',#6069);
#2373=VERTEX_POINT('',#6071);
#2374=VERTEX_POINT('',#6073);
#2375=VERTEX_POINT('',#6075);
#2376=VERTEX_POINT('',#6077);
#2377=VERTEX_POINT('',#6079);
#2378=VERTEX_POINT('',#6081);
#2379=VERTEX_POINT('',#6083);
#2380=VERTEX_POINT('',#6085);
#2381=VERTEX_POINT('',#6087);
#2382=VERTEX_POINT('',#6089);
#2383=VERTEX_POINT('',#6091);
#2384=VERTEX_POINT('',#6093);
#2385=VERTEX_POINT('',#6095);
#2386=VERTEX_POINT('',#6097);
#2387=VERTEX_POINT('',#6099);
#2388=VERTEX_POINT('',#6101);
#2389=VERTEX_POINT('',#6103);
#2390=VERTEX_POINT('',#6105);
#2391=VERTEX_POINT('',#6107);
#2392=VERTEX_POINT('',#6109);
#2393=VERTEX_POINT('',#6111);
#2394=VERTEX_POINT('',#6113);
#2395=VERTEX_POINT('',#6115);
#2396=VERTEX_POINT('',#6117);
#2397=VERTEX_POINT('',#6119);
#2398=VERTEX_POINT('',#6121);
#2399=VERTEX_POINT('',#6123);
#2400=VERTEX_POINT('',#6125);
#2401=VERTEX_POINT('',#6127);
#2402=VERTEX_POINT('',#6129);
#2403=VERTEX_POINT('',#6131);
#2404=VERTEX_POINT('',#6133);
#2405=VERTEX_POINT('',#6135);
#2406=VERTEX_POINT('',#6137);
#2407=VERTEX_POINT('',#6139);
#2408=VERTEX_POINT('',#6141);
#2409=VERTEX_POINT('',#6143);
#2410=VERTEX_POINT('',#6145);
#2411=VERTEX_POINT('',#6147);
#2412=VERTEX_POINT('',#6149);
#2413=VERTEX_POINT('',#6151);
#2414=VERTEX_POINT('',#6155);
#2415=VERTEX_POINT('',#6157);
#2416=VERTEX_POINT('',#6161);
#2417=VERTEX_POINT('',#6162);
#2418=VERTEX_POINT('',#6164);
#2419=VERTEX_POINT('',#6166);
#2420=VERTEX_POINT('',#6170);
#2421=VERTEX_POINT('',#6171);
#2422=VERTEX_POINT('',#6173);
#2423=VERTEX_POINT('',#6175);
#2424=VERTEX_POINT('',#6177);
#2425=VERTEX_POINT('',#6179);
#2426=VERTEX_POINT('',#6181);
#2427=VERTEX_POINT('',#6183);
#2428=VERTEX_POINT('',#6187);
#2429=VERTEX_POINT('',#6188);
#2430=VERTEX_POINT('',#6191);
#2431=VERTEX_POINT('',#6193);
#2432=VERTEX_POINT('',#6198);
#2433=VERTEX_POINT('',#6202);
#2434=VERTEX_POINT('',#6203);
#2435=VERTEX_POINT('',#6205);
#2436=VERTEX_POINT('',#6207);
#2437=VERTEX_POINT('',#6210);
#2438=VERTEX_POINT('',#6211);
#2439=VERTEX_POINT('',#6213);
#2440=VERTEX_POINT('',#6215);
#2441=VERTEX_POINT('',#6218);
#2442=VERTEX_POINT('',#6219);
#2443=VERTEX_POINT('',#6221);
#2444=VERTEX_POINT('',#6223);
#2445=VERTEX_POINT('',#6226);
#2446=VERTEX_POINT('',#6227);
#2447=VERTEX_POINT('',#6229);
#2448=VERTEX_POINT('',#6231);
#2449=VERTEX_POINT('',#6234);
#2450=VERTEX_POINT('',#6235);
#2451=VERTEX_POINT('',#6237);
#2452=VERTEX_POINT('',#6239);
#2453=VERTEX_POINT('',#6242);
#2454=VERTEX_POINT('',#6243);
#2455=VERTEX_POINT('',#6245);
#2456=VERTEX_POINT('',#6247);
#2457=VERTEX_POINT('',#6250);
#2458=VERTEX_POINT('',#6251);
#2459=VERTEX_POINT('',#6253);
#2460=VERTEX_POINT('',#6255);
#2461=VERTEX_POINT('',#6258);
#2462=VERTEX_POINT('',#6259);
#2463=VERTEX_POINT('',#6261);
#2464=VERTEX_POINT('',#6263);
#2465=VERTEX_POINT('',#6265);
#2466=VERTEX_POINT('',#6267);
#2467=VERTEX_POINT('',#6269);
#2468=VERTEX_POINT('',#6271);
#2469=VERTEX_POINT('',#6273);
#2470=VERTEX_POINT('',#6275);
#2471=VERTEX_POINT('',#6277);
#2472=VERTEX_POINT('',#6279);
#2473=VERTEX_POINT('',#6281);
#2474=VERTEX_POINT('',#6283);
#2475=VERTEX_POINT('',#6285);
#2476=VERTEX_POINT('',#6287);
#2477=VERTEX_POINT('',#6290);
#2478=VERTEX_POINT('',#6291);
#2479=VERTEX_POINT('',#6293);
#2480=VERTEX_POINT('',#6295);
#2481=VERTEX_POINT('',#6297);
#2482=VERTEX_POINT('',#6299);
#2483=VERTEX_POINT('',#6301);
#2484=VERTEX_POINT('',#6303);
#2485=VERTEX_POINT('',#6305);
#2486=VERTEX_POINT('',#6307);
#2487=VERTEX_POINT('',#6309);
#2488=VERTEX_POINT('',#6311);
#2489=VERTEX_POINT('',#6313);
#2490=VERTEX_POINT('',#6315);
#2491=VERTEX_POINT('',#6317);
#2492=VERTEX_POINT('',#6319);
#2493=VERTEX_POINT('',#6322);
#2494=VERTEX_POINT('',#6328);
#2495=VERTEX_POINT('',#6329);
#2496=VERTEX_POINT('',#6332);
#2497=VERTEX_POINT('',#6334);
#2498=VERTEX_POINT('',#6337);
#2499=VERTEX_POINT('',#6339);
#2500=VERTEX_POINT('',#6342);
#2501=VERTEX_POINT('',#6344);
#2502=VERTEX_POINT('',#6347);
#2503=VERTEX_POINT('',#6349);
#2504=VERTEX_POINT('',#6352);
#2505=VERTEX_POINT('',#6354);
#2506=VERTEX_POINT('',#6357);
#2507=VERTEX_POINT('',#6359);
#2508=VERTEX_POINT('',#6364);
#2509=VERTEX_POINT('',#6366);
#2510=VERTEX_POINT('',#6370);
#2511=VERTEX_POINT('',#6374);
#2512=VERTEX_POINT('',#6378);
#2513=VERTEX_POINT('',#6382);
#2514=VERTEX_POINT('',#6386);
#2515=VERTEX_POINT('',#6390);
#2516=VERTEX_POINT('',#6394);
#2517=VERTEX_POINT('',#6398);
#2518=VERTEX_POINT('',#6402);
#2519=VERTEX_POINT('',#6406);
#2520=VERTEX_POINT('',#6410);
#2521=VERTEX_POINT('',#6414);
#2522=VERTEX_POINT('',#6418);
#2523=VERTEX_POINT('',#6422);
#2524=VERTEX_POINT('',#6429);
#2525=VERTEX_POINT('',#6431);
#2526=VERTEX_POINT('',#6435);
#2527=VERTEX_POINT('',#6439);
#2528=VERTEX_POINT('',#6443);
#2529=VERTEX_POINT('',#6447);
#2530=VERTEX_POINT('',#6451);
#2531=VERTEX_POINT('',#6455);
#2532=VERTEX_POINT('',#6459);
#2533=VERTEX_POINT('',#6463);
#2534=VERTEX_POINT('',#6467);
#2535=VERTEX_POINT('',#6471);
#2536=VERTEX_POINT('',#6475);
#2537=VERTEX_POINT('',#6479);
#2538=VERTEX_POINT('',#6483);
#2539=VERTEX_POINT('',#6487);
#2540=VERTEX_POINT('',#6499);
#2541=VERTEX_POINT('',#6500);
#2542=VERTEX_POINT('',#6505);
#2543=VERTEX_POINT('',#6507);
#2544=VERTEX_POINT('',#6510);
#2545=VERTEX_POINT('',#6512);
#2546=VERTEX_POINT('',#6521);
#2547=VERTEX_POINT('',#6523);
#2548=VERTEX_POINT('',#6527);
#2549=VERTEX_POINT('',#6531);
#2550=VERTEX_POINT('',#6535);
#2551=VERTEX_POINT('',#6538);
#2552=VERTEX_POINT('',#6542);
#2553=VERTEX_POINT('',#6544);
#2554=VERTEX_POINT('',#6553);
#2555=VERTEX_POINT('',#6555);
#2556=VERTEX_POINT('',#6559);
#2557=VERTEX_POINT('',#6563);
#2558=VERTEX_POINT('',#6567);
#2559=VERTEX_POINT('',#6571);
#2560=VERTEX_POINT('',#6575);
#2561=VERTEX_POINT('',#6576);
#2562=VERTEX_POINT('',#6579);
#2563=VERTEX_POINT('',#6586);
#2564=VERTEX_POINT('',#6587);
#2565=VERTEX_POINT('',#6589);
#2566=VERTEX_POINT('',#6591);
#2567=VERTEX_POINT('',#6595);
#2568=VERTEX_POINT('',#6597);
#2569=VERTEX_POINT('',#6601);
#2570=VERTEX_POINT('',#6605);
#2571=VERTEX_POINT('',#6609);
#2572=VERTEX_POINT('',#6613);
#2573=VERTEX_POINT('',#6617);
#2574=VERTEX_POINT('',#6619);
#2575=VERTEX_POINT('',#6622);
#2576=VERTEX_POINT('',#6628);
#2577=VERTEX_POINT('',#6629);
#2578=VERTEX_POINT('',#6631);
#2579=VERTEX_POINT('',#6633);
#2580=VERTEX_POINT('',#6637);
#2581=VERTEX_POINT('',#6639);
#2582=VERTEX_POINT('',#6643);
#2583=VERTEX_POINT('',#6647);
#2584=VERTEX_POINT('',#6651);
#2585=VERTEX_POINT('',#6653);
#2586=VERTEX_POINT('',#6658);
#2587=VERTEX_POINT('',#6659);
#2588=VERTEX_POINT('',#6661);
#2589=VERTEX_POINT('',#6663);
#2590=VERTEX_POINT('',#6667);
#2591=VERTEX_POINT('',#6669);
#2592=VERTEX_POINT('',#6673);
#2593=VERTEX_POINT('',#6677);
#2594=VERTEX_POINT('',#6681);
#2595=VERTEX_POINT('',#6683);
#2596=VERTEX_POINT('',#6688);
#2597=VERTEX_POINT('',#6689);
#2598=VERTEX_POINT('',#6691);
#2599=VERTEX_POINT('',#6693);
#2600=VERTEX_POINT('',#6697);
#2601=VERTEX_POINT('',#6699);
#2602=VERTEX_POINT('',#6703);
#2603=VERTEX_POINT('',#6707);
#2604=VERTEX_POINT('',#6711);
#2605=VERTEX_POINT('',#6713);
#2606=VERTEX_POINT('',#6718);
#2607=VERTEX_POINT('',#6719);
#2608=VERTEX_POINT('',#6721);
#2609=VERTEX_POINT('',#6723);
#2610=VERTEX_POINT('',#6727);
#2611=VERTEX_POINT('',#6729);
#2612=VERTEX_POINT('',#6733);
#2613=VERTEX_POINT('',#6737);
#2614=VERTEX_POINT('',#6741);
#2615=VERTEX_POINT('',#6743);
#2616=VERTEX_POINT('',#6748);
#2617=VERTEX_POINT('',#6749);
#2618=VERTEX_POINT('',#6751);
#2619=VERTEX_POINT('',#6753);
#2620=VERTEX_POINT('',#6757);
#2621=VERTEX_POINT('',#6759);
#2622=VERTEX_POINT('',#6763);
#2623=VERTEX_POINT('',#6767);
#2624=VERTEX_POINT('',#6771);
#2625=VERTEX_POINT('',#6773);
#2626=VERTEX_POINT('',#6778);
#2627=VERTEX_POINT('',#6779);
#2628=VERTEX_POINT('',#6781);
#2629=VERTEX_POINT('',#6783);
#2630=VERTEX_POINT('',#6822);
#2631=VERTEX_POINT('',#6823);
#2632=VERTEX_POINT('',#6825);
#2633=VERTEX_POINT('',#6827);
#2634=VERTEX_POINT('',#6831);
#2635=VERTEX_POINT('',#6833);
#2636=VERTEX_POINT('',#6837);
#2637=VERTEX_POINT('',#6841);
#2638=VERTEX_POINT('',#6847);
#2639=VERTEX_POINT('',#6849);
#2640=VERTEX_POINT('',#6853);
#2641=VERTEX_POINT('',#6857);
#2642=VERTEX_POINT('',#6863);
#2643=VERTEX_POINT('',#6864);
#2644=VERTEX_POINT('',#6866);
#2645=VERTEX_POINT('',#6868);
#2646=VERTEX_POINT('',#6888);
#2647=VERTEX_POINT('',#6889);
#2648=VERTEX_POINT('',#6891);
#2649=VERTEX_POINT('',#6893);
#2650=VERTEX_POINT('',#6897);
#2651=VERTEX_POINT('',#6899);
#2652=VERTEX_POINT('',#6903);
#2653=VERTEX_POINT('',#6907);
#2654=VERTEX_POINT('',#6913);
#2655=VERTEX_POINT('',#6914);
#2656=VERTEX_POINT('',#6916);
#2657=VERTEX_POINT('',#6918);
#2658=VERTEX_POINT('',#6922);
#2659=VERTEX_POINT('',#6924);
#2660=VERTEX_POINT('',#6928);
#2661=VERTEX_POINT('',#6932);
#2662=VERTEX_POINT('',#6938);
#2663=VERTEX_POINT('',#6939);
#2664=VERTEX_POINT('',#6941);
#2665=VERTEX_POINT('',#6943);
#2666=VERTEX_POINT('',#6947);
#2667=VERTEX_POINT('',#6949);
#2668=VERTEX_POINT('',#6953);
#2669=VERTEX_POINT('',#6957);
#2670=VERTEX_POINT('',#6963);
#2671=VERTEX_POINT('',#6964);
#2672=VERTEX_POINT('',#6966);
#2673=VERTEX_POINT('',#6968);
#2674=VERTEX_POINT('',#6972);
#2675=VERTEX_POINT('',#6974);
#2676=VERTEX_POINT('',#6978);
#2677=VERTEX_POINT('',#6982);
#2678=VERTEX_POINT('',#6988);
#2679=VERTEX_POINT('',#6989);
#2680=VERTEX_POINT('',#6991);
#2681=VERTEX_POINT('',#6993);
#2682=VERTEX_POINT('',#6997);
#2683=VERTEX_POINT('',#6999);
#2684=VERTEX_POINT('',#7003);
#2685=VERTEX_POINT('',#7007);
#2686=VERTEX_POINT('',#7013);
#2687=VERTEX_POINT('',#7014);
#2688=VERTEX_POINT('',#7016);
#2689=VERTEX_POINT('',#7018);
#2690=VERTEX_POINT('',#7022);
#2691=VERTEX_POINT('',#7024);
#2692=VERTEX_POINT('',#7028);
#2693=VERTEX_POINT('',#7032);
#2694=VERTEX_POINT('',#7038);
#2695=VERTEX_POINT('',#7040);
#2696=VERTEX_POINT('',#7044);
#2697=VERTEX_POINT('',#7048);
#2698=VERTEX_POINT('',#7054);
#2699=VERTEX_POINT('',#7055);
#2700=VERTEX_POINT('',#7057);
#2701=VERTEX_POINT('',#7059);
#2702=VERTEX_POINT('',#7063);
#2703=VERTEX_POINT('',#7065);
#2704=VERTEX_POINT('',#7069);
#2705=VERTEX_POINT('',#7073);
#2706=VERTEX_POINT('',#7079);
#2707=VERTEX_POINT('',#7080);
#2708=VERTEX_POINT('',#7082);
#2709=VERTEX_POINT('',#7084);
#2710=VERTEX_POINT('',#7088);
#2711=VERTEX_POINT('',#7090);
#2712=VERTEX_POINT('',#7094);
#2713=VERTEX_POINT('',#7098);
#2714=VERTEX_POINT('',#7104);
#2715=VERTEX_POINT('',#7105);
#2716=VERTEX_POINT('',#7107);
#2717=VERTEX_POINT('',#7109);
#2718=VERTEX_POINT('',#7113);
#2719=VERTEX_POINT('',#7115);
#2720=VERTEX_POINT('',#7119);
#2721=VERTEX_POINT('',#7123);
#2722=VERTEX_POINT('',#7129);
#2723=VERTEX_POINT('',#7130);
#2724=VERTEX_POINT('',#7132);
#2725=VERTEX_POINT('',#7134);
#2726=VERTEX_POINT('',#7138);
#2727=VERTEX_POINT('',#7140);
#2728=VERTEX_POINT('',#7144);
#2729=VERTEX_POINT('',#7148);
#2730=VERTEX_POINT('',#7154);
#2731=VERTEX_POINT('',#7155);
#2732=VERTEX_POINT('',#7157);
#2733=VERTEX_POINT('',#7159);
#2734=VERTEX_POINT('',#7163);
#2735=VERTEX_POINT('',#7165);
#2736=VERTEX_POINT('',#7169);
#2737=VERTEX_POINT('',#7173);
#2738=VERTEX_POINT('',#7179);
#2739=VERTEX_POINT('',#7180);
#2740=VERTEX_POINT('',#7182);
#2741=VERTEX_POINT('',#7184);
#2742=EDGE_CURVE('',#2340,#2341,#3373,.T.);
#2743=EDGE_CURVE('',#2342,#2340,#3374,.T.);
#2744=EDGE_CURVE('',#2343,#2342,#3375,.T.);
#2745=EDGE_CURVE('',#2344,#2343,#3376,.T.);
#2746=EDGE_CURVE('',#2345,#2344,#3377,.T.);
#2747=EDGE_CURVE('',#2346,#2345,#3378,.T.);
#2748=EDGE_CURVE('',#2347,#2346,#3379,.T.);
#2749=EDGE_CURVE('',#2347,#2348,#3380,.T.);
#2750=EDGE_CURVE('',#2349,#2348,#3381,.T.);
#2751=EDGE_CURVE('',#2350,#2349,#3382,.T.);
#2752=EDGE_CURVE('',#2351,#2350,#3383,.T.);
#2753=EDGE_CURVE('',#2352,#2351,#3384,.T.);
#2754=EDGE_CURVE('',#2353,#2352,#3385,.T.);
#2755=EDGE_CURVE('',#2354,#2353,#3386,.T.);
#2756=EDGE_CURVE('',#2355,#2354,#3387,.T.);
#2757=EDGE_CURVE('',#2356,#2355,#3388,.T.);
#2758=EDGE_CURVE('',#2357,#2356,#3389,.T.);
#2759=EDGE_CURVE('',#2358,#2357,#3390,.T.);
#2760=EDGE_CURVE('',#2358,#2359,#3391,.T.);
#2761=EDGE_CURVE('',#2359,#2360,#3392,.T.);
#2762=EDGE_CURVE('',#2361,#2360,#3393,.T.);
#2763=EDGE_CURVE('',#2361,#2362,#3394,.T.);
#2764=EDGE_CURVE('',#2363,#2362,#3395,.T.);
#2765=EDGE_CURVE('',#2364,#2363,#3396,.T.);
#2766=EDGE_CURVE('',#2365,#2364,#3397,.T.);
#2767=EDGE_CURVE('',#2366,#2365,#3398,.T.);
#2768=EDGE_CURVE('',#2367,#2366,#3399,.T.);
#2769=EDGE_CURVE('',#2368,#2367,#3400,.T.);
#2770=EDGE_CURVE('',#2369,#2368,#3401,.T.);
#2771=EDGE_CURVE('',#2370,#2369,#3402,.T.);
#2772=EDGE_CURVE('',#2370,#2371,#3403,.T.);
#2773=EDGE_CURVE('',#2372,#2371,#3404,.T.);
#2774=EDGE_CURVE('',#2372,#2373,#3405,.T.);
#2775=EDGE_CURVE('',#2373,#2374,#3406,.T.);
#2776=EDGE_CURVE('',#2374,#2375,#3407,.T.);
#2777=EDGE_CURVE('',#2375,#2376,#3408,.T.);
#2778=EDGE_CURVE('',#2376,#2377,#3409,.T.);
#2779=EDGE_CURVE('',#2377,#2378,#3410,.T.);
#2780=EDGE_CURVE('',#2378,#2379,#3411,.T.);
#2781=EDGE_CURVE('',#2379,#2380,#3412,.T.);
#2782=EDGE_CURVE('',#2381,#2380,#3413,.T.);
#2783=EDGE_CURVE('',#2381,#2382,#3414,.T.);
#2784=EDGE_CURVE('',#2383,#2382,#3415,.T.);
#2785=EDGE_CURVE('',#2384,#2383,#3416,.T.);
#2786=EDGE_CURVE('',#2385,#2384,#3417,.T.);
#2787=EDGE_CURVE('',#2386,#2385,#3418,.T.);
#2788=EDGE_CURVE('',#2387,#2386,#3419,.T.);
#2789=EDGE_CURVE('',#2388,#2387,#3420,.T.);
#2790=EDGE_CURVE('',#2389,#2388,#3421,.T.);
#2791=EDGE_CURVE('',#2389,#2390,#3422,.T.);
#2792=EDGE_CURVE('',#2391,#2390,#3423,.T.);
#2793=EDGE_CURVE('',#2392,#2391,#3424,.T.);
#2794=EDGE_CURVE('',#2393,#2392,#3425,.T.);
#2795=EDGE_CURVE('',#2394,#2393,#3426,.T.);
#2796=EDGE_CURVE('',#2395,#2394,#3427,.T.);
#2797=EDGE_CURVE('',#2396,#2395,#3428,.T.);
#2798=EDGE_CURVE('',#2397,#2396,#3429,.T.);
#2799=EDGE_CURVE('',#2397,#2398,#3430,.T.);
#2800=EDGE_CURVE('',#2399,#2398,#3431,.T.);
#2801=EDGE_CURVE('',#2400,#2399,#3432,.T.);
#2802=EDGE_CURVE('',#2401,#2400,#3433,.T.);
#2803=EDGE_CURVE('',#2402,#2401,#3434,.T.);
#2804=EDGE_CURVE('',#2403,#2402,#3435,.T.);
#2805=EDGE_CURVE('',#2404,#2403,#3436,.T.);
#2806=EDGE_CURVE('',#2405,#2404,#3437,.T.);
#2807=EDGE_CURVE('',#2405,#2406,#3438,.T.);
#2808=EDGE_CURVE('',#2407,#2406,#3439,.T.);
#2809=EDGE_CURVE('',#2408,#2407,#3440,.T.);
#2810=EDGE_CURVE('',#2409,#2408,#3441,.T.);
#2811=EDGE_CURVE('',#2410,#2409,#3442,.T.);
#2812=EDGE_CURVE('',#2411,#2410,#3443,.T.);
#2813=EDGE_CURVE('',#2412,#2411,#3444,.T.);
#2814=EDGE_CURVE('',#2413,#2412,#3445,.T.);
#2815=EDGE_CURVE('',#2413,#2341,#3446,.T.);
#2816=EDGE_CURVE('',#2366,#2414,#3447,.T.);
#2817=EDGE_CURVE('',#2415,#2414,#3448,.T.);
#2818=EDGE_CURVE('',#2367,#2415,#3449,.T.);
#2819=EDGE_CURVE('',#2416,#2417,#3450,.T.);
#2820=EDGE_CURVE('',#2417,#2418,#3451,.T.);
#2821=EDGE_CURVE('',#2418,#2419,#3452,.T.);
#2822=EDGE_CURVE('',#2416,#2419,#3453,.T.);
#2823=EDGE_CURVE('',#2420,#2421,#3454,.T.);
#2824=EDGE_CURVE('',#2422,#2420,#3455,.T.);
#2825=EDGE_CURVE('',#2423,#2422,#3456,.T.);
#2826=EDGE_CURVE('',#2423,#2424,#3457,.T.);
#2827=EDGE_CURVE('',#2424,#2425,#3458,.T.);
#2828=EDGE_CURVE('',#2426,#2425,#3459,.T.);
#2829=EDGE_CURVE('',#2427,#2426,#3460,.T.);
#2830=EDGE_CURVE('',#2421,#2427,#3461,.T.);
#2831=EDGE_CURVE('',#2428,#2429,#3462,.T.);
#2832=EDGE_CURVE('',#2429,#2361,#3463,.T.);
#2833=EDGE_CURVE('',#2360,#2430,#3464,.T.);
#2834=EDGE_CURVE('',#2430,#2431,#3465,.T.);
#2835=EDGE_CURVE('',#2431,#2369,#3466,.T.);
#2836=EDGE_CURVE('',#2428,#2368,#3467,.T.);
#2837=EDGE_CURVE('',#2359,#2432,#3468,.T.);
#2838=EDGE_CURVE('',#2432,#2430,#3469,.T.);
#2839=EDGE_CURVE('',#2433,#2434,#3470,.T.);
#2840=EDGE_CURVE('',#2435,#2433,#3471,.T.);
#2841=EDGE_CURVE('',#2436,#2435,#3472,.T.);
#2842=EDGE_CURVE('',#2434,#2436,#3473,.T.);
#2843=EDGE_CURVE('',#2437,#2438,#3474,.T.);
#2844=EDGE_CURVE('',#2439,#2437,#3475,.T.);
#2845=EDGE_CURVE('',#2440,#2439,#3476,.T.);
#2846=EDGE_CURVE('',#2438,#2440,#3477,.T.);
#2847=EDGE_CURVE('',#2441,#2442,#3478,.T.);
#2848=EDGE_CURVE('',#2443,#2441,#3479,.T.);
#2849=EDGE_CURVE('',#2444,#2443,#3480,.T.);
#2850=EDGE_CURVE('',#2442,#2444,#3481,.T.);
#2851=EDGE_CURVE('',#2445,#2446,#3482,.T.);
#2852=EDGE_CURVE('',#2447,#2445,#3483,.T.);
#2853=EDGE_CURVE('',#2448,#2447,#3484,.T.);
#2854=EDGE_CURVE('',#2446,#2448,#3485,.T.);
#2855=EDGE_CURVE('',#2449,#2450,#3486,.T.);
#2856=EDGE_CURVE('',#2451,#2449,#3487,.T.);
#2857=EDGE_CURVE('',#2452,#2451,#3488,.T.);
#2858=EDGE_CURVE('',#2450,#2452,#3489,.T.);
#2859=EDGE_CURVE('',#2453,#2454,#3490,.T.);
#2860=EDGE_CURVE('',#2455,#2453,#3491,.T.);
#2861=EDGE_CURVE('',#2456,#2455,#3492,.T.);
#2862=EDGE_CURVE('',#2454,#2456,#3493,.T.);
#2863=EDGE_CURVE('',#2457,#2458,#3494,.T.);
#2864=EDGE_CURVE('',#2459,#2457,#3495,.T.);
#2865=EDGE_CURVE('',#2460,#2459,#3496,.T.);
#2866=EDGE_CURVE('',#2458,#2460,#3497,.T.);
#2867=EDGE_CURVE('',#2461,#2462,#50,.T.);
#2868=EDGE_CURVE('',#2462,#2463,#3498,.T.);
#2869=EDGE_CURVE('',#2463,#2464,#51,.T.);
#2870=EDGE_CURVE('',#2464,#2465,#3499,.T.);
#2871=EDGE_CURVE('',#2465,#2466,#52,.T.);
#2872=EDGE_CURVE('',#2466,#2467,#3500,.T.);
#2873=EDGE_CURVE('',#2467,#2468,#53,.T.);
#2874=EDGE_CURVE('',#2468,#2469,#3501,.T.);
#2875=EDGE_CURVE('',#2469,#2470,#54,.T.);
#2876=EDGE_CURVE('',#2470,#2471,#3502,.T.);
#2877=EDGE_CURVE('',#2471,#2472,#55,.T.);
#2878=EDGE_CURVE('',#2472,#2473,#3503,.T.);
#2879=EDGE_CURVE('',#2473,#2474,#56,.T.);
#2880=EDGE_CURVE('',#2474,#2475,#3504,.T.);
#2881=EDGE_CURVE('',#2475,#2476,#57,.T.);
#2882=EDGE_CURVE('',#2476,#2461,#3505,.T.);
#2883=EDGE_CURVE('',#2477,#2478,#58,.T.);
#2884=EDGE_CURVE('',#2479,#2477,#3506,.T.);
#2885=EDGE_CURVE('',#2480,#2479,#59,.T.);
#2886=EDGE_CURVE('',#2481,#2480,#3507,.T.);
#2887=EDGE_CURVE('',#2482,#2481,#60,.T.);
#2888=EDGE_CURVE('',#2483,#2482,#3508,.T.);
#2889=EDGE_CURVE('',#2484,#2483,#61,.T.);
#2890=EDGE_CURVE('',#2485,#2484,#3509,.T.);
#2891=EDGE_CURVE('',#2486,#2485,#62,.T.);
#2892=EDGE_CURVE('',#2487,#2486,#3510,.T.);
#2893=EDGE_CURVE('',#2488,#2487,#63,.T.);
#2894=EDGE_CURVE('',#2489,#2488,#3511,.T.);
#2895=EDGE_CURVE('',#2490,#2489,#64,.T.);
#2896=EDGE_CURVE('',#2491,#2490,#3512,.T.);
#2897=EDGE_CURVE('',#2492,#2491,#65,.T.);
#2898=EDGE_CURVE('',#2478,#2492,#3513,.T.);
#2899=EDGE_CURVE('',#2432,#2493,#3514,.T.);
#2900=EDGE_CURVE('',#2493,#2431,#3515,.T.);
#2901=EDGE_CURVE('',#2493,#2370,#3516,.T.);
#2902=EDGE_CURVE('',#2494,#2495,#3517,.T.);
#2903=EDGE_CURVE('',#2494,#2341,#3518,.T.);
#2904=EDGE_CURVE('',#2496,#2413,#3519,.T.);
#2905=EDGE_CURVE('',#2497,#2496,#3520,.T.);
#2906=EDGE_CURVE('',#2497,#2406,#3521,.T.);
#2907=EDGE_CURVE('',#2498,#2405,#3522,.T.);
#2908=EDGE_CURVE('',#2499,#2498,#3523,.T.);
#2909=EDGE_CURVE('',#2499,#2398,#3524,.T.);
#2910=EDGE_CURVE('',#2500,#2397,#3525,.T.);
#2911=EDGE_CURVE('',#2501,#2500,#3526,.T.);
#2912=EDGE_CURVE('',#2501,#2390,#3527,.T.);
#2913=EDGE_CURVE('',#2502,#2389,#3528,.T.);
#2914=EDGE_CURVE('',#2503,#2502,#3529,.T.);
#2915=EDGE_CURVE('',#2503,#2382,#3530,.T.);
#2916=EDGE_CURVE('',#2504,#2381,#3531,.T.);
#2917=EDGE_CURVE('',#2505,#2504,#3532,.T.);
#2918=EDGE_CURVE('',#2505,#2371,#3533,.T.);
#2919=EDGE_CURVE('',#2506,#2358,#3534,.T.);
#2920=EDGE_CURVE('',#2507,#2506,#3535,.T.);
#2921=EDGE_CURVE('',#2507,#2348,#3536,.T.);
#2922=EDGE_CURVE('',#2495,#2347,#3537,.T.);
#2923=EDGE_CURVE('',#2508,#2478,#3538,.T.);
#2924=EDGE_CURVE('',#2509,#2508,#66,.T.);
#2925=EDGE_CURVE('',#2509,#2477,#3539,.T.);
#2926=EDGE_CURVE('',#2510,#2492,#3540,.T.);
#2927=EDGE_CURVE('',#2508,#2510,#3541,.T.);
#2928=EDGE_CURVE('',#2511,#2491,#3542,.T.);
#2929=EDGE_CURVE('',#2510,#2511,#67,.T.);
#2930=EDGE_CURVE('',#2512,#2490,#3543,.T.);
#2931=EDGE_CURVE('',#2511,#2512,#3544,.T.);
#2932=EDGE_CURVE('',#2513,#2489,#3545,.T.);
#2933=EDGE_CURVE('',#2512,#2513,#68,.T.);
#2934=EDGE_CURVE('',#2514,#2488,#3546,.T.);
#2935=EDGE_CURVE('',#2513,#2514,#3547,.T.);
#2936=EDGE_CURVE('',#2515,#2487,#3548,.T.);
#2937=EDGE_CURVE('',#2514,#2515,#69,.T.);
#2938=EDGE_CURVE('',#2516,#2486,#3549,.T.);
#2939=EDGE_CURVE('',#2515,#2516,#3550,.T.);
#2940=EDGE_CURVE('',#2517,#2485,#3551,.T.);
#2941=EDGE_CURVE('',#2516,#2517,#70,.T.);
#2942=EDGE_CURVE('',#2518,#2484,#3552,.T.);
#2943=EDGE_CURVE('',#2517,#2518,#3553,.T.);
#2944=EDGE_CURVE('',#2519,#2483,#3554,.T.);
#2945=EDGE_CURVE('',#2518,#2519,#71,.T.);
#2946=EDGE_CURVE('',#2520,#2482,#3555,.T.);
#2947=EDGE_CURVE('',#2519,#2520,#3556,.T.);
#2948=EDGE_CURVE('',#2521,#2481,#3557,.T.);
#2949=EDGE_CURVE('',#2520,#2521,#72,.T.);
#2950=EDGE_CURVE('',#2522,#2480,#3558,.T.);
#2951=EDGE_CURVE('',#2521,#2522,#3559,.T.);
#2952=EDGE_CURVE('',#2523,#2479,#3560,.T.);
#2953=EDGE_CURVE('',#2522,#2523,#73,.T.);
#2954=EDGE_CURVE('',#2523,#2509,#3561,.T.);
#2955=EDGE_CURVE('',#2524,#2461,#3562,.T.);
#2956=EDGE_CURVE('',#2524,#2525,#74,.T.);
#2957=EDGE_CURVE('',#2525,#2462,#3563,.T.);
#2958=EDGE_CURVE('',#2525,#2526,#3564,.T.);
#2959=EDGE_CURVE('',#2526,#2463,#3565,.T.);
#2960=EDGE_CURVE('',#2526,#2527,#75,.T.);
#2961=EDGE_CURVE('',#2527,#2464,#3566,.T.);
#2962=EDGE_CURVE('',#2527,#2528,#3567,.T.);
#2963=EDGE_CURVE('',#2528,#2465,#3568,.T.);
#2964=EDGE_CURVE('',#2528,#2529,#76,.T.);
#2965=EDGE_CURVE('',#2529,#2466,#3569,.T.);
#2966=EDGE_CURVE('',#2529,#2530,#3570,.T.);
#2967=EDGE_CURVE('',#2530,#2467,#3571,.T.);
#2968=EDGE_CURVE('',#2530,#2531,#77,.T.);
#2969=EDGE_CURVE('',#2531,#2468,#3572,.T.);
#2970=EDGE_CURVE('',#2531,#2532,#3573,.T.);
#2971=EDGE_CURVE('',#2532,#2469,#3574,.T.);
#2972=EDGE_CURVE('',#2532,#2533,#78,.T.);
#2973=EDGE_CURVE('',#2533,#2470,#3575,.T.);
#2974=EDGE_CURVE('',#2533,#2534,#3576,.T.);
#2975=EDGE_CURVE('',#2534,#2471,#3577,.T.);
#2976=EDGE_CURVE('',#2534,#2535,#79,.T.);
#2977=EDGE_CURVE('',#2535,#2472,#3578,.T.);
#2978=EDGE_CURVE('',#2535,#2536,#3579,.T.);
#2979=EDGE_CURVE('',#2536,#2473,#3580,.T.);
#2980=EDGE_CURVE('',#2536,#2537,#80,.T.);
#2981=EDGE_CURVE('',#2537,#2474,#3581,.T.);
#2982=EDGE_CURVE('',#2537,#2538,#3582,.T.);
#2983=EDGE_CURVE('',#2538,#2475,#3583,.T.);
#2984=EDGE_CURVE('',#2538,#2539,#81,.T.);
#2985=EDGE_CURVE('',#2539,#2476,#3584,.T.);
#2986=EDGE_CURVE('',#2539,#2524,#3585,.T.);
#2987=EDGE_CURVE('',#2419,#2426,#3586,.T.);
#2988=EDGE_CURVE('',#2425,#2429,#3587,.T.);
#2989=EDGE_CURVE('',#2422,#2428,#3588,.T.);
#2990=EDGE_CURVE('',#2416,#2420,#3589,.T.);
#2991=EDGE_CURVE('',#2540,#2541,#3590,.T.);
#2992=EDGE_CURVE('',#2540,#2363,#3591,.T.);
#2993=EDGE_CURVE('',#2362,#2541,#3592,.T.);
#2994=EDGE_CURVE('',#2414,#2542,#3593,.T.);
#2995=EDGE_CURVE('',#2542,#2543,#3594,.T.);
#2996=EDGE_CURVE('',#2543,#2540,#3595,.T.);
#2997=EDGE_CURVE('',#2541,#2544,#3596,.T.);
#2998=EDGE_CURVE('',#2545,#2544,#3597,.T.);
#2999=EDGE_CURVE('',#2415,#2545,#3598,.T.);
#3000=EDGE_CURVE('',#2544,#2424,#3599,.T.);
#3001=EDGE_CURVE('',#2545,#2423,#3600,.T.);
#3002=EDGE_CURVE('',#2421,#2546,#3601,.T.);
#3003=EDGE_CURVE('',#2546,#2547,#3602,.T.);
#3004=EDGE_CURVE('',#2417,#2547,#3603,.T.);
#3005=EDGE_CURVE('',#2427,#2548,#3604,.T.);
#3006=EDGE_CURVE('',#2548,#2546,#3605,.T.);
#3007=EDGE_CURVE('',#2549,#2418,#3606,.T.);
#3008=EDGE_CURVE('',#2549,#2548,#3607,.T.);
#3009=EDGE_CURVE('',#2542,#2550,#3608,.T.);
#3010=EDGE_CURVE('',#2550,#2547,#3609,.T.);
#3011=EDGE_CURVE('',#2549,#2551,#3610,.T.);
#3012=EDGE_CURVE('',#2543,#2551,#3611,.T.);
#3013=EDGE_CURVE('',#2552,#2550,#3612,.T.);
#3014=EDGE_CURVE('',#2553,#2552,#3613,.T.);
#3015=EDGE_CURVE('',#2551,#2553,#3614,.T.);
#3016=EDGE_CURVE('',#2365,#2552,#3615,.T.);
#3017=EDGE_CURVE('',#2364,#2553,#3616,.T.);
#3018=EDGE_CURVE('',#2354,#2554,#3617,.T.);
#3019=EDGE_CURVE('',#2554,#2555,#3618,.T.);
#3020=EDGE_CURVE('',#2355,#2555,#3619,.T.);
#3021=EDGE_CURVE('',#2353,#2556,#3620,.T.);
#3022=EDGE_CURVE('',#2556,#2554,#3621,.T.);
#3023=EDGE_CURVE('',#2352,#2557,#3622,.T.);
#3024=EDGE_CURVE('',#2557,#2556,#3623,.T.);
#3025=EDGE_CURVE('',#2351,#2558,#3624,.T.);
#3026=EDGE_CURVE('',#2558,#2557,#3625,.T.);
#3027=EDGE_CURVE('',#2350,#2559,#3626,.T.);
#3028=EDGE_CURVE('',#2559,#2558,#3627,.T.);
#3029=EDGE_CURVE('',#2560,#2561,#3628,.T.);
#3030=EDGE_CURVE('',#2560,#2357,#3629,.T.);
#3031=EDGE_CURVE('',#2356,#2562,#3630,.T.);
#3032=EDGE_CURVE('',#2562,#2559,#3631,.T.);
#3033=EDGE_CURVE('',#2349,#2561,#3632,.T.);
#3034=EDGE_CURVE('',#2555,#2562,#3633,.T.);
#3035=EDGE_CURVE('',#2563,#2564,#3634,.T.);
#3036=EDGE_CURVE('',#2565,#2563,#3635,.T.);
#3037=EDGE_CURVE('',#2566,#2565,#3636,.T.);
#3038=EDGE_CURVE('',#2564,#2566,#3637,.T.);
#3039=EDGE_CURVE('',#2374,#2567,#3638,.T.);
#3040=EDGE_CURVE('',#2568,#2567,#3639,.T.);
#3041=EDGE_CURVE('',#2375,#2568,#3640,.T.);
#3042=EDGE_CURVE('',#2569,#2568,#3641,.T.);
#3043=EDGE_CURVE('',#2376,#2569,#3642,.T.);
#3044=EDGE_CURVE('',#2570,#2569,#3643,.T.);
#3045=EDGE_CURVE('',#2377,#2570,#3644,.T.);
#3046=EDGE_CURVE('',#2571,#2570,#3645,.T.);
#3047=EDGE_CURVE('',#2378,#2571,#3646,.T.);
#3048=EDGE_CURVE('',#2572,#2571,#3647,.T.);
#3049=EDGE_CURVE('',#2379,#2572,#3648,.T.);
#3050=EDGE_CURVE('',#2380,#2573,#3649,.T.);
#3051=EDGE_CURVE('',#2574,#2572,#3650,.T.);
#3052=EDGE_CURVE('',#2373,#2574,#3651,.T.);
#3053=EDGE_CURVE('',#2575,#2372,#3652,.T.);
#3054=EDGE_CURVE('',#2575,#2573,#3653,.T.);
#3055=EDGE_CURVE('',#2567,#2574,#3654,.T.);
#3056=EDGE_CURVE('',#2576,#2577,#3655,.T.);
#3057=EDGE_CURVE('',#2577,#2578,#3656,.T.);
#3058=EDGE_CURVE('',#2578,#2579,#3657,.T.);
#3059=EDGE_CURVE('',#2579,#2576,#3658,.T.);
#3060=EDGE_CURVE('',#2344,#2580,#3659,.T.);
#3061=EDGE_CURVE('',#2580,#2581,#3660,.T.);
#3062=EDGE_CURVE('',#2345,#2581,#3661,.T.);
#3063=EDGE_CURVE('',#2343,#2582,#3662,.T.);
#3064=EDGE_CURVE('',#2582,#2580,#3663,.T.);
#3065=EDGE_CURVE('',#2342,#2583,#3664,.T.);
#3066=EDGE_CURVE('',#2583,#2582,#3665,.T.);
#3067=EDGE_CURVE('',#2340,#2584,#3666,.T.);
#3068=EDGE_CURVE('',#2585,#2584,#3667,.T.);
#3069=EDGE_CURVE('',#2585,#2346,#3668,.T.);
#3070=EDGE_CURVE('',#2581,#2583,#3669,.T.);
#3071=EDGE_CURVE('',#2586,#2587,#3670,.T.);
#3072=EDGE_CURVE('',#2588,#2586,#3671,.T.);
#3073=EDGE_CURVE('',#2589,#2588,#3672,.T.);
#3074=EDGE_CURVE('',#2587,#2589,#3673,.T.);
#3075=EDGE_CURVE('',#2590,#2386,#3674,.T.);
#3076=EDGE_CURVE('',#2591,#2590,#3675,.T.);
#3077=EDGE_CURVE('',#2591,#2387,#3676,.T.);
#3078=EDGE_CURVE('',#2592,#2385,#3677,.T.);
#3079=EDGE_CURVE('',#2590,#2592,#3678,.T.);
#3080=EDGE_CURVE('',#2593,#2384,#3679,.T.);
#3081=EDGE_CURVE('',#2592,#2593,#3680,.T.);
#3082=EDGE_CURVE('',#2383,#2594,#3681,.T.);
#3083=EDGE_CURVE('',#2595,#2594,#3682,.T.);
#3084=EDGE_CURVE('',#2595,#2388,#3683,.T.);
#3085=EDGE_CURVE('',#2593,#2591,#3684,.T.);
#3086=EDGE_CURVE('',#2596,#2597,#3685,.T.);
#3087=EDGE_CURVE('',#2598,#2596,#3686,.T.);
#3088=EDGE_CURVE('',#2599,#2598,#3687,.T.);
#3089=EDGE_CURVE('',#2597,#2599,#3688,.T.);
#3090=EDGE_CURVE('',#2600,#2394,#3689,.T.);
#3091=EDGE_CURVE('',#2601,#2600,#3690,.T.);
#3092=EDGE_CURVE('',#2601,#2395,#3691,.T.);
#3093=EDGE_CURVE('',#2602,#2393,#3692,.T.);
#3094=EDGE_CURVE('',#2600,#2602,#3693,.T.);
#3095=EDGE_CURVE('',#2603,#2392,#3694,.T.);
#3096=EDGE_CURVE('',#2602,#2603,#3695,.T.);
#3097=EDGE_CURVE('',#2391,#2604,#3696,.T.);
#3098=EDGE_CURVE('',#2605,#2604,#3697,.T.);
#3099=EDGE_CURVE('',#2605,#2396,#3698,.T.);
#3100=EDGE_CURVE('',#2603,#2601,#3699,.T.);
#3101=EDGE_CURVE('',#2606,#2607,#3700,.T.);
#3102=EDGE_CURVE('',#2608,#2606,#3701,.T.);
#3103=EDGE_CURVE('',#2609,#2608,#3702,.T.);
#3104=EDGE_CURVE('',#2607,#2609,#3703,.T.);
#3105=EDGE_CURVE('',#2610,#2402,#3704,.T.);
#3106=EDGE_CURVE('',#2611,#2610,#3705,.T.);
#3107=EDGE_CURVE('',#2611,#2403,#3706,.T.);
#3108=EDGE_CURVE('',#2612,#2401,#3707,.T.);
#3109=EDGE_CURVE('',#2610,#2612,#3708,.T.);
#3110=EDGE_CURVE('',#2613,#2400,#3709,.T.);
#3111=EDGE_CURVE('',#2612,#2613,#3710,.T.);
#3112=EDGE_CURVE('',#2399,#2614,#3711,.T.);
#3113=EDGE_CURVE('',#2615,#2614,#3712,.T.);
#3114=EDGE_CURVE('',#2615,#2404,#3713,.T.);
#3115=EDGE_CURVE('',#2613,#2611,#3714,.T.);
#3116=EDGE_CURVE('',#2616,#2617,#3715,.T.);
#3117=EDGE_CURVE('',#2618,#2616,#3716,.T.);
#3118=EDGE_CURVE('',#2619,#2618,#3717,.T.);
#3119=EDGE_CURVE('',#2617,#2619,#3718,.T.);
#3120=EDGE_CURVE('',#2620,#2410,#3719,.T.);
#3121=EDGE_CURVE('',#2621,#2620,#3720,.T.);
#3122=EDGE_CURVE('',#2621,#2411,#3721,.T.);
#3123=EDGE_CURVE('',#2622,#2409,#3722,.T.);
#3124=EDGE_CURVE('',#2620,#2622,#3723,.T.);
#3125=EDGE_CURVE('',#2623,#2408,#3724,.T.);
#3126=EDGE_CURVE('',#2622,#2623,#3725,.T.);
#3127=EDGE_CURVE('',#2407,#2624,#3726,.T.);
#3128=EDGE_CURVE('',#2625,#2624,#3727,.T.);
#3129=EDGE_CURVE('',#2625,#2412,#3728,.T.);
#3130=EDGE_CURVE('',#2623,#2621,#3729,.T.);
#3131=EDGE_CURVE('',#2626,#2627,#3730,.T.);
#3132=EDGE_CURVE('',#2628,#2626,#3731,.T.);
#3133=EDGE_CURVE('',#2629,#2628,#3732,.T.);
#3134=EDGE_CURVE('',#2627,#2629,#3733,.T.);
#3135=EDGE_CURVE('',#2507,#2561,#3734,.T.);
#3136=EDGE_CURVE('',#2560,#2506,#3735,.T.);
#3137=EDGE_CURVE('',#2624,#2497,#3736,.T.);
#3138=EDGE_CURVE('',#2496,#2625,#3737,.T.);
#3139=EDGE_CURVE('',#2614,#2499,#3738,.T.);
#3140=EDGE_CURVE('',#2498,#2615,#3739,.T.);
#3141=EDGE_CURVE('',#2604,#2501,#3740,.T.);
#3142=EDGE_CURVE('',#2500,#2605,#3741,.T.);
#3143=EDGE_CURVE('',#2594,#2503,#3742,.T.);
#3144=EDGE_CURVE('',#2502,#2595,#3743,.T.);
#3145=EDGE_CURVE('',#2584,#2494,#3744,.T.);
#3146=EDGE_CURVE('',#2495,#2585,#3745,.T.);
#3147=EDGE_CURVE('',#2575,#2505,#3746,.T.);
#3148=EDGE_CURVE('',#2504,#2573,#3747,.T.);
#3149=EDGE_CURVE('',#2630,#2631,#3748,.T.);
#3150=EDGE_CURVE('',#2631,#2632,#3749,.T.);
#3151=EDGE_CURVE('',#2632,#2633,#3750,.T.);
#3152=EDGE_CURVE('',#2633,#2630,#3751,.T.);
#3153=EDGE_CURVE('',#2563,#2634,#3752,.T.);
#3154=EDGE_CURVE('',#2634,#2635,#3753,.T.);
#3155=EDGE_CURVE('',#2565,#2635,#3754,.T.);
#3156=EDGE_CURVE('',#2635,#2636,#3755,.T.);
#3157=EDGE_CURVE('',#2566,#2636,#3756,.T.);
#3158=EDGE_CURVE('',#2636,#2637,#3757,.T.);
#3159=EDGE_CURVE('',#2564,#2637,#3758,.T.);
#3160=EDGE_CURVE('',#2637,#2634,#3759,.T.);
#3161=EDGE_CURVE('',#2638,#2458,#3760,.T.);
#3162=EDGE_CURVE('',#2638,#2639,#3761,.T.);
#3163=EDGE_CURVE('',#2639,#2457,#3762,.T.);
#3164=EDGE_CURVE('',#2639,#2640,#3763,.T.);
#3165=EDGE_CURVE('',#2640,#2459,#3764,.T.);
#3166=EDGE_CURVE('',#2640,#2641,#3765,.T.);
#3167=EDGE_CURVE('',#2641,#2460,#3766,.T.);
#3168=EDGE_CURVE('',#2641,#2638,#3767,.T.);
#3169=EDGE_CURVE('',#2642,#2643,#3768,.T.);
#3170=EDGE_CURVE('',#2643,#2644,#3769,.T.);
#3171=EDGE_CURVE('',#2644,#2645,#3770,.T.);
#3172=EDGE_CURVE('',#2645,#2642,#3771,.T.);
#3173=EDGE_CURVE('',#2642,#2638,#3772,.T.);
#3174=EDGE_CURVE('',#2639,#2645,#3773,.T.);
#3175=EDGE_CURVE('',#2640,#2644,#3774,.T.);
#3176=EDGE_CURVE('',#2643,#2641,#3775,.T.);
#3177=EDGE_CURVE('',#2637,#2633,#3776,.T.);
#3178=EDGE_CURVE('',#2630,#2636,#3777,.T.);
#3179=EDGE_CURVE('',#2631,#2635,#3778,.T.);
#3180=EDGE_CURVE('',#2634,#2632,#3779,.T.);
#3181=EDGE_CURVE('',#2646,#2647,#3780,.T.);
#3182=EDGE_CURVE('',#2647,#2648,#3781,.T.);
#3183=EDGE_CURVE('',#2648,#2649,#3782,.T.);
#3184=EDGE_CURVE('',#2649,#2646,#3783,.T.);
#3185=EDGE_CURVE('',#2626,#2650,#3784,.T.);
#3186=EDGE_CURVE('',#2650,#2651,#3785,.T.);
#3187=EDGE_CURVE('',#2628,#2651,#3786,.T.);
#3188=EDGE_CURVE('',#2651,#2652,#3787,.T.);
#3189=EDGE_CURVE('',#2629,#2652,#3788,.T.);
#3190=EDGE_CURVE('',#2652,#2653,#3789,.T.);
#3191=EDGE_CURVE('',#2627,#2653,#3790,.T.);
#3192=EDGE_CURVE('',#2653,#2650,#3791,.T.);
#3193=EDGE_CURVE('',#2654,#2655,#3792,.T.);
#3194=EDGE_CURVE('',#2655,#2656,#3793,.T.);
#3195=EDGE_CURVE('',#2656,#2657,#3794,.T.);
#3196=EDGE_CURVE('',#2657,#2654,#3795,.T.);
#3197=EDGE_CURVE('',#2616,#2658,#3796,.T.);
#3198=EDGE_CURVE('',#2658,#2659,#3797,.T.);
#3199=EDGE_CURVE('',#2618,#2659,#3798,.T.);
#3200=EDGE_CURVE('',#2659,#2660,#3799,.T.);
#3201=EDGE_CURVE('',#2619,#2660,#3800,.T.);
#3202=EDGE_CURVE('',#2660,#2661,#3801,.T.);
#3203=EDGE_CURVE('',#2617,#2661,#3802,.T.);
#3204=EDGE_CURVE('',#2661,#2658,#3803,.T.);
#3205=EDGE_CURVE('',#2662,#2663,#3804,.T.);
#3206=EDGE_CURVE('',#2663,#2664,#3805,.T.);
#3207=EDGE_CURVE('',#2664,#2665,#3806,.T.);
#3208=EDGE_CURVE('',#2665,#2662,#3807,.T.);
#3209=EDGE_CURVE('',#2606,#2666,#3808,.T.);
#3210=EDGE_CURVE('',#2666,#2667,#3809,.T.);
#3211=EDGE_CURVE('',#2608,#2667,#3810,.T.);
#3212=EDGE_CURVE('',#2667,#2668,#3811,.T.);
#3213=EDGE_CURVE('',#2609,#2668,#3812,.T.);
#3214=EDGE_CURVE('',#2668,#2669,#3813,.T.);
#3215=EDGE_CURVE('',#2607,#2669,#3814,.T.);
#3216=EDGE_CURVE('',#2669,#2666,#3815,.T.);
#3217=EDGE_CURVE('',#2670,#2671,#3816,.T.);
#3218=EDGE_CURVE('',#2671,#2672,#3817,.T.);
#3219=EDGE_CURVE('',#2672,#2673,#3818,.T.);
#3220=EDGE_CURVE('',#2673,#2670,#3819,.T.);
#3221=EDGE_CURVE('',#2596,#2674,#3820,.T.);
#3222=EDGE_CURVE('',#2674,#2675,#3821,.T.);
#3223=EDGE_CURVE('',#2598,#2675,#3822,.T.);
#3224=EDGE_CURVE('',#2675,#2676,#3823,.T.);
#3225=EDGE_CURVE('',#2599,#2676,#3824,.T.);
#3226=EDGE_CURVE('',#2676,#2677,#3825,.T.);
#3227=EDGE_CURVE('',#2597,#2677,#3826,.T.);
#3228=EDGE_CURVE('',#2677,#2674,#3827,.T.);
#3229=EDGE_CURVE('',#2678,#2679,#3828,.T.);
#3230=EDGE_CURVE('',#2679,#2680,#3829,.T.);
#3231=EDGE_CURVE('',#2680,#2681,#3830,.T.);
#3232=EDGE_CURVE('',#2681,#2678,#3831,.T.);
#3233=EDGE_CURVE('',#2586,#2682,#3832,.T.);
#3234=EDGE_CURVE('',#2682,#2683,#3833,.T.);
#3235=EDGE_CURVE('',#2588,#2683,#3834,.T.);
#3236=EDGE_CURVE('',#2683,#2684,#3835,.T.);
#3237=EDGE_CURVE('',#2589,#2684,#3836,.T.);
#3238=EDGE_CURVE('',#2684,#2685,#3837,.T.);
#3239=EDGE_CURVE('',#2587,#2685,#3838,.T.);
#3240=EDGE_CURVE('',#2685,#2682,#3839,.T.);
#3241=EDGE_CURVE('',#2686,#2687,#3840,.T.);
#3242=EDGE_CURVE('',#2687,#2688,#3841,.T.);
#3243=EDGE_CURVE('',#2688,#2689,#3842,.T.);
#3244=EDGE_CURVE('',#2689,#2686,#3843,.T.);
#3245=EDGE_CURVE('',#2578,#2690,#3844,.T.);
#3246=EDGE_CURVE('',#2690,#2691,#3845,.T.);
#3247=EDGE_CURVE('',#2579,#2691,#3846,.T.);
#3248=EDGE_CURVE('',#2691,#2692,#3847,.T.);
#3249=EDGE_CURVE('',#2576,#2692,#3848,.T.);
#3250=EDGE_CURVE('',#2692,#2693,#3849,.T.);
#3251=EDGE_CURVE('',#2577,#2693,#3850,.T.);
#3252=EDGE_CURVE('',#2693,#2690,#3851,.T.);
#3253=EDGE_CURVE('',#2694,#2454,#3852,.T.);
#3254=EDGE_CURVE('',#2694,#2695,#3853,.T.);
#3255=EDGE_CURVE('',#2695,#2453,#3854,.T.);
#3256=EDGE_CURVE('',#2695,#2696,#3855,.T.);
#3257=EDGE_CURVE('',#2696,#2455,#3856,.T.);
#3258=EDGE_CURVE('',#2696,#2697,#3857,.T.);
#3259=EDGE_CURVE('',#2697,#2456,#3858,.T.);
#3260=EDGE_CURVE('',#2697,#2694,#3859,.T.);
#3261=EDGE_CURVE('',#2698,#2699,#3860,.T.);
#3262=EDGE_CURVE('',#2699,#2700,#3861,.T.);
#3263=EDGE_CURVE('',#2700,#2701,#3862,.T.);
#3264=EDGE_CURVE('',#2701,#2698,#3863,.T.);
#3265=EDGE_CURVE('',#2702,#2450,#3864,.T.);
#3266=EDGE_CURVE('',#2702,#2703,#3865,.T.);
#3267=EDGE_CURVE('',#2703,#2449,#3866,.T.);
#3268=EDGE_CURVE('',#2703,#2704,#3867,.T.);
#3269=EDGE_CURVE('',#2704,#2451,#3868,.T.);
#3270=EDGE_CURVE('',#2704,#2705,#3869,.T.);
#3271=EDGE_CURVE('',#2705,#2452,#3870,.T.);
#3272=EDGE_CURVE('',#2705,#2702,#3871,.T.);
#3273=EDGE_CURVE('',#2706,#2707,#3872,.T.);
#3274=EDGE_CURVE('',#2707,#2708,#3873,.T.);
#3275=EDGE_CURVE('',#2708,#2709,#3874,.T.);
#3276=EDGE_CURVE('',#2709,#2706,#3875,.T.);
#3277=EDGE_CURVE('',#2710,#2446,#3876,.T.);
#3278=EDGE_CURVE('',#2710,#2711,#3877,.T.);
#3279=EDGE_CURVE('',#2711,#2445,#3878,.T.);
#3280=EDGE_CURVE('',#2711,#2712,#3879,.T.);
#3281=EDGE_CURVE('',#2712,#2447,#3880,.T.);
#3282=EDGE_CURVE('',#2712,#2713,#3881,.T.);
#3283=EDGE_CURVE('',#2713,#2448,#3882,.T.);
#3284=EDGE_CURVE('',#2713,#2710,#3883,.T.);
#3285=EDGE_CURVE('',#2714,#2715,#3884,.T.);
#3286=EDGE_CURVE('',#2715,#2716,#3885,.T.);
#3287=EDGE_CURVE('',#2716,#2717,#3886,.T.);
#3288=EDGE_CURVE('',#2717,#2714,#3887,.T.);
#3289=EDGE_CURVE('',#2718,#2442,#3888,.T.);
#3290=EDGE_CURVE('',#2718,#2719,#3889,.T.);
#3291=EDGE_CURVE('',#2719,#2441,#3890,.T.);
#3292=EDGE_CURVE('',#2719,#2720,#3891,.T.);
#3293=EDGE_CURVE('',#2720,#2443,#3892,.T.);
#3294=EDGE_CURVE('',#2720,#2721,#3893,.T.);
#3295=EDGE_CURVE('',#2721,#2444,#3894,.T.);
#3296=EDGE_CURVE('',#2721,#2718,#3895,.T.);
#3297=EDGE_CURVE('',#2722,#2723,#3896,.T.);
#3298=EDGE_CURVE('',#2723,#2724,#3897,.T.);
#3299=EDGE_CURVE('',#2724,#2725,#3898,.T.);
#3300=EDGE_CURVE('',#2725,#2722,#3899,.T.);
#3301=EDGE_CURVE('',#2726,#2438,#3900,.T.);
#3302=EDGE_CURVE('',#2726,#2727,#3901,.T.);
#3303=EDGE_CURVE('',#2727,#2437,#3902,.T.);
#3304=EDGE_CURVE('',#2727,#2728,#3903,.T.);
#3305=EDGE_CURVE('',#2728,#2439,#3904,.T.);
#3306=EDGE_CURVE('',#2728,#2729,#3905,.T.);
#3307=EDGE_CURVE('',#2729,#2440,#3906,.T.);
#3308=EDGE_CURVE('',#2729,#2726,#3907,.T.);
#3309=EDGE_CURVE('',#2730,#2731,#3908,.T.);
#3310=EDGE_CURVE('',#2731,#2732,#3909,.T.);
#3311=EDGE_CURVE('',#2732,#2733,#3910,.T.);
#3312=EDGE_CURVE('',#2733,#2730,#3911,.T.);
#3313=EDGE_CURVE('',#2734,#2434,#3912,.T.);
#3314=EDGE_CURVE('',#2734,#2735,#3913,.T.);
#3315=EDGE_CURVE('',#2735,#2433,#3914,.T.);
#3316=EDGE_CURVE('',#2735,#2736,#3915,.T.);
#3317=EDGE_CURVE('',#2736,#2435,#3916,.T.);
#3318=EDGE_CURVE('',#2736,#2737,#3917,.T.);
#3319=EDGE_CURVE('',#2737,#2436,#3918,.T.);
#3320=EDGE_CURVE('',#2737,#2734,#3919,.T.);
#3321=EDGE_CURVE('',#2738,#2739,#3920,.T.);
#3322=EDGE_CURVE('',#2739,#2740,#3921,.T.);
#3323=EDGE_CURVE('',#2740,#2741,#3922,.T.);
#3324=EDGE_CURVE('',#2741,#2738,#3923,.T.);
#3325=EDGE_CURVE('',#2698,#2694,#3924,.T.);
#3326=EDGE_CURVE('',#2695,#2701,#3925,.T.);
#3327=EDGE_CURVE('',#2696,#2700,#3926,.T.);
#3328=EDGE_CURVE('',#2699,#2697,#3927,.T.);
#3329=EDGE_CURVE('',#2706,#2702,#3928,.T.);
#3330=EDGE_CURVE('',#2703,#2709,#3929,.T.);
#3331=EDGE_CURVE('',#2704,#2708,#3930,.T.);
#3332=EDGE_CURVE('',#2707,#2705,#3931,.T.);
#3333=EDGE_CURVE('',#2714,#2710,#3932,.T.);
#3334=EDGE_CURVE('',#2711,#2717,#3933,.T.);
#3335=EDGE_CURVE('',#2712,#2716,#3934,.T.);
#3336=EDGE_CURVE('',#2715,#2713,#3935,.T.);
#3337=EDGE_CURVE('',#2722,#2718,#3936,.T.);
#3338=EDGE_CURVE('',#2719,#2725,#3937,.T.);
#3339=EDGE_CURVE('',#2720,#2724,#3938,.T.);
#3340=EDGE_CURVE('',#2723,#2721,#3939,.T.);
#3341=EDGE_CURVE('',#2730,#2726,#3940,.T.);
#3342=EDGE_CURVE('',#2727,#2733,#3941,.T.);
#3343=EDGE_CURVE('',#2728,#2732,#3942,.T.);
#3344=EDGE_CURVE('',#2731,#2729,#3943,.T.);
#3345=EDGE_CURVE('',#2738,#2734,#3944,.T.);
#3346=EDGE_CURVE('',#2735,#2741,#3945,.T.);
#3347=EDGE_CURVE('',#2736,#2740,#3946,.T.);
#3348=EDGE_CURVE('',#2739,#2737,#3947,.T.);
#3349=EDGE_CURVE('',#2693,#2689,#3948,.T.);
#3350=EDGE_CURVE('',#2686,#2692,#3949,.T.);
#3351=EDGE_CURVE('',#2687,#2691,#3950,.T.);
#3352=EDGE_CURVE('',#2690,#2688,#3951,.T.);
#3353=EDGE_CURVE('',#2677,#2673,#3952,.T.);
#3354=EDGE_CURVE('',#2670,#2676,#3953,.T.);
#3355=EDGE_CURVE('',#2671,#2675,#3954,.T.);
#3356=EDGE_CURVE('',#2674,#2672,#3955,.T.);
#3357=EDGE_CURVE('',#2669,#2665,#3956,.T.);
#3358=EDGE_CURVE('',#2662,#2668,#3957,.T.);
#3359=EDGE_CURVE('',#2663,#2667,#3958,.T.);
#3360=EDGE_CURVE('',#2666,#2664,#3959,.T.);
#3361=EDGE_CURVE('',#2661,#2657,#3960,.T.);
#3362=EDGE_CURVE('',#2654,#2660,#3961,.T.);
#3363=EDGE_CURVE('',#2655,#2659,#3962,.T.);
#3364=EDGE_CURVE('',#2658,#2656,#3963,.T.);
#3365=EDGE_CURVE('',#2653,#2649,#3964,.T.);
#3366=EDGE_CURVE('',#2646,#2652,#3965,.T.);
#3367=EDGE_CURVE('',#2647,#2651,#3966,.T.);
#3368=EDGE_CURVE('',#2650,#2648,#3967,.T.);
#3369=EDGE_CURVE('',#2685,#2681,#3968,.T.);
#3370=EDGE_CURVE('',#2678,#2684,#3969,.T.);
#3371=EDGE_CURVE('',#2679,#2683,#3970,.T.);
#3372=EDGE_CURVE('',#2682,#2680,#3971,.T.);
#3373=LINE('',#6005,#3972);
#3374=LINE('',#6008,#3973);
#3375=LINE('',#6010,#3974);
#3376=LINE('',#6012,#3975);
#3377=LINE('',#6014,#3976);
#3378=LINE('',#6016,#3977);
#3379=LINE('',#6018,#3978);
#3380=LINE('',#6020,#3979);
#3381=LINE('',#6022,#3980);
#3382=LINE('',#6024,#3981);
#3383=LINE('',#6026,#3982);
#3384=LINE('',#6028,#3983);
#3385=LINE('',#6030,#3984);
#3386=LINE('',#6032,#3985);
#3387=LINE('',#6034,#3986);
#3388=LINE('',#6036,#3987);
#3389=LINE('',#6038,#3988);
#3390=LINE('',#6040,#3989);
#3391=LINE('',#6042,#3990);
#3392=LINE('',#6044,#3991);
#3393=LINE('',#6046,#3992);
#3394=LINE('',#6048,#3993);
#3395=LINE('',#6050,#3994);
#3396=LINE('',#6052,#3995);
#3397=LINE('',#6054,#3996);
#3398=LINE('',#6056,#3997);
#3399=LINE('',#6058,#3998);
#3400=LINE('',#6060,#3999);
#3401=LINE('',#6062,#4000);
#3402=LINE('',#6064,#4001);
#3403=LINE('',#6066,#4002);
#3404=LINE('',#6068,#4003);
#3405=LINE('',#6070,#4004);
#3406=LINE('',#6072,#4005);
#3407=LINE('',#6074,#4006);
#3408=LINE('',#6076,#4007);
#3409=LINE('',#6078,#4008);
#3410=LINE('',#6080,#4009);
#3411=LINE('',#6082,#4010);
#3412=LINE('',#6084,#4011);
#3413=LINE('',#6086,#4012);
#3414=LINE('',#6088,#4013);
#3415=LINE('',#6090,#4014);
#3416=LINE('',#6092,#4015);
#3417=LINE('',#6094,#4016);
#3418=LINE('',#6096,#4017);
#3419=LINE('',#6098,#4018);
#3420=LINE('',#6100,#4019);
#3421=LINE('',#6102,#4020);
#3422=LINE('',#6104,#4021);
#3423=LINE('',#6106,#4022);
#3424=LINE('',#6108,#4023);
#3425=LINE('',#6110,#4024);
#3426=LINE('',#6112,#4025);
#3427=LINE('',#6114,#4026);
#3428=LINE('',#6116,#4027);
#3429=LINE('',#6118,#4028);
#3430=LINE('',#6120,#4029);
#3431=LINE('',#6122,#4030);
#3432=LINE('',#6124,#4031);
#3433=LINE('',#6126,#4032);
#3434=LINE('',#6128,#4033);
#3435=LINE('',#6130,#4034);
#3436=LINE('',#6132,#4035);
#3437=LINE('',#6134,#4036);
#3438=LINE('',#6136,#4037);
#3439=LINE('',#6138,#4038);
#3440=LINE('',#6140,#4039);
#3441=LINE('',#6142,#4040);
#3442=LINE('',#6144,#4041);
#3443=LINE('',#6146,#4042);
#3444=LINE('',#6148,#4043);
#3445=LINE('',#6150,#4044);
#3446=LINE('',#6152,#4045);
#3447=LINE('',#6154,#4046);
#3448=LINE('',#6156,#4047);
#3449=LINE('',#6158,#4048);
#3450=LINE('',#6160,#4049);
#3451=LINE('',#6163,#4050);
#3452=LINE('',#6165,#4051);
#3453=LINE('',#6167,#4052);
#3454=LINE('',#6169,#4053);
#3455=LINE('',#6172,#4054);
#3456=LINE('',#6174,#4055);
#3457=LINE('',#6176,#4056);
#3458=LINE('',#6178,#4057);
#3459=LINE('',#6180,#4058);
#3460=LINE('',#6182,#4059);
#3461=LINE('',#6184,#4060);
#3462=LINE('',#6186,#4061);
#3463=LINE('',#6189,#4062);
#3464=LINE('',#6190,#4063);
#3465=LINE('',#6192,#4064);
#3466=LINE('',#6194,#4065);
#3467=LINE('',#6195,#4066);
#3468=LINE('',#6197,#4067);
#3469=LINE('',#6199,#4068);
#3470=LINE('',#6201,#4069);
#3471=LINE('',#6204,#4070);
#3472=LINE('',#6206,#4071);
#3473=LINE('',#6208,#4072);
#3474=LINE('',#6209,#4073);
#3475=LINE('',#6212,#4074);
#3476=LINE('',#6214,#4075);
#3477=LINE('',#6216,#4076);
#3478=LINE('',#6217,#4077);
#3479=LINE('',#6220,#4078);
#3480=LINE('',#6222,#4079);
#3481=LINE('',#6224,#4080);
#3482=LINE('',#6225,#4081);
#3483=LINE('',#6228,#4082);
#3484=LINE('',#6230,#4083);
#3485=LINE('',#6232,#4084);
#3486=LINE('',#6233,#4085);
#3487=LINE('',#6236,#4086);
#3488=LINE('',#6238,#4087);
#3489=LINE('',#6240,#4088);
#3490=LINE('',#6241,#4089);
#3491=LINE('',#6244,#4090);
#3492=LINE('',#6246,#4091);
#3493=LINE('',#6248,#4092);
#3494=LINE('',#6249,#4093);
#3495=LINE('',#6252,#4094);
#3496=LINE('',#6254,#4095);
#3497=LINE('',#6256,#4096);
#3498=LINE('',#6260,#4097);
#3499=LINE('',#6264,#4098);
#3500=LINE('',#6268,#4099);
#3501=LINE('',#6272,#4100);
#3502=LINE('',#6276,#4101);
#3503=LINE('',#6280,#4102);
#3504=LINE('',#6284,#4103);
#3505=LINE('',#6288,#4104);
#3506=LINE('',#6292,#4105);
#3507=LINE('',#6296,#4106);
#3508=LINE('',#6300,#4107);
#3509=LINE('',#6304,#4108);
#3510=LINE('',#6308,#4109);
#3511=LINE('',#6312,#4110);
#3512=LINE('',#6316,#4111);
#3513=LINE('',#6320,#4112);
#3514=LINE('',#6321,#4113);
#3515=LINE('',#6323,#4114);
#3516=LINE('',#6325,#4115);
#3517=LINE('',#6327,#4116);
#3518=LINE('',#6330,#4117);
#3519=LINE('',#6331,#4118);
#3520=LINE('',#6333,#4119);
#3521=LINE('',#6335,#4120);
#3522=LINE('',#6336,#4121);
#3523=LINE('',#6338,#4122);
#3524=LINE('',#6340,#4123);
#3525=LINE('',#6341,#4124);
#3526=LINE('',#6343,#4125);
#3527=LINE('',#6345,#4126);
#3528=LINE('',#6346,#4127);
#3529=LINE('',#6348,#4128);
#3530=LINE('',#6350,#4129);
#3531=LINE('',#6351,#4130);
#3532=LINE('',#6353,#4131);
#3533=LINE('',#6355,#4132);
#3534=LINE('',#6356,#4133);
#3535=LINE('',#6358,#4134);
#3536=LINE('',#6360,#4135);
#3537=LINE('',#6361,#4136);
#3538=LINE('',#6363,#4137);
#3539=LINE('',#6367,#4138);
#3540=LINE('',#6369,#4139);
#3541=LINE('',#6371,#4140);
#3542=LINE('',#6373,#4141);
#3543=LINE('',#6377,#4142);
#3544=LINE('',#6379,#4143);
#3545=LINE('',#6381,#4144);
#3546=LINE('',#6385,#4145);
#3547=LINE('',#6387,#4146);
#3548=LINE('',#6389,#4147);
#3549=LINE('',#6393,#4148);
#3550=LINE('',#6395,#4149);
#3551=LINE('',#6397,#4150);
#3552=LINE('',#6401,#4151);
#3553=LINE('',#6403,#4152);
#3554=LINE('',#6405,#4153);
#3555=LINE('',#6409,#4154);
#3556=LINE('',#6411,#4155);
#3557=LINE('',#6413,#4156);
#3558=LINE('',#6417,#4157);
#3559=LINE('',#6419,#4158);
#3560=LINE('',#6421,#4159);
#3561=LINE('',#6425,#4160);
#3562=LINE('',#6428,#4161);
#3563=LINE('',#6432,#4162);
#3564=LINE('',#6434,#4163);
#3565=LINE('',#6436,#4164);
#3566=LINE('',#6440,#4165);
#3567=LINE('',#6442,#4166);
#3568=LINE('',#6444,#4167);
#3569=LINE('',#6448,#4168);
#3570=LINE('',#6450,#4169);
#3571=LINE('',#6452,#4170);
#3572=LINE('',#6456,#4171);
#3573=LINE('',#6458,#4172);
#3574=LINE('',#6460,#4173);
#3575=LINE('',#6464,#4174);
#3576=LINE('',#6466,#4175);
#3577=LINE('',#6468,#4176);
#3578=LINE('',#6472,#4177);
#3579=LINE('',#6474,#4178);
#3580=LINE('',#6476,#4179);
#3581=LINE('',#6480,#4180);
#3582=LINE('',#6482,#4181);
#3583=LINE('',#6484,#4182);
#3584=LINE('',#6488,#4183);
#3585=LINE('',#6490,#4184);
#3586=LINE('',#6493,#4185);
#3587=LINE('',#6494,#4186);
#3588=LINE('',#6495,#4187);
#3589=LINE('',#6496,#4188);
#3590=LINE('',#6498,#4189);
#3591=LINE('',#6501,#4190);
#3592=LINE('',#6502,#4191);
#3593=LINE('',#6504,#4192);
#3594=LINE('',#6506,#4193);
#3595=LINE('',#6508,#4194);
#3596=LINE('',#6509,#4195);
#3597=LINE('',#6511,#4196);
#3598=LINE('',#6513,#4197);
#3599=LINE('',#6515,#4198);
#3600=LINE('',#6516,#4199);
#3601=LINE('',#6520,#4200);
#3602=LINE('',#6522,#4201);
#3603=LINE('',#6524,#4202);
#3604=LINE('',#6526,#4203);
#3605=LINE('',#6528,#4204);
#3606=LINE('',#6530,#4205);
#3607=LINE('',#6532,#4206);
#3608=LINE('',#6534,#4207);
#3609=LINE('',#6536,#4208);
#3610=LINE('',#6537,#4209);
#3611=LINE('',#6539,#4210);
#3612=LINE('',#6541,#4211);
#3613=LINE('',#6543,#4212);
#3614=LINE('',#6545,#4213);
#3615=LINE('',#6547,#4214);
#3616=LINE('',#6549,#4215);
#3617=LINE('',#6552,#4216);
#3618=LINE('',#6554,#4217);
#3619=LINE('',#6556,#4218);
#3620=LINE('',#6558,#4219);
#3621=LINE('',#6560,#4220);
#3622=LINE('',#6562,#4221);
#3623=LINE('',#6564,#4222);
#3624=LINE('',#6566,#4223);
#3625=LINE('',#6568,#4224);
#3626=LINE('',#6570,#4225);
#3627=LINE('',#6572,#4226);
#3628=LINE('',#6574,#4227);
#3629=LINE('',#6577,#4228);
#3630=LINE('',#6578,#4229);
#3631=LINE('',#6580,#4230);
#3632=LINE('',#6581,#4231);
#3633=LINE('',#6583,#4232);
#3634=LINE('',#6585,#4233);
#3635=LINE('',#6588,#4234);
#3636=LINE('',#6590,#4235);
#3637=LINE('',#6592,#4236);
#3638=LINE('',#6594,#4237);
#3639=LINE('',#6596,#4238);
#3640=LINE('',#6598,#4239);
#3641=LINE('',#6600,#4240);
#3642=LINE('',#6602,#4241);
#3643=LINE('',#6604,#4242);
#3644=LINE('',#6606,#4243);
#3645=LINE('',#6608,#4244);
#3646=LINE('',#6610,#4245);
#3647=LINE('',#6612,#4246);
#3648=LINE('',#6614,#4247);
#3649=LINE('',#6616,#4248);
#3650=LINE('',#6618,#4249);
#3651=LINE('',#6620,#4250);
#3652=LINE('',#6621,#4251);
#3653=LINE('',#6623,#4252);
#3654=LINE('',#6625,#4253);
#3655=LINE('',#6627,#4254);
#3656=LINE('',#6630,#4255);
#3657=LINE('',#6632,#4256);
#3658=LINE('',#6634,#4257);
#3659=LINE('',#6636,#4258);
#3660=LINE('',#6638,#4259);
#3661=LINE('',#6640,#4260);
#3662=LINE('',#6642,#4261);
#3663=LINE('',#6644,#4262);
#3664=LINE('',#6646,#4263);
#3665=LINE('',#6648,#4264);
#3666=LINE('',#6650,#4265);
#3667=LINE('',#6652,#4266);
#3668=LINE('',#6654,#4267);
#3669=LINE('',#6655,#4268);
#3670=LINE('',#6657,#4269);
#3671=LINE('',#6660,#4270);
#3672=LINE('',#6662,#4271);
#3673=LINE('',#6664,#4272);
#3674=LINE('',#6666,#4273);
#3675=LINE('',#6668,#4274);
#3676=LINE('',#6670,#4275);
#3677=LINE('',#6672,#4276);
#3678=LINE('',#6674,#4277);
#3679=LINE('',#6676,#4278);
#3680=LINE('',#6678,#4279);
#3681=LINE('',#6680,#4280);
#3682=LINE('',#6682,#4281);
#3683=LINE('',#6684,#4282);
#3684=LINE('',#6685,#4283);
#3685=LINE('',#6687,#4284);
#3686=LINE('',#6690,#4285);
#3687=LINE('',#6692,#4286);
#3688=LINE('',#6694,#4287);
#3689=LINE('',#6696,#4288);
#3690=LINE('',#6698,#4289);
#3691=LINE('',#6700,#4290);
#3692=LINE('',#6702,#4291);
#3693=LINE('',#6704,#4292);
#3694=LINE('',#6706,#4293);
#3695=LINE('',#6708,#4294);
#3696=LINE('',#6710,#4295);
#3697=LINE('',#6712,#4296);
#3698=LINE('',#6714,#4297);
#3699=LINE('',#6715,#4298);
#3700=LINE('',#6717,#4299);
#3701=LINE('',#6720,#4300);
#3702=LINE('',#6722,#4301);
#3703=LINE('',#6724,#4302);
#3704=LINE('',#6726,#4303);
#3705=LINE('',#6728,#4304);
#3706=LINE('',#6730,#4305);
#3707=LINE('',#6732,#4306);
#3708=LINE('',#6734,#4307);
#3709=LINE('',#6736,#4308);
#3710=LINE('',#6738,#4309);
#3711=LINE('',#6740,#4310);
#3712=LINE('',#6742,#4311);
#3713=LINE('',#6744,#4312);
#3714=LINE('',#6745,#4313);
#3715=LINE('',#6747,#4314);
#3716=LINE('',#6750,#4315);
#3717=LINE('',#6752,#4316);
#3718=LINE('',#6754,#4317);
#3719=LINE('',#6756,#4318);
#3720=LINE('',#6758,#4319);
#3721=LINE('',#6760,#4320);
#3722=LINE('',#6762,#4321);
#3723=LINE('',#6764,#4322);
#3724=LINE('',#6766,#4323);
#3725=LINE('',#6768,#4324);
#3726=LINE('',#6770,#4325);
#3727=LINE('',#6772,#4326);
#3728=LINE('',#6774,#4327);
#3729=LINE('',#6775,#4328);
#3730=LINE('',#6777,#4329);
#3731=LINE('',#6780,#4330);
#3732=LINE('',#6782,#4331);
#3733=LINE('',#6784,#4332);
#3734=LINE('',#6786,#4333);
#3735=LINE('',#6788,#4334);
#3736=LINE('',#6791,#4335);
#3737=LINE('',#6793,#4336);
#3738=LINE('',#6796,#4337);
#3739=LINE('',#6798,#4338);
#3740=LINE('',#6801,#4339);
#3741=LINE('',#6803,#4340);
#3742=LINE('',#6806,#4341);
#3743=LINE('',#6808,#4342);
#3744=LINE('',#6811,#4343);
#3745=LINE('',#6813,#4344);
#3746=LINE('',#6816,#4345);
#3747=LINE('',#6818,#4346);
#3748=LINE('',#6821,#4347);
#3749=LINE('',#6824,#4348);
#3750=LINE('',#6826,#4349);
#3751=LINE('',#6828,#4350);
#3752=LINE('',#6830,#4351);
#3753=LINE('',#6832,#4352);
#3754=LINE('',#6834,#4353);
#3755=LINE('',#6836,#4354);
#3756=LINE('',#6838,#4355);
#3757=LINE('',#6840,#4356);
#3758=LINE('',#6842,#4357);
#3759=LINE('',#6844,#4358);
#3760=LINE('',#6846,#4359);
#3761=LINE('',#6848,#4360);
#3762=LINE('',#6850,#4361);
#3763=LINE('',#6852,#4362);
#3764=LINE('',#6854,#4363);
#3765=LINE('',#6856,#4364);
#3766=LINE('',#6858,#4365);
#3767=LINE('',#6860,#4366);
#3768=LINE('',#6862,#4367);
#3769=LINE('',#6865,#4368);
#3770=LINE('',#6867,#4369);
#3771=LINE('',#6869,#4370);
#3772=LINE('',#6871,#4371);
#3773=LINE('',#6872,#4372);
#3774=LINE('',#6874,#4373);
#3775=LINE('',#6876,#4374);
#3776=LINE('',#6879,#4375);
#3777=LINE('',#6880,#4376);
#3778=LINE('',#6882,#4377);
#3779=LINE('',#6884,#4378);
#3780=LINE('',#6887,#4379);
#3781=LINE('',#6890,#4380);
#3782=LINE('',#6892,#4381);
#3783=LINE('',#6894,#4382);
#3784=LINE('',#6896,#4383);
#3785=LINE('',#6898,#4384);
#3786=LINE('',#6900,#4385);
#3787=LINE('',#6902,#4386);
#3788=LINE('',#6904,#4387);
#3789=LINE('',#6906,#4388);
#3790=LINE('',#6908,#4389);
#3791=LINE('',#6910,#4390);
#3792=LINE('',#6912,#4391);
#3793=LINE('',#6915,#4392);
#3794=LINE('',#6917,#4393);
#3795=LINE('',#6919,#4394);
#3796=LINE('',#6921,#4395);
#3797=LINE('',#6923,#4396);
#3798=LINE('',#6925,#4397);
#3799=LINE('',#6927,#4398);
#3800=LINE('',#6929,#4399);
#3801=LINE('',#6931,#4400);
#3802=LINE('',#6933,#4401);
#3803=LINE('',#6935,#4402);
#3804=LINE('',#6937,#4403);
#3805=LINE('',#6940,#4404);
#3806=LINE('',#6942,#4405);
#3807=LINE('',#6944,#4406);
#3808=LINE('',#6946,#4407);
#3809=LINE('',#6948,#4408);
#3810=LINE('',#6950,#4409);
#3811=LINE('',#6952,#4410);
#3812=LINE('',#6954,#4411);
#3813=LINE('',#6956,#4412);
#3814=LINE('',#6958,#4413);
#3815=LINE('',#6960,#4414);
#3816=LINE('',#6962,#4415);
#3817=LINE('',#6965,#4416);
#3818=LINE('',#6967,#4417);
#3819=LINE('',#6969,#4418);
#3820=LINE('',#6971,#4419);
#3821=LINE('',#6973,#4420);
#3822=LINE('',#6975,#4421);
#3823=LINE('',#6977,#4422);
#3824=LINE('',#6979,#4423);
#3825=LINE('',#6981,#4424);
#3826=LINE('',#6983,#4425);
#3827=LINE('',#6985,#4426);
#3828=LINE('',#6987,#4427);
#3829=LINE('',#6990,#4428);
#3830=LINE('',#6992,#4429);
#3831=LINE('',#6994,#4430);
#3832=LINE('',#6996,#4431);
#3833=LINE('',#6998,#4432);
#3834=LINE('',#7000,#4433);
#3835=LINE('',#7002,#4434);
#3836=LINE('',#7004,#4435);
#3837=LINE('',#7006,#4436);
#3838=LINE('',#7008,#4437);
#3839=LINE('',#7010,#4438);
#3840=LINE('',#7012,#4439);
#3841=LINE('',#7015,#4440);
#3842=LINE('',#7017,#4441);
#3843=LINE('',#7019,#4442);
#3844=LINE('',#7021,#4443);
#3845=LINE('',#7023,#4444);
#3846=LINE('',#7025,#4445);
#3847=LINE('',#7027,#4446);
#3848=LINE('',#7029,#4447);
#3849=LINE('',#7031,#4448);
#3850=LINE('',#7033,#4449);
#3851=LINE('',#7035,#4450);
#3852=LINE('',#7037,#4451);
#3853=LINE('',#7039,#4452);
#3854=LINE('',#7041,#4453);
#3855=LINE('',#7043,#4454);
#3856=LINE('',#7045,#4455);
#3857=LINE('',#7047,#4456);
#3858=LINE('',#7049,#4457);
#3859=LINE('',#7051,#4458);
#3860=LINE('',#7053,#4459);
#3861=LINE('',#7056,#4460);
#3862=LINE('',#7058,#4461);
#3863=LINE('',#7060,#4462);
#3864=LINE('',#7062,#4463);
#3865=LINE('',#7064,#4464);
#3866=LINE('',#7066,#4465);
#3867=LINE('',#7068,#4466);
#3868=LINE('',#7070,#4467);
#3869=LINE('',#7072,#4468);
#3870=LINE('',#7074,#4469);
#3871=LINE('',#7076,#4470);
#3872=LINE('',#7078,#4471);
#3873=LINE('',#7081,#4472);
#3874=LINE('',#7083,#4473);
#3875=LINE('',#7085,#4474);
#3876=LINE('',#7087,#4475);
#3877=LINE('',#7089,#4476);
#3878=LINE('',#7091,#4477);
#3879=LINE('',#7093,#4478);
#3880=LINE('',#7095,#4479);
#3881=LINE('',#7097,#4480);
#3882=LINE('',#7099,#4481);
#3883=LINE('',#7101,#4482);
#3884=LINE('',#7103,#4483);
#3885=LINE('',#7106,#4484);
#3886=LINE('',#7108,#4485);
#3887=LINE('',#7110,#4486);
#3888=LINE('',#7112,#4487);
#3889=LINE('',#7114,#4488);
#3890=LINE('',#7116,#4489);
#3891=LINE('',#7118,#4490);
#3892=LINE('',#7120,#4491);
#3893=LINE('',#7122,#4492);
#3894=LINE('',#7124,#4493);
#3895=LINE('',#7126,#4494);
#3896=LINE('',#7128,#4495);
#3897=LINE('',#7131,#4496);
#3898=LINE('',#7133,#4497);
#3899=LINE('',#7135,#4498);
#3900=LINE('',#7137,#4499);
#3901=LINE('',#7139,#4500);
#3902=LINE('',#7141,#4501);
#3903=LINE('',#7143,#4502);
#3904=LINE('',#7145,#4503);
#3905=LINE('',#7147,#4504);
#3906=LINE('',#7149,#4505);
#3907=LINE('',#7151,#4506);
#3908=LINE('',#7153,#4507);
#3909=LINE('',#7156,#4508);
#3910=LINE('',#7158,#4509);
#3911=LINE('',#7160,#4510);
#3912=LINE('',#7162,#4511);
#3913=LINE('',#7164,#4512);
#3914=LINE('',#7166,#4513);
#3915=LINE('',#7168,#4514);
#3916=LINE('',#7170,#4515);
#3917=LINE('',#7172,#4516);
#3918=LINE('',#7174,#4517);
#3919=LINE('',#7176,#4518);
#3920=LINE('',#7178,#4519);
#3921=LINE('',#7181,#4520);
#3922=LINE('',#7183,#4521);
#3923=LINE('',#7185,#4522);
#3924=LINE('',#7187,#4523);
#3925=LINE('',#7188,#4524);
#3926=LINE('',#7190,#4525);
#3927=LINE('',#7192,#4526);
#3928=LINE('',#7195,#4527);
#3929=LINE('',#7196,#4528);
#3930=LINE('',#7198,#4529);
#3931=LINE('',#7200,#4530);
#3932=LINE('',#7203,#4531);
#3933=LINE('',#7204,#4532);
#3934=LINE('',#7206,#4533);
#3935=LINE('',#7208,#4534);
#3936=LINE('',#7211,#4535);
#3937=LINE('',#7212,#4536);
#3938=LINE('',#7214,#4537);
#3939=LINE('',#7216,#4538);
#3940=LINE('',#7219,#4539);
#3941=LINE('',#7220,#4540);
#3942=LINE('',#7222,#4541);
#3943=LINE('',#7224,#4542);
#3944=LINE('',#7227,#4543);
#3945=LINE('',#7228,#4544);
#3946=LINE('',#7230,#4545);
#3947=LINE('',#7232,#4546);
#3948=LINE('',#7235,#4547);
#3949=LINE('',#7236,#4548);
#3950=LINE('',#7238,#4549);
#3951=LINE('',#7240,#4550);
#3952=LINE('',#7243,#4551);
#3953=LINE('',#7244,#4552);
#3954=LINE('',#7246,#4553);
#3955=LINE('',#7248,#4554);
#3956=LINE('',#7251,#4555);
#3957=LINE('',#7252,#4556);
#3958=LINE('',#7254,#4557);
#3959=LINE('',#7256,#4558);
#3960=LINE('',#7259,#4559);
#3961=LINE('',#7260,#4560);
#3962=LINE('',#7262,#4561);
#3963=LINE('',#7264,#4562);
#3964=LINE('',#7267,#4563);
#3965=LINE('',#7268,#4564);
#3966=LINE('',#7270,#4565);
#3967=LINE('',#7272,#4566);
#3968=LINE('',#7275,#4567);
#3969=LINE('',#7276,#4568);
#3970=LINE('',#7278,#4569);
#3971=LINE('',#7280,#4570);
#3972=VECTOR('',#4851,1.);
#3973=VECTOR('',#4852,1.);
#3974=VECTOR('',#4853,1.);
#3975=VECTOR('',#4854,1.);
#3976=VECTOR('',#4855,1.);
#3977=VECTOR('',#4856,1.);
#3978=VECTOR('',#4857,1.);
#3979=VECTOR('',#4858,1.);
#3980=VECTOR('',#4859,1.);
#3981=VECTOR('',#4860,1.);
#3982=VECTOR('',#4861,1.);
#3983=VECTOR('',#4862,1.);
#3984=VECTOR('',#4863,1.);
#3985=VECTOR('',#4864,1.);
#3986=VECTOR('',#4865,1.);
#3987=VECTOR('',#4866,1.);
#3988=VECTOR('',#4867,1.);
#3989=VECTOR('',#4868,1.);
#3990=VECTOR('',#4869,1.);
#3991=VECTOR('',#4870,1.);
#3992=VECTOR('',#4871,1.);
#3993=VECTOR('',#4872,1.);
#3994=VECTOR('',#4873,1.);
#3995=VECTOR('',#4874,1.);
#3996=VECTOR('',#4875,1.);
#3997=VECTOR('',#4876,1.);
#3998=VECTOR('',#4877,1.);
#3999=VECTOR('',#4878,1.);
#4000=VECTOR('',#4879,1.);
#4001=VECTOR('',#4880,1.);
#4002=VECTOR('',#4881,1.);
#4003=VECTOR('',#4882,1.);
#4004=VECTOR('',#4883,1.);
#4005=VECTOR('',#4884,1.);
#4006=VECTOR('',#4885,1.);
#4007=VECTOR('',#4886,1.);
#4008=VECTOR('',#4887,1.);
#4009=VECTOR('',#4888,1.);
#4010=VECTOR('',#4889,1.);
#4011=VECTOR('',#4890,1.);
#4012=VECTOR('',#4891,1.);
#4013=VECTOR('',#4892,1.);
#4014=VECTOR('',#4893,1.);
#4015=VECTOR('',#4894,1.);
#4016=VECTOR('',#4895,1.);
#4017=VECTOR('',#4896,1.);
#4018=VECTOR('',#4897,1.);
#4019=VECTOR('',#4898,1.);
#4020=VECTOR('',#4899,1.);
#4021=VECTOR('',#4900,1.);
#4022=VECTOR('',#4901,1.);
#4023=VECTOR('',#4902,1.);
#4024=VECTOR('',#4903,1.);
#4025=VECTOR('',#4904,1.);
#4026=VECTOR('',#4905,1.);
#4027=VECTOR('',#4906,1.);
#4028=VECTOR('',#4907,1.);
#4029=VECTOR('',#4908,1.);
#4030=VECTOR('',#4909,1.);
#4031=VECTOR('',#4910,1.);
#4032=VECTOR('',#4911,1.);
#4033=VECTOR('',#4912,1.);
#4034=VECTOR('',#4913,1.);
#4035=VECTOR('',#4914,1.);
#4036=VECTOR('',#4915,1.);
#4037=VECTOR('',#4916,1.);
#4038=VECTOR('',#4917,1.);
#4039=VECTOR('',#4918,1.);
#4040=VECTOR('',#4919,1.);
#4041=VECTOR('',#4920,1.);
#4042=VECTOR('',#4921,1.);
#4043=VECTOR('',#4922,1.);
#4044=VECTOR('',#4923,1.);
#4045=VECTOR('',#4924,1.);
#4046=VECTOR('',#4927,1.);
#4047=VECTOR('',#4928,1.);
#4048=VECTOR('',#4929,1.);
#4049=VECTOR('',#4932,1.);
#4050=VECTOR('',#4933,1.);
#4051=VECTOR('',#4934,1.);
#4052=VECTOR('',#4935,1.);
#4053=VECTOR('',#4938,1.);
#4054=VECTOR('',#4939,1.);
#4055=VECTOR('',#4940,1.);
#4056=VECTOR('',#4941,1.);
#4057=VECTOR('',#4942,1.);
#4058=VECTOR('',#4943,1.);
#4059=VECTOR('',#4944,1.);
#4060=VECTOR('',#4945,1.);
#4061=VECTOR('',#4948,1.);
#4062=VECTOR('',#4949,1.);
#4063=VECTOR('',#4950,1.);
#4064=VECTOR('',#4951,1.);
#4065=VECTOR('',#4952,1.);
#4066=VECTOR('',#4953,1.);
#4067=VECTOR('',#4956,1.);
#4068=VECTOR('',#4957,1.);
#4069=VECTOR('',#4960,1.);
#4070=VECTOR('',#4961,1.);
#4071=VECTOR('',#4962,1.);
#4072=VECTOR('',#4963,1.);
#4073=VECTOR('',#4964,1.);
#4074=VECTOR('',#4965,1.);
#4075=VECTOR('',#4966,1.);
#4076=VECTOR('',#4967,1.);
#4077=VECTOR('',#4968,1.);
#4078=VECTOR('',#4969,1.);
#4079=VECTOR('',#4970,1.);
#4080=VECTOR('',#4971,1.);
#4081=VECTOR('',#4972,1.);
#4082=VECTOR('',#4973,1.);
#4083=VECTOR('',#4974,1.);
#4084=VECTOR('',#4975,1.);
#4085=VECTOR('',#4976,1.);
#4086=VECTOR('',#4977,1.);
#4087=VECTOR('',#4978,1.);
#4088=VECTOR('',#4979,1.);
#4089=VECTOR('',#4980,1.);
#4090=VECTOR('',#4981,1.);
#4091=VECTOR('',#4982,1.);
#4092=VECTOR('',#4983,1.);
#4093=VECTOR('',#4984,1.);
#4094=VECTOR('',#4985,1.);
#4095=VECTOR('',#4986,1.);
#4096=VECTOR('',#4987,1.);
#4097=VECTOR('',#4990,1.);
#4098=VECTOR('',#4993,1.);
#4099=VECTOR('',#4996,1.);
#4100=VECTOR('',#4999,1.);
#4101=VECTOR('',#5002,1.);
#4102=VECTOR('',#5005,1.);
#4103=VECTOR('',#5008,1.);
#4104=VECTOR('',#5011,1.);
#4105=VECTOR('',#5014,1.);
#4106=VECTOR('',#5017,1.);
#4107=VECTOR('',#5020,1.);
#4108=VECTOR('',#5023,1.);
#4109=VECTOR('',#5026,1.);
#4110=VECTOR('',#5029,1.);
#4111=VECTOR('',#5032,1.);
#4112=VECTOR('',#5035,1.);
#4113=VECTOR('',#5036,1.);
#4114=VECTOR('',#5037,1.);
#4115=VECTOR('',#5040,1.);
#4116=VECTOR('',#5043,1.);
#4117=VECTOR('',#5044,1.);
#4118=VECTOR('',#5045,1.);
#4119=VECTOR('',#5046,1.);
#4120=VECTOR('',#5047,1.);
#4121=VECTOR('',#5048,1.);
#4122=VECTOR('',#5049,1.);
#4123=VECTOR('',#5050,1.);
#4124=VECTOR('',#5051,1.);
#4125=VECTOR('',#5052,1.);
#4126=VECTOR('',#5053,1.);
#4127=VECTOR('',#5054,1.);
#4128=VECTOR('',#5055,1.);
#4129=VECTOR('',#5056,1.);
#4130=VECTOR('',#5057,1.);
#4131=VECTOR('',#5058,1.);
#4132=VECTOR('',#5059,1.);
#4133=VECTOR('',#5060,1.);
#4134=VECTOR('',#5061,1.);
#4135=VECTOR('',#5062,1.);
#4136=VECTOR('',#5063,1.);
#4137=VECTOR('',#5066,1.);
#4138=VECTOR('',#5069,1.);
#4139=VECTOR('',#5072,1.);
#4140=VECTOR('',#5073,1.);
#4141=VECTOR('',#5076,1.);
#4142=VECTOR('',#5081,1.);
#4143=VECTOR('',#5082,1.);
#4144=VECTOR('',#5085,1.);
#4145=VECTOR('',#5090,1.);
#4146=VECTOR('',#5091,1.);
#4147=VECTOR('',#5094,1.);
#4148=VECTOR('',#5099,1.);
#4149=VECTOR('',#5100,1.);
#4150=VECTOR('',#5103,1.);
#4151=VECTOR('',#5108,1.);
#4152=VECTOR('',#5109,1.);
#4153=VECTOR('',#5112,1.);
#4154=VECTOR('',#5117,1.);
#4155=VECTOR('',#5118,1.);
#4156=VECTOR('',#5121,1.);
#4157=VECTOR('',#5126,1.);
#4158=VECTOR('',#5127,1.);
#4159=VECTOR('',#5130,1.);
#4160=VECTOR('',#5135,1.);
#4161=VECTOR('',#5140,1.);
#4162=VECTOR('',#5143,1.);
#4163=VECTOR('',#5146,1.);
#4164=VECTOR('',#5147,1.);
#4165=VECTOR('',#5152,1.);
#4166=VECTOR('',#5155,1.);
#4167=VECTOR('',#5156,1.);
#4168=VECTOR('',#5161,1.);
#4169=VECTOR('',#5164,1.);
#4170=VECTOR('',#5165,1.);
#4171=VECTOR('',#5170,1.);
#4172=VECTOR('',#5173,1.);
#4173=VECTOR('',#5174,1.);
#4174=VECTOR('',#5179,1.);
#4175=VECTOR('',#5182,1.);
#4176=VECTOR('',#5183,1.);
#4177=VECTOR('',#5188,1.);
#4178=VECTOR('',#5191,1.);
#4179=VECTOR('',#5192,1.);
#4180=VECTOR('',#5197,1.);
#4181=VECTOR('',#5200,1.);
#4182=VECTOR('',#5201,1.);
#4183=VECTOR('',#5206,1.);
#4184=VECTOR('',#5209,1.);
#4185=VECTOR('',#5214,1.);
#4186=VECTOR('',#5215,1.);
#4187=VECTOR('',#5216,1.);
#4188=VECTOR('',#5217,1.);
#4189=VECTOR('',#5220,1.);
#4190=VECTOR('',#5221,1.);
#4191=VECTOR('',#5222,1.);
#4192=VECTOR('',#5225,1.);
#4193=VECTOR('',#5226,1.);
#4194=VECTOR('',#5227,1.);
#4195=VECTOR('',#5228,1.);
#4196=VECTOR('',#5229,1.);
#4197=VECTOR('',#5230,1.);
#4198=VECTOR('',#5233,1.);
#4199=VECTOR('',#5234,1.);
#4200=VECTOR('',#5241,1.);
#4201=VECTOR('',#5242,1.);
#4202=VECTOR('',#5243,1.);
#4203=VECTOR('',#5246,1.);
#4204=VECTOR('',#5247,1.);
#4205=VECTOR('',#5250,1.);
#4206=VECTOR('',#5251,1.);
#4207=VECTOR('',#5254,1.);
#4208=VECTOR('',#5255,1.);
#4209=VECTOR('',#5256,1.);
#4210=VECTOR('',#5257,1.);
#4211=VECTOR('',#5260,1.);
#4212=VECTOR('',#5261,1.);
#4213=VECTOR('',#5262,1.);
#4214=VECTOR('',#5265,1.);
#4215=VECTOR('',#5268,1.);
#4216=VECTOR('',#5273,1.);
#4217=VECTOR('',#5274,1.);
#4218=VECTOR('',#5275,1.);
#4219=VECTOR('',#5278,1.);
#4220=VECTOR('',#5279,1.);
#4221=VECTOR('',#5282,1.);
#4222=VECTOR('',#5283,1.);
#4223=VECTOR('',#5286,1.);
#4224=VECTOR('',#5287,1.);
#4225=VECTOR('',#5290,1.);
#4226=VECTOR('',#5291,1.);
#4227=VECTOR('',#5294,1.);
#4228=VECTOR('',#5295,1.);
#4229=VECTOR('',#5296,1.);
#4230=VECTOR('',#5297,1.);
#4231=VECTOR('',#5298,1.);
#4232=VECTOR('',#5301,1.);
#4233=VECTOR('',#5304,1.);
#4234=VECTOR('',#5305,1.);
#4235=VECTOR('',#5306,1.);
#4236=VECTOR('',#5307,1.);
#4237=VECTOR('',#5310,1.);
#4238=VECTOR('',#5311,1.);
#4239=VECTOR('',#5312,1.);
#4240=VECTOR('',#5315,1.);
#4241=VECTOR('',#5316,1.);
#4242=VECTOR('',#5319,1.);
#4243=VECTOR('',#5320,1.);
#4244=VECTOR('',#5323,1.);
#4245=VECTOR('',#5324,1.);
#4246=VECTOR('',#5327,1.);
#4247=VECTOR('',#5328,1.);
#4248=VECTOR('',#5331,1.);
#4249=VECTOR('',#5332,1.);
#4250=VECTOR('',#5333,1.);
#4251=VECTOR('',#5334,1.);
#4252=VECTOR('',#5335,1.);
#4253=VECTOR('',#5338,1.);
#4254=VECTOR('',#5341,1.);
#4255=VECTOR('',#5342,1.);
#4256=VECTOR('',#5343,1.);
#4257=VECTOR('',#5344,1.);
#4258=VECTOR('',#5347,1.);
#4259=VECTOR('',#5348,1.);
#4260=VECTOR('',#5349,1.);
#4261=VECTOR('',#5352,1.);
#4262=VECTOR('',#5353,1.);
#4263=VECTOR('',#5356,1.);
#4264=VECTOR('',#5357,1.);
#4265=VECTOR('',#5360,1.);
#4266=VECTOR('',#5361,1.);
#4267=VECTOR('',#5362,1.);
#4268=VECTOR('',#5363,1.);
#4269=VECTOR('',#5366,1.);
#4270=VECTOR('',#5367,1.);
#4271=VECTOR('',#5368,1.);
#4272=VECTOR('',#5369,1.);
#4273=VECTOR('',#5372,1.);
#4274=VECTOR('',#5373,1.);
#4275=VECTOR('',#5374,1.);
#4276=VECTOR('',#5377,1.);
#4277=VECTOR('',#5378,1.);
#4278=VECTOR('',#5381,1.);
#4279=VECTOR('',#5382,1.);
#4280=VECTOR('',#5385,1.);
#4281=VECTOR('',#5386,1.);
#4282=VECTOR('',#5387,1.);
#4283=VECTOR('',#5388,1.);
#4284=VECTOR('',#5391,1.);
#4285=VECTOR('',#5392,1.);
#4286=VECTOR('',#5393,1.);
#4287=VECTOR('',#5394,1.);
#4288=VECTOR('',#5397,1.);
#4289=VECTOR('',#5398,1.);
#4290=VECTOR('',#5399,1.);
#4291=VECTOR('',#5402,1.);
#4292=VECTOR('',#5403,1.);
#4293=VECTOR('',#5406,1.);
#4294=VECTOR('',#5407,1.);
#4295=VECTOR('',#5410,1.);
#4296=VECTOR('',#5411,1.);
#4297=VECTOR('',#5412,1.);
#4298=VECTOR('',#5413,1.);
#4299=VECTOR('',#5416,1.);
#4300=VECTOR('',#5417,1.);
#4301=VECTOR('',#5418,1.);
#4302=VECTOR('',#5419,1.);
#4303=VECTOR('',#5422,1.);
#4304=VECTOR('',#5423,1.);
#4305=VECTOR('',#5424,1.);
#4306=VECTOR('',#5427,1.);
#4307=VECTOR('',#5428,1.);
#4308=VECTOR('',#5431,1.);
#4309=VECTOR('',#5432,1.);
#4310=VECTOR('',#5435,1.);
#4311=VECTOR('',#5436,1.);
#4312=VECTOR('',#5437,1.);
#4313=VECTOR('',#5438,1.);
#4314=VECTOR('',#5441,1.);
#4315=VECTOR('',#5442,1.);
#4316=VECTOR('',#5443,1.);
#4317=VECTOR('',#5444,1.);
#4318=VECTOR('',#5447,1.);
#4319=VECTOR('',#5448,1.);
#4320=VECTOR('',#5449,1.);
#4321=VECTOR('',#5452,1.);
#4322=VECTOR('',#5453,1.);
#4323=VECTOR('',#5456,1.);
#4324=VECTOR('',#5457,1.);
#4325=VECTOR('',#5460,1.);
#4326=VECTOR('',#5461,1.);
#4327=VECTOR('',#5462,1.);
#4328=VECTOR('',#5463,1.);
#4329=VECTOR('',#5466,1.);
#4330=VECTOR('',#5467,1.);
#4331=VECTOR('',#5468,1.);
#4332=VECTOR('',#5469,1.);
#4333=VECTOR('',#5472,1.);
#4334=VECTOR('',#5475,1.);
#4335=VECTOR('',#5480,1.);
#4336=VECTOR('',#5483,1.);
#4337=VECTOR('',#5488,1.);
#4338=VECTOR('',#5491,1.);
#4339=VECTOR('',#5496,1.);
#4340=VECTOR('',#5499,1.);
#4341=VECTOR('',#5504,1.);
#4342=VECTOR('',#5507,1.);
#4343=VECTOR('',#5512,1.);
#4344=VECTOR('',#5515,1.);
#4345=VECTOR('',#5520,1.);
#4346=VECTOR('',#5523,1.);
#4347=VECTOR('',#5528,1.);
#4348=VECTOR('',#5529,1.);
#4349=VECTOR('',#5530,1.);
#4350=VECTOR('',#5531,1.);
#4351=VECTOR('',#5534,1.);
#4352=VECTOR('',#5535,1.);
#4353=VECTOR('',#5536,1.);
#4354=VECTOR('',#5539,1.);
#4355=VECTOR('',#5540,1.);
#4356=VECTOR('',#5543,1.);
#4357=VECTOR('',#5544,1.);
#4358=VECTOR('',#5547,1.);
#4359=VECTOR('',#5550,1.);
#4360=VECTOR('',#5551,1.);
#4361=VECTOR('',#5552,1.);
#4362=VECTOR('',#5555,1.);
#4363=VECTOR('',#5556,1.);
#4364=VECTOR('',#5559,1.);
#4365=VECTOR('',#5560,1.);
#4366=VECTOR('',#5563,1.);
#4367=VECTOR('',#5566,1.);
#4368=VECTOR('',#5567,1.);
#4369=VECTOR('',#5568,1.);
#4370=VECTOR('',#5569,1.);
#4371=VECTOR('',#5572,1.);
#4372=VECTOR('',#5573,1.);
#4373=VECTOR('',#5576,1.);
#4374=VECTOR('',#5579,1.);
#4375=VECTOR('',#5584,1.);
#4376=VECTOR('',#5585,1.);
#4377=VECTOR('',#5588,1.);
#4378=VECTOR('',#5591,1.);
#4379=VECTOR('',#5596,1.);
#4380=VECTOR('',#5597,1.);
#4381=VECTOR('',#5598,1.);
#4382=VECTOR('',#5599,1.);
#4383=VECTOR('',#5602,1.);
#4384=VECTOR('',#5603,1.);
#4385=VECTOR('',#5604,1.);
#4386=VECTOR('',#5607,1.);
#4387=VECTOR('',#5608,1.);
#4388=VECTOR('',#5611,1.);
#4389=VECTOR('',#5612,1.);
#4390=VECTOR('',#5615,1.);
#4391=VECTOR('',#5618,1.);
#4392=VECTOR('',#5619,1.);
#4393=VECTOR('',#5620,1.);
#4394=VECTOR('',#5621,1.);
#4395=VECTOR('',#5624,1.);
#4396=VECTOR('',#5625,1.);
#4397=VECTOR('',#5626,1.);
#4398=VECTOR('',#5629,1.);
#4399=VECTOR('',#5630,1.);
#4400=VECTOR('',#5633,1.);
#4401=VECTOR('',#5634,1.);
#4402=VECTOR('',#5637,1.);
#4403=VECTOR('',#5640,1.);
#4404=VECTOR('',#5641,1.);
#4405=VECTOR('',#5642,1.);
#4406=VECTOR('',#5643,1.);
#4407=VECTOR('',#5646,1.);
#4408=VECTOR('',#5647,1.);
#4409=VECTOR('',#5648,1.);
#4410=VECTOR('',#5651,1.);
#4411=VECTOR('',#5652,1.);
#4412=VECTOR('',#5655,1.);
#4413=VECTOR('',#5656,1.);
#4414=VECTOR('',#5659,1.);
#4415=VECTOR('',#5662,1.);
#4416=VECTOR('',#5663,1.);
#4417=VECTOR('',#5664,1.);
#4418=VECTOR('',#5665,1.);
#4419=VECTOR('',#5668,1.);
#4420=VECTOR('',#5669,1.);
#4421=VECTOR('',#5670,1.);
#4422=VECTOR('',#5673,1.);
#4423=VECTOR('',#5674,1.);
#4424=VECTOR('',#5677,1.);
#4425=VECTOR('',#5678,1.);
#4426=VECTOR('',#5681,1.);
#4427=VECTOR('',#5684,1.);
#4428=VECTOR('',#5685,1.);
#4429=VECTOR('',#5686,1.);
#4430=VECTOR('',#5687,1.);
#4431=VECTOR('',#5690,1.);
#4432=VECTOR('',#5691,1.);
#4433=VECTOR('',#5692,1.);
#4434=VECTOR('',#5695,1.);
#4435=VECTOR('',#5696,1.);
#4436=VECTOR('',#5699,1.);
#4437=VECTOR('',#5700,1.);
#4438=VECTOR('',#5703,1.);
#4439=VECTOR('',#5706,1.);
#4440=VECTOR('',#5707,1.);
#4441=VECTOR('',#5708,1.);
#4442=VECTOR('',#5709,1.);
#4443=VECTOR('',#5712,1.);
#4444=VECTOR('',#5713,1.);
#4445=VECTOR('',#5714,1.);
#4446=VECTOR('',#5717,1.);
#4447=VECTOR('',#5718,1.);
#4448=VECTOR('',#5721,1.);
#4449=VECTOR('',#5722,1.);
#4450=VECTOR('',#5725,1.);
#4451=VECTOR('',#5728,1.);
#4452=VECTOR('',#5729,1.);
#4453=VECTOR('',#5730,1.);
#4454=VECTOR('',#5733,1.);
#4455=VECTOR('',#5734,1.);
#4456=VECTOR('',#5737,1.);
#4457=VECTOR('',#5738,1.);
#4458=VECTOR('',#5741,1.);
#4459=VECTOR('',#5744,1.);
#4460=VECTOR('',#5745,1.);
#4461=VECTOR('',#5746,1.);
#4462=VECTOR('',#5747,1.);
#4463=VECTOR('',#5750,1.);
#4464=VECTOR('',#5751,1.);
#4465=VECTOR('',#5752,1.);
#4466=VECTOR('',#5755,1.);
#4467=VECTOR('',#5756,1.);
#4468=VECTOR('',#5759,1.);
#4469=VECTOR('',#5760,1.);
#4470=VECTOR('',#5763,1.);
#4471=VECTOR('',#5766,1.);
#4472=VECTOR('',#5767,1.);
#4473=VECTOR('',#5768,1.);
#4474=VECTOR('',#5769,1.);
#4475=VECTOR('',#5772,1.);
#4476=VECTOR('',#5773,1.);
#4477=VECTOR('',#5774,1.);
#4478=VECTOR('',#5777,1.);
#4479=VECTOR('',#5778,1.);
#4480=VECTOR('',#5781,1.);
#4481=VECTOR('',#5782,1.);
#4482=VECTOR('',#5785,1.);
#4483=VECTOR('',#5788,1.);
#4484=VECTOR('',#5789,1.);
#4485=VECTOR('',#5790,1.);
#4486=VECTOR('',#5791,1.);
#4487=VECTOR('',#5794,1.);
#4488=VECTOR('',#5795,1.);
#4489=VECTOR('',#5796,1.);
#4490=VECTOR('',#5799,1.);
#4491=VECTOR('',#5800,1.);
#4492=VECTOR('',#5803,1.);
#4493=VECTOR('',#5804,1.);
#4494=VECTOR('',#5807,1.);
#4495=VECTOR('',#5810,1.);
#4496=VECTOR('',#5811,1.);
#4497=VECTOR('',#5812,1.);
#4498=VECTOR('',#5813,1.);
#4499=VECTOR('',#5816,1.);
#4500=VECTOR('',#5817,1.);
#4501=VECTOR('',#5818,1.);
#4502=VECTOR('',#5821,1.);
#4503=VECTOR('',#5822,1.);
#4504=VECTOR('',#5825,1.);
#4505=VECTOR('',#5826,1.);
#4506=VECTOR('',#5829,1.);
#4507=VECTOR('',#5832,1.);
#4508=VECTOR('',#5833,1.);
#4509=VECTOR('',#5834,1.);
#4510=VECTOR('',#5835,1.);
#4511=VECTOR('',#5838,1.);
#4512=VECTOR('',#5839,1.);
#4513=VECTOR('',#5840,1.);
#4514=VECTOR('',#5843,1.);
#4515=VECTOR('',#5844,1.);
#4516=VECTOR('',#5847,1.);
#4517=VECTOR('',#5848,1.);
#4518=VECTOR('',#5851,1.);
#4519=VECTOR('',#5854,1.);
#4520=VECTOR('',#5855,1.);
#4521=VECTOR('',#5856,1.);
#4522=VECTOR('',#5857,1.);
#4523=VECTOR('',#5860,1.);
#4524=VECTOR('',#5861,1.);
#4525=VECTOR('',#5864,1.);
#4526=VECTOR('',#5867,1.);
#4527=VECTOR('',#5872,1.);
#4528=VECTOR('',#5873,1.);
#4529=VECTOR('',#5876,1.);
#4530=VECTOR('',#5879,1.);
#4531=VECTOR('',#5884,1.);
#4532=VECTOR('',#5885,1.);
#4533=VECTOR('',#5888,1.);
#4534=VECTOR('',#5891,1.);
#4535=VECTOR('',#5896,1.);
#4536=VECTOR('',#5897,1.);
#4537=VECTOR('',#5900,1.);
#4538=VECTOR('',#5903,1.);
#4539=VECTOR('',#5908,1.);
#4540=VECTOR('',#5909,1.);
#4541=VECTOR('',#5912,1.);
#4542=VECTOR('',#5915,1.);
#4543=VECTOR('',#5920,1.);
#4544=VECTOR('',#5921,1.);
#4545=VECTOR('',#5924,1.);
#4546=VECTOR('',#5927,1.);
#4547=VECTOR('',#5932,1.);
#4548=VECTOR('',#5933,1.);
#4549=VECTOR('',#5936,1.);
#4550=VECTOR('',#5939,1.);
#4551=VECTOR('',#5944,1.);
#4552=VECTOR('',#5945,1.);
#4553=VECTOR('',#5948,1.);
#4554=VECTOR('',#5951,1.);
#4555=VECTOR('',#5956,1.);
#4556=VECTOR('',#5957,1.);
#4557=VECTOR('',#5960,1.);
#4558=VECTOR('',#5963,1.);
#4559=VECTOR('',#5968,1.);
#4560=VECTOR('',#5969,1.);
#4561=VECTOR('',#5972,1.);
#4562=VECTOR('',#5975,1.);
#4563=VECTOR('',#5980,1.);
#4564=VECTOR('',#5981,1.);
#4565=VECTOR('',#5984,1.);
#4566=VECTOR('',#5987,1.);
#4567=VECTOR('',#5992,1.);
#4568=VECTOR('',#5993,1.);
#4569=VECTOR('',#5996,1.);
#4570=VECTOR('',#5999,1.);
#4571=AXIS2_PLACEMENT_3D('',#6004,#4849,#4850);
#4572=AXIS2_PLACEMENT_3D('',#6153,#4925,#4926);
#4573=AXIS2_PLACEMENT_3D('',#6159,#4930,#4931);
#4574=AXIS2_PLACEMENT_3D('',#6168,#4936,#4937);
#4575=AXIS2_PLACEMENT_3D('',#6185,#4946,#4947);
#4576=AXIS2_PLACEMENT_3D('',#6196,#4954,#4955);
#4577=AXIS2_PLACEMENT_3D('',#6200,#4958,#4959);
#4578=AXIS2_PLACEMENT_3D('',#6257,#4988,#4989);
#4579=AXIS2_PLACEMENT_3D('',#6262,#4991,#4992);
#4580=AXIS2_PLACEMENT_3D('',#6266,#4994,#4995);
#4581=AXIS2_PLACEMENT_3D('',#6270,#4997,#4998);
#4582=AXIS2_PLACEMENT_3D('',#6274,#5000,#5001);
#4583=AXIS2_PLACEMENT_3D('',#6278,#5003,#5004);
#4584=AXIS2_PLACEMENT_3D('',#6282,#5006,#5007);
#4585=AXIS2_PLACEMENT_3D('',#6286,#5009,#5010);
#4586=AXIS2_PLACEMENT_3D('',#6289,#5012,#5013);
#4587=AXIS2_PLACEMENT_3D('',#6294,#5015,#5016);
#4588=AXIS2_PLACEMENT_3D('',#6298,#5018,#5019);
#4589=AXIS2_PLACEMENT_3D('',#6302,#5021,#5022);
#4590=AXIS2_PLACEMENT_3D('',#6306,#5024,#5025);
#4591=AXIS2_PLACEMENT_3D('',#6310,#5027,#5028);
#4592=AXIS2_PLACEMENT_3D('',#6314,#5030,#5031);
#4593=AXIS2_PLACEMENT_3D('',#6318,#5033,#5034);
#4594=AXIS2_PLACEMENT_3D('',#6324,#5038,#5039);
#4595=AXIS2_PLACEMENT_3D('',#6326,#5041,#5042);
#4596=AXIS2_PLACEMENT_3D('',#6362,#5064,#5065);
#4597=AXIS2_PLACEMENT_3D('',#6365,#5067,#5068);
#4598=AXIS2_PLACEMENT_3D('',#6368,#5070,#5071);
#4599=AXIS2_PLACEMENT_3D('',#6372,#5074,#5075);
#4600=AXIS2_PLACEMENT_3D('',#6375,#5077,#5078);
#4601=AXIS2_PLACEMENT_3D('',#6376,#5079,#5080);
#4602=AXIS2_PLACEMENT_3D('',#6380,#5083,#5084);
#4603=AXIS2_PLACEMENT_3D('',#6383,#5086,#5087);
#4604=AXIS2_PLACEMENT_3D('',#6384,#5088,#5089);
#4605=AXIS2_PLACEMENT_3D('',#6388,#5092,#5093);
#4606=AXIS2_PLACEMENT_3D('',#6391,#5095,#5096);
#4607=AXIS2_PLACEMENT_3D('',#6392,#5097,#5098);
#4608=AXIS2_PLACEMENT_3D('',#6396,#5101,#5102);
#4609=AXIS2_PLACEMENT_3D('',#6399,#5104,#5105);
#4610=AXIS2_PLACEMENT_3D('',#6400,#5106,#5107);
#4611=AXIS2_PLACEMENT_3D('',#6404,#5110,#5111);
#4612=AXIS2_PLACEMENT_3D('',#6407,#5113,#5114);
#4613=AXIS2_PLACEMENT_3D('',#6408,#5115,#5116);
#4614=AXIS2_PLACEMENT_3D('',#6412,#5119,#5120);
#4615=AXIS2_PLACEMENT_3D('',#6415,#5122,#5123);
#4616=AXIS2_PLACEMENT_3D('',#6416,#5124,#5125);
#4617=AXIS2_PLACEMENT_3D('',#6420,#5128,#5129);
#4618=AXIS2_PLACEMENT_3D('',#6423,#5131,#5132);
#4619=AXIS2_PLACEMENT_3D('',#6424,#5133,#5134);
#4620=AXIS2_PLACEMENT_3D('',#6426,#5136,#5137);
#4621=AXIS2_PLACEMENT_3D('',#6427,#5138,#5139);
#4622=AXIS2_PLACEMENT_3D('',#6430,#5141,#5142);
#4623=AXIS2_PLACEMENT_3D('',#6433,#5144,#5145);
#4624=AXIS2_PLACEMENT_3D('',#6437,#5148,#5149);
#4625=AXIS2_PLACEMENT_3D('',#6438,#5150,#5151);
#4626=AXIS2_PLACEMENT_3D('',#6441,#5153,#5154);
#4627=AXIS2_PLACEMENT_3D('',#6445,#5157,#5158);
#4628=AXIS2_PLACEMENT_3D('',#6446,#5159,#5160);
#4629=AXIS2_PLACEMENT_3D('',#6449,#5162,#5163);
#4630=AXIS2_PLACEMENT_3D('',#6453,#5166,#5167);
#4631=AXIS2_PLACEMENT_3D('',#6454,#5168,#5169);
#4632=AXIS2_PLACEMENT_3D('',#6457,#5171,#5172);
#4633=AXIS2_PLACEMENT_3D('',#6461,#5175,#5176);
#4634=AXIS2_PLACEMENT_3D('',#6462,#5177,#5178);
#4635=AXIS2_PLACEMENT_3D('',#6465,#5180,#5181);
#4636=AXIS2_PLACEMENT_3D('',#6469,#5184,#5185);
#4637=AXIS2_PLACEMENT_3D('',#6470,#5186,#5187);
#4638=AXIS2_PLACEMENT_3D('',#6473,#5189,#5190);
#4639=AXIS2_PLACEMENT_3D('',#6477,#5193,#5194);
#4640=AXIS2_PLACEMENT_3D('',#6478,#5195,#5196);
#4641=AXIS2_PLACEMENT_3D('',#6481,#5198,#5199);
#4642=AXIS2_PLACEMENT_3D('',#6485,#5202,#5203);
#4643=AXIS2_PLACEMENT_3D('',#6486,#5204,#5205);
#4644=AXIS2_PLACEMENT_3D('',#6489,#5207,#5208);
#4645=AXIS2_PLACEMENT_3D('',#6491,#5210,#5211);
#4646=AXIS2_PLACEMENT_3D('',#6492,#5212,#5213);
#4647=AXIS2_PLACEMENT_3D('',#6497,#5218,#5219);
#4648=AXIS2_PLACEMENT_3D('',#6503,#5223,#5224);
#4649=AXIS2_PLACEMENT_3D('',#6514,#5231,#5232);
#4650=AXIS2_PLACEMENT_3D('',#6517,#5235,#5236);
#4651=AXIS2_PLACEMENT_3D('',#6518,#5237,#5238);
#4652=AXIS2_PLACEMENT_3D('',#6519,#5239,#5240);
#4653=AXIS2_PLACEMENT_3D('',#6525,#5244,#5245);
#4654=AXIS2_PLACEMENT_3D('',#6529,#5248,#5249);
#4655=AXIS2_PLACEMENT_3D('',#6533,#5252,#5253);
#4656=AXIS2_PLACEMENT_3D('',#6540,#5258,#5259);
#4657=AXIS2_PLACEMENT_3D('',#6546,#5263,#5264);
#4658=AXIS2_PLACEMENT_3D('',#6548,#5266,#5267);
#4659=AXIS2_PLACEMENT_3D('',#6550,#5269,#5270);
#4660=AXIS2_PLACEMENT_3D('',#6551,#5271,#5272);
#4661=AXIS2_PLACEMENT_3D('',#6557,#5276,#5277);
#4662=AXIS2_PLACEMENT_3D('',#6561,#5280,#5281);
#4663=AXIS2_PLACEMENT_3D('',#6565,#5284,#5285);
#4664=AXIS2_PLACEMENT_3D('',#6569,#5288,#5289);
#4665=AXIS2_PLACEMENT_3D('',#6573,#5292,#5293);
#4666=AXIS2_PLACEMENT_3D('',#6582,#5299,#5300);
#4667=AXIS2_PLACEMENT_3D('',#6584,#5302,#5303);
#4668=AXIS2_PLACEMENT_3D('',#6593,#5308,#5309);
#4669=AXIS2_PLACEMENT_3D('',#6599,#5313,#5314);
#4670=AXIS2_PLACEMENT_3D('',#6603,#5317,#5318);
#4671=AXIS2_PLACEMENT_3D('',#6607,#5321,#5322);
#4672=AXIS2_PLACEMENT_3D('',#6611,#5325,#5326);
#4673=AXIS2_PLACEMENT_3D('',#6615,#5329,#5330);
#4674=AXIS2_PLACEMENT_3D('',#6624,#5336,#5337);
#4675=AXIS2_PLACEMENT_3D('',#6626,#5339,#5340);
#4676=AXIS2_PLACEMENT_3D('',#6635,#5345,#5346);
#4677=AXIS2_PLACEMENT_3D('',#6641,#5350,#5351);
#4678=AXIS2_PLACEMENT_3D('',#6645,#5354,#5355);
#4679=AXIS2_PLACEMENT_3D('',#6649,#5358,#5359);
#4680=AXIS2_PLACEMENT_3D('',#6656,#5364,#5365);
#4681=AXIS2_PLACEMENT_3D('',#6665,#5370,#5371);
#4682=AXIS2_PLACEMENT_3D('',#6671,#5375,#5376);
#4683=AXIS2_PLACEMENT_3D('',#6675,#5379,#5380);
#4684=AXIS2_PLACEMENT_3D('',#6679,#5383,#5384);
#4685=AXIS2_PLACEMENT_3D('',#6686,#5389,#5390);
#4686=AXIS2_PLACEMENT_3D('',#6695,#5395,#5396);
#4687=AXIS2_PLACEMENT_3D('',#6701,#5400,#5401);
#4688=AXIS2_PLACEMENT_3D('',#6705,#5404,#5405);
#4689=AXIS2_PLACEMENT_3D('',#6709,#5408,#5409);
#4690=AXIS2_PLACEMENT_3D('',#6716,#5414,#5415);
#4691=AXIS2_PLACEMENT_3D('',#6725,#5420,#5421);
#4692=AXIS2_PLACEMENT_3D('',#6731,#5425,#5426);
#4693=AXIS2_PLACEMENT_3D('',#6735,#5429,#5430);
#4694=AXIS2_PLACEMENT_3D('',#6739,#5433,#5434);
#4695=AXIS2_PLACEMENT_3D('',#6746,#5439,#5440);
#4696=AXIS2_PLACEMENT_3D('',#6755,#5445,#5446);
#4697=AXIS2_PLACEMENT_3D('',#6761,#5450,#5451);
#4698=AXIS2_PLACEMENT_3D('',#6765,#5454,#5455);
#4699=AXIS2_PLACEMENT_3D('',#6769,#5458,#5459);
#4700=AXIS2_PLACEMENT_3D('',#6776,#5464,#5465);
#4701=AXIS2_PLACEMENT_3D('',#6785,#5470,#5471);
#4702=AXIS2_PLACEMENT_3D('',#6787,#5473,#5474);
#4703=AXIS2_PLACEMENT_3D('',#6789,#5476,#5477);
#4704=AXIS2_PLACEMENT_3D('',#6790,#5478,#5479);
#4705=AXIS2_PLACEMENT_3D('',#6792,#5481,#5482);
#4706=AXIS2_PLACEMENT_3D('',#6794,#5484,#5485);
#4707=AXIS2_PLACEMENT_3D('',#6795,#5486,#5487);
#4708=AXIS2_PLACEMENT_3D('',#6797,#5489,#5490);
#4709=AXIS2_PLACEMENT_3D('',#6799,#5492,#5493);
#4710=AXIS2_PLACEMENT_3D('',#6800,#5494,#5495);
#4711=AXIS2_PLACEMENT_3D('',#6802,#5497,#5498);
#4712=AXIS2_PLACEMENT_3D('',#6804,#5500,#5501);
#4713=AXIS2_PLACEMENT_3D('',#6805,#5502,#5503);
#4714=AXIS2_PLACEMENT_3D('',#6807,#5505,#5506);
#4715=AXIS2_PLACEMENT_3D('',#6809,#5508,#5509);
#4716=AXIS2_PLACEMENT_3D('',#6810,#5510,#5511);
#4717=AXIS2_PLACEMENT_3D('',#6812,#5513,#5514);
#4718=AXIS2_PLACEMENT_3D('',#6814,#5516,#5517);
#4719=AXIS2_PLACEMENT_3D('',#6815,#5518,#5519);
#4720=AXIS2_PLACEMENT_3D('',#6817,#5521,#5522);
#4721=AXIS2_PLACEMENT_3D('',#6819,#5524,#5525);
#4722=AXIS2_PLACEMENT_3D('',#6820,#5526,#5527);
#4723=AXIS2_PLACEMENT_3D('',#6829,#5532,#5533);
#4724=AXIS2_PLACEMENT_3D('',#6835,#5537,#5538);
#4725=AXIS2_PLACEMENT_3D('',#6839,#5541,#5542);
#4726=AXIS2_PLACEMENT_3D('',#6843,#5545,#5546);
#4727=AXIS2_PLACEMENT_3D('',#6845,#5548,#5549);
#4728=AXIS2_PLACEMENT_3D('',#6851,#5553,#5554);
#4729=AXIS2_PLACEMENT_3D('',#6855,#5557,#5558);
#4730=AXIS2_PLACEMENT_3D('',#6859,#5561,#5562);
#4731=AXIS2_PLACEMENT_3D('',#6861,#5564,#5565);
#4732=AXIS2_PLACEMENT_3D('',#6870,#5570,#5571);
#4733=AXIS2_PLACEMENT_3D('',#6873,#5574,#5575);
#4734=AXIS2_PLACEMENT_3D('',#6875,#5577,#5578);
#4735=AXIS2_PLACEMENT_3D('',#6877,#5580,#5581);
#4736=AXIS2_PLACEMENT_3D('',#6878,#5582,#5583);
#4737=AXIS2_PLACEMENT_3D('',#6881,#5586,#5587);
#4738=AXIS2_PLACEMENT_3D('',#6883,#5589,#5590);
#4739=AXIS2_PLACEMENT_3D('',#6885,#5592,#5593);
#4740=AXIS2_PLACEMENT_3D('',#6886,#5594,#5595);
#4741=AXIS2_PLACEMENT_3D('',#6895,#5600,#5601);
#4742=AXIS2_PLACEMENT_3D('',#6901,#5605,#5606);
#4743=AXIS2_PLACEMENT_3D('',#6905,#5609,#5610);
#4744=AXIS2_PLACEMENT_3D('',#6909,#5613,#5614);
#4745=AXIS2_PLACEMENT_3D('',#6911,#5616,#5617);
#4746=AXIS2_PLACEMENT_3D('',#6920,#5622,#5623);
#4747=AXIS2_PLACEMENT_3D('',#6926,#5627,#5628);
#4748=AXIS2_PLACEMENT_3D('',#6930,#5631,#5632);
#4749=AXIS2_PLACEMENT_3D('',#6934,#5635,#5636);
#4750=AXIS2_PLACEMENT_3D('',#6936,#5638,#5639);
#4751=AXIS2_PLACEMENT_3D('',#6945,#5644,#5645);
#4752=AXIS2_PLACEMENT_3D('',#6951,#5649,#5650);
#4753=AXIS2_PLACEMENT_3D('',#6955,#5653,#5654);
#4754=AXIS2_PLACEMENT_3D('',#6959,#5657,#5658);
#4755=AXIS2_PLACEMENT_3D('',#6961,#5660,#5661);
#4756=AXIS2_PLACEMENT_3D('',#6970,#5666,#5667);
#4757=AXIS2_PLACEMENT_3D('',#6976,#5671,#5672);
#4758=AXIS2_PLACEMENT_3D('',#6980,#5675,#5676);
#4759=AXIS2_PLACEMENT_3D('',#6984,#5679,#5680);
#4760=AXIS2_PLACEMENT_3D('',#6986,#5682,#5683);
#4761=AXIS2_PLACEMENT_3D('',#6995,#5688,#5689);
#4762=AXIS2_PLACEMENT_3D('',#7001,#5693,#5694);
#4763=AXIS2_PLACEMENT_3D('',#7005,#5697,#5698);
#4764=AXIS2_PLACEMENT_3D('',#7009,#5701,#5702);
#4765=AXIS2_PLACEMENT_3D('',#7011,#5704,#5705);
#4766=AXIS2_PLACEMENT_3D('',#7020,#5710,#5711);
#4767=AXIS2_PLACEMENT_3D('',#7026,#5715,#5716);
#4768=AXIS2_PLACEMENT_3D('',#7030,#5719,#5720);
#4769=AXIS2_PLACEMENT_3D('',#7034,#5723,#5724);
#4770=AXIS2_PLACEMENT_3D('',#7036,#5726,#5727);
#4771=AXIS2_PLACEMENT_3D('',#7042,#5731,#5732);
#4772=AXIS2_PLACEMENT_3D('',#7046,#5735,#5736);
#4773=AXIS2_PLACEMENT_3D('',#7050,#5739,#5740);
#4774=AXIS2_PLACEMENT_3D('',#7052,#5742,#5743);
#4775=AXIS2_PLACEMENT_3D('',#7061,#5748,#5749);
#4776=AXIS2_PLACEMENT_3D('',#7067,#5753,#5754);
#4777=AXIS2_PLACEMENT_3D('',#7071,#5757,#5758);
#4778=AXIS2_PLACEMENT_3D('',#7075,#5761,#5762);
#4779=AXIS2_PLACEMENT_3D('',#7077,#5764,#5765);
#4780=AXIS2_PLACEMENT_3D('',#7086,#5770,#5771);
#4781=AXIS2_PLACEMENT_3D('',#7092,#5775,#5776);
#4782=AXIS2_PLACEMENT_3D('',#7096,#5779,#5780);
#4783=AXIS2_PLACEMENT_3D('',#7100,#5783,#5784);
#4784=AXIS2_PLACEMENT_3D('',#7102,#5786,#5787);
#4785=AXIS2_PLACEMENT_3D('',#7111,#5792,#5793);
#4786=AXIS2_PLACEMENT_3D('',#7117,#5797,#5798);
#4787=AXIS2_PLACEMENT_3D('',#7121,#5801,#5802);
#4788=AXIS2_PLACEMENT_3D('',#7125,#5805,#5806);
#4789=AXIS2_PLACEMENT_3D('',#7127,#5808,#5809);
#4790=AXIS2_PLACEMENT_3D('',#7136,#5814,#5815);
#4791=AXIS2_PLACEMENT_3D('',#7142,#5819,#5820);
#4792=AXIS2_PLACEMENT_3D('',#7146,#5823,#5824);
#4793=AXIS2_PLACEMENT_3D('',#7150,#5827,#5828);
#4794=AXIS2_PLACEMENT_3D('',#7152,#5830,#5831);
#4795=AXIS2_PLACEMENT_3D('',#7161,#5836,#5837);
#4796=AXIS2_PLACEMENT_3D('',#7167,#5841,#5842);
#4797=AXIS2_PLACEMENT_3D('',#7171,#5845,#5846);
#4798=AXIS2_PLACEMENT_3D('',#7175,#5849,#5850);
#4799=AXIS2_PLACEMENT_3D('',#7177,#5852,#5853);
#4800=AXIS2_PLACEMENT_3D('',#7186,#5858,#5859);
#4801=AXIS2_PLACEMENT_3D('',#7189,#5862,#5863);
#4802=AXIS2_PLACEMENT_3D('',#7191,#5865,#5866);
#4803=AXIS2_PLACEMENT_3D('',#7193,#5868,#5869);
#4804=AXIS2_PLACEMENT_3D('',#7194,#5870,#5871);
#4805=AXIS2_PLACEMENT_3D('',#7197,#5874,#5875);
#4806=AXIS2_PLACEMENT_3D('',#7199,#5877,#5878);
#4807=AXIS2_PLACEMENT_3D('',#7201,#5880,#5881);
#4808=AXIS2_PLACEMENT_3D('',#7202,#5882,#5883);
#4809=AXIS2_PLACEMENT_3D('',#7205,#5886,#5887);
#4810=AXIS2_PLACEMENT_3D('',#7207,#5889,#5890);
#4811=AXIS2_PLACEMENT_3D('',#7209,#5892,#5893);
#4812=AXIS2_PLACEMENT_3D('',#7210,#5894,#5895);
#4813=AXIS2_PLACEMENT_3D('',#7213,#5898,#5899);
#4814=AXIS2_PLACEMENT_3D('',#7215,#5901,#5902);
#4815=AXIS2_PLACEMENT_3D('',#7217,#5904,#5905);
#4816=AXIS2_PLACEMENT_3D('',#7218,#5906,#5907);
#4817=AXIS2_PLACEMENT_3D('',#7221,#5910,#5911);
#4818=AXIS2_PLACEMENT_3D('',#7223,#5913,#5914);
#4819=AXIS2_PLACEMENT_3D('',#7225,#5916,#5917);
#4820=AXIS2_PLACEMENT_3D('',#7226,#5918,#5919);
#4821=AXIS2_PLACEMENT_3D('',#7229,#5922,#5923);
#4822=AXIS2_PLACEMENT_3D('',#7231,#5925,#5926);
#4823=AXIS2_PLACEMENT_3D('',#7233,#5928,#5929);
#4824=AXIS2_PLACEMENT_3D('',#7234,#5930,#5931);
#4825=AXIS2_PLACEMENT_3D('',#7237,#5934,#5935);
#4826=AXIS2_PLACEMENT_3D('',#7239,#5937,#5938);
#4827=AXIS2_PLACEMENT_3D('',#7241,#5940,#5941);
#4828=AXIS2_PLACEMENT_3D('',#7242,#5942,#5943);
#4829=AXIS2_PLACEMENT_3D('',#7245,#5946,#5947);
#4830=AXIS2_PLACEMENT_3D('',#7247,#5949,#5950);
#4831=AXIS2_PLACEMENT_3D('',#7249,#5952,#5953);
#4832=AXIS2_PLACEMENT_3D('',#7250,#5954,#5955);
#4833=AXIS2_PLACEMENT_3D('',#7253,#5958,#5959);
#4834=AXIS2_PLACEMENT_3D('',#7255,#5961,#5962);
#4835=AXIS2_PLACEMENT_3D('',#7257,#5964,#5965);
#4836=AXIS2_PLACEMENT_3D('',#7258,#5966,#5967);
#4837=AXIS2_PLACEMENT_3D('',#7261,#5970,#5971);
#4838=AXIS2_PLACEMENT_3D('',#7263,#5973,#5974);
#4839=AXIS2_PLACEMENT_3D('',#7265,#5976,#5977);
#4840=AXIS2_PLACEMENT_3D('',#7266,#5978,#5979);
#4841=AXIS2_PLACEMENT_3D('',#7269,#5982,#5983);
#4842=AXIS2_PLACEMENT_3D('',#7271,#5985,#5986);
#4843=AXIS2_PLACEMENT_3D('',#7273,#5988,#5989);
#4844=AXIS2_PLACEMENT_3D('',#7274,#5990,#5991);
#4845=AXIS2_PLACEMENT_3D('',#7277,#5994,#5995);
#4846=AXIS2_PLACEMENT_3D('',#7279,#5997,#5998);
#4847=AXIS2_PLACEMENT_3D('',#7281,#6000,#6001);
#4848=AXIS2_PLACEMENT_3D('',#7282,#6002,#6003);
#4849=DIRECTION('',(0.,0.,1.));
#4850=DIRECTION('',(1.,0.,0.));
#4851=DIRECTION('',(0.,1.,0.));
#4852=DIRECTION('',(-1.,-6.96676094769802E-16,0.));
#4853=DIRECTION('',(-1.05991251078013E-15,1.,0.));
#4854=DIRECTION('',(1.,4.78964815154239E-16,0.));
#4855=DIRECTION('',(7.06608340520084E-16,-1.,0.));
#4856=DIRECTION('',(-1.,-6.96676094769802E-16,0.));
#4857=DIRECTION('',(0.,-1.,0.));
#4858=DIRECTION('',(-1.,0.,0.));
#4859=DIRECTION('',(0.,1.,0.));
#4860=DIRECTION('',(-0.999999968348838,-0.000251599528881399,0.));
#4861=DIRECTION('',(0.,1.,0.));
#4862=DIRECTION('',(1.,5.72138349596572E-17,0.));
#4863=DIRECTION('',(0.,1.,0.));
#4864=DIRECTION('',(1.,1.82218852518573E-16,0.));
#4865=DIRECTION('',(0.,-1.,0.));
#4866=DIRECTION('',(-0.707106781186545,-0.70710678118655,0.));
#4867=DIRECTION('',(-0.999999968348838,-0.000251599528881399,0.));
#4868=DIRECTION('',(0.,-1.,0.));
#4869=DIRECTION('',(-1.,0.,0.));
#4870=DIRECTION('',(0.,-1.,0.));
#4871=DIRECTION('',(-1.,0.,0.));
#4872=DIRECTION('',(0.,-1.,0.));
#4873=DIRECTION('',(-1.,0.,0.));
#4874=DIRECTION('',(-3.80421814907194E-16,-1.,0.));
#4875=DIRECTION('',(-1.,0.,0.));
#4876=DIRECTION('',(-3.80421814907195E-16,1.,0.));
#4877=DIRECTION('',(-1.,0.,0.));
#4878=DIRECTION('',(0.,-1.,0.));
#4879=DIRECTION('',(-1.,0.,0.));
#4880=DIRECTION('',(0.,-1.,0.));
#4881=DIRECTION('',(-1.,0.,0.));
#4882=DIRECTION('',(0.,1.,0.));
#4883=DIRECTION('',(0.999999968348838,-0.000251599528881399,0.));
#4884=DIRECTION('',(0.707106781186545,-0.70710678118655,0.));
#4885=DIRECTION('',(0.,-1.,0.));
#4886=DIRECTION('',(-1.,1.82218852518573E-16,0.));
#4887=DIRECTION('',(0.,1.,0.));
#4888=DIRECTION('',(-1.,5.72138349596572E-17,0.));
#4889=DIRECTION('',(0.,1.,0.));
#4890=DIRECTION('',(0.999999968348838,-0.000251599528881399,0.));
#4891=DIRECTION('',(0.,-1.,0.));
#4892=DIRECTION('',(-1.,0.,0.));
#4893=DIRECTION('',(0.,1.,0.));
#4894=DIRECTION('',(-1.,-6.96676094769802E-16,0.));
#4895=DIRECTION('',(-1.05991251078013E-15,1.,0.));
#4896=DIRECTION('',(1.,4.78964815154239E-16,0.));
#4897=DIRECTION('',(7.06608340520084E-16,-1.,0.));
#4898=DIRECTION('',(-1.,-6.96676094769802E-16,0.));
#4899=DIRECTION('',(0.,-1.,0.));
#4900=DIRECTION('',(-1.,0.,0.));
#4901=DIRECTION('',(0.,1.,0.));
#4902=DIRECTION('',(-1.,-6.96676094769802E-16,0.));
#4903=DIRECTION('',(-1.05991251078013E-15,1.,0.));
#4904=DIRECTION('',(1.,4.78964815154239E-16,0.));
#4905=DIRECTION('',(7.06608340520084E-16,-1.,0.));
#4906=DIRECTION('',(-1.,-6.96676094769802E-16,0.));
#4907=DIRECTION('',(0.,-1.,0.));
#4908=DIRECTION('',(-1.,0.,0.));
#4909=DIRECTION('',(0.,1.,0.));
#4910=DIRECTION('',(-1.,-6.96676094769802E-16,0.));
#4911=DIRECTION('',(-1.05991251078013E-15,1.,0.));
#4912=DIRECTION('',(1.,4.78964815154239E-16,0.));
#4913=DIRECTION('',(7.06608340520084E-16,-1.,0.));
#4914=DIRECTION('',(-1.,-6.96676094769802E-16,0.));
#4915=DIRECTION('',(0.,-1.,0.));
#4916=DIRECTION('',(-1.,0.,0.));
#4917=DIRECTION('',(0.,1.,0.));
#4918=DIRECTION('',(-1.,-6.96676094769802E-16,0.));
#4919=DIRECTION('',(-1.05991251078013E-15,1.,0.));
#4920=DIRECTION('',(1.,4.78964815154239E-16,0.));
#4921=DIRECTION('',(7.06608340520084E-16,-1.,0.));
#4922=DIRECTION('',(-1.,-6.96676094769802E-16,0.));
#4923=DIRECTION('',(0.,-1.,0.));
#4924=DIRECTION('',(-1.,0.,0.));
#4925=DIRECTION('',(0.,0.,1.));
#4926=DIRECTION('',(1.,0.,0.));
#4927=DIRECTION('',(7.34669383198475E-32,-1.93119677791796E-16,1.));
#4928=DIRECTION('',(-1.,0.,0.));
#4929=DIRECTION('',(0.,-1.93119677791796E-16,1.));
#4930=DIRECTION('',(0.,-1.,-1.93119677791796E-16));
#4931=DIRECTION('',(0.,1.93096406919668E-16,-1.));
#4932=DIRECTION('',(-6.76569218399691E-17,0.,1.));
#4933=DIRECTION('',(-1.,0.,0.));
#4934=DIRECTION('',(-6.76569218399691E-17,0.,-1.));
#4935=DIRECTION('',(-1.,0.,0.));
#4936=DIRECTION('',(0.,-1.,0.));
#4937=DIRECTION('',(0.,0.,-1.));
#4938=DIRECTION('',(-6.76569218399691E-17,0.,1.));
#4939=DIRECTION('',(-1.,0.,0.));
#4940=DIRECTION('',(0.,1.0668656063818E-16,-1.));
#4941=DIRECTION('',(-1.,0.,0.));
#4942=DIRECTION('',(0.,1.0668656063818E-16,-1.));
#4943=DIRECTION('',(-1.,0.,0.));
#4944=DIRECTION('',(-6.76569218399691E-17,0.,-1.));
#4945=DIRECTION('',(-1.,0.,0.));
#4946=DIRECTION('',(0.,1.,1.0668656063818E-16));
#4947=DIRECTION('',(0.,-1.06685493772574E-16,1.));
#4948=DIRECTION('',(-1.,0.,0.));
#4949=DIRECTION('',(0.,-1.96740602254237E-16,1.));
#4950=DIRECTION('',(0.,0.,-1.));
#4951=DIRECTION('',(1.,0.,0.));
#4952=DIRECTION('',(0.,0.,1.));
#4953=DIRECTION('',(0.,-1.96740602254237E-16,1.));
#4954=DIRECTION('',(0.,-1.,0.));
#4955=DIRECTION('',(0.,0.,-1.));
#4956=DIRECTION('',(0.,0.,-1.));
#4957=DIRECTION('',(0.,-1.,0.));
#4958=DIRECTION('',(-1.,0.,0.));
#4959=DIRECTION('',(0.,0.,1.));
#4960=DIRECTION('',(0.,-1.,0.));
#4961=DIRECTION('',(1.,8.07599383601869E-16,0.));
#4962=DIRECTION('',(0.,1.,0.));
#4963=DIRECTION('',(-1.,-1.61519876720374E-15,0.));
#4964=DIRECTION('',(0.,-1.,0.));
#4965=DIRECTION('',(1.,8.07599383601869E-16,0.));
#4966=DIRECTION('',(0.,1.,0.));
#4967=DIRECTION('',(-1.,-1.61519876720374E-15,0.));
#4968=DIRECTION('',(0.,-1.,0.));
#4969=DIRECTION('',(1.,8.07599383601869E-16,0.));
#4970=DIRECTION('',(0.,1.,0.));
#4971=DIRECTION('',(-1.,-1.61519876720374E-15,0.));
#4972=DIRECTION('',(0.,-1.,0.));
#4973=DIRECTION('',(1.,8.07599383601869E-16,0.));
#4974=DIRECTION('',(0.,1.,0.));
#4975=DIRECTION('',(-1.,-1.61519876720374E-15,0.));
#4976=DIRECTION('',(0.,-1.,0.));
#4977=DIRECTION('',(1.,8.07599383601869E-16,0.));
#4978=DIRECTION('',(0.,1.,0.));
#4979=DIRECTION('',(-1.,-1.61519876720374E-15,0.));
#4980=DIRECTION('',(0.,-1.,0.));
#4981=DIRECTION('',(1.,8.07599383601869E-16,0.));
#4982=DIRECTION('',(0.,1.,0.));
#4983=DIRECTION('',(-1.,-1.61519876720374E-15,0.));
#4984=DIRECTION('',(0.,-1.,0.));
#4985=DIRECTION('',(1.,8.07599383601869E-16,0.));
#4986=DIRECTION('',(0.,1.,0.));
#4987=DIRECTION('',(-1.,-1.61519876720374E-15,0.));
#4988=DIRECTION('',(0.,0.,1.));
#4989=DIRECTION('',(-1.,0.,0.));
#4990=DIRECTION('',(-1.,0.,0.));
#4991=DIRECTION('',(0.,2.77555756156289E-17,-1.));
#4992=DIRECTION('',(-1.,0.,0.));
#4993=DIRECTION('',(0.,1.,0.));
#4994=DIRECTION('',(0.,0.,1.));
#4995=DIRECTION('',(-1.,0.,0.));
#4996=DIRECTION('',(0.,-1.,0.));
#4997=DIRECTION('',(0.,2.77555756156289E-17,-1.));
#4998=DIRECTION('',(-0.999999999999998,0.,0.));
#4999=DIRECTION('',(-1.,0.,0.));
#5000=DIRECTION('',(0.,0.,1.));
#5001=DIRECTION('',(-1.,0.,0.));
#5002=DIRECTION('',(1.,0.,0.));
#5003=DIRECTION('',(0.,2.77555756156289E-17,-1.));
#5004=DIRECTION('',(-0.999999999999998,0.,0.));
#5005=DIRECTION('',(-1.70165109873008E-13,-1.,0.));
#5006=DIRECTION('',(0.,0.,1.));
#5007=DIRECTION('',(-1.,0.,0.));
#5008=DIRECTION('',(-5.00485617273552E-15,1.,0.));
#5009=DIRECTION('',(0.,2.77555756156289E-17,-1.));
#5010=DIRECTION('',(-1.,0.,0.));
#5011=DIRECTION('',(1.,-5.8710803975468E-15,0.));
#5012=DIRECTION('',(0.,0.,-1.));
#5013=DIRECTION('',(1.,0.,0.));
#5014=DIRECTION('',(-1.,-5.8710803975468E-15,0.));
#5015=DIRECTION('',(0.,0.,1.));
#5016=DIRECTION('',(1.,0.,0.));
#5017=DIRECTION('',(5.00485617273552E-15,1.,0.));
#5018=DIRECTION('',(0.,0.,-1.));
#5019=DIRECTION('',(1.,0.,0.));
#5020=DIRECTION('',(1.70165109873008E-13,-1.,0.));
#5021=DIRECTION('',(0.,0.,1.));
#5022=DIRECTION('',(0.999999999999998,0.,0.));
#5023=DIRECTION('',(-1.,0.,0.));
#5024=DIRECTION('',(0.,0.,-1.));
#5025=DIRECTION('',(1.,0.,0.));
#5026=DIRECTION('',(1.,0.,0.));
#5027=DIRECTION('',(0.,0.,1.));
#5028=DIRECTION('',(1.,0.,0.));
#5029=DIRECTION('',(0.,-1.,0.));
#5030=DIRECTION('',(0.,0.,-1.));
#5031=DIRECTION('',(1.,0.,0.));
#5032=DIRECTION('',(0.,1.,0.));
#5033=DIRECTION('',(0.,0.,1.));
#5034=DIRECTION('',(1.,0.,0.));
#5035=DIRECTION('',(1.,0.,0.));
#5036=DIRECTION('',(1.,0.,0.));
#5037=DIRECTION('',(0.,-1.,0.));
#5038=DIRECTION('',(0.,0.,-1.));
#5039=DIRECTION('',(-1.,0.,0.));
#5040=DIRECTION('',(0.,0.,1.));
#5041=DIRECTION('',(1.,0.,0.));
#5042=DIRECTION('',(0.,0.,-1.));
#5043=DIRECTION('',(-1.,0.,0.));
#5044=DIRECTION('',(0.,0.,1.));
#5045=DIRECTION('',(0.,0.,1.));
#5046=DIRECTION('',(-1.,0.,0.));
#5047=DIRECTION('',(0.,0.,1.));
#5048=DIRECTION('',(0.,0.,1.));
#5049=DIRECTION('',(-1.,0.,0.));
#5050=DIRECTION('',(0.,0.,1.));
#5051=DIRECTION('',(0.,0.,1.));
#5052=DIRECTION('',(-1.,0.,0.));
#5053=DIRECTION('',(0.,0.,1.));
#5054=DIRECTION('',(0.,0.,1.));
#5055=DIRECTION('',(-1.,0.,0.));
#5056=DIRECTION('',(0.,0.,1.));
#5057=DIRECTION('',(0.,0.,1.));
#5058=DIRECTION('',(-1.,0.,0.));
#5059=DIRECTION('',(0.,0.,1.));
#5060=DIRECTION('',(0.,0.,1.));
#5061=DIRECTION('',(-1.,0.,0.));
#5062=DIRECTION('',(0.,0.,1.));
#5063=DIRECTION('',(0.,0.,1.));
#5064=DIRECTION('',(0.,-1.,0.));
#5065=DIRECTION('',(0.,0.,-1.));
#5066=DIRECTION('',(0.,0.,1.));
#5067=DIRECTION('',(0.,0.,-1.));
#5068=DIRECTION('',(1.,0.,0.));
#5069=DIRECTION('',(0.,0.,1.));
#5070=DIRECTION('',(0.,0.,1.));
#5071=DIRECTION('',(1.,0.,0.));
#5072=DIRECTION('',(0.,0.,1.));
#5073=DIRECTION('',(1.,0.,0.));
#5074=DIRECTION('',(0.,-1.,0.));
#5075=DIRECTION('',(0.,0.,-1.));
#5076=DIRECTION('',(0.,0.,1.));
#5077=DIRECTION('',(0.,0.,1.));
#5078=DIRECTION('',(1.,0.,0.));
#5079=DIRECTION('',(0.,0.,1.));
#5080=DIRECTION('',(1.,0.,0.));
#5081=DIRECTION('',(0.,0.,1.));
#5082=DIRECTION('',(0.,1.,0.));
#5083=DIRECTION('',(1.,0.,0.));
#5084=DIRECTION('',(0.,0.,-1.));
#5085=DIRECTION('',(0.,0.,1.));
#5086=DIRECTION('',(0.,0.,-1.));
#5087=DIRECTION('',(1.,0.,0.));
#5088=DIRECTION('',(0.,0.,1.));
#5089=DIRECTION('',(1.,0.,0.));
#5090=DIRECTION('',(0.,0.,1.));
#5091=DIRECTION('',(0.,-1.,0.));
#5092=DIRECTION('',(-1.,0.,0.));
#5093=DIRECTION('',(0.,0.,1.));
#5094=DIRECTION('',(0.,0.,1.));
#5095=DIRECTION('',(0.,0.,1.));
#5096=DIRECTION('',(1.,0.,0.));
#5097=DIRECTION('',(0.,0.,1.));
#5098=DIRECTION('',(1.,0.,0.));
#5099=DIRECTION('',(0.,0.,1.));
#5100=DIRECTION('',(1.,0.,0.));
#5101=DIRECTION('',(0.,-1.,0.));
#5102=DIRECTION('',(0.,0.,-1.));
#5103=DIRECTION('',(0.,0.,1.));
#5104=DIRECTION('',(0.,0.,-1.));
#5105=DIRECTION('',(1.,0.,0.));
#5106=DIRECTION('',(0.,0.,1.));
#5107=DIRECTION('',(1.,0.,0.));
#5108=DIRECTION('',(0.,0.,1.));
#5109=DIRECTION('',(-1.,0.,0.));
#5110=DIRECTION('',(0.,1.,0.));
#5111=DIRECTION('',(0.,0.,1.));
#5112=DIRECTION('',(0.,0.,1.));
#5113=DIRECTION('',(0.,0.,1.));
#5114=DIRECTION('',(0.999999999999998,0.,0.));
#5115=DIRECTION('',(0.,0.,1.));
#5116=DIRECTION('',(0.999999999999998,0.,0.));
#5117=DIRECTION('',(0.,0.,1.));
#5118=DIRECTION('',(1.70165109873008E-13,-1.,0.));
#5119=DIRECTION('',(-1.,-1.70165109873008E-13,0.));
#5120=DIRECTION('',(1.70165964652469E-13,-1.,0.));
#5121=DIRECTION('',(0.,0.,1.));
#5122=DIRECTION('',(0.,0.,-1.));
#5123=DIRECTION('',(1.,0.,0.));
#5124=DIRECTION('',(0.,0.,1.));
#5125=DIRECTION('',(1.,0.,0.));
#5126=DIRECTION('',(0.,0.,1.));
#5127=DIRECTION('',(5.00485617273552E-15,1.,0.));
#5128=DIRECTION('',(1.,-5.00485617273552E-15,0.));
#5129=DIRECTION('',(5.00467722819309E-15,1.,0.));
#5130=DIRECTION('',(0.,0.,1.));
#5131=DIRECTION('',(0.,0.,1.));
#5132=DIRECTION('',(1.,0.,0.));
#5133=DIRECTION('',(0.,0.,1.));
#5134=DIRECTION('',(1.,0.,0.));
#5135=DIRECTION('',(-1.,-5.8710803975468E-15,0.));
#5136=DIRECTION('',(-5.8710803975468E-15,1.,0.));
#5137=DIRECTION('',(-1.,-5.8711716044435E-15,0.));
#5138=DIRECTION('',(0.,0.,-1.));
#5139=DIRECTION('',(-1.,0.,0.));
#5140=DIRECTION('',(0.,0.,1.));
#5141=DIRECTION('',(0.,0.,1.));
#5142=DIRECTION('',(-1.,0.,0.));
#5143=DIRECTION('',(0.,0.,1.));
#5144=DIRECTION('',(0.,0.,1.));
#5145=DIRECTION('',(1.,0.,0.));
#5146=DIRECTION('',(-1.,0.,0.));
#5147=DIRECTION('',(0.,0.,1.));
#5148=DIRECTION('',(0.,1.,0.));
#5149=DIRECTION('',(0.,0.,1.));
#5150=DIRECTION('',(0.,2.77555756156289E-17,-1.));
#5151=DIRECTION('',(-1.,0.,0.));
#5152=DIRECTION('',(0.,0.,1.));
#5153=DIRECTION('',(0.,0.,1.));
#5154=DIRECTION('',(1.,0.,0.));
#5155=DIRECTION('',(0.,1.,0.));
#5156=DIRECTION('',(0.,0.,1.));
#5157=DIRECTION('',(1.,0.,0.));
#5158=DIRECTION('',(0.,0.,-1.));
#5159=DIRECTION('',(0.,0.,1.));
#5160=DIRECTION('',(-1.,0.,0.));
#5161=DIRECTION('',(0.,0.,1.));
#5162=DIRECTION('',(0.,0.,1.));
#5163=DIRECTION('',(1.,0.,0.));
#5164=DIRECTION('',(0.,-1.,0.));
#5165=DIRECTION('',(0.,0.,1.));
#5166=DIRECTION('',(-1.,0.,0.));
#5167=DIRECTION('',(0.,0.,1.));
#5168=DIRECTION('',(0.,2.77555756156289E-17,-1.));
#5169=DIRECTION('',(-0.999999999999998,0.,0.));
#5170=DIRECTION('',(0.,0.,1.));
#5171=DIRECTION('',(0.,0.,1.));
#5172=DIRECTION('',(1.,0.,0.));
#5173=DIRECTION('',(-1.,0.,0.));
#5174=DIRECTION('',(0.,0.,1.));
#5175=DIRECTION('',(0.,1.,0.));
#5176=DIRECTION('',(0.,0.,1.));
#5177=DIRECTION('',(0.,0.,1.));
#5178=DIRECTION('',(-1.,0.,0.));
#5179=DIRECTION('',(0.,0.,1.));
#5180=DIRECTION('',(0.,0.,1.));
#5181=DIRECTION('',(1.,0.,0.));
#5182=DIRECTION('',(1.,0.,0.));
#5183=DIRECTION('',(0.,0.,1.));
#5184=DIRECTION('',(0.,-1.,0.));
#5185=DIRECTION('',(0.,0.,-1.));
#5186=DIRECTION('',(0.,2.77555756156289E-17,-1.));
#5187=DIRECTION('',(-0.999999999999998,0.,0.));
#5188=DIRECTION('',(0.,0.,1.));
#5189=DIRECTION('',(0.,0.,1.));
#5190=DIRECTION('',(1.,0.,0.));
#5191=DIRECTION('',(-1.70165109873008E-13,-1.,0.));
#5192=DIRECTION('',(0.,0.,1.));
#5193=DIRECTION('',(-1.,1.70165109873008E-13,0.));
#5194=DIRECTION('',(-1.70165964652469E-13,-1.,0.));
#5195=DIRECTION('',(0.,0.,1.));
#5196=DIRECTION('',(-1.,0.,0.));
#5197=DIRECTION('',(0.,0.,1.));
#5198=DIRECTION('',(0.,0.,1.));
#5199=DIRECTION('',(1.,0.,0.));
#5200=DIRECTION('',(-5.00485617273552E-15,1.,0.));
#5201=DIRECTION('',(0.,0.,1.));
#5202=DIRECTION('',(1.,5.00485617273552E-15,0.));
#5203=DIRECTION('',(-5.00467722819309E-15,1.,0.));
#5204=DIRECTION('',(0.,2.77555756156289E-17,-1.));
#5205=DIRECTION('',(-1.,0.,0.));
#5206=DIRECTION('',(0.,0.,1.));
#5207=DIRECTION('',(0.,0.,1.));
#5208=DIRECTION('',(1.,0.,0.));
#5209=DIRECTION('',(1.,-5.8710803975468E-15,0.));
#5210=DIRECTION('',(-5.8710803975468E-15,-1.,0.));
#5211=DIRECTION('',(1.,-5.8711716044435E-15,0.));
#5212=DIRECTION('',(0.,0.,1.));
#5213=DIRECTION('',(1.,0.,0.));
#5214=DIRECTION('',(0.,-1.,0.));
#5215=DIRECTION('',(0.,1.,4.55307998944044E-16));
#5216=DIRECTION('',(0.,1.,4.55307998944044E-16));
#5217=DIRECTION('',(0.,-1.,0.));
#5218=DIRECTION('',(0.,-4.55307998944044E-16,1.));
#5219=DIRECTION('',(0.,-1.,-4.54497550705923E-16));
#5220=DIRECTION('',(-1.,0.,0.));
#5221=DIRECTION('',(7.34669383198474E-32,1.93119677791796E-16,-1.));
#5222=DIRECTION('',(0.,-1.93119677791796E-16,1.));
#5223=DIRECTION('',(0.,-1.,-1.93119677791796E-16));
#5224=DIRECTION('',(0.,1.93096406919668E-16,-1.));
#5225=DIRECTION('',(3.44779253209005E-16,-0.906307787036649,0.4226182617407));
#5226=DIRECTION('',(-1.,-4.26571346551674E-16,1.98913485646536E-16));
#5227=DIRECTION('',(3.44779253209005E-16,0.906307787036649,-0.4226182617407));
#5228=DIRECTION('',(0.,-0.906307787036649,0.4226182617407));
#5229=DIRECTION('',(-1.,0.,0.));
#5230=DIRECTION('',(0.,-0.906307787036649,0.4226182617407));
#5231=DIRECTION('',(0.,-0.4226182617407,-0.906307787036649));
#5232=DIRECTION('',(0.,0.906307787036649,-0.4226182617407));
#5233=DIRECTION('',(0.,-1.,0.));
#5234=DIRECTION('',(0.,-1.,0.));
#5235=DIRECTION('',(0.,0.,-1.));
#5236=DIRECTION('',(-1.,0.,0.));
#5237=DIRECTION('',(1.,0.,0.));
#5238=DIRECTION('',(0.,0.,-1.));
#5239=DIRECTION('',(1.,0.,0.));
#5240=DIRECTION('',(0.,0.,-1.));
#5241=DIRECTION('',(0.,1.,0.));
#5242=DIRECTION('',(6.76569218399691E-17,2.8860504252817E-32,-1.));
#5243=DIRECTION('',(0.,-1.,0.));
#5244=DIRECTION('',(1.,0.,6.76569218399691E-17));
#5245=DIRECTION('',(6.76542155630955E-17,0.,-1.));
#5246=DIRECTION('',(0.,1.,0.));
#5247=DIRECTION('',(1.,4.26571346551674E-16,0.));
#5248=DIRECTION('',(0.,0.,1.));
#5249=DIRECTION('',(1.,0.,0.));
#5250=DIRECTION('',(0.,1.,0.));
#5251=DIRECTION('',(6.76569218399691E-17,2.8860504252817E-32,1.));
#5252=DIRECTION('',(-1.,0.,6.76569218399691E-17));
#5253=DIRECTION('',(6.76542155630955E-17,0.,1.));
#5254=DIRECTION('',(0.,0.,-1.));
#5255=DIRECTION('',(-1.,-4.26571346551674E-16,0.));
#5256=DIRECTION('',(-1.,-4.26571346551674E-16,0.));
#5257=DIRECTION('',(0.,0.,-1.));
#5258=DIRECTION('',(4.26571346551674E-16,-1.,0.));
#5259=DIRECTION('',(1.,4.26741975090295E-16,0.));
#5260=DIRECTION('',(3.80421814907195E-16,-1.,0.));
#5261=DIRECTION('',(1.,0.,0.));
#5262=DIRECTION('',(3.80421814907194E-16,1.,0.));
#5263=DIRECTION('',(0.,0.,1.));
#5264=DIRECTION('',(1.,0.,0.));
#5265=DIRECTION('',(0.,0.,-1.));
#5266=DIRECTION('',(1.,3.80421814907195E-16,0.));
#5267=DIRECTION('',(-3.80338122107915E-16,1.,0.));
#5268=DIRECTION('',(0.,0.,-1.));
#5269=DIRECTION('',(0.,1.,0.));
#5270=DIRECTION('',(0.,0.,1.));
#5271=DIRECTION('',(-1.,3.80421814907194E-16,0.));
#5272=DIRECTION('',(-3.80338122107915E-16,-1.,0.));
#5273=DIRECTION('',(0.,0.,-1.));
#5274=DIRECTION('',(0.,1.,0.));
#5275=DIRECTION('',(0.,0.,-1.));
#5276=DIRECTION('',(-1.,0.,0.));
#5277=DIRECTION('',(0.,0.,1.));
#5278=DIRECTION('',(0.,0.,-1.));
#5279=DIRECTION('',(-1.,-1.82218852518573E-16,0.));
#5280=DIRECTION('',(1.82218852518573E-16,-1.,0.));
#5281=DIRECTION('',(1.,1.82254385194813E-16,0.));
#5282=DIRECTION('',(0.,0.,-1.));
#5283=DIRECTION('',(0.,-1.,0.));
#5284=DIRECTION('',(1.,0.,0.));
#5285=DIRECTION('',(0.,0.,-1.));
#5286=DIRECTION('',(0.,0.,-1.));
#5287=DIRECTION('',(-1.,-5.72138349596572E-17,0.));
#5288=DIRECTION('',(5.72138349596572E-17,-1.,0.));
#5289=DIRECTION('',(1.,5.72458747072346E-17,0.));
#5290=DIRECTION('',(0.,0.,-1.));
#5291=DIRECTION('',(0.,-1.,0.));
#5292=DIRECTION('',(1.,0.,0.));
#5293=DIRECTION('',(0.,0.,-1.));
#5294=DIRECTION('',(0.999999968348838,0.000251599528881399,0.));
#5295=DIRECTION('',(0.,0.,1.));
#5296=DIRECTION('',(0.,0.,-1.));
#5297=DIRECTION('',(0.999999968348838,0.000251599528881399,0.));
#5298=DIRECTION('',(0.,0.,-1.));
#5299=DIRECTION('',(-0.000251599528881399,0.999999968348838,0.));
#5300=DIRECTION('',(-0.999999968348838,-0.000251599528881399,0.));
#5301=DIRECTION('',(0.707106781186545,0.70710678118655,0.));
#5302=DIRECTION('',(-0.70710678118655,0.707106781186545,0.));
#5303=DIRECTION('',(-0.707106781186545,-0.70710678118655,0.));
#5304=DIRECTION('',(0.,1.,0.));
#5305=DIRECTION('',(1.,1.61519876720374E-15,0.));
#5306=DIRECTION('',(0.,-1.,0.));
#5307=DIRECTION('',(-1.,-8.07599383601869E-16,0.));
#5308=DIRECTION('',(0.,0.,1.));
#5309=DIRECTION('',(1.,0.,0.));
#5310=DIRECTION('',(0.,0.,-1.));
#5311=DIRECTION('',(0.,1.,0.));
#5312=DIRECTION('',(0.,0.,-1.));
#5313=DIRECTION('',(-1.,0.,0.));
#5314=DIRECTION('',(0.,0.,1.));
#5315=DIRECTION('',(1.,-1.82218852518573E-16,0.));
#5316=DIRECTION('',(0.,0.,-1.));
#5317=DIRECTION('',(1.82218852518573E-16,1.,0.));
#5318=DIRECTION('',(-1.,1.82254385194813E-16,0.));
#5319=DIRECTION('',(0.,-1.,0.));
#5320=DIRECTION('',(0.,0.,-1.));
#5321=DIRECTION('',(1.,0.,0.));
#5322=DIRECTION('',(0.,0.,-1.));
#5323=DIRECTION('',(1.,-5.72138349596572E-17,0.));
#5324=DIRECTION('',(0.,0.,-1.));
#5325=DIRECTION('',(5.72138349596572E-17,1.,0.));
#5326=DIRECTION('',(-1.,5.72458747072346E-17,0.));
#5327=DIRECTION('',(0.,-1.,0.));
#5328=DIRECTION('',(0.,0.,-1.));
#5329=DIRECTION('',(1.,0.,0.));
#5330=DIRECTION('',(0.,0.,-1.));
#5331=DIRECTION('',(0.,0.,-1.));
#5332=DIRECTION('',(-0.999999968348838,0.000251599528881399,0.));
#5333=DIRECTION('',(0.,0.,-1.));
#5334=DIRECTION('',(0.,0.,1.));
#5335=DIRECTION('',(-0.999999968348838,0.000251599528881399,0.));
#5336=DIRECTION('',(-0.000251599528881399,-0.999999968348838,0.));
#5337=DIRECTION('',(0.999999968348838,-0.000251599528881399,0.));
#5338=DIRECTION('',(-0.707106781186545,0.70710678118655,0.));
#5339=DIRECTION('',(-0.70710678118655,-0.707106781186545,0.));
#5340=DIRECTION('',(0.707106781186545,-0.70710678118655,0.));
#5341=DIRECTION('',(1.,8.07599383601869E-16,0.));
#5342=DIRECTION('',(0.,-1.,0.));
#5343=DIRECTION('',(-1.,-1.61519876720374E-15,0.));
#5344=DIRECTION('',(0.,1.,0.));
#5345=DIRECTION('',(0.,0.,-1.));
#5346=DIRECTION('',(-1.,0.,0.));
#5347=DIRECTION('',(0.,0.,-1.));
#5348=DIRECTION('',(-7.06608340520084E-16,1.,0.));
#5349=DIRECTION('',(0.,0.,-1.));
#5350=DIRECTION('',(-1.,-7.06608340520084E-16,0.));
#5351=DIRECTION('',(7.0603245472256E-16,-1.,0.));
#5352=DIRECTION('',(0.,0.,-1.));
#5353=DIRECTION('',(-1.,-4.78964815154239E-16,0.));
#5354=DIRECTION('',(4.78964815154239E-16,-1.,0.));
#5355=DIRECTION('',(1.,4.79000519804096E-16,0.));
#5356=DIRECTION('',(0.,0.,-1.));
#5357=DIRECTION('',(1.05991251078013E-15,-1.,0.));
#5358=DIRECTION('',(1.,1.05991251078013E-15,0.));
#5359=DIRECTION('',(-1.05991604382183E-15,1.,0.));
#5360=DIRECTION('',(0.,0.,-1.));
#5361=DIRECTION('',(1.,6.96676094769802E-16,0.));
#5362=DIRECTION('',(0.,0.,1.));
#5363=DIRECTION('',(1.,6.96676094769802E-16,0.));
#5364=DIRECTION('',(-6.96676094769802E-16,1.,0.));
#5365=DIRECTION('',(-1.,-6.96491475604688E-16,0.));
#5366=DIRECTION('',(0.,1.,0.));
#5367=DIRECTION('',(1.,1.61519876720374E-15,0.));
#5368=DIRECTION('',(0.,-1.,0.));
#5369=DIRECTION('',(-1.,-8.07599383601869E-16,0.));
#5370=DIRECTION('',(0.,0.,1.));
#5371=DIRECTION('',(1.,0.,0.));
#5372=DIRECTION('',(0.,0.,1.));
#5373=DIRECTION('',(7.06608340520084E-16,-1.,0.));
#5374=DIRECTION('',(0.,0.,1.));
#5375=DIRECTION('',(-1.,-7.06608340520084E-16,0.));
#5376=DIRECTION('',(7.0603245472256E-16,-1.,0.));
#5377=DIRECTION('',(0.,0.,1.));
#5378=DIRECTION('',(1.,4.78964815154239E-16,0.));
#5379=DIRECTION('',(4.78964815154239E-16,-1.,0.));
#5380=DIRECTION('',(1.,4.79000519804096E-16,0.));
#5381=DIRECTION('',(0.,0.,1.));
#5382=DIRECTION('',(-1.05991251078013E-15,1.,0.));
#5383=DIRECTION('',(1.,1.05991251078013E-15,0.));
#5384=DIRECTION('',(-1.05991604382183E-15,1.,0.));
#5385=DIRECTION('',(0.,0.,-1.));
#5386=DIRECTION('',(1.,6.96676094769802E-16,0.));
#5387=DIRECTION('',(0.,0.,1.));
#5388=DIRECTION('',(-1.,-6.96676094769802E-16,0.));
#5389=DIRECTION('',(-6.96676094769802E-16,1.,0.));
#5390=DIRECTION('',(-1.,-6.96491475604688E-16,0.));
#5391=DIRECTION('',(0.,1.,0.));
#5392=DIRECTION('',(1.,1.61519876720374E-15,0.));
#5393=DIRECTION('',(0.,-1.,0.));
#5394=DIRECTION('',(-1.,-8.07599383601869E-16,0.));
#5395=DIRECTION('',(0.,0.,1.));
#5396=DIRECTION('',(1.,0.,0.));
#5397=DIRECTION('',(0.,0.,1.));
#5398=DIRECTION('',(7.06608340520084E-16,-1.,0.));
#5399=DIRECTION('',(0.,0.,1.));
#5400=DIRECTION('',(-1.,-7.06608340520084E-16,0.));
#5401=DIRECTION('',(7.06466135591555E-16,-1.,0.));
#5402=DIRECTION('',(0.,0.,1.));
#5403=DIRECTION('',(1.,4.78964815154239E-16,0.));
#5404=DIRECTION('',(4.78964815154239E-16,-1.,0.));
#5405=DIRECTION('',(1.,4.79000519804096E-16,0.));
#5406=DIRECTION('',(0.,0.,1.));
#5407=DIRECTION('',(-1.05991251078013E-15,1.,0.));
#5408=DIRECTION('',(1.,1.05991251078013E-15,0.));
#5409=DIRECTION('',(-1.05991604382183E-15,1.,0.));
#5410=DIRECTION('',(0.,0.,-1.));
#5411=DIRECTION('',(1.,6.96676094769802E-16,0.));
#5412=DIRECTION('',(0.,0.,1.));
#5413=DIRECTION('',(-1.,-6.96676094769802E-16,0.));
#5414=DIRECTION('',(-6.96676094769802E-16,1.,0.));
#5415=DIRECTION('',(-1.,-6.96491475604688E-16,0.));
#5416=DIRECTION('',(0.,1.,0.));
#5417=DIRECTION('',(1.,1.61519876720374E-15,0.));
#5418=DIRECTION('',(0.,-1.,0.));
#5419=DIRECTION('',(-1.,-8.07599383601869E-16,0.));
#5420=DIRECTION('',(0.,0.,1.));
#5421=DIRECTION('',(1.,0.,0.));
#5422=DIRECTION('',(0.,0.,1.));
#5423=DIRECTION('',(7.06608340520084E-16,-1.,0.));
#5424=DIRECTION('',(0.,0.,1.));
#5425=DIRECTION('',(-1.,-7.06608340520084E-16,0.));
#5426=DIRECTION('',(7.06466135591555E-16,-1.,0.));
#5427=DIRECTION('',(0.,0.,1.));
#5428=DIRECTION('',(1.,4.78964815154239E-16,0.));
#5429=DIRECTION('',(4.78964815154239E-16,-1.,0.));
#5430=DIRECTION('',(1.,4.79000519804096E-16,0.));
#5431=DIRECTION('',(0.,0.,1.));
#5432=DIRECTION('',(-1.05991251078013E-15,1.,0.));
#5433=DIRECTION('',(1.,1.05991251078013E-15,0.));
#5434=DIRECTION('',(-1.05991604382183E-15,1.,0.));
#5435=DIRECTION('',(0.,0.,-1.));
#5436=DIRECTION('',(1.,6.96676094769802E-16,0.));
#5437=DIRECTION('',(0.,0.,1.));
#5438=DIRECTION('',(-1.,-6.96676094769802E-16,0.));
#5439=DIRECTION('',(-6.96676094769802E-16,1.,0.));
#5440=DIRECTION('',(-1.,-6.96491475604688E-16,0.));
#5441=DIRECTION('',(0.,1.,0.));
#5442=DIRECTION('',(1.,1.61519876720374E-15,0.));
#5443=DIRECTION('',(0.,-1.,0.));
#5444=DIRECTION('',(-1.,-8.07599383601869E-16,0.));
#5445=DIRECTION('',(0.,0.,1.));
#5446=DIRECTION('',(1.,0.,0.));
#5447=DIRECTION('',(0.,0.,1.));
#5448=DIRECTION('',(7.06608340520084E-16,-1.,0.));
#5449=DIRECTION('',(0.,0.,1.));
#5450=DIRECTION('',(-1.,-7.06608340520084E-16,0.));
#5451=DIRECTION('',(7.0603245472256E-16,-1.,0.));
#5452=DIRECTION('',(0.,0.,1.));
#5453=DIRECTION('',(1.,4.78964815154239E-16,0.));
#5454=DIRECTION('',(4.78964815154239E-16,-1.,0.));
#5455=DIRECTION('',(1.,4.79000519804096E-16,0.));
#5456=DIRECTION('',(0.,0.,1.));
#5457=DIRECTION('',(-1.05991251078013E-15,1.,0.));
#5458=DIRECTION('',(1.,1.05991251078013E-15,0.));
#5459=DIRECTION('',(-1.05991604382183E-15,1.,0.));
#5460=DIRECTION('',(0.,0.,-1.));
#5461=DIRECTION('',(1.,6.96676094769802E-16,0.));
#5462=DIRECTION('',(0.,0.,1.));
#5463=DIRECTION('',(-1.,-6.96676094769802E-16,0.));
#5464=DIRECTION('',(-6.96676094769802E-16,1.,0.));
#5465=DIRECTION('',(-1.,-6.96491475604688E-16,0.));
#5466=DIRECTION('',(0.,1.,0.));
#5467=DIRECTION('',(1.,1.61519876720374E-15,0.));
#5468=DIRECTION('',(0.,-1.,0.));
#5469=DIRECTION('',(-1.,-8.07599383601869E-16,0.));
#5470=DIRECTION('',(0.,0.,1.));
#5471=DIRECTION('',(1.,0.,0.));
#5472=DIRECTION('',(0.,-1.,0.));
#5473=DIRECTION('',(1.,0.,0.));
#5474=DIRECTION('',(0.,0.,-1.));
#5475=DIRECTION('',(0.,1.,0.));
#5476=DIRECTION('',(-1.,0.,0.));
#5477=DIRECTION('',(0.,0.,1.));
#5478=DIRECTION('',(0.,0.,1.));
#5479=DIRECTION('',(1.,0.,0.));
#5480=DIRECTION('',(0.,1.,0.));
#5481=DIRECTION('',(1.,0.,0.));
#5482=DIRECTION('',(0.,0.,-1.));
#5483=DIRECTION('',(0.,-1.,0.));
#5484=DIRECTION('',(-1.,0.,0.));
#5485=DIRECTION('',(0.,0.,1.));
#5486=DIRECTION('',(0.,0.,1.));
#5487=DIRECTION('',(1.,0.,0.));
#5488=DIRECTION('',(0.,1.,0.));
#5489=DIRECTION('',(1.,0.,0.));
#5490=DIRECTION('',(0.,0.,-1.));
#5491=DIRECTION('',(0.,-1.,0.));
#5492=DIRECTION('',(-1.,0.,0.));
#5493=DIRECTION('',(0.,0.,1.));
#5494=DIRECTION('',(0.,0.,1.));
#5495=DIRECTION('',(1.,0.,0.));
#5496=DIRECTION('',(0.,1.,0.));
#5497=DIRECTION('',(1.,0.,0.));
#5498=DIRECTION('',(0.,0.,-1.));
#5499=DIRECTION('',(0.,-1.,0.));
#5500=DIRECTION('',(-1.,0.,0.));
#5501=DIRECTION('',(0.,0.,1.));
#5502=DIRECTION('',(0.,0.,1.));
#5503=DIRECTION('',(1.,0.,0.));
#5504=DIRECTION('',(0.,1.,0.));
#5505=DIRECTION('',(1.,0.,0.));
#5506=DIRECTION('',(0.,0.,-1.));
#5507=DIRECTION('',(0.,-1.,0.));
#5508=DIRECTION('',(-1.,0.,0.));
#5509=DIRECTION('',(0.,0.,1.));
#5510=DIRECTION('',(0.,0.,1.));
#5511=DIRECTION('',(1.,0.,0.));
#5512=DIRECTION('',(0.,1.,0.));
#5513=DIRECTION('',(1.,0.,0.));
#5514=DIRECTION('',(0.,0.,-1.));
#5515=DIRECTION('',(0.,-1.,0.));
#5516=DIRECTION('',(-1.,0.,0.));
#5517=DIRECTION('',(0.,0.,1.));
#5518=DIRECTION('',(0.,0.,1.));
#5519=DIRECTION('',(1.,0.,0.));
#5520=DIRECTION('',(0.,1.,0.));
#5521=DIRECTION('',(1.,0.,0.));
#5522=DIRECTION('',(0.,0.,-1.));
#5523=DIRECTION('',(0.,-1.,0.));
#5524=DIRECTION('',(-1.,0.,0.));
#5525=DIRECTION('',(0.,0.,1.));
#5526=DIRECTION('',(0.,0.,1.));
#5527=DIRECTION('',(1.,0.,0.));
#5528=DIRECTION('',(0.,-1.,0.));
#5529=DIRECTION('',(1.,1.61519876720374E-15,0.));
#5530=DIRECTION('',(0.,1.,0.));
#5531=DIRECTION('',(-1.,-8.07599383601869E-16,0.));
#5532=DIRECTION('',(0.,0.,1.));
#5533=DIRECTION('',(1.,0.,0.));
#5534=DIRECTION('',(0.,0.,1.));
#5535=DIRECTION('',(-1.,-1.61519876720374E-15,0.));
#5536=DIRECTION('',(0.,0.,1.));
#5537=DIRECTION('',(1.61519876720374E-15,-1.,0.));
#5538=DIRECTION('',(1.,1.61502755613441E-15,0.));
#5539=DIRECTION('',(0.,1.,0.));
#5540=DIRECTION('',(0.,0.,1.));
#5541=DIRECTION('',(-1.,0.,0.));
#5542=DIRECTION('',(0.,0.,1.));
#5543=DIRECTION('',(1.,8.07599383601869E-16,0.));
#5544=DIRECTION('',(0.,0.,1.));
#5545=DIRECTION('',(-8.07599383601869E-16,1.,0.));
#5546=DIRECTION('',(-1.,-8.07513778067204E-16,0.));
#5547=DIRECTION('',(0.,-1.,0.));
#5548=DIRECTION('',(1.,0.,0.));
#5549=DIRECTION('',(0.,0.,-1.));
#5550=DIRECTION('',(0.,0.,1.));
#5551=DIRECTION('',(0.,1.,0.));
#5552=DIRECTION('',(0.,0.,1.));
#5553=DIRECTION('',(1.,0.,0.));
#5554=DIRECTION('',(0.,0.,-1.));
#5555=DIRECTION('',(-1.,-8.07599383601869E-16,0.));
#5556=DIRECTION('',(0.,0.,1.));
#5557=DIRECTION('',(-8.07599383601869E-16,1.,0.));
#5558=DIRECTION('',(-1.,-8.07513778067204E-16,0.));
#5559=DIRECTION('',(0.,-1.,0.));
#5560=DIRECTION('',(0.,0.,1.));
#5561=DIRECTION('',(-1.,0.,0.));
#5562=DIRECTION('',(0.,0.,1.));
#5563=DIRECTION('',(1.,1.61519876720374E-15,0.));
#5564=DIRECTION('',(1.61519876720374E-15,-1.,0.));
#5565=DIRECTION('',(1.,1.61502755613441E-15,0.));
#5566=DIRECTION('',(-1.,-1.61519876720374E-15,0.));
#5567=DIRECTION('',(0.,1.,0.));
#5568=DIRECTION('',(1.,8.07599383601869E-16,0.));
#5569=DIRECTION('',(0.,-1.,0.));
#5570=DIRECTION('',(0.,0.,1.));
#5571=DIRECTION('',(1.,0.,0.));
#5572=DIRECTION('',(0.449101004660398,-0.449101004660396,0.772409590325007));
#5573=DIRECTION('',(-0.449101004660398,-0.449101004660396,-0.772409590325006));
#5574=DIRECTION('',(0.86449470670431,0.,-0.50264192232665));
#5575=DIRECTION('',(0.,-1.,0.));
#5576=DIRECTION('',(0.449101004660398,-0.449101004660396,-0.772409590325007));
#5577=DIRECTION('',(-6.9816539226148E-16,0.86449470670431,-0.502641922326649));
#5578=DIRECTION('',(1.,8.07513778067204E-16,0.));
#5579=DIRECTION('',(-0.449101004660398,-0.449101004660397,0.772409590325006));
#5580=DIRECTION('',(1.39633078452296E-15,-0.86449470670431,-0.502641922326649));
#5581=DIRECTION('',(-1.,-1.61502755613441E-15,0.));
#5582=DIRECTION('',(-0.86449470670431,0.,-0.50264192232665));
#5583=DIRECTION('',(0.,1.,0.));
#5584=DIRECTION('',(-0.449101004660397,-0.449101004660396,0.772409590325007));
#5585=DIRECTION('',(-0.449101004660397,0.449101004660396,-0.772409590325007));
#5586=DIRECTION('',(6.9816539226148E-16,-0.86449470670431,-0.502641922326648));
#5587=DIRECTION('',(-1.,-8.07513778067204E-16,0.));
#5588=DIRECTION('',(-0.449101004660397,-0.449101004660397,-0.772409590325006));
#5589=DIRECTION('',(0.86449470670431,0.,-0.502641922326649));
#5590=DIRECTION('',(0.,-1.,0.));
#5591=DIRECTION('',(-0.449101004660397,0.449101004660395,0.772409590325007));
#5592=DIRECTION('',(-0.86449470670431,0.,-0.502641922326649));
#5593=DIRECTION('',(0.,1.,0.));
#5594=DIRECTION('',(-1.39633078452296E-15,0.86449470670431,-0.502641922326648));
#5595=DIRECTION('',(1.,1.61502755613441E-15,0.));
#5596=DIRECTION('',(0.,-1.,0.));
#5597=DIRECTION('',(1.,1.61519876720374E-15,0.));
#5598=DIRECTION('',(0.,1.,0.));
#5599=DIRECTION('',(-1.,-8.07599383601869E-16,0.));
#5600=DIRECTION('',(0.,0.,1.));
#5601=DIRECTION('',(1.,0.,0.));
#5602=DIRECTION('',(0.,0.,1.));
#5603=DIRECTION('',(-1.,-1.61519876720374E-15,0.));
#5604=DIRECTION('',(0.,0.,1.));
#5605=DIRECTION('',(1.61519876720374E-15,-1.,0.));
#5606=DIRECTION('',(1.,1.61502755613441E-15,0.));
#5607=DIRECTION('',(0.,1.,0.));
#5608=DIRECTION('',(0.,0.,1.));
#5609=DIRECTION('',(-1.,0.,0.));
#5610=DIRECTION('',(0.,0.,1.));
#5611=DIRECTION('',(1.,8.07599383601869E-16,0.));
#5612=DIRECTION('',(0.,0.,1.));
#5613=DIRECTION('',(-8.07599383601869E-16,1.,0.));
#5614=DIRECTION('',(-1.,-8.07513778067204E-16,0.));
#5615=DIRECTION('',(0.,-1.,0.));
#5616=DIRECTION('',(1.,0.,0.));
#5617=DIRECTION('',(0.,0.,-1.));
#5618=DIRECTION('',(0.,-1.,0.));
#5619=DIRECTION('',(1.,1.61519876720374E-15,0.));
#5620=DIRECTION('',(0.,1.,0.));
#5621=DIRECTION('',(-1.,-8.07599383601869E-16,0.));
#5622=DIRECTION('',(0.,0.,1.));
#5623=DIRECTION('',(1.,0.,0.));
#5624=DIRECTION('',(0.,0.,1.));
#5625=DIRECTION('',(-1.,-1.61519876720374E-15,0.));
#5626=DIRECTION('',(0.,0.,1.));
#5627=DIRECTION('',(1.61519876720374E-15,-1.,0.));
#5628=DIRECTION('',(1.,1.61502755613441E-15,0.));
#5629=DIRECTION('',(0.,1.,0.));
#5630=DIRECTION('',(0.,0.,1.));
#5631=DIRECTION('',(-1.,0.,0.));
#5632=DIRECTION('',(0.,0.,1.));
#5633=DIRECTION('',(1.,8.07599383601869E-16,0.));
#5634=DIRECTION('',(0.,0.,1.));
#5635=DIRECTION('',(-8.07599383601869E-16,1.,0.));
#5636=DIRECTION('',(-1.,-8.07513778067204E-16,0.));
#5637=DIRECTION('',(0.,-1.,0.));
#5638=DIRECTION('',(1.,0.,0.));
#5639=DIRECTION('',(0.,0.,-1.));
#5640=DIRECTION('',(0.,-1.,0.));
#5641=DIRECTION('',(1.,1.61519876720374E-15,0.));
#5642=DIRECTION('',(0.,1.,0.));
#5643=DIRECTION('',(-1.,-8.07599383601869E-16,0.));
#5644=DIRECTION('',(0.,0.,1.));
#5645=DIRECTION('',(1.,0.,0.));
#5646=DIRECTION('',(0.,0.,1.));
#5647=DIRECTION('',(-1.,-1.61519876720374E-15,0.));
#5648=DIRECTION('',(0.,0.,1.));
#5649=DIRECTION('',(1.61519876720374E-15,-1.,0.));
#5650=DIRECTION('',(1.,1.61502755613441E-15,0.));
#5651=DIRECTION('',(0.,1.,0.));
#5652=DIRECTION('',(0.,0.,1.));
#5653=DIRECTION('',(-1.,0.,0.));
#5654=DIRECTION('',(0.,0.,1.));
#5655=DIRECTION('',(1.,8.07599383601869E-16,0.));
#5656=DIRECTION('',(0.,0.,1.));
#5657=DIRECTION('',(-8.07599383601869E-16,1.,0.));
#5658=DIRECTION('',(-1.,-8.07513778067204E-16,0.));
#5659=DIRECTION('',(0.,-1.,0.));
#5660=DIRECTION('',(1.,0.,0.));
#5661=DIRECTION('',(0.,0.,-1.));
#5662=DIRECTION('',(0.,-1.,0.));
#5663=DIRECTION('',(1.,1.61519876720374E-15,0.));
#5664=DIRECTION('',(0.,1.,0.));
#5665=DIRECTION('',(-1.,-8.07599383601869E-16,0.));
#5666=DIRECTION('',(0.,0.,1.));
#5667=DIRECTION('',(1.,0.,0.));
#5668=DIRECTION('',(0.,0.,1.));
#5669=DIRECTION('',(-1.,-1.61519876720374E-15,0.));
#5670=DIRECTION('',(0.,0.,1.));
#5671=DIRECTION('',(1.61519876720374E-15,-1.,0.));
#5672=DIRECTION('',(1.,1.61502755613441E-15,0.));
#5673=DIRECTION('',(0.,1.,0.));
#5674=DIRECTION('',(0.,0.,1.));
#5675=DIRECTION('',(-1.,0.,0.));
#5676=DIRECTION('',(0.,0.,1.));
#5677=DIRECTION('',(1.,8.07599383601869E-16,0.));
#5678=DIRECTION('',(0.,0.,1.));
#5679=DIRECTION('',(-8.07599383601869E-16,1.,0.));
#5680=DIRECTION('',(-1.,-8.07513778067204E-16,0.));
#5681=DIRECTION('',(0.,-1.,0.));
#5682=DIRECTION('',(1.,0.,0.));
#5683=DIRECTION('',(0.,0.,-1.));
#5684=DIRECTION('',(0.,-1.,0.));
#5685=DIRECTION('',(1.,1.61519876720374E-15,0.));
#5686=DIRECTION('',(0.,1.,0.));
#5687=DIRECTION('',(-1.,-8.07599383601869E-16,0.));
#5688=DIRECTION('',(0.,0.,1.));
#5689=DIRECTION('',(1.,0.,0.));
#5690=DIRECTION('',(0.,0.,1.));
#5691=DIRECTION('',(-1.,-1.61519876720374E-15,0.));
#5692=DIRECTION('',(0.,0.,1.));
#5693=DIRECTION('',(1.61519876720374E-15,-1.,0.));
#5694=DIRECTION('',(1.,1.61502755613441E-15,0.));
#5695=DIRECTION('',(0.,1.,0.));
#5696=DIRECTION('',(0.,0.,1.));
#5697=DIRECTION('',(-1.,0.,0.));
#5698=DIRECTION('',(0.,0.,1.));
#5699=DIRECTION('',(1.,8.07599383601869E-16,0.));
#5700=DIRECTION('',(0.,0.,1.));
#5701=DIRECTION('',(-8.07599383601869E-16,1.,0.));
#5702=DIRECTION('',(-1.,-8.07513778067204E-16,0.));
#5703=DIRECTION('',(0.,-1.,0.));
#5704=DIRECTION('',(1.,0.,0.));
#5705=DIRECTION('',(0.,0.,-1.));
#5706=DIRECTION('',(0.,-1.,0.));
#5707=DIRECTION('',(1.,1.61519876720374E-15,0.));
#5708=DIRECTION('',(0.,1.,0.));
#5709=DIRECTION('',(-1.,-8.07599383601869E-16,0.));
#5710=DIRECTION('',(0.,0.,1.));
#5711=DIRECTION('',(1.,0.,0.));
#5712=DIRECTION('',(0.,0.,1.));
#5713=DIRECTION('',(-1.,-1.61519876720374E-15,0.));
#5714=DIRECTION('',(0.,0.,1.));
#5715=DIRECTION('',(1.61519876720374E-15,-1.,0.));
#5716=DIRECTION('',(1.,1.61502755613441E-15,0.));
#5717=DIRECTION('',(0.,1.,0.));
#5718=DIRECTION('',(0.,0.,1.));
#5719=DIRECTION('',(-1.,0.,0.));
#5720=DIRECTION('',(0.,0.,1.));
#5721=DIRECTION('',(1.,8.07599383601869E-16,0.));
#5722=DIRECTION('',(0.,0.,1.));
#5723=DIRECTION('',(-8.07599383601869E-16,1.,0.));
#5724=DIRECTION('',(-1.,-8.07513778067204E-16,0.));
#5725=DIRECTION('',(0.,-1.,0.));
#5726=DIRECTION('',(1.,0.,0.));
#5727=DIRECTION('',(0.,0.,-1.));
#5728=DIRECTION('',(0.,0.,1.));
#5729=DIRECTION('',(0.,1.,0.));
#5730=DIRECTION('',(0.,0.,1.));
#5731=DIRECTION('',(1.,0.,0.));
#5732=DIRECTION('',(0.,0.,-1.));
#5733=DIRECTION('',(-1.,-8.07599383601869E-16,0.));
#5734=DIRECTION('',(0.,0.,1.));
#5735=DIRECTION('',(-8.07599383601869E-16,1.,0.));
#5736=DIRECTION('',(-1.,-8.07513778067204E-16,0.));
#5737=DIRECTION('',(0.,-1.,0.));
#5738=DIRECTION('',(0.,0.,1.));
#5739=DIRECTION('',(-1.,0.,0.));
#5740=DIRECTION('',(0.,0.,1.));
#5741=DIRECTION('',(1.,1.61519876720374E-15,0.));
#5742=DIRECTION('',(1.61519876720374E-15,-1.,0.));
#5743=DIRECTION('',(1.,1.61502755613441E-15,0.));
#5744=DIRECTION('',(-1.,-1.61519876720374E-15,0.));
#5745=DIRECTION('',(0.,1.,0.));
#5746=DIRECTION('',(1.,8.07599383601869E-16,0.));
#5747=DIRECTION('',(0.,-1.,0.));
#5748=DIRECTION('',(0.,0.,1.));
#5749=DIRECTION('',(1.,0.,0.));
#5750=DIRECTION('',(0.,0.,1.));
#5751=DIRECTION('',(0.,1.,0.));
#5752=DIRECTION('',(0.,0.,1.));
#5753=DIRECTION('',(1.,0.,0.));
#5754=DIRECTION('',(0.,0.,-1.));
#5755=DIRECTION('',(-1.,-8.07599383601869E-16,0.));
#5756=DIRECTION('',(0.,0.,1.));
#5757=DIRECTION('',(-8.07599383601869E-16,1.,0.));
#5758=DIRECTION('',(-1.,-8.07513778067204E-16,0.));
#5759=DIRECTION('',(0.,-1.,0.));
#5760=DIRECTION('',(0.,0.,1.));
#5761=DIRECTION('',(-1.,0.,0.));
#5762=DIRECTION('',(0.,0.,1.));
#5763=DIRECTION('',(1.,1.61519876720374E-15,0.));
#5764=DIRECTION('',(1.61519876720374E-15,-1.,0.));
#5765=DIRECTION('',(1.,1.61502755613441E-15,0.));
#5766=DIRECTION('',(-1.,-1.61519876720374E-15,0.));
#5767=DIRECTION('',(0.,1.,0.));
#5768=DIRECTION('',(1.,8.07599383601869E-16,0.));
#5769=DIRECTION('',(0.,-1.,0.));
#5770=DIRECTION('',(0.,0.,1.));
#5771=DIRECTION('',(1.,0.,0.));
#5772=DIRECTION('',(0.,0.,1.));
#5773=DIRECTION('',(0.,1.,0.));
#5774=DIRECTION('',(0.,0.,1.));
#5775=DIRECTION('',(1.,0.,0.));
#5776=DIRECTION('',(0.,0.,-1.));
#5777=DIRECTION('',(-1.,-8.07599383601869E-16,0.));
#5778=DIRECTION('',(0.,0.,1.));
#5779=DIRECTION('',(-8.07599383601869E-16,1.,0.));
#5780=DIRECTION('',(-1.,-8.07513778067204E-16,0.));
#5781=DIRECTION('',(0.,-1.,0.));
#5782=DIRECTION('',(0.,0.,1.));
#5783=DIRECTION('',(-1.,0.,0.));
#5784=DIRECTION('',(0.,0.,1.));
#5785=DIRECTION('',(1.,1.61519876720374E-15,0.));
#5786=DIRECTION('',(1.61519876720374E-15,-1.,0.));
#5787=DIRECTION('',(1.,1.61502755613441E-15,0.));
#5788=DIRECTION('',(-1.,-1.61519876720374E-15,0.));
#5789=DIRECTION('',(0.,1.,0.));
#5790=DIRECTION('',(1.,8.07599383601869E-16,0.));
#5791=DIRECTION('',(0.,-1.,0.));
#5792=DIRECTION('',(0.,0.,1.));
#5793=DIRECTION('',(1.,0.,0.));
#5794=DIRECTION('',(0.,0.,1.));
#5795=DIRECTION('',(0.,1.,0.));
#5796=DIRECTION('',(0.,0.,1.));
#5797=DIRECTION('',(1.,0.,0.));
#5798=DIRECTION('',(0.,0.,-1.));
#5799=DIRECTION('',(-1.,-8.07599383601869E-16,0.));
#5800=DIRECTION('',(0.,0.,1.));
#5801=DIRECTION('',(-8.07599383601869E-16,1.,0.));
#5802=DIRECTION('',(-1.,-8.07513778067204E-16,0.));
#5803=DIRECTION('',(0.,-1.,0.));
#5804=DIRECTION('',(0.,0.,1.));
#5805=DIRECTION('',(-1.,0.,0.));
#5806=DIRECTION('',(0.,0.,1.));
#5807=DIRECTION('',(1.,1.61519876720374E-15,0.));
#5808=DIRECTION('',(1.61519876720374E-15,-1.,0.));
#5809=DIRECTION('',(1.,1.61502755613441E-15,0.));
#5810=DIRECTION('',(-1.,-1.61519876720374E-15,0.));
#5811=DIRECTION('',(0.,1.,0.));
#5812=DIRECTION('',(1.,8.07599383601869E-16,0.));
#5813=DIRECTION('',(0.,-1.,0.));
#5814=DIRECTION('',(0.,0.,1.));
#5815=DIRECTION('',(1.,0.,0.));
#5816=DIRECTION('',(0.,0.,1.));
#5817=DIRECTION('',(0.,1.,0.));
#5818=DIRECTION('',(0.,0.,1.));
#5819=DIRECTION('',(1.,0.,0.));
#5820=DIRECTION('',(0.,0.,-1.));
#5821=DIRECTION('',(-1.,-8.07599383601869E-16,0.));
#5822=DIRECTION('',(0.,0.,1.));
#5823=DIRECTION('',(-8.07599383601869E-16,1.,0.));
#5824=DIRECTION('',(-1.,-8.07513778067204E-16,0.));
#5825=DIRECTION('',(0.,-1.,0.));
#5826=DIRECTION('',(0.,0.,1.));
#5827=DIRECTION('',(-1.,0.,0.));
#5828=DIRECTION('',(0.,0.,1.));
#5829=DIRECTION('',(1.,1.61519876720374E-15,0.));
#5830=DIRECTION('',(1.61519876720374E-15,-1.,0.));
#5831=DIRECTION('',(1.,1.61502755613441E-15,0.));
#5832=DIRECTION('',(-1.,-1.61519876720374E-15,0.));
#5833=DIRECTION('',(0.,1.,0.));
#5834=DIRECTION('',(1.,8.07599383601869E-16,0.));
#5835=DIRECTION('',(0.,-1.,0.));
#5836=DIRECTION('',(0.,0.,1.));
#5837=DIRECTION('',(1.,0.,0.));
#5838=DIRECTION('',(0.,0.,1.));
#5839=DIRECTION('',(0.,1.,0.));
#5840=DIRECTION('',(0.,0.,1.));
#5841=DIRECTION('',(1.,0.,0.));
#5842=DIRECTION('',(0.,0.,-1.));
#5843=DIRECTION('',(-1.,-8.07599383601869E-16,0.));
#5844=DIRECTION('',(0.,0.,1.));
#5845=DIRECTION('',(-8.07599383601869E-16,1.,0.));
#5846=DIRECTION('',(-1.,-8.07513778067204E-16,0.));
#5847=DIRECTION('',(0.,-1.,0.));
#5848=DIRECTION('',(0.,0.,1.));
#5849=DIRECTION('',(-1.,0.,0.));
#5850=DIRECTION('',(0.,0.,1.));
#5851=DIRECTION('',(1.,1.61519876720374E-15,0.));
#5852=DIRECTION('',(1.61519876720374E-15,-1.,0.));
#5853=DIRECTION('',(1.,1.61502755613441E-15,0.));
#5854=DIRECTION('',(-1.,-1.61519876720374E-15,0.));
#5855=DIRECTION('',(0.,1.,0.));
#5856=DIRECTION('',(1.,8.07599383601869E-16,0.));
#5857=DIRECTION('',(0.,-1.,0.));
#5858=DIRECTION('',(0.,0.,1.));
#5859=DIRECTION('',(1.,0.,0.));
#5860=DIRECTION('',(0.449101004660398,-0.449101004660396,0.772409590325007));
#5861=DIRECTION('',(-0.449101004660398,-0.449101004660396,-0.772409590325006));
#5862=DIRECTION('',(0.86449470670431,0.,-0.50264192232665));
#5863=DIRECTION('',(0.,-1.,0.));
#5864=DIRECTION('',(0.449101004660398,-0.449101004660396,-0.772409590325007));
#5865=DIRECTION('',(-6.9816539226148E-16,0.86449470670431,-0.502641922326649));
#5866=DIRECTION('',(1.,8.07513778067204E-16,0.));
#5867=DIRECTION('',(-0.449101004660398,-0.449101004660397,0.772409590325006));
#5868=DIRECTION('',(1.39633078452296E-15,-0.86449470670431,-0.502641922326649));
#5869=DIRECTION('',(-1.,-1.61502755613441E-15,0.));
#5870=DIRECTION('',(-0.86449470670431,0.,-0.50264192232665));
#5871=DIRECTION('',(0.,1.,0.));
#5872=DIRECTION('',(0.449101004660398,-0.449101004660396,0.772409590325007));
#5873=DIRECTION('',(-0.449101004660398,-0.449101004660396,-0.772409590325006));
#5874=DIRECTION('',(0.86449470670431,0.,-0.50264192232665));
#5875=DIRECTION('',(0.,-1.,0.));
#5876=DIRECTION('',(0.449101004660395,-0.449101004660397,-0.772409590325008));
#5877=DIRECTION('',(-6.9816539226148E-16,0.86449470670431,-0.502641922326649));
#5878=DIRECTION('',(1.,8.07513778067204E-16,0.));
#5879=DIRECTION('',(-0.449101004660394,-0.449101004660398,0.772409590325007));
#5880=DIRECTION('',(1.39633078452296E-15,-0.86449470670431,-0.502641922326649));
#5881=DIRECTION('',(-1.,-1.61502755613441E-15,0.));
#5882=DIRECTION('',(-0.864494706704311,0.,-0.502641922326647));
#5883=DIRECTION('',(0.,1.,0.));
#5884=DIRECTION('',(0.449101004660398,-0.449101004660396,0.772409590325007));
#5885=DIRECTION('',(-0.449101004660398,-0.449101004660396,-0.772409590325006));
#5886=DIRECTION('',(0.86449470670431,0.,-0.50264192232665));
#5887=DIRECTION('',(0.,-1.,0.));
#5888=DIRECTION('',(0.449101004660398,-0.449101004660396,-0.772409590325007));
#5889=DIRECTION('',(-6.9816539226148E-16,0.86449470670431,-0.502641922326649));
#5890=DIRECTION('',(1.,8.07513778067204E-16,0.));
#5891=DIRECTION('',(-0.449101004660398,-0.449101004660397,0.772409590325006));
#5892=DIRECTION('',(1.39633078452296E-15,-0.86449470670431,-0.502641922326649));
#5893=DIRECTION('',(-1.,-1.61502755613441E-15,0.));
#5894=DIRECTION('',(-0.86449470670431,0.,-0.50264192232665));
#5895=DIRECTION('',(0.,1.,0.));
#5896=DIRECTION('',(0.449101004660398,-0.449101004660396,0.772409590325007));
#5897=DIRECTION('',(-0.449101004660398,-0.449101004660396,-0.772409590325006));
#5898=DIRECTION('',(0.86449470670431,0.,-0.50264192232665));
#5899=DIRECTION('',(0.,-1.,0.));
#5900=DIRECTION('',(0.449101004660398,-0.449101004660396,-0.772409590325007));
#5901=DIRECTION('',(-6.9816539226148E-16,0.86449470670431,-0.502641922326649));
#5902=DIRECTION('',(1.,8.07513778067204E-16,0.));
#5903=DIRECTION('',(-0.449101004660398,-0.449101004660397,0.772409590325006));
#5904=DIRECTION('',(1.39633078452296E-15,-0.86449470670431,-0.502641922326649));
#5905=DIRECTION('',(-1.,-1.61502755613441E-15,0.));
#5906=DIRECTION('',(-0.86449470670431,0.,-0.50264192232665));
#5907=DIRECTION('',(0.,1.,0.));
#5908=DIRECTION('',(0.449101004660398,-0.449101004660396,0.772409590325007));
#5909=DIRECTION('',(-0.449101004660398,-0.449101004660396,-0.772409590325006));
#5910=DIRECTION('',(0.86449470670431,0.,-0.50264192232665));
#5911=DIRECTION('',(0.,-1.,0.));
#5912=DIRECTION('',(0.449101004660398,-0.449101004660396,-0.772409590325007));
#5913=DIRECTION('',(-6.9816539226148E-16,0.86449470670431,-0.502641922326649));
#5914=DIRECTION('',(1.,8.07513778067204E-16,0.));
#5915=DIRECTION('',(-0.449101004660398,-0.449101004660397,0.772409590325006));
#5916=DIRECTION('',(1.39633078452296E-15,-0.86449470670431,-0.502641922326649));
#5917=DIRECTION('',(-1.,-1.61502755613441E-15,0.));
#5918=DIRECTION('',(-0.86449470670431,0.,-0.50264192232665));
#5919=DIRECTION('',(0.,1.,0.));
#5920=DIRECTION('',(0.449101004660398,-0.449101004660396,0.772409590325007));
#5921=DIRECTION('',(-0.449101004660398,-0.449101004660396,-0.772409590325006));
#5922=DIRECTION('',(0.86449470670431,0.,-0.50264192232665));
#5923=DIRECTION('',(0.,-1.,0.));
#5924=DIRECTION('',(0.449101004660395,-0.449101004660397,-0.772409590325008));
#5925=DIRECTION('',(-6.9816539226148E-16,0.86449470670431,-0.502641922326649));
#5926=DIRECTION('',(1.,8.07513778067204E-16,0.));
#5927=DIRECTION('',(-0.449101004660394,-0.449101004660398,0.772409590325007));
#5928=DIRECTION('',(1.39633078452296E-15,-0.86449470670431,-0.502641922326649));
#5929=DIRECTION('',(-1.,-1.61502755613441E-15,0.));
#5930=DIRECTION('',(-0.864494706704311,0.,-0.502641922326647));
#5931=DIRECTION('',(0.,1.,0.));
#5932=DIRECTION('',(-0.449101004660397,-0.449101004660396,0.772409590325007));
#5933=DIRECTION('',(-0.449101004660397,0.449101004660396,-0.772409590325007));
#5934=DIRECTION('',(6.9816539226148E-16,-0.86449470670431,-0.502641922326648));
#5935=DIRECTION('',(-1.,-8.07513778067204E-16,0.));
#5936=DIRECTION('',(-0.449101004660397,-0.449101004660397,-0.772409590325006));
#5937=DIRECTION('',(0.86449470670431,0.,-0.502641922326649));
#5938=DIRECTION('',(0.,-1.,0.));
#5939=DIRECTION('',(-0.449101004660397,0.449101004660395,0.772409590325007));
#5940=DIRECTION('',(-0.86449470670431,0.,-0.502641922326649));
#5941=DIRECTION('',(0.,1.,0.));
#5942=DIRECTION('',(-1.39633078452296E-15,0.86449470670431,-0.502641922326648));
#5943=DIRECTION('',(1.,1.61502755613441E-15,0.));
#5944=DIRECTION('',(-0.449101004660397,-0.449101004660396,0.772409590325007));
#5945=DIRECTION('',(-0.449101004660394,0.449101004660396,-0.772409590325008));
#5946=DIRECTION('',(6.9816539226148E-16,-0.86449470670431,-0.502641922326648));
#5947=DIRECTION('',(-1.,-8.07513778067204E-16,0.));
#5948=DIRECTION('',(-0.449101004660394,-0.449101004660397,-0.772409590325008));
#5949=DIRECTION('',(0.864494706704312,0.,-0.502641922326646));
#5950=DIRECTION('',(0.,-1.,0.));
#5951=DIRECTION('',(-0.449101004660397,0.449101004660395,0.772409590325007));
#5952=DIRECTION('',(-0.86449470670431,0.,-0.502641922326649));
#5953=DIRECTION('',(0.,1.,0.));
#5954=DIRECTION('',(-1.39633078452296E-15,0.86449470670431,-0.502641922326648));
#5955=DIRECTION('',(1.,1.61502755613441E-15,0.));
#5956=DIRECTION('',(-0.449101004660397,-0.449101004660396,0.772409590325007));
#5957=DIRECTION('',(-0.449101004660397,0.449101004660396,-0.772409590325007));
#5958=DIRECTION('',(6.9816539226148E-16,-0.86449470670431,-0.502641922326648));
#5959=DIRECTION('',(-1.,-8.07513778067204E-16,0.));
#5960=DIRECTION('',(-0.449101004660397,-0.449101004660397,-0.772409590325006));
#5961=DIRECTION('',(0.86449470670431,0.,-0.502641922326649));
#5962=DIRECTION('',(0.,-1.,0.));
#5963=DIRECTION('',(-0.449101004660397,0.449101004660395,0.772409590325007));
#5964=DIRECTION('',(-0.86449470670431,0.,-0.502641922326649));
#5965=DIRECTION('',(0.,1.,0.));
#5966=DIRECTION('',(-1.39633078452296E-15,0.86449470670431,-0.502641922326648));
#5967=DIRECTION('',(1.,1.61502755613441E-15,0.));
#5968=DIRECTION('',(-0.449101004660397,-0.449101004660396,0.772409590325007));
#5969=DIRECTION('',(-0.449101004660397,0.449101004660396,-0.772409590325007));
#5970=DIRECTION('',(6.9816539226148E-16,-0.86449470670431,-0.502641922326648));
#5971=DIRECTION('',(-1.,-8.07513778067204E-16,0.));
#5972=DIRECTION('',(-0.449101004660397,-0.449101004660397,-0.772409590325006));
#5973=DIRECTION('',(0.86449470670431,0.,-0.502641922326649));
#5974=DIRECTION('',(0.,-1.,0.));
#5975=DIRECTION('',(-0.449101004660397,0.449101004660395,0.772409590325007));
#5976=DIRECTION('',(-0.86449470670431,0.,-0.502641922326649));
#5977=DIRECTION('',(0.,1.,0.));
#5978=DIRECTION('',(-1.39633078452296E-15,0.86449470670431,-0.502641922326648));
#5979=DIRECTION('',(1.,1.61502755613441E-15,0.));
#5980=DIRECTION('',(-0.449101004660397,-0.449101004660396,0.772409590325007));
#5981=DIRECTION('',(-0.449101004660397,0.449101004660396,-0.772409590325007));
#5982=DIRECTION('',(6.9816539226148E-16,-0.86449470670431,-0.502641922326648));
#5983=DIRECTION('',(-1.,-8.07513778067204E-16,0.));
#5984=DIRECTION('',(-0.449101004660397,-0.449101004660397,-0.772409590325006));
#5985=DIRECTION('',(0.86449470670431,0.,-0.502641922326649));
#5986=DIRECTION('',(0.,-1.,0.));
#5987=DIRECTION('',(-0.449101004660397,0.449101004660395,0.772409590325007));
#5988=DIRECTION('',(-0.86449470670431,0.,-0.502641922326649));
#5989=DIRECTION('',(0.,1.,0.));
#5990=DIRECTION('',(-1.39633078452296E-15,0.86449470670431,-0.502641922326648));
#5991=DIRECTION('',(1.,1.61502755613441E-15,0.));
#5992=DIRECTION('',(-0.449101004660397,-0.449101004660396,0.772409590325007));
#5993=DIRECTION('',(-0.449101004660394,0.449101004660396,-0.772409590325008));
#5994=DIRECTION('',(6.9816539226148E-16,-0.86449470670431,-0.502641922326648));
#5995=DIRECTION('',(-1.,-8.07513778067204E-16,0.));
#5996=DIRECTION('',(-0.449101004660394,-0.449101004660397,-0.772409590325008));
#5997=DIRECTION('',(0.864494706704312,0.,-0.502641922326646));
#5998=DIRECTION('',(0.,-1.,0.));
#5999=DIRECTION('',(-0.449101004660397,0.449101004660395,0.772409590325007));
#6000=DIRECTION('',(-0.86449470670431,0.,-0.502641922326649));
#6001=DIRECTION('',(0.,1.,0.));
#6002=DIRECTION('',(-1.39633078452296E-15,0.86449470670431,-0.502641922326648));
#6003=DIRECTION('',(1.,1.61502755613441E-15,0.));
#6004=CARTESIAN_POINT('',(0.,0.,0.));
#6005=CARTESIAN_POINT('',(-10.8150005879628,6.11475217430828,15.3));
#6006=CARTESIAN_POINT('',(-10.8150005879628,6.11552584303201,15.3));
#6007=CARTESIAN_POINT('',(-10.8150005879628,6.79,15.3));
#6008=CARTESIAN_POINT('',(-8.90999999999999,6.11552584303201,15.3));
#6009=CARTESIAN_POINT('',(-8.90999999999999,6.11552584303201,15.3));
#6010=CARTESIAN_POINT('',(-8.90999999999999,1.20552584303201,15.3));
#6011=CARTESIAN_POINT('',(-8.90999999999999,1.20552584303201,15.3));
#6012=CARTESIAN_POINT('',(-13.89,1.20552584303201,15.3));
#6013=CARTESIAN_POINT('',(-13.89,1.20552584303201,15.3));
#6014=CARTESIAN_POINT('',(-13.89,6.11552584303201,15.3));
#6015=CARTESIAN_POINT('',(-13.89,6.11552584303201,15.3));
#6016=CARTESIAN_POINT('',(-8.90999999999999,6.11552584303201,15.3));
#6017=CARTESIAN_POINT('',(-11.9850005879628,6.11552584303201,15.3));
#6018=CARTESIAN_POINT('',(-11.9850005879628,6.79,15.3));
#6019=CARTESIAN_POINT('',(-11.9850005879628,6.79,15.3));
#6020=CARTESIAN_POINT('',(20.275,6.79,15.3));
#6021=CARTESIAN_POINT('',(-16.5150005879628,6.79,15.3));
#6022=CARTESIAN_POINT('',(-16.5150005879628,6.11475217430828,15.3));
#6023=CARTESIAN_POINT('',(-16.5150005879628,6.11504654576639,15.3));
#6024=CARTESIAN_POINT('',(-14.61,6.11552584303201,15.3));
#6025=CARTESIAN_POINT('',(-14.61,6.11552584303201,15.3));
#6026=CARTESIAN_POINT('',(-14.61,1.205,15.3));
#6027=CARTESIAN_POINT('',(-14.61,1.205,15.3));
#6028=CARTESIAN_POINT('',(-18.4,1.205,15.3));
#6029=CARTESIAN_POINT('',(-18.4,1.205,15.3));
#6030=CARTESIAN_POINT('',(-18.4,0.604999999999999,15.3));
#6031=CARTESIAN_POINT('',(-18.4,0.604999999999999,15.3));
#6032=CARTESIAN_POINT('',(-19.59,0.604999999999999,15.3));
#6033=CARTESIAN_POINT('',(-19.59,0.604999999999999,15.3));
#6034=CARTESIAN_POINT('',(-19.59,5.31447415696799,15.3));
#6035=CARTESIAN_POINT('',(-19.59,5.31447415696799,15.3));
#6036=CARTESIAN_POINT('',(-18.79,6.11447415696799,15.3));
#6037=CARTESIAN_POINT('',(-18.79,6.114474156968,15.3));
#6038=CARTESIAN_POINT('',(-14.61,6.11552584303201,15.3));
#6039=CARTESIAN_POINT('',(-17.6850005879628,6.11475217430828,15.3));
#6040=CARTESIAN_POINT('',(-17.6850005879628,6.79,15.3));
#6041=CARTESIAN_POINT('',(-17.6850005879628,6.79,15.3));
#6042=CARTESIAN_POINT('',(20.275,6.79,15.3));
#6043=CARTESIAN_POINT('',(-20.275,6.79,15.3));
#6044=CARTESIAN_POINT('',(-20.275,6.79,15.3));
#6045=CARTESIAN_POINT('',(-20.275,0.,15.3));
#6046=CARTESIAN_POINT('',(20.275,0.,15.3));
#6047=CARTESIAN_POINT('',(-3.9,-2.78493351667499E-16,15.3));
#6048=CARTESIAN_POINT('',(-3.9,-2.77555756156289E-16,15.3));
#6049=CARTESIAN_POINT('',(-3.9,-0.25,15.3));
#6050=CARTESIAN_POINT('',(3.9,-0.25,15.3));
#6051=CARTESIAN_POINT('',(-3.04999999999999,-0.25,15.3));
#6052=CARTESIAN_POINT('',(-3.04999999999999,6.79000000000001,15.3));
#6053=CARTESIAN_POINT('',(-3.04999999999999,1.98591143529825E-14,15.3));
#6054=CARTESIAN_POINT('',(20.275,1.99493199737333E-14,15.3));
#6055=CARTESIAN_POINT('',(3.05,1.99493199737333E-14,15.3));
#6056=CARTESIAN_POINT('',(3.05,6.78999999999999,15.3));
#6057=CARTESIAN_POINT('',(3.05,-0.25,15.3));
#6058=CARTESIAN_POINT('',(3.9,-0.25,15.3));
#6059=CARTESIAN_POINT('',(3.9,-0.25,15.3));
#6060=CARTESIAN_POINT('',(3.9,-2.77555756156289E-16,15.3));
#6061=CARTESIAN_POINT('',(3.9,-2.78493351667499E-16,15.3));
#6062=CARTESIAN_POINT('',(20.275,0.,15.3));
#6063=CARTESIAN_POINT('',(20.275,0.,15.3));
#6064=CARTESIAN_POINT('',(20.275,6.79,15.3));
#6065=CARTESIAN_POINT('',(20.275,6.79,15.3));
#6066=CARTESIAN_POINT('',(20.275,6.79,15.3));
#6067=CARTESIAN_POINT('',(17.6849994120372,6.79,15.3));
#6068=CARTESIAN_POINT('',(17.6849994120372,6.11475217430828,15.3));
#6069=CARTESIAN_POINT('',(17.6849994120372,6.11475217430828,15.3));
#6070=CARTESIAN_POINT('',(14.61,6.11552584303201,15.3));
#6071=CARTESIAN_POINT('',(18.79,6.114474156968,15.3));
#6072=CARTESIAN_POINT('',(18.79,6.11447415696799,15.3));
#6073=CARTESIAN_POINT('',(19.59,5.31447415696799,15.3));
#6074=CARTESIAN_POINT('',(19.59,5.31447415696799,15.3));
#6075=CARTESIAN_POINT('',(19.59,0.604999999999999,15.3));
#6076=CARTESIAN_POINT('',(19.59,0.604999999999999,15.3));
#6077=CARTESIAN_POINT('',(18.4,0.604999999999999,15.3));
#6078=CARTESIAN_POINT('',(18.4,0.604999999999999,15.3));
#6079=CARTESIAN_POINT('',(18.4,1.205,15.3));
#6080=CARTESIAN_POINT('',(18.4,1.205,15.3));
#6081=CARTESIAN_POINT('',(14.61,1.205,15.3));
#6082=CARTESIAN_POINT('',(14.61,1.205,15.3));
#6083=CARTESIAN_POINT('',(14.61,6.11552584303201,15.3));
#6084=CARTESIAN_POINT('',(14.61,6.11552584303201,15.3));
#6085=CARTESIAN_POINT('',(16.5149994120372,6.11504654606225,15.3));
#6086=CARTESIAN_POINT('',(16.5149994120372,6.79,15.3));
#6087=CARTESIAN_POINT('',(16.5149994120372,6.79,15.3));
#6088=CARTESIAN_POINT('',(20.275,6.79,15.3));
#6089=CARTESIAN_POINT('',(11.9849994120372,6.79,15.3));
#6090=CARTESIAN_POINT('',(11.9849994120372,6.11475217430828,15.3));
#6091=CARTESIAN_POINT('',(11.9849994120372,6.11552584303201,15.3));
#6092=CARTESIAN_POINT('',(13.89,6.11552584303201,15.3));
#6093=CARTESIAN_POINT('',(13.89,6.11552584303201,15.3));
#6094=CARTESIAN_POINT('',(13.89,1.20552584303201,15.3));
#6095=CARTESIAN_POINT('',(13.89,1.20552584303201,15.3));
#6096=CARTESIAN_POINT('',(8.91000000000001,1.20552584303201,15.3));
#6097=CARTESIAN_POINT('',(8.91000000000001,1.20552584303201,15.3));
#6098=CARTESIAN_POINT('',(8.91000000000001,6.11552584303201,15.3));
#6099=CARTESIAN_POINT('',(8.91000000000001,6.11552584303201,15.3));
#6100=CARTESIAN_POINT('',(13.89,6.11552584303201,15.3));
#6101=CARTESIAN_POINT('',(10.8149994120372,6.11552584303201,15.3));
#6102=CARTESIAN_POINT('',(10.8149994120372,6.79,15.3));
#6103=CARTESIAN_POINT('',(10.8149994120372,6.79,15.3));
#6104=CARTESIAN_POINT('',(20.275,6.79,15.3));
#6105=CARTESIAN_POINT('',(6.28499941203716,6.79,15.3));
#6106=CARTESIAN_POINT('',(6.28499941203716,6.11475217430828,15.3));
#6107=CARTESIAN_POINT('',(6.28499941203716,6.11552584303201,15.3));
#6108=CARTESIAN_POINT('',(8.19000000000001,6.11552584303201,15.3));
#6109=CARTESIAN_POINT('',(8.19000000000001,6.11552584303201,15.3));
#6110=CARTESIAN_POINT('',(8.19000000000002,1.20552584303201,15.3));
#6111=CARTESIAN_POINT('',(8.19000000000002,1.20552584303201,15.3));
#6112=CARTESIAN_POINT('',(3.21000000000001,1.20552584303201,15.3));
#6113=CARTESIAN_POINT('',(3.21000000000001,1.20552584303201,15.3));
#6114=CARTESIAN_POINT('',(3.21000000000001,6.11552584303201,15.3));
#6115=CARTESIAN_POINT('',(3.21000000000001,6.11552584303201,15.3));
#6116=CARTESIAN_POINT('',(8.19000000000001,6.11552584303201,15.3));
#6117=CARTESIAN_POINT('',(5.11499941203716,6.11552584303201,15.3));
#6118=CARTESIAN_POINT('',(5.11499941203716,6.79,15.3));
#6119=CARTESIAN_POINT('',(5.11499941203716,6.79,15.3));
#6120=CARTESIAN_POINT('',(20.275,6.79,15.3));
#6121=CARTESIAN_POINT('',(0.584999412037157,6.79,15.3));
#6122=CARTESIAN_POINT('',(0.584999412037157,6.11475217430828,15.3));
#6123=CARTESIAN_POINT('',(0.584999412037157,6.11552584303201,15.3));
#6124=CARTESIAN_POINT('',(2.49000000000001,6.11552584303201,15.3));
#6125=CARTESIAN_POINT('',(2.49000000000001,6.11552584303201,15.3));
#6126=CARTESIAN_POINT('',(2.49000000000001,1.20552584303201,15.3));
#6127=CARTESIAN_POINT('',(2.49000000000001,1.20552584303201,15.3));
#6128=CARTESIAN_POINT('',(-2.48999999999999,1.20552584303201,15.3));
#6129=CARTESIAN_POINT('',(-2.48999999999999,1.20552584303201,15.3));
#6130=CARTESIAN_POINT('',(-2.48999999999999,6.11552584303201,15.3));
#6131=CARTESIAN_POINT('',(-2.48999999999999,6.11552584303201,15.3));
#6132=CARTESIAN_POINT('',(2.49000000000001,6.11552584303201,15.3));
#6133=CARTESIAN_POINT('',(-0.585000587962844,6.11552584303201,15.3));
#6134=CARTESIAN_POINT('',(-0.585000587962844,6.79,15.3));
#6135=CARTESIAN_POINT('',(-0.585000587962844,6.79,15.3));
#6136=CARTESIAN_POINT('',(20.275,6.79,15.3));
#6137=CARTESIAN_POINT('',(-5.11500058796284,6.79,15.3));
#6138=CARTESIAN_POINT('',(-5.11500058796284,6.11475217430828,15.3));
#6139=CARTESIAN_POINT('',(-5.11500058796284,6.11552584303201,15.3));
#6140=CARTESIAN_POINT('',(-3.20999999999999,6.11552584303201,15.3));
#6141=CARTESIAN_POINT('',(-3.20999999999999,6.11552584303201,15.3));
#6142=CARTESIAN_POINT('',(-3.20999999999999,1.20552584303201,15.3));
#6143=CARTESIAN_POINT('',(-3.20999999999999,1.20552584303201,15.3));
#6144=CARTESIAN_POINT('',(-8.18999999999999,1.20552584303201,15.3));
#6145=CARTESIAN_POINT('',(-8.18999999999999,1.20552584303201,15.3));
#6146=CARTESIAN_POINT('',(-8.18999999999999,6.11552584303201,15.3));
#6147=CARTESIAN_POINT('',(-8.18999999999999,6.11552584303201,15.3));
#6148=CARTESIAN_POINT('',(-3.20999999999999,6.11552584303201,15.3));
#6149=CARTESIAN_POINT('',(-6.28500058796284,6.11552584303201,15.3));
#6150=CARTESIAN_POINT('',(-6.28500058796284,6.79,15.3));
#6151=CARTESIAN_POINT('',(-6.28500058796284,6.79,15.3));
#6152=CARTESIAN_POINT('',(20.275,6.79,15.3));
#6153=CARTESIAN_POINT('',(20.275,6.79,15.3));
#6154=CARTESIAN_POINT('',(3.05,-0.25,15.3));
#6155=CARTESIAN_POINT('',(3.05,-0.25,16.422829309662));
#6156=CARTESIAN_POINT('',(3.9,-0.25,16.422829309662));
#6157=CARTESIAN_POINT('',(3.9,-0.25,16.422829309662));
#6158=CARTESIAN_POINT('',(3.9,-0.25,15.3));
#6159=CARTESIAN_POINT('',(3.9,-0.25,15.3));
#6160=CARTESIAN_POINT('',(1.41,-1.79999999999998,9.37));
#6161=CARTESIAN_POINT('',(1.41,-1.79999999999998,9.37));
#6162=CARTESIAN_POINT('',(1.41,-1.79999999999998,10.7));
#6163=CARTESIAN_POINT('',(0.,-1.79999999999998,10.7));
#6164=CARTESIAN_POINT('',(-1.41,-1.79999999999998,10.7));
#6165=CARTESIAN_POINT('',(-1.40999999999999,-1.79999999999998,15.78));
#6166=CARTESIAN_POINT('',(-1.41,-1.79999999999998,9.37));
#6167=CARTESIAN_POINT('',(-1.41,-1.79999999999998,9.37));
#6168=CARTESIAN_POINT('',(0.,-1.79999999999998,0.));
#6169=CARTESIAN_POINT('',(1.41,-3.80999999999998,9.37));
#6170=CARTESIAN_POINT('',(1.41,-3.80999999999998,9.37));
#6171=CARTESIAN_POINT('',(1.41,-3.80999999999998,15.78));
#6172=CARTESIAN_POINT('',(3.9,-3.81,9.37));
#6173=CARTESIAN_POINT('',(3.9,-3.81,9.37));
#6174=CARTESIAN_POINT('',(3.9,-3.81,17.5));
#6175=CARTESIAN_POINT('',(3.9,-3.81,17.5));
#6176=CARTESIAN_POINT('',(3.9,-3.81,17.5));
#6177=CARTESIAN_POINT('',(-3.9,-3.81,17.5));
#6178=CARTESIAN_POINT('',(-3.9,-3.81,17.5));
#6179=CARTESIAN_POINT('',(-3.9,-3.81,9.37));
#6180=CARTESIAN_POINT('',(3.9,-3.81,9.37));
#6181=CARTESIAN_POINT('',(-1.41,-3.80999999999998,9.37));
#6182=CARTESIAN_POINT('',(-1.40999999999999,-3.80999999999998,15.78));
#6183=CARTESIAN_POINT('',(-1.41,-3.80999999999998,15.78));
#6184=CARTESIAN_POINT('',(1.41,-3.80999999999998,15.78));
#6185=CARTESIAN_POINT('',(3.9,-3.81,17.5));
#6186=CARTESIAN_POINT('',(3.9,8.67361737988404E-16,9.37));
#6187=CARTESIAN_POINT('',(3.9,8.67361737988404E-16,9.37));
#6188=CARTESIAN_POINT('',(-3.9,8.67361737988404E-16,9.37));
#6189=CARTESIAN_POINT('',(-3.9,8.88178419700125E-16,9.37));
#6190=CARTESIAN_POINT('',(-20.275,0.,15.3));
#6191=CARTESIAN_POINT('',(-20.275,0.,0.));
#6192=CARTESIAN_POINT('',(-20.275,0.,0.));
#6193=CARTESIAN_POINT('',(20.275,0.,0.));
#6194=CARTESIAN_POINT('',(20.275,0.,0.));
#6195=CARTESIAN_POINT('',(3.9,8.88178419700125E-16,9.37));
#6196=CARTESIAN_POINT('',(0.,0.,0.));
#6197=CARTESIAN_POINT('',(-20.275,6.79,15.3));
#6198=CARTESIAN_POINT('',(-20.275,6.79,0.));
#6199=CARTESIAN_POINT('',(-20.275,6.79,0.));
#6200=CARTESIAN_POINT('',(-20.275,6.79,15.3));
#6201=CARTESIAN_POINT('',(-10.868,6.79,0.));
#6202=CARTESIAN_POINT('',(-10.868,4.007,0.));
#6203=CARTESIAN_POINT('',(-10.868,2.933,0.));
#6204=CARTESIAN_POINT('',(-20.275,4.00699999999999,0.));
#6205=CARTESIAN_POINT('',(-11.942,4.007,0.));
#6206=CARTESIAN_POINT('',(-11.942,6.79,0.));
#6207=CARTESIAN_POINT('',(-11.942,2.933,0.));
#6208=CARTESIAN_POINT('',(-20.275,2.93299999999999,0.));
#6209=CARTESIAN_POINT('',(-5.168,6.79,0.));
#6210=CARTESIAN_POINT('',(-5.168,4.007,0.));
#6211=CARTESIAN_POINT('',(-5.168,2.933,0.));
#6212=CARTESIAN_POINT('',(-20.275,4.00699999999999,0.));
#6213=CARTESIAN_POINT('',(-6.24199999999999,4.007,0.));
#6214=CARTESIAN_POINT('',(-6.24199999999999,6.79,0.));
#6215=CARTESIAN_POINT('',(-6.24199999999999,2.933,0.));
#6216=CARTESIAN_POINT('',(-20.275,2.93299999999998,0.));
#6217=CARTESIAN_POINT('',(0.532000000000005,6.79,0.));
#6218=CARTESIAN_POINT('',(0.532000000000005,4.007,0.));
#6219=CARTESIAN_POINT('',(0.532000000000005,2.933,0.));
#6220=CARTESIAN_POINT('',(-20.275,4.00699999999998,0.));
#6221=CARTESIAN_POINT('',(-0.54199999999999,4.007,0.));
#6222=CARTESIAN_POINT('',(-0.54199999999999,6.79,0.));
#6223=CARTESIAN_POINT('',(-0.54199999999999,2.933,0.));
#6224=CARTESIAN_POINT('',(-20.275,2.93299999999997,0.));
#6225=CARTESIAN_POINT('',(6.232,6.79,0.));
#6226=CARTESIAN_POINT('',(6.232,4.007,0.));
#6227=CARTESIAN_POINT('',(6.232,2.933,0.));
#6228=CARTESIAN_POINT('',(-20.275,4.00699999999998,0.));
#6229=CARTESIAN_POINT('',(5.15800000000001,4.007,0.));
#6230=CARTESIAN_POINT('',(5.15800000000001,6.79,0.));
#6231=CARTESIAN_POINT('',(5.15800000000001,2.933,0.));
#6232=CARTESIAN_POINT('',(-20.275,2.93299999999996,0.));
#6233=CARTESIAN_POINT('',(11.932,6.79,0.));
#6234=CARTESIAN_POINT('',(11.932,4.007,0.));
#6235=CARTESIAN_POINT('',(11.932,2.933,0.));
#6236=CARTESIAN_POINT('',(-20.275,4.00699999999998,0.));
#6237=CARTESIAN_POINT('',(10.858,4.007,0.));
#6238=CARTESIAN_POINT('',(10.858,6.79,0.));
#6239=CARTESIAN_POINT('',(10.858,2.933,0.));
#6240=CARTESIAN_POINT('',(-20.275,2.93299999999995,0.));
#6241=CARTESIAN_POINT('',(17.632,6.79,0.));
#6242=CARTESIAN_POINT('',(17.632,4.007,0.));
#6243=CARTESIAN_POINT('',(17.632,2.933,0.));
#6244=CARTESIAN_POINT('',(-20.275,4.00699999999997,0.));
#6245=CARTESIAN_POINT('',(16.558,4.007,0.));
#6246=CARTESIAN_POINT('',(16.558,6.79,0.));
#6247=CARTESIAN_POINT('',(16.558,2.933,0.));
#6248=CARTESIAN_POINT('',(-20.275,2.93299999999994,0.));
#6249=CARTESIAN_POINT('',(-16.568,6.79,0.));
#6250=CARTESIAN_POINT('',(-16.568,4.007,0.));
#6251=CARTESIAN_POINT('',(-16.568,2.933,0.));
#6252=CARTESIAN_POINT('',(-20.275,4.007,0.));
#6253=CARTESIAN_POINT('',(-17.642,4.007,0.));
#6254=CARTESIAN_POINT('',(-17.642,6.79,0.));
#6255=CARTESIAN_POINT('',(-17.642,2.933,0.));
#6256=CARTESIAN_POINT('',(-20.275,2.933,0.));
#6257=CARTESIAN_POINT('',(-14.25,4.81,3.5527136788005E-15));
#6258=CARTESIAN_POINT('',(-12.7845307918622,4.49000000000001,0.));
#6259=CARTESIAN_POINT('',(-12.7845307918622,5.13000000000001,0.));
#6260=CARTESIAN_POINT('',(-12.7845307918622,5.13000000000001,3.5527136788005E-15));
#6261=CARTESIAN_POINT('',(-13.0800000000001,5.13000000000001,3.42113882891801E-46));
#6262=CARTESIAN_POINT('',(-13.0800000000001,5.98000000000001,3.71869202098196E-15));
#6263=CARTESIAN_POINT('',(-13.9300000000001,5.98000000000001,0.));
#6264=CARTESIAN_POINT('',(-13.9300000000001,5.98000000000001,3.5527136788005E-15));
#6265=CARTESIAN_POINT('',(-13.9300000000001,6.32660805747564,5.13170824337701E-46));
#6266=CARTESIAN_POINT('',(-14.25,4.81,3.5527136788005E-15));
#6267=CARTESIAN_POINT('',(-14.5699999999999,6.32660805747564,0.));
#6268=CARTESIAN_POINT('',(-14.5699999999999,6.32660805747564,3.5527136788005E-15));
#6269=CARTESIAN_POINT('',(-14.5699999999999,5.98000000000001,3.42113882891801E-46));
#6270=CARTESIAN_POINT('',(-15.4199999999999,5.98000000000001,3.71869202098196E-15));
#6271=CARTESIAN_POINT('',(-15.4199999999999,5.13000000000001,0.));
#6272=CARTESIAN_POINT('',(-15.4199999999999,5.13000000000001,3.5527136788005E-15));
#6273=CARTESIAN_POINT('',(-15.7154692081378,5.13000000000001,3.42113882891801E-46));
#6274=CARTESIAN_POINT('',(-14.25,4.81,3.5527136788005E-15));
#6275=CARTESIAN_POINT('',(-15.7154692081378,4.49000000000001,0.));
#6276=CARTESIAN_POINT('',(-15.7154692081378,4.49000000000001,3.5527136788005E-15));
#6277=CARTESIAN_POINT('',(-15.4199999999999,4.49000000000001,6.84227765783602E-46));
#6278=CARTESIAN_POINT('',(-15.4199999999999,3.64000000000001,3.65374397404139E-15));
#6279=CARTESIAN_POINT('',(-14.5699999999999,3.64000000000001,0.));
#6280=CARTESIAN_POINT('',(-14.5699999999999,3.64000000000001,3.5527136788005E-15));
#6281=CARTESIAN_POINT('',(-14.57,3.29339194252437,3.42113882891801E-46));
#6282=CARTESIAN_POINT('',(-14.25,4.81,3.5527136788005E-15));
#6283=CARTESIAN_POINT('',(-13.93,3.29339194252437,0.));
#6284=CARTESIAN_POINT('',(-13.93,3.29339194252437,3.5527136788005E-15));
#6285=CARTESIAN_POINT('',(-13.93,3.64000000000001,0.));
#6286=CARTESIAN_POINT('',(-13.0800000000001,3.64000000000001,3.65374397404139E-15));
#6287=CARTESIAN_POINT('',(-13.0800000000001,4.48999999999995,3.67733621331467E-15));
#6288=CARTESIAN_POINT('',(-13.0800000000001,4.49000000000001,3.5527136788005E-15));
#6289=CARTESIAN_POINT('',(14.25,4.81,3.5527136788005E-15));
#6290=CARTESIAN_POINT('',(12.7845307918622,4.49000000000001,3.5527136788005E-15));
#6291=CARTESIAN_POINT('',(12.7845307918622,5.13000000000001,3.5527136788005E-15));
#6292=CARTESIAN_POINT('',(13.0800000000001,4.49000000000001,3.5527136788005E-15));
#6293=CARTESIAN_POINT('',(13.0800000000001,4.48999999999995,3.5527136788005E-15));
#6294=CARTESIAN_POINT('',(13.0800000000001,3.64000000000001,3.5527136788005E-15));
#6295=CARTESIAN_POINT('',(13.93,3.64000000000001,3.5527136788005E-15));
#6296=CARTESIAN_POINT('',(13.93,3.29339194252437,3.5527136788005E-15));
#6297=CARTESIAN_POINT('',(13.93,3.29339194252437,3.5527136788005E-15));
#6298=CARTESIAN_POINT('',(14.25,4.81,3.5527136788005E-15));
#6299=CARTESIAN_POINT('',(14.57,3.29339194252437,3.5527136788005E-15));
#6300=CARTESIAN_POINT('',(14.5699999999999,3.64000000000001,3.5527136788005E-15));
#6301=CARTESIAN_POINT('',(14.5699999999999,3.64000000000001,3.5527136788005E-15));
#6302=CARTESIAN_POINT('',(15.4199999999999,3.64000000000001,3.5527136788005E-15));
#6303=CARTESIAN_POINT('',(15.4199999999999,4.49000000000001,3.5527136788005E-15));
#6304=CARTESIAN_POINT('',(15.7154692081378,4.49000000000001,3.5527136788005E-15));
#6305=CARTESIAN_POINT('',(15.7154692081378,4.49000000000001,3.5527136788005E-15));
#6306=CARTESIAN_POINT('',(14.25,4.81,3.5527136788005E-15));
#6307=CARTESIAN_POINT('',(15.7154692081378,5.13000000000001,3.5527136788005E-15));
#6308=CARTESIAN_POINT('',(15.4199999999999,5.13000000000001,3.5527136788005E-15));
#6309=CARTESIAN_POINT('',(15.4199999999999,5.13,3.5527136788005E-15));
#6310=CARTESIAN_POINT('',(15.4199999999999,5.98000000000001,3.5527136788005E-15));
#6311=CARTESIAN_POINT('',(14.5699999999999,5.98000000000001,3.5527136788005E-15));
#6312=CARTESIAN_POINT('',(14.5699999999999,6.32660805747564,3.5527136788005E-15));
#6313=CARTESIAN_POINT('',(14.5699999999999,6.32660805747564,3.5527136788005E-15));
#6314=CARTESIAN_POINT('',(14.25,4.81,3.5527136788005E-15));
#6315=CARTESIAN_POINT('',(13.9300000000001,6.32660805747564,3.5527136788005E-15));
#6316=CARTESIAN_POINT('',(13.9300000000001,5.98000000000001,3.5527136788005E-15));
#6317=CARTESIAN_POINT('',(13.9300000000001,5.98000000000001,3.5527136788005E-15));
#6318=CARTESIAN_POINT('',(13.0800000000001,5.98000000000001,3.5527136788005E-15));
#6319=CARTESIAN_POINT('',(13.0800000000001,5.13000000000001,3.5527136788005E-15));
#6320=CARTESIAN_POINT('',(12.7845307918622,5.13000000000001,3.5527136788005E-15));
#6321=CARTESIAN_POINT('',(-20.275,6.79,0.));
#6322=CARTESIAN_POINT('',(20.275,6.79,0.));
#6323=CARTESIAN_POINT('',(20.275,6.79,0.));
#6324=CARTESIAN_POINT('',(-20.275,6.79,0.));
#6325=CARTESIAN_POINT('',(20.275,6.79,0.));
#6326=CARTESIAN_POINT('',(20.275,6.79,0.));
#6327=CARTESIAN_POINT('',(-10.8150005879628,6.79,12.95));
#6328=CARTESIAN_POINT('',(-10.8150005879628,6.79,12.95));
#6329=CARTESIAN_POINT('',(-11.9850005879628,6.79,12.95));
#6330=CARTESIAN_POINT('',(-10.8150005879628,6.79,12.95));
#6331=CARTESIAN_POINT('',(-6.28500058796284,6.79,12.95));
#6332=CARTESIAN_POINT('',(-6.28500058796284,6.79,12.95));
#6333=CARTESIAN_POINT('',(-5.11500058796284,6.79,12.95));
#6334=CARTESIAN_POINT('',(-5.11500058796284,6.79,12.95));
#6335=CARTESIAN_POINT('',(-5.11500058796284,6.79,12.95));
#6336=CARTESIAN_POINT('',(-0.585000587962844,6.79,12.95));
#6337=CARTESIAN_POINT('',(-0.585000587962844,6.79,12.95));
#6338=CARTESIAN_POINT('',(0.584999412037157,6.79,12.95));
#6339=CARTESIAN_POINT('',(0.584999412037157,6.79,12.95));
#6340=CARTESIAN_POINT('',(0.584999412037157,6.79,12.95));
#6341=CARTESIAN_POINT('',(5.11499941203716,6.79,12.95));
#6342=CARTESIAN_POINT('',(5.11499941203716,6.79,12.95));
#6343=CARTESIAN_POINT('',(6.28499941203716,6.79,12.95));
#6344=CARTESIAN_POINT('',(6.28499941203716,6.79,12.95));
#6345=CARTESIAN_POINT('',(6.28499941203716,6.79,12.95));
#6346=CARTESIAN_POINT('',(10.8149994120372,6.79,12.95));
#6347=CARTESIAN_POINT('',(10.8149994120372,6.79,12.95));
#6348=CARTESIAN_POINT('',(11.9849994120372,6.79,12.95));
#6349=CARTESIAN_POINT('',(11.9849994120372,6.79,12.95));
#6350=CARTESIAN_POINT('',(11.9849994120372,6.79,12.95));
#6351=CARTESIAN_POINT('',(16.5149994120372,6.79,12.95));
#6352=CARTESIAN_POINT('',(16.5149994120372,6.79,12.95));
#6353=CARTESIAN_POINT('',(17.6849994120372,6.79,12.95));
#6354=CARTESIAN_POINT('',(17.6849994120372,6.79,12.95));
#6355=CARTESIAN_POINT('',(17.6849994120372,6.79,12.95));
#6356=CARTESIAN_POINT('',(-17.6850005879628,6.79,12.95));
#6357=CARTESIAN_POINT('',(-17.6850005879628,6.79,12.95));
#6358=CARTESIAN_POINT('',(-16.5150005879628,6.79,12.95));
#6359=CARTESIAN_POINT('',(-16.5150005879628,6.79,12.95));
#6360=CARTESIAN_POINT('',(-16.5150005879628,6.79,12.95));
#6361=CARTESIAN_POINT('',(-11.9850005879628,6.79,12.95));
#6362=CARTESIAN_POINT('',(0.,6.79,0.));
#6363=CARTESIAN_POINT('',(12.7845307918622,5.13000000000001,-1.45));
#6364=CARTESIAN_POINT('',(12.7845307918622,5.13000000000001,-1.45));
#6365=CARTESIAN_POINT('',(14.25,4.81,-1.45));
#6366=CARTESIAN_POINT('',(12.7845307918622,4.49000000000001,-1.45));
#6367=CARTESIAN_POINT('',(12.7845307918622,4.49000000000001,-1.45));
#6368=CARTESIAN_POINT('',(14.25,4.81,-1.45));
#6369=CARTESIAN_POINT('',(13.0800000000001,5.13000000000001,-1.45));
#6370=CARTESIAN_POINT('',(13.0800000000001,5.13000000000001,-1.45));
#6371=CARTESIAN_POINT('',(12.7845307918622,5.13000000000001,-1.45));
#6372=CARTESIAN_POINT('',(12.7845307918622,5.13000000000001,-1.45));
#6373=CARTESIAN_POINT('',(13.9300000000001,5.98000000000001,-1.45));
#6374=CARTESIAN_POINT('',(13.9300000000001,5.98000000000001,-1.45));
#6375=CARTESIAN_POINT('',(13.0800000000001,5.98000000000001,-1.45));
#6376=CARTESIAN_POINT('',(13.0800000000001,5.98000000000001,-1.45));
#6377=CARTESIAN_POINT('',(13.9300000000001,6.32660805747564,-1.45));
#6378=CARTESIAN_POINT('',(13.9300000000001,6.32660805747564,-1.45));
#6379=CARTESIAN_POINT('',(13.9300000000001,5.98000000000001,-1.45));
#6380=CARTESIAN_POINT('',(13.9300000000001,5.98000000000001,-1.45));
#6381=CARTESIAN_POINT('',(14.5699999999999,6.32660805747564,-1.45));
#6382=CARTESIAN_POINT('',(14.5699999999999,6.32660805747564,-1.45));
#6383=CARTESIAN_POINT('',(14.25,4.81,-1.45));
#6384=CARTESIAN_POINT('',(14.25,4.81,-1.45));
#6385=CARTESIAN_POINT('',(14.5699999999999,5.98000000000001,-1.45));
#6386=CARTESIAN_POINT('',(14.5699999999999,5.98000000000001,-1.45));
#6387=CARTESIAN_POINT('',(14.5699999999999,6.32660805747564,-1.45));
#6388=CARTESIAN_POINT('',(14.5699999999999,6.32660805747564,-1.45));
#6389=CARTESIAN_POINT('',(15.4199999999999,5.13,-1.45));
#6390=CARTESIAN_POINT('',(15.4199999999999,5.13,-1.45));
#6391=CARTESIAN_POINT('',(15.4199999999999,5.98000000000001,-1.45));
#6392=CARTESIAN_POINT('',(15.4199999999999,5.98000000000001,-1.45));
#6393=CARTESIAN_POINT('',(15.7154692081378,5.13000000000001,-1.45));
#6394=CARTESIAN_POINT('',(15.7154692081378,5.13000000000001,-1.45));
#6395=CARTESIAN_POINT('',(15.4199999999999,5.13000000000001,-1.45));
#6396=CARTESIAN_POINT('',(15.4199999999999,5.13000000000001,-1.45));
#6397=CARTESIAN_POINT('',(15.7154692081378,4.49000000000001,-1.45));
#6398=CARTESIAN_POINT('',(15.7154692081378,4.49000000000001,-1.45));
#6399=CARTESIAN_POINT('',(14.25,4.81,-1.45));
#6400=CARTESIAN_POINT('',(14.25,4.81,-1.45));
#6401=CARTESIAN_POINT('',(15.4199999999999,4.49000000000001,-1.45));
#6402=CARTESIAN_POINT('',(15.4199999999999,4.49000000000001,-1.45));
#6403=CARTESIAN_POINT('',(15.7154692081378,4.49000000000001,-1.45));
#6404=CARTESIAN_POINT('',(15.7154692081378,4.49000000000001,-1.45));
#6405=CARTESIAN_POINT('',(14.5699999999999,3.64000000000001,-1.45));
#6406=CARTESIAN_POINT('',(14.5699999999999,3.64000000000001,-1.45));
#6407=CARTESIAN_POINT('',(15.4199999999999,3.64000000000001,-1.45));
#6408=CARTESIAN_POINT('',(15.4199999999999,3.64000000000001,-1.45));
#6409=CARTESIAN_POINT('',(14.57,3.29339194252437,-1.45));
#6410=CARTESIAN_POINT('',(14.57,3.29339194252437,-1.45));
#6411=CARTESIAN_POINT('',(14.5699999999999,3.64000000000001,-1.45));
#6412=CARTESIAN_POINT('',(14.5699999999999,3.64000000000001,-1.45));
#6413=CARTESIAN_POINT('',(13.93,3.29339194252437,-1.45));
#6414=CARTESIAN_POINT('',(13.93,3.29339194252437,-1.45));
#6415=CARTESIAN_POINT('',(14.25,4.81,-1.45));
#6416=CARTESIAN_POINT('',(14.25,4.81,-1.45));
#6417=CARTESIAN_POINT('',(13.93,3.64000000000001,-1.45));
#6418=CARTESIAN_POINT('',(13.93,3.64000000000001,-1.45));
#6419=CARTESIAN_POINT('',(13.93,3.29339194252437,-1.45));
#6420=CARTESIAN_POINT('',(13.93,3.29339194252437,-1.45));
#6421=CARTESIAN_POINT('',(13.0800000000001,4.48999999999995,-1.45));
#6422=CARTESIAN_POINT('',(13.0800000000001,4.48999999999995,-1.45));
#6423=CARTESIAN_POINT('',(13.0800000000001,3.64000000000001,-1.45));
#6424=CARTESIAN_POINT('',(13.0800000000001,3.64000000000001,-1.45));
#6425=CARTESIAN_POINT('',(13.0800000000001,4.49000000000001,-1.45));
#6426=CARTESIAN_POINT('',(13.0800000000001,4.49000000000001,-1.45));
#6427=CARTESIAN_POINT('',(14.25,4.81,-1.45));
#6428=CARTESIAN_POINT('',(-12.7845307918622,4.49000000000001,-1.45));
#6429=CARTESIAN_POINT('',(-12.7845307918622,4.49000000000001,-1.45));
#6430=CARTESIAN_POINT('',(-14.25,4.81,-1.45));
#6431=CARTESIAN_POINT('',(-12.7845307918622,5.13000000000001,-1.45));
#6432=CARTESIAN_POINT('',(-12.7845307918622,5.13000000000001,-1.45));
#6433=CARTESIAN_POINT('',(-14.25,4.81,-1.45));
#6434=CARTESIAN_POINT('',(-12.7845307918622,5.13000000000001,-1.45));
#6435=CARTESIAN_POINT('',(-13.0800000000001,5.13000000000001,-1.45));
#6436=CARTESIAN_POINT('',(-13.0800000000001,5.13000000000001,-1.45));
#6437=CARTESIAN_POINT('',(-12.7845307918622,5.13000000000001,-1.45));
#6438=CARTESIAN_POINT('',(-13.0800000000001,5.98000000000001,-1.45));
#6439=CARTESIAN_POINT('',(-13.9300000000001,5.98000000000001,-1.45));
#6440=CARTESIAN_POINT('',(-13.9300000000001,5.98000000000001,-1.45));
#6441=CARTESIAN_POINT('',(-13.0800000000001,5.98000000000001,-1.45));
#6442=CARTESIAN_POINT('',(-13.9300000000001,5.98000000000001,-1.45));
#6443=CARTESIAN_POINT('',(-13.9300000000001,6.32660805747564,-1.45));
#6444=CARTESIAN_POINT('',(-13.9300000000001,6.32660805747564,-1.45));
#6445=CARTESIAN_POINT('',(-13.9300000000001,5.98000000000001,-1.45));
#6446=CARTESIAN_POINT('',(-14.25,4.81,-1.45));
#6447=CARTESIAN_POINT('',(-14.5699999999999,6.32660805747564,-1.45));
#6448=CARTESIAN_POINT('',(-14.5699999999999,6.32660805747564,-1.45));
#6449=CARTESIAN_POINT('',(-14.25,4.81,-1.45));
#6450=CARTESIAN_POINT('',(-14.5699999999999,6.32660805747564,-1.45));
#6451=CARTESIAN_POINT('',(-14.5699999999999,5.98000000000001,-1.45));
#6452=CARTESIAN_POINT('',(-14.5699999999999,5.98000000000001,-1.45));
#6453=CARTESIAN_POINT('',(-14.5699999999999,6.32660805747564,-1.45));
#6454=CARTESIAN_POINT('',(-15.4199999999999,5.98000000000001,-1.45));
#6455=CARTESIAN_POINT('',(-15.4199999999999,5.13,-1.45));
#6456=CARTESIAN_POINT('',(-15.4199999999999,5.13,-1.45));
#6457=CARTESIAN_POINT('',(-15.4199999999999,5.98000000000001,-1.45));
#6458=CARTESIAN_POINT('',(-15.4199999999999,5.13000000000001,-1.45));
#6459=CARTESIAN_POINT('',(-15.7154692081378,5.13000000000001,-1.45));
#6460=CARTESIAN_POINT('',(-15.7154692081378,5.13000000000001,-1.45));
#6461=CARTESIAN_POINT('',(-15.4199999999999,5.13000000000001,-1.45));
#6462=CARTESIAN_POINT('',(-14.25,4.81,-1.45));
#6463=CARTESIAN_POINT('',(-15.7154692081378,4.49000000000001,-1.45));
#6464=CARTESIAN_POINT('',(-15.7154692081378,4.49000000000001,-1.45));
#6465=CARTESIAN_POINT('',(-14.25,4.81,-1.45));
#6466=CARTESIAN_POINT('',(-15.7154692081378,4.49000000000001,-1.45));
#6467=CARTESIAN_POINT('',(-15.4199999999999,4.49000000000001,-1.45));
#6468=CARTESIAN_POINT('',(-15.4199999999999,4.49000000000001,-1.45));
#6469=CARTESIAN_POINT('',(-15.7154692081378,4.49000000000001,-1.45));
#6470=CARTESIAN_POINT('',(-15.4199999999999,3.64000000000001,-1.45));
#6471=CARTESIAN_POINT('',(-14.5699999999999,3.64000000000001,-1.45));
#6472=CARTESIAN_POINT('',(-14.5699999999999,3.64000000000001,-1.45));
#6473=CARTESIAN_POINT('',(-15.4199999999999,3.64000000000001,-1.45));
#6474=CARTESIAN_POINT('',(-14.5699999999999,3.64000000000001,-1.45));
#6475=CARTESIAN_POINT('',(-14.57,3.29339194252437,-1.45));
#6476=CARTESIAN_POINT('',(-14.57,3.29339194252437,-1.45));
#6477=CARTESIAN_POINT('',(-14.5699999999999,3.64000000000001,-1.45));
#6478=CARTESIAN_POINT('',(-14.25,4.81,-1.45));
#6479=CARTESIAN_POINT('',(-13.93,3.29339194252437,-1.45));
#6480=CARTESIAN_POINT('',(-13.93,3.29339194252437,-1.45));
#6481=CARTESIAN_POINT('',(-14.25,4.81,-1.45));
#6482=CARTESIAN_POINT('',(-13.93,3.29339194252437,-1.45));
#6483=CARTESIAN_POINT('',(-13.93,3.64000000000001,-1.45));
#6484=CARTESIAN_POINT('',(-13.93,3.64000000000001,-1.45));
#6485=CARTESIAN_POINT('',(-13.93,3.29339194252437,-1.45));
#6486=CARTESIAN_POINT('',(-13.0800000000001,3.64000000000001,-1.45));
#6487=CARTESIAN_POINT('',(-13.0800000000001,4.48999999999995,-1.45));
#6488=CARTESIAN_POINT('',(-13.0800000000001,4.48999999999995,-1.45));
#6489=CARTESIAN_POINT('',(-13.0800000000001,3.64000000000001,-1.45));
#6490=CARTESIAN_POINT('',(-13.0800000000001,4.49000000000001,-1.45));
#6491=CARTESIAN_POINT('',(-13.0800000000001,4.49000000000001,-1.45));
#6492=CARTESIAN_POINT('',(-14.25,4.81,-1.45));
#6493=CARTESIAN_POINT('',(-1.41,-1.79999999999998,9.37));
#6494=CARTESIAN_POINT('',(-3.9,-3.81,9.37));
#6495=CARTESIAN_POINT('',(3.9,-3.81,9.37));
#6496=CARTESIAN_POINT('',(1.41,-1.79999999999998,9.37));
#6497=CARTESIAN_POINT('',(3.9,-3.81,9.37));
#6498=CARTESIAN_POINT('',(3.9,-0.25,16.422829309662));
#6499=CARTESIAN_POINT('',(-3.04999999999999,-0.25,16.422829309662));
#6500=CARTESIAN_POINT('',(-3.9,-0.25,16.422829309662));
#6501=CARTESIAN_POINT('',(-3.04999999999999,-0.25,15.3));
#6502=CARTESIAN_POINT('',(-3.9,-0.25,15.3));
#6503=CARTESIAN_POINT('',(3.9,-0.25,15.3));
#6504=CARTESIAN_POINT('',(3.05,-0.250000000000001,16.422829309662));
#6505=CARTESIAN_POINT('',(3.05,-2.27999999999998,17.3694338557166));
#6506=CARTESIAN_POINT('',(3.9,-2.27999999999998,17.3694338557166));
#6507=CARTESIAN_POINT('',(-3.05,-2.27999999999998,17.3694338557166));
#6508=CARTESIAN_POINT('',(-3.04999999999999,-0.249999999999998,16.422829309662));
#6509=CARTESIAN_POINT('',(-3.9,-0.25,16.422829309662));
#6510=CARTESIAN_POINT('',(-3.9,-2.56,17.5));
#6511=CARTESIAN_POINT('',(3.9,-2.56,17.5));
#6512=CARTESIAN_POINT('',(3.9,-2.56,17.5));
#6513=CARTESIAN_POINT('',(3.9,-0.25,16.422829309662));
#6514=CARTESIAN_POINT('',(3.9,-0.25,16.422829309662));
#6515=CARTESIAN_POINT('',(-3.9,-2.56,17.5));
#6516=CARTESIAN_POINT('',(3.9,-2.56,17.5));
#6517=CARTESIAN_POINT('',(3.9,-2.56,17.5));
#6518=CARTESIAN_POINT('',(3.9,0.,0.));
#6519=CARTESIAN_POINT('',(-3.9,0.,0.));
#6520=CARTESIAN_POINT('',(1.41,-1.79999999999998,15.78));
#6521=CARTESIAN_POINT('',(1.41,-2.27999999999998,15.78));
#6522=CARTESIAN_POINT('',(1.41,-2.27999999999998,9.37));
#6523=CARTESIAN_POINT('',(1.41,-2.27999999999998,10.7));
#6524=CARTESIAN_POINT('',(1.41,-1.79999999999998,10.7));
#6525=CARTESIAN_POINT('',(1.41,-1.79999999999998,9.37));
#6526=CARTESIAN_POINT('',(-1.41,-1.79999999999998,15.78));
#6527=CARTESIAN_POINT('',(-1.40999999999999,-2.27999999999998,15.78));
#6528=CARTESIAN_POINT('',(1.41,-2.27999999999998,15.78));
#6529=CARTESIAN_POINT('',(1.41,-1.79999999999998,15.78));
#6530=CARTESIAN_POINT('',(-1.41,-1.79999999999998,10.7));
#6531=CARTESIAN_POINT('',(-1.41,-2.27999999999998,10.7));
#6532=CARTESIAN_POINT('',(-1.40999999999999,-2.27999999999998,15.78));
#6533=CARTESIAN_POINT('',(-1.40999999999999,-1.79999999999998,15.78));
#6534=CARTESIAN_POINT('',(3.05,-2.27999999999998,10.7));
#6535=CARTESIAN_POINT('',(3.05,-2.27999999999998,10.7));
#6536=CARTESIAN_POINT('',(-3.05,-2.27999999999998,10.7));
#6537=CARTESIAN_POINT('',(-3.05,-2.27999999999998,10.7));
#6538=CARTESIAN_POINT('',(-3.05,-2.27999999999998,10.7));
#6539=CARTESIAN_POINT('',(-3.05,-2.27999999999998,10.7));
#6540=CARTESIAN_POINT('',(-3.05,-2.27999999999998,10.7));
#6541=CARTESIAN_POINT('',(3.05,-2.27999999999998,10.7));
#6542=CARTESIAN_POINT('',(3.05,1.99493199737333E-14,10.7));
#6543=CARTESIAN_POINT('',(3.05,1.98591143529825E-14,10.7));
#6544=CARTESIAN_POINT('',(-3.04999999999999,1.98591143529825E-14,10.7));
#6545=CARTESIAN_POINT('',(-3.04999999999999,1.99840144432528E-14,10.7));
#6546=CARTESIAN_POINT('',(0.,0.,10.7));
#6547=CARTESIAN_POINT('',(3.05,1.99493199737333E-14,10.7));
#6548=CARTESIAN_POINT('',(3.05,-2.27999999999998,10.7));
#6549=CARTESIAN_POINT('',(-3.04999999999999,1.98591143529825E-14,10.7));
#6550=CARTESIAN_POINT('',(3.05,1.98591143529825E-14,10.7));
#6551=CARTESIAN_POINT('',(-3.04999999999999,1.99840144432528E-14,10.7));
#6552=CARTESIAN_POINT('',(-19.59,0.604999999999999,4.2));
#6553=CARTESIAN_POINT('',(-19.59,0.604999999999999,4.2));
#6554=CARTESIAN_POINT('',(-19.59,5.31447415696799,4.2));
#6555=CARTESIAN_POINT('',(-19.59,5.31447415696799,4.2));
#6556=CARTESIAN_POINT('',(-19.59,5.31447415696799,4.2));
#6557=CARTESIAN_POINT('',(-19.59,5.31447415696799,4.2));
#6558=CARTESIAN_POINT('',(-18.4,0.604999999999999,4.2));
#6559=CARTESIAN_POINT('',(-18.4,0.604999999999999,4.2));
#6560=CARTESIAN_POINT('',(-19.59,0.604999999999999,4.2));
#6561=CARTESIAN_POINT('',(-19.59,0.604999999999999,4.2));
#6562=CARTESIAN_POINT('',(-18.4,1.205,4.2));
#6563=CARTESIAN_POINT('',(-18.4,1.205,4.2));
#6564=CARTESIAN_POINT('',(-18.4,0.604999999999999,4.2));
#6565=CARTESIAN_POINT('',(-18.4,0.604999999999999,4.2));
#6566=CARTESIAN_POINT('',(-14.61,1.205,4.2));
#6567=CARTESIAN_POINT('',(-14.61,1.205,4.2));
#6568=CARTESIAN_POINT('',(-18.4,1.205,4.2));
#6569=CARTESIAN_POINT('',(-18.4,1.205,4.2));
#6570=CARTESIAN_POINT('',(-14.61,6.11552584303201,4.2));
#6571=CARTESIAN_POINT('',(-14.61,6.11552584303201,4.2));
#6572=CARTESIAN_POINT('',(-14.61,1.205,4.2));
#6573=CARTESIAN_POINT('',(-14.61,1.205,4.2));
#6574=CARTESIAN_POINT('',(-14.61,6.11552584303201,12.95));
#6575=CARTESIAN_POINT('',(-17.6850005879628,6.11475217430828,12.95));
#6576=CARTESIAN_POINT('',(-16.5150005879628,6.11504654576639,12.95));
#6577=CARTESIAN_POINT('',(-17.6850005879628,6.11475217430828,12.95));
#6578=CARTESIAN_POINT('',(-18.79,6.114474156968,4.19999999999995));
#6579=CARTESIAN_POINT('',(-18.79,6.114474156968,4.19999999999995));
#6580=CARTESIAN_POINT('',(-14.61,6.11552584303201,4.19999999999995));
#6581=CARTESIAN_POINT('',(-16.5150005879628,6.11504654576639,12.95));
#6582=CARTESIAN_POINT('',(-14.61,6.11552584303201,4.19999999999995));
#6583=CARTESIAN_POINT('',(-18.79,6.11447415696799,4.2));
#6584=CARTESIAN_POINT('',(-18.79,6.11447415696799,4.2));
#6585=CARTESIAN_POINT('',(-16.568,0.,4.2));
#6586=CARTESIAN_POINT('',(-16.568,2.933,4.2));
#6587=CARTESIAN_POINT('',(-16.568,4.007,4.2));
#6588=CARTESIAN_POINT('',(-4.73737798420861E-15,2.93300000000003,4.2));
#6589=CARTESIAN_POINT('',(-17.642,2.933,4.2));
#6590=CARTESIAN_POINT('',(-17.642,0.,4.2));
#6591=CARTESIAN_POINT('',(-17.642,4.007,4.2));
#6592=CARTESIAN_POINT('',(-3.2360507300927E-15,4.00700000000001,4.2));
#6593=CARTESIAN_POINT('',(0.,0.,4.2));
#6594=CARTESIAN_POINT('',(19.59,5.31447415696799,4.2));
#6595=CARTESIAN_POINT('',(19.59,5.31447415696799,4.2));
#6596=CARTESIAN_POINT('',(19.59,5.31447415696799,4.2));
#6597=CARTESIAN_POINT('',(19.59,0.604999999999999,4.2));
#6598=CARTESIAN_POINT('',(19.59,0.604999999999999,4.2));
#6599=CARTESIAN_POINT('',(19.59,5.31447415696799,4.2));
#6600=CARTESIAN_POINT('',(19.59,0.604999999999999,4.2));
#6601=CARTESIAN_POINT('',(18.4,0.604999999999999,4.2));
#6602=CARTESIAN_POINT('',(18.4,0.604999999999999,4.2));
#6603=CARTESIAN_POINT('',(19.59,0.604999999999999,4.2));
#6604=CARTESIAN_POINT('',(18.4,0.604999999999999,4.2));
#6605=CARTESIAN_POINT('',(18.4,1.205,4.2));
#6606=CARTESIAN_POINT('',(18.4,1.205,4.2));
#6607=CARTESIAN_POINT('',(18.4,0.604999999999999,4.2));
#6608=CARTESIAN_POINT('',(18.4,1.205,4.2));
#6609=CARTESIAN_POINT('',(14.61,1.205,4.2));
#6610=CARTESIAN_POINT('',(14.61,1.205,4.2));
#6611=CARTESIAN_POINT('',(18.4,1.205,4.2));
#6612=CARTESIAN_POINT('',(14.61,1.205,4.2));
#6613=CARTESIAN_POINT('',(14.61,6.11552584303201,4.2));
#6614=CARTESIAN_POINT('',(14.61,6.11552584303201,4.2));
#6615=CARTESIAN_POINT('',(14.61,1.205,4.2));
#6616=CARTESIAN_POINT('',(16.5149994120372,6.11504654606225,4.20000000000005));
#6617=CARTESIAN_POINT('',(16.5149994120372,6.11504654606225,12.95));
#6618=CARTESIAN_POINT('',(14.61,6.11552584303201,4.20000000000005));
#6619=CARTESIAN_POINT('',(18.79,6.114474156968,4.20000000000005));
#6620=CARTESIAN_POINT('',(18.79,6.114474156968,4.20000000000005));
#6621=CARTESIAN_POINT('',(17.6849994120372,6.11475217430828,12.95));
#6622=CARTESIAN_POINT('',(17.6849994120372,6.11475217430828,12.95));
#6623=CARTESIAN_POINT('',(14.61,6.11552584303201,12.95));
#6624=CARTESIAN_POINT('',(14.61,6.11552584303201,4.20000000000005));
#6625=CARTESIAN_POINT('',(18.79,6.11447415696799,4.2));
#6626=CARTESIAN_POINT('',(18.79,6.11447415696799,4.2));
#6627=CARTESIAN_POINT('',(-3.23605073009268E-15,4.00699999999999,4.2));
#6628=CARTESIAN_POINT('',(16.558,4.007,4.2));
#6629=CARTESIAN_POINT('',(17.632,4.007,4.2));
#6630=CARTESIAN_POINT('',(17.632,0.,4.2));
#6631=CARTESIAN_POINT('',(17.632,2.933,4.2));
#6632=CARTESIAN_POINT('',(-4.73737798420852E-15,2.93299999999997,4.2));
#6633=CARTESIAN_POINT('',(16.558,2.933,4.2));
#6634=CARTESIAN_POINT('',(16.558,0.,4.2));
#6635=CARTESIAN_POINT('',(0.,0.,4.2));
#6636=CARTESIAN_POINT('',(-13.89,1.20552584303201,4.2));
#6637=CARTESIAN_POINT('',(-13.89,1.20552584303201,4.2));
#6638=CARTESIAN_POINT('',(-13.89,6.11552584303201,4.2));
#6639=CARTESIAN_POINT('',(-13.89,6.11552584303201,4.2));
#6640=CARTESIAN_POINT('',(-13.89,6.11552584303201,4.2));
#6641=CARTESIAN_POINT('',(-13.89,6.11552584303201,4.2));
#6642=CARTESIAN_POINT('',(-8.90999999999999,1.20552584303201,4.2));
#6643=CARTESIAN_POINT('',(-8.90999999999999,1.20552584303201,4.2));
#6644=CARTESIAN_POINT('',(-13.89,1.20552584303201,4.2));
#6645=CARTESIAN_POINT('',(-13.89,1.20552584303201,4.2));
#6646=CARTESIAN_POINT('',(-8.90999999999999,6.11552584303201,4.2));
#6647=CARTESIAN_POINT('',(-8.90999999999999,6.11552584303201,4.2));
#6648=CARTESIAN_POINT('',(-8.90999999999999,1.20552584303201,4.2));
#6649=CARTESIAN_POINT('',(-8.90999999999999,1.20552584303201,4.2));
#6650=CARTESIAN_POINT('',(-10.8150005879628,6.11552584303201,4.2));
#6651=CARTESIAN_POINT('',(-10.8150005879628,6.11552584303201,12.95));
#6652=CARTESIAN_POINT('',(-8.90999999999999,6.11552584303201,12.95));
#6653=CARTESIAN_POINT('',(-11.9850005879628,6.11552584303201,12.95));
#6654=CARTESIAN_POINT('',(-11.9850005879628,6.11552584303201,4.2));
#6655=CARTESIAN_POINT('',(-8.90999999999999,6.11552584303201,4.2));
#6656=CARTESIAN_POINT('',(-8.90999999999999,6.11552584303201,4.2));
#6657=CARTESIAN_POINT('',(-10.868,0.,4.2));
#6658=CARTESIAN_POINT('',(-10.868,2.933,4.2));
#6659=CARTESIAN_POINT('',(-10.868,4.007,4.2));
#6660=CARTESIAN_POINT('',(-4.7373779842086E-15,2.93300000000002,4.2));
#6661=CARTESIAN_POINT('',(-11.942,2.933,4.2));
#6662=CARTESIAN_POINT('',(-11.942,0.,4.2));
#6663=CARTESIAN_POINT('',(-11.942,4.007,4.2));
#6664=CARTESIAN_POINT('',(-3.2360507300927E-15,4.00700000000001,4.2));
#6665=CARTESIAN_POINT('',(0.,0.,4.2));
#6666=CARTESIAN_POINT('',(8.91000000000001,1.20552584303201,4.2));
#6667=CARTESIAN_POINT('',(8.91000000000001,1.20552584303201,4.2));
#6668=CARTESIAN_POINT('',(8.91000000000001,6.11552584303201,4.2));
#6669=CARTESIAN_POINT('',(8.91000000000001,6.11552584303201,4.2));
#6670=CARTESIAN_POINT('',(8.91000000000001,6.11552584303201,4.2));
#6671=CARTESIAN_POINT('',(8.91000000000001,6.11552584303201,4.2));
#6672=CARTESIAN_POINT('',(13.89,1.20552584303201,4.2));
#6673=CARTESIAN_POINT('',(13.89,1.20552584303201,4.2));
#6674=CARTESIAN_POINT('',(8.91000000000001,1.20552584303201,4.2));
#6675=CARTESIAN_POINT('',(8.91000000000001,1.20552584303201,4.2));
#6676=CARTESIAN_POINT('',(13.89,6.11552584303201,4.2));
#6677=CARTESIAN_POINT('',(13.89,6.11552584303201,4.2));
#6678=CARTESIAN_POINT('',(13.89,1.20552584303201,4.2));
#6679=CARTESIAN_POINT('',(13.89,1.20552584303201,4.2));
#6680=CARTESIAN_POINT('',(11.9849994120372,6.11552584303201,4.2));
#6681=CARTESIAN_POINT('',(11.9849994120372,6.11552584303201,12.95));
#6682=CARTESIAN_POINT('',(13.89,6.11552584303201,12.95));
#6683=CARTESIAN_POINT('',(10.8149994120372,6.11552584303201,12.95));
#6684=CARTESIAN_POINT('',(10.8149994120372,6.11552584303201,4.2));
#6685=CARTESIAN_POINT('',(13.89,6.11552584303201,4.2));
#6686=CARTESIAN_POINT('',(13.89,6.11552584303201,4.2));
#6687=CARTESIAN_POINT('',(11.932,0.,4.2));
#6688=CARTESIAN_POINT('',(11.932,2.933,4.2));
#6689=CARTESIAN_POINT('',(11.932,4.007,4.2));
#6690=CARTESIAN_POINT('',(22.8,2.93300000000002,4.2));
#6691=CARTESIAN_POINT('',(10.858,2.933,4.2));
#6692=CARTESIAN_POINT('',(10.858,0.,4.2));
#6693=CARTESIAN_POINT('',(10.858,4.007,4.2));
#6694=CARTESIAN_POINT('',(22.8,4.00700000000001,4.2));
#6695=CARTESIAN_POINT('',(22.8,0.,4.2));
#6696=CARTESIAN_POINT('',(3.21000000000001,1.20552584303201,4.2));
#6697=CARTESIAN_POINT('',(3.21000000000001,1.20552584303201,4.2));
#6698=CARTESIAN_POINT('',(3.21000000000001,6.11552584303201,4.2));
#6699=CARTESIAN_POINT('',(3.21000000000001,6.11552584303201,4.2));
#6700=CARTESIAN_POINT('',(3.21000000000001,6.11552584303201,4.2));
#6701=CARTESIAN_POINT('',(3.21000000000001,6.11552584303201,4.2));
#6702=CARTESIAN_POINT('',(8.19000000000002,1.20552584303201,4.2));
#6703=CARTESIAN_POINT('',(8.19000000000002,1.20552584303201,4.2));
#6704=CARTESIAN_POINT('',(3.21000000000001,1.20552584303201,4.2));
#6705=CARTESIAN_POINT('',(3.21000000000001,1.20552584303201,4.2));
#6706=CARTESIAN_POINT('',(8.19000000000001,6.11552584303201,4.2));
#6707=CARTESIAN_POINT('',(8.19000000000001,6.11552584303201,4.2));
#6708=CARTESIAN_POINT('',(8.19000000000002,1.20552584303201,4.2));
#6709=CARTESIAN_POINT('',(8.19000000000002,1.20552584303201,4.2));
#6710=CARTESIAN_POINT('',(6.28499941203716,6.11552584303201,4.2));
#6711=CARTESIAN_POINT('',(6.28499941203716,6.11552584303201,12.95));
#6712=CARTESIAN_POINT('',(8.19000000000001,6.11552584303201,12.95));
#6713=CARTESIAN_POINT('',(5.11499941203716,6.11552584303201,12.95));
#6714=CARTESIAN_POINT('',(5.11499941203716,6.11552584303201,4.2));
#6715=CARTESIAN_POINT('',(8.19000000000001,6.11552584303201,4.2));
#6716=CARTESIAN_POINT('',(8.19000000000001,6.11552584303201,4.2));
#6717=CARTESIAN_POINT('',(6.232,0.,4.2));
#6718=CARTESIAN_POINT('',(6.232,2.933,4.2));
#6719=CARTESIAN_POINT('',(6.232,4.007,4.2));
#6720=CARTESIAN_POINT('',(17.1,2.93300000000002,4.2));
#6721=CARTESIAN_POINT('',(5.15800000000001,2.933,4.2));
#6722=CARTESIAN_POINT('',(5.15800000000001,0.,4.2));
#6723=CARTESIAN_POINT('',(5.15800000000001,4.007,4.2));
#6724=CARTESIAN_POINT('',(17.1,4.00700000000001,4.2));
#6725=CARTESIAN_POINT('',(17.1,0.,4.2));
#6726=CARTESIAN_POINT('',(-2.48999999999999,1.20552584303201,4.2));
#6727=CARTESIAN_POINT('',(-2.48999999999999,1.20552584303201,4.2));
#6728=CARTESIAN_POINT('',(-2.48999999999999,6.11552584303201,4.2));
#6729=CARTESIAN_POINT('',(-2.48999999999999,6.11552584303201,4.2));
#6730=CARTESIAN_POINT('',(-2.48999999999999,6.11552584303201,4.2));
#6731=CARTESIAN_POINT('',(-2.48999999999999,6.11552584303201,4.2));
#6732=CARTESIAN_POINT('',(2.49000000000001,1.20552584303201,4.2));
#6733=CARTESIAN_POINT('',(2.49000000000001,1.20552584303201,4.2));
#6734=CARTESIAN_POINT('',(-2.48999999999999,1.20552584303201,4.2));
#6735=CARTESIAN_POINT('',(-2.48999999999999,1.20552584303201,4.2));
#6736=CARTESIAN_POINT('',(2.49000000000001,6.11552584303201,4.2));
#6737=CARTESIAN_POINT('',(2.49000000000001,6.11552584303201,4.2));
#6738=CARTESIAN_POINT('',(2.49000000000001,1.20552584303201,4.2));
#6739=CARTESIAN_POINT('',(2.49000000000001,1.20552584303201,4.2));
#6740=CARTESIAN_POINT('',(0.584999412037157,6.11552584303201,4.2));
#6741=CARTESIAN_POINT('',(0.584999412037157,6.11552584303201,12.95));
#6742=CARTESIAN_POINT('',(2.49000000000001,6.11552584303201,12.95));
#6743=CARTESIAN_POINT('',(-0.585000587962844,6.11552584303201,12.95));
#6744=CARTESIAN_POINT('',(-0.585000587962844,6.11552584303201,4.2));
#6745=CARTESIAN_POINT('',(2.49000000000001,6.11552584303201,4.2));
#6746=CARTESIAN_POINT('',(2.49000000000001,6.11552584303201,4.2));
#6747=CARTESIAN_POINT('',(0.532000000000005,0.,4.2));
#6748=CARTESIAN_POINT('',(0.532000000000005,2.933,4.2));
#6749=CARTESIAN_POINT('',(0.532000000000005,4.007,4.2));
#6750=CARTESIAN_POINT('',(11.4,2.93300000000002,4.2));
#6751=CARTESIAN_POINT('',(-0.54199999999999,2.933,4.2));
#6752=CARTESIAN_POINT('',(-0.54199999999999,0.,4.2));
#6753=CARTESIAN_POINT('',(-0.54199999999999,4.007,4.2));
#6754=CARTESIAN_POINT('',(11.4,4.00700000000001,4.2));
#6755=CARTESIAN_POINT('',(11.4,0.,4.2));
#6756=CARTESIAN_POINT('',(-8.18999999999999,1.20552584303201,4.2));
#6757=CARTESIAN_POINT('',(-8.18999999999999,1.20552584303201,4.2));
#6758=CARTESIAN_POINT('',(-8.18999999999999,6.11552584303201,4.2));
#6759=CARTESIAN_POINT('',(-8.18999999999999,6.11552584303201,4.2));
#6760=CARTESIAN_POINT('',(-8.18999999999999,6.11552584303201,4.2));
#6761=CARTESIAN_POINT('',(-8.18999999999999,6.11552584303201,4.2));
#6762=CARTESIAN_POINT('',(-3.20999999999999,1.20552584303201,4.2));
#6763=CARTESIAN_POINT('',(-3.20999999999999,1.20552584303201,4.2));
#6764=CARTESIAN_POINT('',(-8.18999999999999,1.20552584303201,4.2));
#6765=CARTESIAN_POINT('',(-8.18999999999999,1.20552584303201,4.2));
#6766=CARTESIAN_POINT('',(-3.20999999999999,6.11552584303201,4.2));
#6767=CARTESIAN_POINT('',(-3.20999999999999,6.11552584303201,4.2));
#6768=CARTESIAN_POINT('',(-3.20999999999999,1.20552584303201,4.2));
#6769=CARTESIAN_POINT('',(-3.20999999999999,1.20552584303201,4.2));
#6770=CARTESIAN_POINT('',(-5.11500058796284,6.11552584303201,4.2));
#6771=CARTESIAN_POINT('',(-5.11500058796284,6.11552584303201,12.95));
#6772=CARTESIAN_POINT('',(-3.20999999999999,6.11552584303201,12.95));
#6773=CARTESIAN_POINT('',(-6.28500058796284,6.11552584303201,12.95));
#6774=CARTESIAN_POINT('',(-6.28500058796284,6.11552584303201,4.2));
#6775=CARTESIAN_POINT('',(-3.20999999999999,6.11552584303201,4.2));
#6776=CARTESIAN_POINT('',(-3.20999999999999,6.11552584303201,4.2));
#6777=CARTESIAN_POINT('',(-5.168,0.,4.2));
#6778=CARTESIAN_POINT('',(-5.168,2.933,4.2));
#6779=CARTESIAN_POINT('',(-5.168,4.007,4.2));
#6780=CARTESIAN_POINT('',(5.7,2.93300000000002,4.2));
#6781=CARTESIAN_POINT('',(-6.24199999999999,2.933,4.2));
#6782=CARTESIAN_POINT('',(-6.24199999999999,0.,4.2));
#6783=CARTESIAN_POINT('',(-6.24199999999999,4.007,4.2));
#6784=CARTESIAN_POINT('',(5.7,4.00700000000001,4.2));
#6785=CARTESIAN_POINT('',(5.7,0.,4.2));
#6786=CARTESIAN_POINT('',(-16.5150005879628,6.11475217430828,12.95));
#6787=CARTESIAN_POINT('',(-16.5150005879628,6.11475217430828,12.95));
#6788=CARTESIAN_POINT('',(-17.6850005879628,6.79,12.95));
#6789=CARTESIAN_POINT('',(-17.6850005879628,6.79,12.95));
#6790=CARTESIAN_POINT('',(0.,0.,12.95));
#6791=CARTESIAN_POINT('',(-5.11500058796284,6.11475217430828,12.95));
#6792=CARTESIAN_POINT('',(-5.11500058796284,6.11475217430828,12.95));
#6793=CARTESIAN_POINT('',(-6.28500058796284,6.79,12.95));
#6794=CARTESIAN_POINT('',(-6.28500058796284,6.79,12.95));
#6795=CARTESIAN_POINT('',(11.4,0.,12.95));
#6796=CARTESIAN_POINT('',(0.584999412037157,6.11475217430828,12.95));
#6797=CARTESIAN_POINT('',(0.584999412037157,6.11475217430828,12.95));
#6798=CARTESIAN_POINT('',(-0.585000587962844,6.79,12.95));
#6799=CARTESIAN_POINT('',(-0.585000587962844,6.79,12.95));
#6800=CARTESIAN_POINT('',(17.1,0.,12.95));
#6801=CARTESIAN_POINT('',(6.28499941203716,6.11475217430828,12.95));
#6802=CARTESIAN_POINT('',(6.28499941203716,6.11475217430828,12.95));
#6803=CARTESIAN_POINT('',(5.11499941203716,6.79,12.95));
#6804=CARTESIAN_POINT('',(5.11499941203716,6.79,12.95));
#6805=CARTESIAN_POINT('',(22.8,0.,12.95));
#6806=CARTESIAN_POINT('',(11.9849994120372,6.11475217430828,12.95));
#6807=CARTESIAN_POINT('',(11.9849994120372,6.11475217430828,12.95));
#6808=CARTESIAN_POINT('',(10.8149994120372,6.79,12.95));
#6809=CARTESIAN_POINT('',(10.8149994120372,6.79,12.95));
#6810=CARTESIAN_POINT('',(28.5,0.,12.95));
#6811=CARTESIAN_POINT('',(-10.8150005879628,6.11475217430828,12.95));
#6812=CARTESIAN_POINT('',(-10.8150005879628,6.11475217430828,12.95));
#6813=CARTESIAN_POINT('',(-11.9850005879628,6.79,12.95));
#6814=CARTESIAN_POINT('',(-11.9850005879628,6.79,12.95));
#6815=CARTESIAN_POINT('',(5.7,0.,12.95));
#6816=CARTESIAN_POINT('',(17.6849994120372,6.11475217430828,12.95));
#6817=CARTESIAN_POINT('',(17.6849994120372,6.11475217430828,12.95));
#6818=CARTESIAN_POINT('',(16.5149994120372,6.79,12.95));
#6819=CARTESIAN_POINT('',(16.5149994120372,6.79,12.95));
#6820=CARTESIAN_POINT('',(34.2,0.,12.95));
#6821=CARTESIAN_POINT('',(-17.235,0.,12.17));
#6822=CARTESIAN_POINT('',(-17.235,3.6,12.17));
#6823=CARTESIAN_POINT('',(-17.235,3.34,12.17));
#6824=CARTESIAN_POINT('',(-5.39476388246053E-15,3.34000000000003,12.17));
#6825=CARTESIAN_POINT('',(-16.975,3.34,12.17));
#6826=CARTESIAN_POINT('',(-16.975,0.,12.17));
#6827=CARTESIAN_POINT('',(-16.975,3.6,12.17));
#6828=CARTESIAN_POINT('',(-2.90735778096674E-15,3.60000000000002,12.17));
#6829=CARTESIAN_POINT('',(0.,0.,12.17));
#6830=CARTESIAN_POINT('',(-16.568,2.933,-3.23));
#6831=CARTESIAN_POINT('',(-16.568,2.933,11.47));
#6832=CARTESIAN_POINT('',(-17.642,2.933,11.47));
#6833=CARTESIAN_POINT('',(-17.642,2.933,11.47));
#6834=CARTESIAN_POINT('',(-17.642,2.933,-3.23));
#6835=CARTESIAN_POINT('',(-17.642,2.933,-3.23));
#6836=CARTESIAN_POINT('',(-17.642,4.007,11.47));
#6837=CARTESIAN_POINT('',(-17.642,4.007,11.47));
#6838=CARTESIAN_POINT('',(-17.642,4.007,-3.23));
#6839=CARTESIAN_POINT('',(-17.642,4.007,-3.23));
#6840=CARTESIAN_POINT('',(-16.568,4.007,11.47));
#6841=CARTESIAN_POINT('',(-16.568,4.007,11.47));
#6842=CARTESIAN_POINT('',(-16.568,4.007,-3.23));
#6843=CARTESIAN_POINT('',(-16.568,4.007,-3.23));
#6844=CARTESIAN_POINT('',(-16.568,2.933,11.47));
#6845=CARTESIAN_POINT('',(-16.568,2.933,-3.23));
#6846=CARTESIAN_POINT('',(-16.568,2.933,-3.23));
#6847=CARTESIAN_POINT('',(-16.568,2.933,-2.53));
#6848=CARTESIAN_POINT('',(-16.568,4.007,-2.53));
#6849=CARTESIAN_POINT('',(-16.568,4.007,-2.53));
#6850=CARTESIAN_POINT('',(-16.568,4.007,-3.23));
#6851=CARTESIAN_POINT('',(-16.568,2.933,-3.23));
#6852=CARTESIAN_POINT('',(-17.642,4.007,-2.53));
#6853=CARTESIAN_POINT('',(-17.642,4.007,-2.53));
#6854=CARTESIAN_POINT('',(-17.642,4.007,-3.23));
#6855=CARTESIAN_POINT('',(-16.568,4.007,-3.23));
#6856=CARTESIAN_POINT('',(-17.642,2.933,-2.53));
#6857=CARTESIAN_POINT('',(-17.642,2.933,-2.53));
#6858=CARTESIAN_POINT('',(-17.642,2.933,-3.23));
#6859=CARTESIAN_POINT('',(-17.642,4.007,-3.23));
#6860=CARTESIAN_POINT('',(-16.568,2.933,-2.53));
#6861=CARTESIAN_POINT('',(-17.642,2.933,-3.23));
#6862=CARTESIAN_POINT('',(-17.642,3.34,-3.23));
#6863=CARTESIAN_POINT('',(-16.975,3.34,-3.23));
#6864=CARTESIAN_POINT('',(-17.235,3.34,-3.23));
#6865=CARTESIAN_POINT('',(-17.235,4.007,-3.23));
#6866=CARTESIAN_POINT('',(-17.235,3.6,-3.23));
#6867=CARTESIAN_POINT('',(-16.568,3.6,-3.23));
#6868=CARTESIAN_POINT('',(-16.975,3.6,-3.23));
#6869=CARTESIAN_POINT('',(-16.975,2.933,-3.23));
#6870=CARTESIAN_POINT('',(0.,0.,-3.23));
#6871=CARTESIAN_POINT('',(-16.7846168991036,3.14961689910361,-2.90255977732808));
#6872=CARTESIAN_POINT('',(-16.7846168991036,3.79038310089639,-2.90255977732808));
#6873=CARTESIAN_POINT('',(-16.568,2.933,-2.53));
#6874=CARTESIAN_POINT('',(-17.4253831008964,3.79038310089639,-2.90255977732808));
#6875=CARTESIAN_POINT('',(-16.568,4.007,-2.53));
#6876=CARTESIAN_POINT('',(-17.642,2.933,-2.53));
#6877=CARTESIAN_POINT('',(-17.642,2.933,-2.53));
#6878=CARTESIAN_POINT('',(-17.642,4.007,-2.53));
#6879=CARTESIAN_POINT('',(-17.7010901645931,2.87390983540688,13.4188037228874));
#6880=CARTESIAN_POINT('',(-13.7588433370104,0.123843337010449,18.1486478233236));
#6881=CARTESIAN_POINT('',(-2.90735778096674E-15,3.60000000000002,12.17));
#6882=CARTESIAN_POINT('',(-17.9086503193725,2.6663496806275,11.0113876570989));
#6883=CARTESIAN_POINT('',(-17.235,0.,12.17));
#6884=CARTESIAN_POINT('',(-16.3013496806275,2.6663496806275,11.0113876570989));
#6885=CARTESIAN_POINT('',(-16.975,0.,12.17));
#6886=CARTESIAN_POINT('',(-5.39476388246053E-15,3.34000000000003,12.17));
#6887=CARTESIAN_POINT('',(-5.83499999999999,0.,12.17));
#6888=CARTESIAN_POINT('',(-5.83499999999999,3.6,12.17));
#6889=CARTESIAN_POINT('',(-5.83499999999999,3.34,12.17));
#6890=CARTESIAN_POINT('',(11.4,3.34000000000003,12.17));
#6891=CARTESIAN_POINT('',(-5.575,3.34,12.17));
#6892=CARTESIAN_POINT('',(-5.575,0.,12.17));
#6893=CARTESIAN_POINT('',(-5.575,3.6,12.17));
#6894=CARTESIAN_POINT('',(11.4,3.60000000000002,12.17));
#6895=CARTESIAN_POINT('',(11.4,0.,12.17));
#6896=CARTESIAN_POINT('',(-5.168,2.933,-3.23));
#6897=CARTESIAN_POINT('',(-5.168,2.933,11.47));
#6898=CARTESIAN_POINT('',(-6.24199999999999,2.933,11.47));
#6899=CARTESIAN_POINT('',(-6.24199999999999,2.933,11.47));
#6900=CARTESIAN_POINT('',(-6.24199999999999,2.933,-3.23));
#6901=CARTESIAN_POINT('',(-6.24199999999999,2.933,-3.23));
#6902=CARTESIAN_POINT('',(-6.24199999999999,4.007,11.47));
#6903=CARTESIAN_POINT('',(-6.24199999999999,4.007,11.47));
#6904=CARTESIAN_POINT('',(-6.24199999999999,4.007,-3.23));
#6905=CARTESIAN_POINT('',(-6.24199999999999,4.007,-3.23));
#6906=CARTESIAN_POINT('',(-5.168,4.007,11.47));
#6907=CARTESIAN_POINT('',(-5.168,4.007,11.47));
#6908=CARTESIAN_POINT('',(-5.168,4.007,-3.23));
#6909=CARTESIAN_POINT('',(-5.168,4.007,-3.23));
#6910=CARTESIAN_POINT('',(-5.168,2.933,11.47));
#6911=CARTESIAN_POINT('',(-5.168,2.933,-3.23));
#6912=CARTESIAN_POINT('',(-0.134999999999989,0.,12.17));
#6913=CARTESIAN_POINT('',(-0.134999999999989,3.6,12.17));
#6914=CARTESIAN_POINT('',(-0.134999999999989,3.34,12.17));
#6915=CARTESIAN_POINT('',(17.1,3.34000000000003,12.17));
#6916=CARTESIAN_POINT('',(0.125000000000004,3.34,12.17));
#6917=CARTESIAN_POINT('',(0.125000000000004,0.,12.17));
#6918=CARTESIAN_POINT('',(0.125000000000004,3.6,12.17));
#6919=CARTESIAN_POINT('',(17.1,3.60000000000002,12.17));
#6920=CARTESIAN_POINT('',(17.1,0.,12.17));
#6921=CARTESIAN_POINT('',(0.532000000000005,2.933,-3.23));
#6922=CARTESIAN_POINT('',(0.532000000000005,2.933,11.47));
#6923=CARTESIAN_POINT('',(-0.54199999999999,2.933,11.47));
#6924=CARTESIAN_POINT('',(-0.54199999999999,2.933,11.47));
#6925=CARTESIAN_POINT('',(-0.54199999999999,2.933,-3.23));
#6926=CARTESIAN_POINT('',(-0.54199999999999,2.933,-3.23));
#6927=CARTESIAN_POINT('',(-0.54199999999999,4.007,11.47));
#6928=CARTESIAN_POINT('',(-0.54199999999999,4.007,11.47));
#6929=CARTESIAN_POINT('',(-0.54199999999999,4.007,-3.23));
#6930=CARTESIAN_POINT('',(-0.54199999999999,4.007,-3.23));
#6931=CARTESIAN_POINT('',(0.532000000000005,4.007,11.47));
#6932=CARTESIAN_POINT('',(0.532000000000005,4.007,11.47));
#6933=CARTESIAN_POINT('',(0.532000000000005,4.007,-3.23));
#6934=CARTESIAN_POINT('',(0.532000000000005,4.007,-3.23));
#6935=CARTESIAN_POINT('',(0.532000000000005,2.933,11.47));
#6936=CARTESIAN_POINT('',(0.532000000000005,2.933,-3.23));
#6937=CARTESIAN_POINT('',(5.56500000000001,0.,12.17));
#6938=CARTESIAN_POINT('',(5.56500000000001,3.6,12.17));
#6939=CARTESIAN_POINT('',(5.56500000000001,3.34,12.17));
#6940=CARTESIAN_POINT('',(22.8,3.34000000000003,12.17));
#6941=CARTESIAN_POINT('',(5.825,3.34,12.17));
#6942=CARTESIAN_POINT('',(5.825,0.,12.17));
#6943=CARTESIAN_POINT('',(5.825,3.6,12.17));
#6944=CARTESIAN_POINT('',(22.8,3.60000000000002,12.17));
#6945=CARTESIAN_POINT('',(22.8,0.,12.17));
#6946=CARTESIAN_POINT('',(6.232,2.933,-3.23));
#6947=CARTESIAN_POINT('',(6.232,2.933,11.47));
#6948=CARTESIAN_POINT('',(5.15800000000001,2.933,11.47));
#6949=CARTESIAN_POINT('',(5.15800000000001,2.933,11.47));
#6950=CARTESIAN_POINT('',(5.15800000000001,2.933,-3.23));
#6951=CARTESIAN_POINT('',(5.15800000000001,2.933,-3.23));
#6952=CARTESIAN_POINT('',(5.15800000000001,4.007,11.47));
#6953=CARTESIAN_POINT('',(5.15800000000001,4.007,11.47));
#6954=CARTESIAN_POINT('',(5.15800000000001,4.007,-3.23));
#6955=CARTESIAN_POINT('',(5.15800000000001,4.007,-3.23));
#6956=CARTESIAN_POINT('',(6.232,4.007,11.47));
#6957=CARTESIAN_POINT('',(6.232,4.007,11.47));
#6958=CARTESIAN_POINT('',(6.232,4.007,-3.23));
#6959=CARTESIAN_POINT('',(6.232,4.007,-3.23));
#6960=CARTESIAN_POINT('',(6.232,2.933,11.47));
#6961=CARTESIAN_POINT('',(6.232,2.933,-3.23));
#6962=CARTESIAN_POINT('',(11.265,0.,12.17));
#6963=CARTESIAN_POINT('',(11.265,3.6,12.17));
#6964=CARTESIAN_POINT('',(11.265,3.34,12.17));
#6965=CARTESIAN_POINT('',(28.5,3.34000000000003,12.17));
#6966=CARTESIAN_POINT('',(11.525,3.34,12.17));
#6967=CARTESIAN_POINT('',(11.525,0.,12.17));
#6968=CARTESIAN_POINT('',(11.525,3.6,12.17));
#6969=CARTESIAN_POINT('',(28.5,3.60000000000002,12.17));
#6970=CARTESIAN_POINT('',(28.5,0.,12.17));
#6971=CARTESIAN_POINT('',(11.932,2.933,-3.23));
#6972=CARTESIAN_POINT('',(11.932,2.933,11.47));
#6973=CARTESIAN_POINT('',(10.858,2.933,11.47));
#6974=CARTESIAN_POINT('',(10.858,2.933,11.47));
#6975=CARTESIAN_POINT('',(10.858,2.933,-3.23));
#6976=CARTESIAN_POINT('',(10.858,2.933,-3.23));
#6977=CARTESIAN_POINT('',(10.858,4.007,11.47));
#6978=CARTESIAN_POINT('',(10.858,4.007,11.47));
#6979=CARTESIAN_POINT('',(10.858,4.007,-3.23));
#6980=CARTESIAN_POINT('',(10.858,4.007,-3.23));
#6981=CARTESIAN_POINT('',(11.932,4.007,11.47));
#6982=CARTESIAN_POINT('',(11.932,4.007,11.47));
#6983=CARTESIAN_POINT('',(11.932,4.007,-3.23));
#6984=CARTESIAN_POINT('',(11.932,4.007,-3.23));
#6985=CARTESIAN_POINT('',(11.932,2.933,11.47));
#6986=CARTESIAN_POINT('',(11.932,2.933,-3.23));
#6987=CARTESIAN_POINT('',(-11.535,0.,12.17));
#6988=CARTESIAN_POINT('',(-11.535,3.6,12.17));
#6989=CARTESIAN_POINT('',(-11.535,3.34,12.17));
#6990=CARTESIAN_POINT('',(5.69999999999999,3.34000000000003,12.17));
#6991=CARTESIAN_POINT('',(-11.275,3.34,12.17));
#6992=CARTESIAN_POINT('',(-11.275,0.,12.17));
#6993=CARTESIAN_POINT('',(-11.275,3.6,12.17));
#6994=CARTESIAN_POINT('',(5.7,3.60000000000002,12.17));
#6995=CARTESIAN_POINT('',(5.7,0.,12.17));
#6996=CARTESIAN_POINT('',(-10.868,2.933,-3.23));
#6997=CARTESIAN_POINT('',(-10.868,2.933,11.47));
#6998=CARTESIAN_POINT('',(-11.942,2.933,11.47));
#6999=CARTESIAN_POINT('',(-11.942,2.933,11.47));
#7000=CARTESIAN_POINT('',(-11.942,2.933,-3.23));
#7001=CARTESIAN_POINT('',(-11.942,2.933,-3.23));
#7002=CARTESIAN_POINT('',(-11.942,4.007,11.47));
#7003=CARTESIAN_POINT('',(-11.942,4.007,11.47));
#7004=CARTESIAN_POINT('',(-11.942,4.007,-3.23));
#7005=CARTESIAN_POINT('',(-11.942,4.007,-3.23));
#7006=CARTESIAN_POINT('',(-10.868,4.007,11.47));
#7007=CARTESIAN_POINT('',(-10.868,4.007,11.47));
#7008=CARTESIAN_POINT('',(-10.868,4.007,-3.23));
#7009=CARTESIAN_POINT('',(-10.868,4.007,-3.23));
#7010=CARTESIAN_POINT('',(-10.868,2.933,11.47));
#7011=CARTESIAN_POINT('',(-10.868,2.933,-3.23));
#7012=CARTESIAN_POINT('',(16.965,0.,12.17));
#7013=CARTESIAN_POINT('',(16.965,3.6,12.17));
#7014=CARTESIAN_POINT('',(16.965,3.34,12.17));
#7015=CARTESIAN_POINT('',(34.2,3.34000000000003,12.17));
#7016=CARTESIAN_POINT('',(17.225,3.34,12.17));
#7017=CARTESIAN_POINT('',(17.225,0.,12.17));
#7018=CARTESIAN_POINT('',(17.225,3.6,12.17));
#7019=CARTESIAN_POINT('',(34.2,3.60000000000002,12.17));
#7020=CARTESIAN_POINT('',(34.2,0.,12.17));
#7021=CARTESIAN_POINT('',(17.632,2.933,-3.23));
#7022=CARTESIAN_POINT('',(17.632,2.933,11.47));
#7023=CARTESIAN_POINT('',(16.558,2.933,11.47));
#7024=CARTESIAN_POINT('',(16.558,2.933,11.47));
#7025=CARTESIAN_POINT('',(16.558,2.933,-3.23));
#7026=CARTESIAN_POINT('',(16.558,2.933,-3.23));
#7027=CARTESIAN_POINT('',(16.558,4.007,11.47));
#7028=CARTESIAN_POINT('',(16.558,4.007,11.47));
#7029=CARTESIAN_POINT('',(16.558,4.007,-3.23));
#7030=CARTESIAN_POINT('',(16.558,4.007,-3.23));
#7031=CARTESIAN_POINT('',(17.632,4.007,11.47));
#7032=CARTESIAN_POINT('',(17.632,4.007,11.47));
#7033=CARTESIAN_POINT('',(17.632,4.007,-3.23));
#7034=CARTESIAN_POINT('',(17.632,4.007,-3.23));
#7035=CARTESIAN_POINT('',(17.632,2.933,11.47));
#7036=CARTESIAN_POINT('',(17.632,2.933,-3.23));
#7037=CARTESIAN_POINT('',(17.632,2.933,-3.23));
#7038=CARTESIAN_POINT('',(17.632,2.933,-2.53));
#7039=CARTESIAN_POINT('',(17.632,4.007,-2.53));
#7040=CARTESIAN_POINT('',(17.632,4.007,-2.53));
#7041=CARTESIAN_POINT('',(17.632,4.007,-3.23));
#7042=CARTESIAN_POINT('',(17.632,2.933,-3.23));
#7043=CARTESIAN_POINT('',(16.558,4.007,-2.53));
#7044=CARTESIAN_POINT('',(16.558,4.007,-2.53));
#7045=CARTESIAN_POINT('',(16.558,4.007,-3.23));
#7046=CARTESIAN_POINT('',(17.632,4.007,-3.23));
#7047=CARTESIAN_POINT('',(16.558,2.933,-2.53));
#7048=CARTESIAN_POINT('',(16.558,2.933,-2.53));
#7049=CARTESIAN_POINT('',(16.558,2.933,-3.23));
#7050=CARTESIAN_POINT('',(16.558,4.007,-3.23));
#7051=CARTESIAN_POINT('',(17.632,2.933,-2.53));
#7052=CARTESIAN_POINT('',(16.558,2.933,-3.23));
#7053=CARTESIAN_POINT('',(16.558,3.34,-3.23));
#7054=CARTESIAN_POINT('',(17.225,3.34,-3.23));
#7055=CARTESIAN_POINT('',(16.965,3.34,-3.23));
#7056=CARTESIAN_POINT('',(16.965,4.007,-3.23));
#7057=CARTESIAN_POINT('',(16.965,3.6,-3.23));
#7058=CARTESIAN_POINT('',(17.632,3.6,-3.23));
#7059=CARTESIAN_POINT('',(17.225,3.6,-3.23));
#7060=CARTESIAN_POINT('',(17.225,2.933,-3.23));
#7061=CARTESIAN_POINT('',(34.2,0.,-3.23));
#7062=CARTESIAN_POINT('',(11.932,2.933,-3.23));
#7063=CARTESIAN_POINT('',(11.932,2.933,-2.53));
#7064=CARTESIAN_POINT('',(11.932,4.007,-2.53));
#7065=CARTESIAN_POINT('',(11.932,4.007,-2.53));
#7066=CARTESIAN_POINT('',(11.932,4.007,-3.23));
#7067=CARTESIAN_POINT('',(11.932,2.933,-3.23));
#7068=CARTESIAN_POINT('',(10.858,4.007,-2.53));
#7069=CARTESIAN_POINT('',(10.858,4.007,-2.53));
#7070=CARTESIAN_POINT('',(10.858,4.007,-3.23));
#7071=CARTESIAN_POINT('',(11.932,4.007,-3.23));
#7072=CARTESIAN_POINT('',(10.858,2.933,-2.53));
#7073=CARTESIAN_POINT('',(10.858,2.933,-2.53));
#7074=CARTESIAN_POINT('',(10.858,2.933,-3.23));
#7075=CARTESIAN_POINT('',(10.858,4.007,-3.23));
#7076=CARTESIAN_POINT('',(11.932,2.933,-2.53));
#7077=CARTESIAN_POINT('',(10.858,2.933,-3.23));
#7078=CARTESIAN_POINT('',(10.858,3.34,-3.23));
#7079=CARTESIAN_POINT('',(11.525,3.34,-3.23));
#7080=CARTESIAN_POINT('',(11.265,3.34,-3.23));
#7081=CARTESIAN_POINT('',(11.265,4.007,-3.23));
#7082=CARTESIAN_POINT('',(11.265,3.6,-3.23));
#7083=CARTESIAN_POINT('',(11.932,3.6,-3.23));
#7084=CARTESIAN_POINT('',(11.525,3.6,-3.23));
#7085=CARTESIAN_POINT('',(11.525,2.933,-3.23));
#7086=CARTESIAN_POINT('',(28.5,0.,-3.23));
#7087=CARTESIAN_POINT('',(6.232,2.933,-3.23));
#7088=CARTESIAN_POINT('',(6.232,2.933,-2.53));
#7089=CARTESIAN_POINT('',(6.232,4.007,-2.53));
#7090=CARTESIAN_POINT('',(6.232,4.007,-2.53));
#7091=CARTESIAN_POINT('',(6.232,4.007,-3.23));
#7092=CARTESIAN_POINT('',(6.232,2.933,-3.23));
#7093=CARTESIAN_POINT('',(5.15800000000001,4.007,-2.53));
#7094=CARTESIAN_POINT('',(5.15800000000001,4.007,-2.53));
#7095=CARTESIAN_POINT('',(5.15800000000001,4.007,-3.23));
#7096=CARTESIAN_POINT('',(6.232,4.007,-3.23));
#7097=CARTESIAN_POINT('',(5.15800000000001,2.933,-2.53));
#7098=CARTESIAN_POINT('',(5.15800000000001,2.933,-2.53));
#7099=CARTESIAN_POINT('',(5.15800000000001,2.933,-3.23));
#7100=CARTESIAN_POINT('',(5.15800000000001,4.007,-3.23));
#7101=CARTESIAN_POINT('',(6.232,2.933,-2.53));
#7102=CARTESIAN_POINT('',(5.15800000000001,2.933,-3.23));
#7103=CARTESIAN_POINT('',(5.15800000000001,3.34,-3.23));
#7104=CARTESIAN_POINT('',(5.825,3.34,-3.23));
#7105=CARTESIAN_POINT('',(5.56500000000001,3.34,-3.23));
#7106=CARTESIAN_POINT('',(5.56500000000001,4.007,-3.23));
#7107=CARTESIAN_POINT('',(5.56500000000001,3.6,-3.23));
#7108=CARTESIAN_POINT('',(6.232,3.6,-3.23));
#7109=CARTESIAN_POINT('',(5.825,3.6,-3.23));
#7110=CARTESIAN_POINT('',(5.825,2.933,-3.23));
#7111=CARTESIAN_POINT('',(22.8,0.,-3.23));
#7112=CARTESIAN_POINT('',(0.532000000000005,2.933,-3.23));
#7113=CARTESIAN_POINT('',(0.532000000000005,2.933,-2.53));
#7114=CARTESIAN_POINT('',(0.532000000000005,4.007,-2.53));
#7115=CARTESIAN_POINT('',(0.532000000000005,4.007,-2.53));
#7116=CARTESIAN_POINT('',(0.532000000000005,4.007,-3.23));
#7117=CARTESIAN_POINT('',(0.532000000000005,2.933,-3.23));
#7118=CARTESIAN_POINT('',(-0.54199999999999,4.007,-2.53));
#7119=CARTESIAN_POINT('',(-0.54199999999999,4.007,-2.53));
#7120=CARTESIAN_POINT('',(-0.54199999999999,4.007,-3.23));
#7121=CARTESIAN_POINT('',(0.532000000000005,4.007,-3.23));
#7122=CARTESIAN_POINT('',(-0.54199999999999,2.933,-2.53));
#7123=CARTESIAN_POINT('',(-0.54199999999999,2.933,-2.53));
#7124=CARTESIAN_POINT('',(-0.54199999999999,2.933,-3.23));
#7125=CARTESIAN_POINT('',(-0.54199999999999,4.007,-3.23));
#7126=CARTESIAN_POINT('',(0.532000000000005,2.933,-2.53));
#7127=CARTESIAN_POINT('',(-0.54199999999999,2.933,-3.23));
#7128=CARTESIAN_POINT('',(-0.541999999999991,3.34,-3.23));
#7129=CARTESIAN_POINT('',(0.125000000000004,3.34,-3.23));
#7130=CARTESIAN_POINT('',(-0.134999999999989,3.34,-3.23));
#7131=CARTESIAN_POINT('',(-0.134999999999989,4.007,-3.23));
#7132=CARTESIAN_POINT('',(-0.134999999999989,3.6,-3.23));
#7133=CARTESIAN_POINT('',(0.532000000000005,3.6,-3.23));
#7134=CARTESIAN_POINT('',(0.125000000000004,3.6,-3.23));
#7135=CARTESIAN_POINT('',(0.125000000000004,2.933,-3.23));
#7136=CARTESIAN_POINT('',(17.1,0.,-3.23));
#7137=CARTESIAN_POINT('',(-5.168,2.933,-3.23));
#7138=CARTESIAN_POINT('',(-5.168,2.933,-2.53));
#7139=CARTESIAN_POINT('',(-5.168,4.007,-2.53));
#7140=CARTESIAN_POINT('',(-5.168,4.007,-2.53));
#7141=CARTESIAN_POINT('',(-5.168,4.007,-3.23));
#7142=CARTESIAN_POINT('',(-5.168,2.933,-3.23));
#7143=CARTESIAN_POINT('',(-6.24199999999999,4.007,-2.53));
#7144=CARTESIAN_POINT('',(-6.24199999999999,4.007,-2.53));
#7145=CARTESIAN_POINT('',(-6.24199999999999,4.007,-3.23));
#7146=CARTESIAN_POINT('',(-5.168,4.007,-3.23));
#7147=CARTESIAN_POINT('',(-6.24199999999999,2.933,-2.53));
#7148=CARTESIAN_POINT('',(-6.24199999999999,2.933,-2.53));
#7149=CARTESIAN_POINT('',(-6.24199999999999,2.933,-3.23));
#7150=CARTESIAN_POINT('',(-6.24199999999999,4.007,-3.23));
#7151=CARTESIAN_POINT('',(-5.168,2.933,-2.53));
#7152=CARTESIAN_POINT('',(-6.24199999999999,2.933,-3.23));
#7153=CARTESIAN_POINT('',(-6.24199999999999,3.34,-3.23));
#7154=CARTESIAN_POINT('',(-5.575,3.34,-3.23));
#7155=CARTESIAN_POINT('',(-5.83499999999999,3.34,-3.23));
#7156=CARTESIAN_POINT('',(-5.83499999999999,4.007,-3.23));
#7157=CARTESIAN_POINT('',(-5.83499999999999,3.6,-3.23));
#7158=CARTESIAN_POINT('',(-5.168,3.6,-3.23));
#7159=CARTESIAN_POINT('',(-5.575,3.6,-3.23));
#7160=CARTESIAN_POINT('',(-5.575,2.933,-3.23));
#7161=CARTESIAN_POINT('',(11.4,0.,-3.23));
#7162=CARTESIAN_POINT('',(-10.868,2.933,-3.23));
#7163=CARTESIAN_POINT('',(-10.868,2.933,-2.53));
#7164=CARTESIAN_POINT('',(-10.868,4.007,-2.53));
#7165=CARTESIAN_POINT('',(-10.868,4.007,-2.53));
#7166=CARTESIAN_POINT('',(-10.868,4.007,-3.23));
#7167=CARTESIAN_POINT('',(-10.868,2.933,-3.23));
#7168=CARTESIAN_POINT('',(-11.942,4.007,-2.53));
#7169=CARTESIAN_POINT('',(-11.942,4.007,-2.53));
#7170=CARTESIAN_POINT('',(-11.942,4.007,-3.23));
#7171=CARTESIAN_POINT('',(-10.868,4.007,-3.23));
#7172=CARTESIAN_POINT('',(-11.942,2.933,-2.53));
#7173=CARTESIAN_POINT('',(-11.942,2.933,-2.53));
#7174=CARTESIAN_POINT('',(-11.942,2.933,-3.23));
#7175=CARTESIAN_POINT('',(-11.942,4.007,-3.23));
#7176=CARTESIAN_POINT('',(-10.868,2.933,-2.53));
#7177=CARTESIAN_POINT('',(-11.942,2.933,-3.23));
#7178=CARTESIAN_POINT('',(-11.942,3.34,-3.23));
#7179=CARTESIAN_POINT('',(-11.275,3.34,-3.23));
#7180=CARTESIAN_POINT('',(-11.535,3.34,-3.23));
#7181=CARTESIAN_POINT('',(-11.535,4.007,-3.23));
#7182=CARTESIAN_POINT('',(-11.535,3.6,-3.23));
#7183=CARTESIAN_POINT('',(-10.868,3.6,-3.23));
#7184=CARTESIAN_POINT('',(-11.275,3.6,-3.23));
#7185=CARTESIAN_POINT('',(-11.275,2.933,-3.23));
#7186=CARTESIAN_POINT('',(5.7,0.,-3.23));
#7187=CARTESIAN_POINT('',(17.4153831008964,3.14961689910361,-2.90255977732808));
#7188=CARTESIAN_POINT('',(17.4153831008964,3.79038310089639,-2.90255977732808));
#7189=CARTESIAN_POINT('',(17.632,2.933,-2.53));
#7190=CARTESIAN_POINT('',(16.7746168991036,3.79038310089639,-2.90255977732808));
#7191=CARTESIAN_POINT('',(17.632,4.007,-2.53));
#7192=CARTESIAN_POINT('',(16.558,2.933,-2.53));
#7193=CARTESIAN_POINT('',(16.558,2.933,-2.53));
#7194=CARTESIAN_POINT('',(16.558,4.007,-2.53));
#7195=CARTESIAN_POINT('',(11.7153831008964,3.14961689910361,-2.90255977732808));
#7196=CARTESIAN_POINT('',(11.7153831008964,3.79038310089639,-2.90255977732808));
#7197=CARTESIAN_POINT('',(11.932,2.933,-2.53));
#7198=CARTESIAN_POINT('',(11.0746168991036,3.79038310089639,-2.90255977732808));
#7199=CARTESIAN_POINT('',(11.932,4.007,-2.53));
#7200=CARTESIAN_POINT('',(10.858,2.933,-2.53));
#7201=CARTESIAN_POINT('',(10.858,2.933,-2.53));
#7202=CARTESIAN_POINT('',(10.858,4.007,-2.53));
#7203=CARTESIAN_POINT('',(6.01538310089639,3.14961689910361,-2.90255977732808));
#7204=CARTESIAN_POINT('',(6.01538310089639,3.79038310089639,-2.90255977732808));
#7205=CARTESIAN_POINT('',(6.232,2.933,-2.53));
#7206=CARTESIAN_POINT('',(5.37461689910362,3.79038310089639,-2.90255977732808));
#7207=CARTESIAN_POINT('',(6.232,4.007,-2.53));
#7208=CARTESIAN_POINT('',(5.15800000000001,2.933,-2.53));
#7209=CARTESIAN_POINT('',(5.15800000000001,2.933,-2.53));
#7210=CARTESIAN_POINT('',(5.15800000000001,4.007,-2.53));
#7211=CARTESIAN_POINT('',(0.315383100896391,3.14961689910361,-2.90255977732808));
#7212=CARTESIAN_POINT('',(0.31538310089639,3.79038310089639,-2.90255977732808));
#7213=CARTESIAN_POINT('',(0.532000000000005,2.933,-2.53));
#7214=CARTESIAN_POINT('',(-0.325383100896377,3.79038310089639,-2.90255977732808));
#7215=CARTESIAN_POINT('',(0.532000000000005,4.007,-2.53));
#7216=CARTESIAN_POINT('',(-0.54199999999999,2.933,-2.53));
#7217=CARTESIAN_POINT('',(-0.54199999999999,2.933,-2.53));
#7218=CARTESIAN_POINT('',(-0.54199999999999,4.007,-2.53));
#7219=CARTESIAN_POINT('',(-5.38461689910361,3.14961689910361,-2.90255977732808));
#7220=CARTESIAN_POINT('',(-5.38461689910361,3.79038310089639,-2.90255977732808));
#7221=CARTESIAN_POINT('',(-5.168,2.933,-2.53));
#7222=CARTESIAN_POINT('',(-6.02538310089638,3.79038310089639,-2.90255977732808));
#7223=CARTESIAN_POINT('',(-5.168,4.007,-2.53));
#7224=CARTESIAN_POINT('',(-6.24199999999999,2.933,-2.53));
#7225=CARTESIAN_POINT('',(-6.24199999999999,2.933,-2.53));
#7226=CARTESIAN_POINT('',(-6.24199999999999,4.007,-2.53));
#7227=CARTESIAN_POINT('',(-11.0846168991036,3.14961689910361,-2.90255977732808));
#7228=CARTESIAN_POINT('',(-11.0846168991036,3.79038310089639,-2.90255977732808));
#7229=CARTESIAN_POINT('',(-10.868,2.933,-2.53));
#7230=CARTESIAN_POINT('',(-11.7253831008964,3.79038310089639,-2.90255977732808));
#7231=CARTESIAN_POINT('',(-10.868,4.007,-2.53));
#7232=CARTESIAN_POINT('',(-11.942,2.933,-2.53));
#7233=CARTESIAN_POINT('',(-11.942,2.933,-2.53));
#7234=CARTESIAN_POINT('',(-11.942,4.007,-2.53));
#7235=CARTESIAN_POINT('',(16.4989098354069,2.87390983540688,13.4188037228874));
#7236=CARTESIAN_POINT('',(20.4411566629896,0.123843337010449,18.1486478233236));
#7237=CARTESIAN_POINT('',(34.2,3.60000000000002,12.17));
#7238=CARTESIAN_POINT('',(16.2913496806275,2.6663496806275,11.0113876570989));
#7239=CARTESIAN_POINT('',(16.965,0.,12.17));
#7240=CARTESIAN_POINT('',(17.8986503193725,2.6663496806275,11.0113876570989));
#7241=CARTESIAN_POINT('',(17.225,0.,12.17));
#7242=CARTESIAN_POINT('',(34.2,3.34000000000003,12.17));
#7243=CARTESIAN_POINT('',(10.7989098354069,2.87390983540688,13.4188037228874));
#7244=CARTESIAN_POINT('',(14.7411566629895,0.123843337010467,18.1486478233235));
#7245=CARTESIAN_POINT('',(28.5,3.60000000000002,12.17));
#7246=CARTESIAN_POINT('',(10.5913496806275,2.66634968062749,11.0113876570989));
#7247=CARTESIAN_POINT('',(11.265,0.,12.17));
#7248=CARTESIAN_POINT('',(12.1986503193725,2.6663496806275,11.0113876570989));
#7249=CARTESIAN_POINT('',(11.525,0.,12.17));
#7250=CARTESIAN_POINT('',(28.5,3.34000000000003,12.17));
#7251=CARTESIAN_POINT('',(5.09890983540688,2.87390983540688,13.4188037228874));
#7252=CARTESIAN_POINT('',(9.04115666298958,0.123843337010449,18.1486478233236));
#7253=CARTESIAN_POINT('',(22.8,3.60000000000002,12.17));
#7254=CARTESIAN_POINT('',(4.8913496806275,2.6663496806275,11.0113876570989));
#7255=CARTESIAN_POINT('',(5.56500000000001,0.,12.17));
#7256=CARTESIAN_POINT('',(6.49865031937251,2.6663496806275,11.0113876570989));
#7257=CARTESIAN_POINT('',(5.825,0.,12.17));
#7258=CARTESIAN_POINT('',(22.8,3.34000000000003,12.17));
#7259=CARTESIAN_POINT('',(-0.601090164593117,2.87390983540688,13.4188037228874));
#7260=CARTESIAN_POINT('',(3.34115666298958,0.123843337010449,18.1486478233236));
#7261=CARTESIAN_POINT('',(17.1,3.60000000000002,12.17));
#7262=CARTESIAN_POINT('',(-0.808650319372495,2.6663496806275,11.0113876570989));
#7263=CARTESIAN_POINT('',(-0.134999999999989,0.,12.17));
#7264=CARTESIAN_POINT('',(0.798650319372509,2.6663496806275,11.0113876570989));
#7265=CARTESIAN_POINT('',(0.125000000000004,0.,12.17));
#7266=CARTESIAN_POINT('',(17.1,3.34000000000003,12.17));
#7267=CARTESIAN_POINT('',(-6.30109016459312,2.87390983540688,13.4188037228874));
#7268=CARTESIAN_POINT('',(-2.35884333701042,0.123843337010449,18.1486478233236));
#7269=CARTESIAN_POINT('',(11.4,3.60000000000002,12.17));
#7270=CARTESIAN_POINT('',(-6.5086503193725,2.6663496806275,11.0113876570989));
#7271=CARTESIAN_POINT('',(-5.83499999999999,0.,12.17));
#7272=CARTESIAN_POINT('',(-4.90134968062749,2.6663496806275,11.0113876570989));
#7273=CARTESIAN_POINT('',(-5.575,0.,12.17));
#7274=CARTESIAN_POINT('',(11.4,3.34000000000003,12.17));
#7275=CARTESIAN_POINT('',(-12.0010901645931,2.87390983540688,13.4188037228874));
#7276=CARTESIAN_POINT('',(-8.05884333701047,0.123843337010467,18.1486478233235));
#7277=CARTESIAN_POINT('',(5.7,3.60000000000002,12.17));
#7278=CARTESIAN_POINT('',(-12.2086503193725,2.66634968062749,11.0113876570989));
#7279=CARTESIAN_POINT('',(-11.535,0.,12.17));
#7280=CARTESIAN_POINT('',(-10.6013496806275,2.6663496806275,11.0113876570989));
#7281=CARTESIAN_POINT('',(-11.275,0.,12.17));
#7282=CARTESIAN_POINT('',(5.69999999999999,3.34000000000003,12.17));
#7283=MECHANICAL_DESIGN_GEOMETRIC_PRESENTATION_REPRESENTATION('',(#24),
#7284);
#7284=(
GEOMETRIC_REPRESENTATION_CONTEXT(3)
GLOBAL_UNCERTAINTY_ASSIGNED_CONTEXT((#7285))
GLOBAL_UNIT_ASSIGNED_CONTEXT((#7291,#7287,#7286))
REPRESENTATION_CONTEXT('2002411117wbm000_02_214',
'TOP_LEVEL_ASSEMBLY_PART')
);
#7285=UNCERTAINTY_MEASURE_WITH_UNIT(LENGTH_MEASURE(2.E-5),#7291,
'DISTANCE_ACCURACY_VALUE','Maximum Tolerance applied to model');
#7286=(
NAMED_UNIT(*)
SI_UNIT($,.STERADIAN.)
SOLID_ANGLE_UNIT()
);
#7287=(
CONVERSION_BASED_UNIT('DEGREE',#7289)
NAMED_UNIT(#7288)
PLANE_ANGLE_UNIT()
);
#7288=DIMENSIONAL_EXPONENTS(0.,0.,0.,0.,0.,0.,0.);
#7289=PLANE_ANGLE_MEASURE_WITH_UNIT(PLANE_ANGLE_MEASURE(0.0174532925),#7290);
#7290=(
NAMED_UNIT(*)
PLANE_ANGLE_UNIT()
SI_UNIT($,.RADIAN.)
);
#7291=(
LENGTH_UNIT()
NAMED_UNIT(*)
SI_UNIT(.MILLI.,.METRE.)
);
ENDSEC;
END-ISO-10303-21;
