ISO-10303-21;
HEADER;
FILE_DESCRIPTION (( 'STEP AP214' ),
    '1' );
FILE_NAME ('MSS1038.STEP',
    '2016-09-20T12:54:44',
    ( '' ),
    ( '' ),
    'SwSTEP 2.0',
    'SolidWorks 2016',
    '' );
FILE_SCHEMA (( 'AUTOMOTIVE_DESIGN' ));
ENDSEC;

DATA;
#1 = DIRECTION ( 'NONE',  ( -0.5648689537908991900, 0.0000000000000000000, 0.8251806257075931000 ) ) ;
#2 = DIRECTION ( 'NONE',  ( -0.5648689537908991900, 0.0000000000000000000, 0.8251806257075931000 ) ) ;
#3 = VERTEX_POINT ( 'NONE', #3643 ) ;
#4 = EDGE_CURVE ( 'NONE', #206, #3112, #2755, .T. ) ;
#5 = LINE ( 'NONE', #930, #3023 ) ;
#6 = SURFACE_SIDE_STYLE ('',( #916 ) ) ;
#7 = ORIENTED_EDGE ( 'NONE', *, *, #2069, .F. ) ;
#8 = ORIENTED_EDGE ( 'NONE', *, *, #3491, .F. ) ;
#9 =( GEOMETRIC_REPRESENTATION_CONTEXT ( 3 ) GLOBAL_UNCERTAINTY_ASSIGNED_CONTEXT ( ( #2847 ) ) GLOBAL_UNIT_ASSIGNED_CONTEXT ( ( #3312, #1550, #3594 ) ) REPRESENTATION_CONTEXT ( 'NONE', 'WORKASPACE' ) );
#10 = ORIENTED_EDGE ( 'NONE', *, *, #2241, .T. ) ;
#11 = FACE_OUTER_BOUND ( 'NONE', #3308, .T. ) ;
#12 = ADVANCED_FACE ( 'NONE', ( #1194 ), #1601, .T. ) ;
#13 = SURFACE_STYLE_USAGE ( .BOTH. , #1744 ) ;
#14 = DIRECTION ( 'NONE',  ( 0.0000000000000000000, 0.0000000000000000000, 1.000000000000000000 ) ) ;
#15 =( NAMED_UNIT ( * ) SI_UNIT ( $, .STERADIAN. ) SOLID_ANGLE_UNIT ( ) );
#16 = FILL_AREA_STYLE_COLOUR ( '', #367 ) ;
#17 = UNCERTAINTY_MEASURE_WITH_UNIT (LENGTH_MEASURE( 1.000000000000000100E-005 ), #828, 'distance_accuracy_value', 'NONE');
#18 = MECHANICAL_DESIGN_GEOMETRIC_PRESENTATION_REPRESENTATION (  '', ( #3410 ), #200 ) ;
#19 = CARTESIAN_POINT ( 'NONE',  ( 1.328285614537951100, 3.889999999999999700, -0.3752567791989179800 ) ) ;
#20 = ORIENTED_EDGE ( 'NONE', *, *, #1061, .F. ) ;
#21 =( GEOMETRIC_REPRESENTATION_CONTEXT ( 3 ) GLOBAL_UNCERTAINTY_ASSIGNED_CONTEXT ( ( #3535 ) ) GLOBAL_UNIT_ASSIGNED_CONTEXT ( ( #2117, #357, #2414 ) ) REPRESENTATION_CONTEXT ( 'NONE', 'WORKASPACE' ) );
#22 = ORIENTED_EDGE ( 'NONE', *, *, #263, .T. ) ;
#23 = FILL_AREA_STYLE ('',( #869 ) ) ;
#24 = CARTESIAN_POINT ( 'NONE',  ( 0.0000000000000000000, 3.899999999999999900, 0.0000000000000000000 ) ) ;
#25 = ORIENTED_EDGE ( 'NONE', *, *, #3533, .T. ) ;
#26 =( NAMED_UNIT ( * ) PLANE_ANGLE_UNIT ( ) SI_UNIT ( $, .RADIAN. ) );
#27 = EDGE_CURVE ( 'NONE', #3262, #1990, #1685, .T. ) ;
#28 = DIRECTION ( 'NONE',  ( 0.4136819341461172600, 0.0000000000000000000, -0.9104214723748157400 ) ) ;
#29 = EDGE_LOOP ( 'NONE', ( #1834, #2255, #1336, #960, #2661, #1845, #2804, #3369, #1774, #1480, #1937, #2704, #2375, #1742 ) ) ;
#30 = ADVANCED_FACE ( 'NONE', ( #142 ), #3685, .F. ) ;
#31 = MECHANICAL_DESIGN_GEOMETRIC_PRESENTATION_REPRESENTATION (  '', ( #3234 ), #214 ) ;
#32 = LINE ( 'NONE', #2580, #1569 ) ;
#33 = EDGE_CURVE ( 'NONE', #3562, #1864, #2115, .T. ) ;
#34 = VECTOR ( 'NONE', #3254, 1000.000000000000000 ) ;
#35 = DIRECTION ( 'NONE',  ( -0.0000000000000000000, 1.000000000000000000, -0.0000000000000000000 ) ) ;
#36 = ORIENTED_EDGE ( 'NONE', *, *, #3302, .T. ) ;
#37 = ORIENTED_EDGE ( 'NONE', *, *, #2454, .T. ) ;
#38 = CARTESIAN_POINT ( 'NONE',  ( -0.8472441089439917100, 3.889999999999999700, 0.5547047545625439800 ) ) ;
#39 = LINE ( 'NONE', #1563, #119 ) ;
#40 =( NAMED_UNIT ( * ) SI_UNIT ( $, .STERADIAN. ) SOLID_ANGLE_UNIT ( ) );
#41 = ORIENTED_EDGE ( 'NONE', *, *, #2797, .T. ) ;
#42 = AXIS2_PLACEMENT_3D ( 'NONE', #3661, #1908, #166 ) ;
#43 = UNCERTAINTY_MEASURE_WITH_UNIT (LENGTH_MEASURE( 1.000000000000000100E-005 ), #292, 'distance_accuracy_value', 'NONE');
#44 = CARTESIAN_POINT ( 'NONE',  ( -5.100000000000000500, 0.0000000000000000000, -5.099999999999999600 ) ) ;
#45 = PRESENTATION_LAYER_ASSIGNMENT (  '', '', ( #3431 ) ) ;
#46 = AXIS2_PLACEMENT_3D ( 'NONE', #2568, #789, #2854 ) ;
#47 = CARTESIAN_POINT ( 'NONE',  ( 2.371213203435594200, 2.399999999999999500, -5.149497474683057500 ) ) ;
#48 =( NAMED_UNIT ( * ) PLANE_ANGLE_UNIT ( ) SI_UNIT ( $, .RADIAN. ) );
#49 = EDGE_LOOP ( 'NONE', ( #599, #995, #2101, #2762 ) ) ;
#50 = CARTESIAN_POINT ( 'NONE',  ( -1.500000000000000200, -0.1000000000000000100, 3.949999999999998800 ) ) ;
#51 = VECTOR ( 'NONE', #557, 1000.000000000000000 ) ;
#52 = ORIENTED_EDGE ( 'NONE', *, *, #1980, .T. ) ;
#53 = LINE ( 'NONE', #3406, #1592 ) ;
#54 = COLOUR_RGB ( '',1.000000000000000000, 1.000000000000000000, 1.000000000000000000 ) ;
#55 = ORIENTED_EDGE ( 'NONE', *, *, #2923, .F. ) ;
#56 = SURFACE_STYLE_FILL_AREA ( #2264 ) ;
#57 = VECTOR ( 'NONE', #2602, 1000.000000000000000 ) ;
#58 = DIRECTION ( 'NONE',  ( 0.5632671893086502700, 0.0000000000000000000, 0.8262748171451996800 ) ) ;
#59 = CARTESIAN_POINT ( 'NONE',  ( 0.5727602924644589200, 3.889999999999999700, 3.054704754562544100 ) ) ;
#60 = AXIS2_PLACEMENT_3D ( 'NONE', #1547, #3591, #1842 ) ;
#61 = CARTESIAN_POINT ( 'NONE',  ( -1.500000000000000200, 1.399999999999999900, 5.149999999999999500 ) ) ;
#62 =( GEOMETRIC_REPRESENTATION_CONTEXT ( 3 ) GLOBAL_UNCERTAINTY_ASSIGNED_CONTEXT ( ( #2176 ) ) GLOBAL_UNIT_ASSIGNED_CONTEXT ( ( #2831, #2699, #653 ) ) REPRESENTATION_CONTEXT ( 'NONE', 'WORKASPACE' ) );
#63 = DIRECTION ( 'NONE',  ( -0.4132170265578690200, 0.0000000000000000000, 0.9106325762691962500 ) ) ;
#64 = EDGE_LOOP ( 'NONE', ( #305, #1820, #708, #1642 ) ) ;
#65 = SURFACE_STYLE_USAGE ( .BOTH. , #1805 ) ;
#66 = ORIENTED_EDGE ( 'NONE', *, *, #1584, .T. ) ;
#67 = PRESENTATION_LAYER_ASSIGNMENT (  '', '', ( #3454 ) ) ;
#68 = FILL_AREA_STYLE ('',( #3275 ) ) ;
#69 = EDGE_CURVE ( 'NONE', #1167, #864, #640, .T. ) ;
#70 = CARTESIAN_POINT ( 'NONE',  ( -0.2914326953212039200, 3.889999999999999700, -0.3752567791989179800 ) ) ;
#71 = DIRECTION ( 'NONE',  ( -0.0000000000000000000, 1.000000000000000000, -0.0000000000000000000 ) ) ;
#72 = EDGE_CURVE ( 'NONE', #465, #854, #1327, .T. ) ;
#73 = FACE_OUTER_BOUND ( 'NONE', #2010, .T. ) ;
#74 = ORIENTED_EDGE ( 'NONE', *, *, #2239, .F. ) ;
#75 = COLOUR_RGB ( '',1.000000000000000000, 1.000000000000000000, 1.000000000000000000 ) ;
#76 = EDGE_LOOP ( 'NONE', ( #2517, #847, #1376, #1071, #2617, #1489, #2730, #453 ) ) ;
#77 = MECHANICAL_DESIGN_GEOMETRIC_PRESENTATION_REPRESENTATION (  '', ( #3282 ), #269 ) ;
#78 = ADVANCED_FACE ( 'NONE', ( #3558 ), #2862, .T. ) ;
#79 = FILL_AREA_STYLE_COLOUR ( '', #1045 ) ;
#80 = PRESENTATION_STYLE_ASSIGNMENT (( #1861 ) ) ;
#81 = VECTOR ( 'NONE', #3519, 1000.000000000000000 ) ;
#82 = DIRECTION ( 'NONE',  ( -0.0000000000000000000, 0.0000000000000000000, -1.000000000000000000 ) ) ;
#83 = SURFACE_SIDE_STYLE ('',( #1264 ) ) ;
#84 = DIRECTION ( 'NONE',  ( -0.0000000000000000000, 1.000000000000000000, -0.0000000000000000000 ) ) ;
#85 = DIRECTION ( 'NONE',  ( -0.0000000000000000000, 0.0000000000000000000, -1.000000000000000000 ) ) ;
#86 = MECHANICAL_DESIGN_GEOMETRIC_PRESENTATION_REPRESENTATION (  '', ( #3291 ), #280 ) ;
#87 = PLANE ( 'NONE',  #104 ) ;
#88 = ORIENTED_EDGE ( 'NONE', *, *, #1033, .T. ) ;
#89 = LINE ( 'NONE', #2696, #758 ) ;
#90 = FACE_OUTER_BOUND ( 'NONE', #2648, .T. ) ;
#91 = DIRECTION ( 'NONE',  ( 1.000000000000000000, 0.0000000000000000000, 0.0000000000000000000 ) ) ;
#92 = PRESENTATION_LAYER_ASSIGNMENT (  '', '', ( #3481 ) ) ;
#93 = PRESENTATION_STYLE_ASSIGNMENT (( #2303 ) ) ;
#94 = ORIENTED_EDGE ( 'NONE', *, *, #2997, .T. ) ;
#95 = EDGE_CURVE ( 'NONE', #1299, #157, #2537, .T. ) ;
#96 = VECTOR ( 'NONE', #220, 999.9999999999998900 ) ;
#97 = PRESENTATION_LAYER_ASSIGNMENT (  '', '', ( #3487 ) ) ;
#98 = DIRECTION ( 'NONE',  ( 1.000000000000000000, 0.0000000000000000000, 0.0000000000000000000 ) ) ;
#99 = CARTESIAN_POINT ( 'NONE',  ( 1.500000000000000200, -0.1000000000000000100, 4.999999999999999100 ) ) ;
#100 = UNCERTAINTY_MEASURE_WITH_UNIT (LENGTH_MEASURE( 1.000000000000000100E-005 ), #1023, 'distance_accuracy_value', 'NONE');
#101 = ORIENTED_EDGE ( 'NONE', *, *, #3785, .F. ) ;
#102 = DIRECTION ( 'NONE',  ( 1.000000000000000000, 0.0000000000000000000, 0.0000000000000000000 ) ) ;
#103 = CARTESIAN_POINT ( 'NONE',  ( 1.499999999999999800, -0.1000000000000000100, 3.949999999999999700 ) ) ;
#104 = AXIS2_PLACEMENT_3D ( 'NONE', #3413, #3128, #1942 ) ;
#105 =( NAMED_UNIT ( * ) PLANE_ANGLE_UNIT ( ) SI_UNIT ( $, .RADIAN. ) );
#106 = FILL_AREA_STYLE_COLOUR ( '', #3281 ) ;
#107 = ORIENTED_EDGE ( 'NONE', *, *, #3184, .F. ) ;
#108 =( LENGTH_UNIT ( ) NAMED_UNIT ( * ) SI_UNIT ( .MILLI., .METRE. ) );
#109 = ORIENTED_EDGE ( 'NONE', *, *, #2423, .T. ) ;
#110 = AXIS2_PLACEMENT_3D ( 'NONE', #3707, #1949, #203 ) ;
#111 = ORIENTED_EDGE ( 'NONE', *, *, #2825, .F. ) ;
#112 = CARTESIAN_POINT ( 'NONE',  ( 1.500000000000001600, -0.1000000000000000100, -3.949999999999998800 ) ) ;
#113 = VECTOR ( 'NONE', #1573, 1000.000000000000000 ) ;
#114 = VECTOR ( 'NONE', #3522, 1000.000000000000000 ) ;
#115 =( LENGTH_UNIT ( ) NAMED_UNIT ( * ) SI_UNIT ( .MILLI., .METRE. ) );
#116 = SURFACE_STYLE_USAGE ( .BOTH. , #1555 ) ;
#117 = ORIENTED_EDGE ( 'NONE', *, *, #1531, .F. ) ;
#118 = EDGE_LOOP ( 'NONE', ( #318, #1991, #2951, #3341 ) ) ;
#119 = VECTOR ( 'NONE', #2456, 1000.000000000000000 ) ;
#120 = ORIENTED_EDGE ( 'NONE', *, *, #2109, .F. ) ;
#121 = FACE_OUTER_BOUND ( 'NONE', #2124, .T. ) ;
#122 = FILL_AREA_STYLE_COLOUR ( '', #3132 ) ;
#123 = FILL_AREA_STYLE_COLOUR ( '', #75 ) ;
#124 = DIRECTION ( 'NONE',  ( 0.0000000000000000000, 0.0000000000000000000, 1.000000000000000000 ) ) ;
#125 = DIRECTION ( 'NONE',  ( 0.0000000000000000000, 0.0000000000000000000, -1.000000000000000000 ) ) ;
#126 = AXIS2_PLACEMENT_3D ( 'NONE', #154, #2216, #445 ) ;
#127 = DIRECTION ( 'NONE',  ( 0.0000000000000000000, 1.000000000000000000, 0.0000000000000000000 ) ) ;
#128 = LINE ( 'NONE', #3711, #1672 ) ;
#129 = CIRCLE ( 'NONE', #2273, 1.500000000000000400 ) ;
#130 = DIRECTION ( 'NONE',  ( 1.000000000000000000, 0.0000000000000000000, 0.0000000000000000000 ) ) ;
#131 = MECHANICAL_DESIGN_GEOMETRIC_PRESENTATION_REPRESENTATION (  '', ( #3526 ), #330 ) ;
#132 = ORIENTED_EDGE ( 'NONE', *, *, #935, .T. ) ;
#133 = LINE ( 'NONE', #275, #51 ) ;
#134 = ORIENTED_EDGE ( 'NONE', *, *, #3585, .F. ) ;
#135 = LINE ( 'NONE', #2247, #2488 ) ;
#136 = ORIENTED_EDGE ( 'NONE', *, *, #2265, .F. ) ;
#137 = COLOUR_RGB ( '',0.8274509803921568100, 0.8392156862745098200, 0.8274509803921568100 ) ;
#138 = CARTESIAN_POINT ( 'NONE',  ( 3.870279579551073800, 1.399999999999999900, -3.650431098567574800 ) ) ;
#139 = CARTESIAN_POINT ( 'NONE',  ( 0.7318947694675286300, 3.889999999999999700, -2.840045511593284600 ) ) ;
#140 = DIRECTION ( 'NONE',  ( 0.0000000000000000000, 0.0000000000000000000, 1.000000000000000000 ) ) ;
#141 = CARTESIAN_POINT ( 'NONE',  ( -1.233467700493287500, 3.889999999999999700, 3.054704754562544100 ) ) ;
#142 = FACE_OUTER_BOUND ( 'NONE', #3747, .T. ) ;
#143 = EDGE_CURVE ( 'NONE', #811, #1243, #947, .T. ) ;
#144 = DIRECTION ( 'NONE',  ( 0.7071067811865464600, 0.0000000000000000000, 0.7071067811865486800 ) ) ;
#145 = PRESENTATION_LAYER_ASSIGNMENT (  '', '', ( #3538 ) ) ;
#146 = VERTEX_POINT ( 'NONE', #2521 ) ;
#147 = FILL_AREA_STYLE ('',( #2830 ) ) ;
#148 = UNCERTAINTY_MEASURE_WITH_UNIT (LENGTH_MEASURE( 1.000000000000000100E-005 ), #1987, 'distance_accuracy_value', 'NONE');
#149 = DIRECTION ( 'NONE',  ( -0.0000000000000000000, 1.000000000000000000, -0.0000000000000000000 ) ) ;
#150 =( NAMED_UNIT ( * ) SI_UNIT ( $, .STERADIAN. ) SOLID_ANGLE_UNIT ( ) );
#151 = EDGE_LOOP ( 'NONE', ( #111, #1610, #41, #674 ) ) ;
#152 = ORIENTED_EDGE ( 'NONE', *, *, #3307, .T. ) ;
#153 = MECHANICAL_DESIGN_GEOMETRIC_PRESENTATION_REPRESENTATION (  '', ( #3364 ), #351 ) ;
#154 = CARTESIAN_POINT ( 'NONE',  ( -5.100000000000000500, 3.899999999999999900, -5.099999999999999600 ) ) ;
#155 = DIRECTION ( 'NONE',  ( -0.0000000000000000000, 1.000000000000000000, -0.0000000000000000000 ) ) ;
#156 = DIRECTION ( 'NONE',  ( -1.700709290173340400E-016, -0.0000000000000000000, -1.000000000000000000 ) ) ;
#157 = VERTEX_POINT ( 'NONE', #2267 ) ;
#158 = MECHANICAL_DESIGN_GEOMETRIC_PRESENTATION_REPRESENTATION (  '', ( #3372 ), #355 ) ;
#159 = LINE ( 'NONE', #278, #833 ) ;
#160 = LINE ( 'NONE', #1250, #250 ) ;
#161 = PRESENTATION_LAYER_ASSIGNMENT (  '', '', ( #3758 ) ) ;
#162 = EDGE_LOOP ( 'NONE', ( #3683, #1425, #1543, #3180 ) ) ;
#163 = LINE ( 'NONE', #3035, #3181 ) ;
#164 = ORIENTED_EDGE ( 'NONE', *, *, #3461, .F. ) ;
#165 = VERTEX_POINT ( 'NONE', #1585 ) ;
#166 = DIRECTION ( 'NONE',  ( -1.000000000000000000, 0.0000000000000000000, -0.0000000000000000000 ) ) ;
#167 = SURFACE_SIDE_STYLE ('',( #1389 ) ) ;
#168 = DIRECTION ( 'NONE',  ( -0.0000000000000000000, -0.0000000000000000000, -1.000000000000000000 ) ) ;
#169 = EDGE_CURVE ( 'NONE', #165, #3421, #3205, .T. ) ;
#170 = LINE ( 'NONE', #1921, #1287 ) ;
#171 = PRESENTATION_STYLE_ASSIGNMENT (( #1692 ) ) ;
#172 = SURFACE_STYLE_FILL_AREA ( #825 ) ;
#173 = DIRECTION ( 'NONE',  ( 1.000000000000000000, 0.0000000000000000000, 0.0000000000000000000 ) ) ;
#174 = DIRECTION ( 'NONE',  ( 1.000000000000000000, 0.0000000000000000000, 0.0000000000000000000 ) ) ;
#175 = ORIENTED_EDGE ( 'NONE', *, *, #2259, .T. ) ;
#176 = MECHANICAL_DESIGN_GEOMETRIC_PRESENTATION_REPRESENTATION (  '', ( #3390 ), #373 ) ;
#177 = FACE_OUTER_BOUND ( 'NONE', #64, .T. ) ;
#178 = VERTEX_POINT ( 'NONE', #1905 ) ;
#179 = CARTESIAN_POINT ( 'NONE',  ( 1.500000000000000200, -0.1000000000000000100, 4.999999999999999100 ) ) ;
#180 = FACE_OUTER_BOUND ( 'NONE', #1147, .T. ) ;
#181 = VECTOR ( 'NONE', #2288, 999.9999999999998900 ) ;
#182 = PRESENTATION_STYLE_ASSIGNMENT (( #1263 ) ) ;
#183 = CIRCLE ( 'NONE', #3345, 4.900000000000001200 ) ;
#184 = EDGE_CURVE ( 'NONE', #2151, #741, #183, .T. ) ;
#185 = CARTESIAN_POINT ( 'NONE',  ( 2.349999999999996100, 3.899999999999999900, -5.099999999999999600 ) ) ;
#186 =( NAMED_UNIT ( * ) SI_UNIT ( $, .STERADIAN. ) SOLID_ANGLE_UNIT ( ) );
#187 = EDGE_CURVE ( 'NONE', #1544, #2802, #856, .T. ) ;
#188 = CARTESIAN_POINT ( 'NONE',  ( -1.911151005180358600, 3.889999999999999700, -0.3752567791989179800 ) ) ;
#189 = ORIENTED_EDGE ( 'NONE', *, *, #987, .T. ) ;
#190 = PLANE ( 'NONE',  #110 ) ;
#191 = UNCERTAINTY_MEASURE_WITH_UNIT (LENGTH_MEASURE( 1.000000000000000100E-005 ), #3730, 'distance_accuracy_value', 'NONE');
#192 = ORIENTED_EDGE ( 'NONE', *, *, #1840, .T. ) ;
#193 = ORIENTED_EDGE ( 'NONE', *, *, #3356, .F. ) ;
#194 = ORIENTED_EDGE ( 'NONE', *, *, #1155, .T. ) ;
#195 = SURFACE_STYLE_USAGE ( .BOTH. , #1943 ) ;
#196 = FILL_AREA_STYLE_COLOUR ( '', #2908 ) ;
#197 = CARTESIAN_POINT ( 'NONE',  ( -2.349999999999996100, 1.399999999999999900, 5.149497474683058400 ) ) ;
#198 = FILL_AREA_STYLE_COLOUR ( '', #2985 ) ;
#199 = PRESENTATION_STYLE_ASSIGNMENT (( #1732 ) ) ;
#200 =( GEOMETRIC_REPRESENTATION_CONTEXT ( 3 ) GLOBAL_UNCERTAINTY_ASSIGNED_CONTEXT ( ( #3149 ) ) GLOBAL_UNIT_ASSIGNED_CONTEXT ( ( #2214, #3358, #2783 ) ) REPRESENTATION_CONTEXT ( 'NONE', 'WORKASPACE' ) );
#201 = LINE ( 'NONE', #2748, #2462 ) ;
#202 = VECTOR ( 'NONE', #2776, 1000.000000000000000 ) ;
#203 = DIRECTION ( 'NONE',  ( -0.4132170265578690200, 0.0000000000000000000, 0.9106325762691961400 ) ) ;
#204 = CIRCLE ( 'NONE', #2055, 4.880000000000000800 ) ;
#205 = PRESENTATION_STYLE_ASSIGNMENT (( #65 ) ) ;
#206 = VERTEX_POINT ( 'NONE', #1879 ) ;
#207 = ORIENTED_EDGE ( 'NONE', *, *, #2167, .F. ) ;
#208 = DIRECTION ( 'NONE',  ( -1.000000000000000000, 0.0000000000000000000, 0.0000000000000000000 ) ) ;
#209 = LINE ( 'NONE', #1836, #2473 ) ;
#210 = EDGE_CURVE ( 'NONE', #221, #2269, #2347, .T. ) ;
#211 = PLANE ( 'NONE',  #3565 ) ;
#212 = SURFACE_STYLE_FILL_AREA ( #2586 ) ;
#213 =( NAMED_UNIT ( * ) PLANE_ANGLE_UNIT ( ) SI_UNIT ( $, .RADIAN. ) );
#214 =( GEOMETRIC_REPRESENTATION_CONTEXT ( 3 ) GLOBAL_UNCERTAINTY_ASSIGNED_CONTEXT ( ( #2025 ) ) GLOBAL_UNIT_ASSIGNED_CONTEXT ( ( #2419, #646, #2705 ) ) REPRESENTATION_CONTEXT ( 'NONE', 'WORKASPACE' ) );
#215 = COLOUR_RGB ( '',1.000000000000000000, 1.000000000000000000, 1.000000000000000000 ) ;
#216 = DIRECTION ( 'NONE',  ( -1.752335333352409800E-014, 0.0000000000000000000, 1.000000000000000000 ) ) ;
#217 = EDGE_CURVE ( 'NONE', #3457, #1138, #1731, .T. ) ;
#218 = ORIENTED_EDGE ( 'NONE', *, *, #2976, .T. ) ;
#219 = CARTESIAN_POINT ( 'NONE',  ( -3.870279579551099100, 2.400000000000000400, 5.149497474683031800 ) ) ;
#220 = DIRECTION ( 'NONE',  ( 0.7071067811865486800, -0.0000000000000000000, -0.7071067811865464600 ) ) ;
#221 = VERTEX_POINT ( 'NONE', #341 ) ;
#222 = VECTOR ( 'NONE', #3766, 1000.000000000000000 ) ;
#223 = VECTOR ( 'NONE', #2471, 1000.000000000000000 ) ;
#224 = FILL_AREA_STYLE_COLOUR ( '', #1485 ) ;
#225 = ADVANCED_FACE ( 'NONE', ( #11 ), #2401, .T. ) ;
#226 = PRESENTATION_LAYER_ASSIGNMENT (  '', '', ( #3625 ) ) ;
#227 = VERTEX_POINT ( 'NONE', #898 ) ;
#228 = LINE ( 'NONE', #1394, #996 ) ;
#229 = PLANE ( 'NONE',  #1210 ) ;
#230 = MECHANICAL_DESIGN_GEOMETRIC_PRESENTATION_REPRESENTATION (  '', ( #3431 ), #431 ) ;
#231 =( NAMED_UNIT ( * ) SI_UNIT ( $, .STERADIAN. ) SOLID_ANGLE_UNIT ( ) );
#232 = PRESENTATION_LAYER_ASSIGNMENT (  '', '', ( #3631 ) ) ;
#233 =( LENGTH_UNIT ( ) NAMED_UNIT ( * ) SI_UNIT ( .MILLI., .METRE. ) );
#234 = DIRECTION ( 'NONE',  ( 0.0000000000000000000, -1.000000000000000000, -0.0000000000000000000 ) ) ;
#235 = ORIENTED_EDGE ( 'NONE', *, *, #2607, .T. ) ;
#236 =( LENGTH_UNIT ( ) NAMED_UNIT ( * ) SI_UNIT ( .MILLI., .METRE. ) );
#237 =( NAMED_UNIT ( * ) PLANE_ANGLE_UNIT ( ) SI_UNIT ( $, .RADIAN. ) );
#238 = DIRECTION ( 'NONE',  ( 0.0000000000000000000, -0.0000000000000000000, 1.000000000000000000 ) ) ;
#239 = SURFACE_SIDE_STYLE ('',( #853 ) ) ;
#240 = ORIENTED_EDGE ( 'NONE', *, *, #2997, .F. ) ;
#241 = PRESENTATION_STYLE_ASSIGNMENT (( #3239 ) ) ;
#242 = FILL_AREA_STYLE ('',( #3455 ) ) ;
#243 = SURFACE_STYLE_FILL_AREA ( #1050 ) ;
#244 = PRESENTATION_LAYER_ASSIGNMENT (  '', '', ( #3649 ) ) ;
#245 = CARTESIAN_POINT ( 'NONE',  ( 1.328285614537951100, 3.899999999999999900, -0.3752567791989179800 ) ) ;
#246 = ADVANCED_FACE ( 'NONE', ( #3515 ), #1969, .F. ) ;
#247 = LINE ( 'NONE', #560, #1613 ) ;
#248 = DIRECTION ( 'NONE',  ( 0.0000000000000000000, -1.000000000000000000, 0.0000000000000000000 ) ) ;
#249 = DIRECTION ( 'NONE',  ( -0.0000000000000000000, 1.000000000000000000, -0.0000000000000000000 ) ) ;
#250 = VECTOR ( 'NONE', #3303, 1000.000000000000000 ) ;
#251 = PRESENTATION_STYLE_ASSIGNMENT (( #2998 ) ) ;
#252 = VECTOR ( 'NONE', #98, 1000.000000000000000 ) ;
#253 = ORIENTED_EDGE ( 'NONE', *, *, #3484, .F. ) ;
#254 = ORIENTED_EDGE ( 'NONE', *, *, #3033, .F. ) ;
#255 = PLANE ( 'NONE',  #3691 ) ;
#256 = VECTOR ( 'NONE', #3317, 1000.000000000000000 ) ;
#257 = DIRECTION ( 'NONE',  ( -1.668003342285391600E-016, 1.000000000000000000, -0.0000000000000000000 ) ) ;
#258 = MECHANICAL_DESIGN_GEOMETRIC_PRESENTATION_REPRESENTATION (  '', ( #3454 ), #455 ) ;
#259 = DIRECTION ( 'NONE',  ( 1.000000000000000000, -0.0000000000000000000, -0.0000000000000000000 ) ) ;
#260 = EDGE_CURVE ( 'NONE', #391, #2885, #228, .T. ) ;
#261 = CARTESIAN_POINT ( 'NONE',  ( 1.499999999999999800, -0.1000000000000000100, 3.949999999999999700 ) ) ;
#262 = VECTOR ( 'NONE', #429, 1000.000000000000000 ) ;
#263 = EDGE_CURVE ( 'NONE', #1878, #3129, #2491, .T. ) ;
#264 = LINE ( 'NONE', #841, #1811 ) ;
#265 = FILL_AREA_STYLE_COLOUR ( '', #215 ) ;
#266 = CARTESIAN_POINT ( 'NONE',  ( -0.8878235403916260300, 3.889999999999999700, -2.840045511593284600 ) ) ;
#267 = EDGE_LOOP ( 'NONE', ( #2645, #368, #3054, #3214 ) ) ;
#268 = CARTESIAN_POINT ( 'NONE',  ( 0.5375490248588252800, 3.889999999999999700, 0.5547047545625439800 ) ) ;
#269 =( GEOMETRIC_REPRESENTATION_CONTEXT ( 3 ) GLOBAL_UNCERTAINTY_ASSIGNED_CONTEXT ( ( #1219 ) ) GLOBAL_UNIT_ASSIGNED_CONTEXT ( ( #3501, #2064, #1467 ) ) REPRESENTATION_CONTEXT ( 'NONE', 'WORKASPACE' ) );
#270 = EDGE_LOOP ( 'NONE', ( #3635, #1557, #1958, #1455 ) ) ;
#271 = CARTESIAN_POINT ( 'NONE',  ( -5.100000000000000500, 0.0000000000000000000, -5.099999999999999600 ) ) ;
#272 = ADVANCED_FACE ( 'NONE', ( #3253 ), #1096, .F. ) ;
#273 = FACE_BOUND ( 'NONE', #730, .T. ) ;
#274 = CARTESIAN_POINT ( 'NONE',  ( -1.500000000000093700, 3.900000000000000800, -5.149999999999999500 ) ) ;
#275 = CARTESIAN_POINT ( 'NONE',  ( -0.1567731582397663700, 3.899999999999999900, 1.567578874280853900 ) ) ;
#276 = VECTOR ( 'NONE', #1673, 1000.000000000000000 ) ;
#277 = SURFACE_STYLE_USAGE ( .BOTH. , #558 ) ;
#278 = CARTESIAN_POINT ( 'NONE',  ( 3.600000000000001000, 3.899999999999999900, 5.099999999999999600 ) ) ;
#279 = VECTOR ( 'NONE', #155, 1000.000000000000000 ) ;
#280 =( GEOMETRIC_REPRESENTATION_CONTEXT ( 3 ) GLOBAL_UNCERTAINTY_ASSIGNED_CONTEXT ( ( #1875 ) ) GLOBAL_UNIT_ASSIGNED_CONTEXT ( ( #233, #2627, #1475 ) ) REPRESENTATION_CONTEXT ( 'NONE', 'WORKASPACE' ) );
#281 = CARTESIAN_POINT ( 'NONE',  ( 2.349999999999997000, 2.400000000000000400, -5.149497474683057500 ) ) ;
#282 = STYLED_ITEM ( 'NONE', ( #3373 ), #2881 ) ;
#283 = PLANE ( 'NONE',  #844 ) ;
#284 =( NAMED_UNIT ( * ) SI_UNIT ( $, .STERADIAN. ) SOLID_ANGLE_UNIT ( ) );
#285 = MECHANICAL_DESIGN_GEOMETRIC_PRESENTATION_REPRESENTATION (  '', ( #3481 ), #471 ) ;
#286 = PLANE ( 'NONE',  #1119 ) ;
#287 = ORIENTED_EDGE ( 'NONE', *, *, #2654, .T. ) ;
#288 = EDGE_CURVE ( 'NONE', #2914, #791, #3655, .T. ) ;
#289 = CARTESIAN_POINT ( 'NONE',  ( 0.8737065952813604100, 3.889999999999999700, 0.5547047545625439800 ) ) ;
#290 = ADVANCED_FACE ( 'NONE', ( #636 ), #3709, .T. ) ;
#291 = ORIENTED_EDGE ( 'NONE', *, *, #1823, .F. ) ;
#292 =( LENGTH_UNIT ( ) NAMED_UNIT ( * ) SI_UNIT ( .MILLI., .METRE. ) );
#293 = MECHANICAL_DESIGN_GEOMETRIC_PRESENTATION_REPRESENTATION (  '', ( #3487 ), #479 ) ;
#294 = EDGE_LOOP ( 'NONE', ( #2983, #3042, #1515, #1633 ) ) ;
#295 = VERTEX_POINT ( 'NONE', #3570 ) ;
#296 = DIRECTION ( 'NONE',  ( -1.000000000000000000, 0.0000000000000000000, 0.0000000000000000000 ) ) ;
#297 =( NAMED_UNIT ( * ) PLANE_ANGLE_UNIT ( ) SI_UNIT ( $, .RADIAN. ) );
#298 = LINE ( 'NONE', #1273, #1844 ) ;
#299 = DIRECTION ( 'NONE',  ( 1.306463617845032800E-014, -1.000000000000000000, -0.0000000000000000000 ) ) ;
#300 = PLANE ( 'NONE',  #2313 ) ;
#301 = DIRECTION ( 'NONE',  ( 0.7071067811865489100, -0.0000000000000000000, -0.7071067811865462400 ) ) ;
#302 = SURFACE_STYLE_FILL_AREA ( #2567 ) ;
#303 = PRESENTATION_LAYER_ASSIGNMENT (  '', '', ( #2020 ) ) ;
#304 = SURFACE_STYLE_FILL_AREA ( #3549 ) ;
#305 = ORIENTED_EDGE ( 'NONE', *, *, #600, .F. ) ;
#306 = EDGE_LOOP ( 'NONE', ( #2092, #20, #413, #3695 ) ) ;
#307 = DIRECTION ( 'NONE',  ( -0.0000000000000000000, 0.0000000000000000000, -1.000000000000000000 ) ) ;
#308 = PRESENTATION_LAYER_ASSIGNMENT (  '', '', ( #3706 ) ) ;
#309 = DIRECTION ( 'NONE',  ( -2.891205793294678300E-016, 0.0000000000000000000, 1.000000000000000000 ) ) ;
#310 = ADVANCED_FACE ( 'NONE', ( #1821 ), #2268, .F. ) ;
#311 = CARTESIAN_POINT ( 'NONE',  ( -2.371213203435591900, 2.400000000000000400, 5.149497474683058400 ) ) ;
#312 = SURFACE_STYLE_USAGE ( .BOTH. , #2075 ) ;
#313 = VECTOR ( 'NONE', #1286, 1000.000000000000000 ) ;
#314 = DIRECTION ( 'NONE',  ( 0.0000000000000000000, 0.0000000000000000000, 1.000000000000000000 ) ) ;
#315 =( LENGTH_UNIT ( ) NAMED_UNIT ( * ) SI_UNIT ( .MILLI., .METRE. ) );
#316 = ORIENTED_EDGE ( 'NONE', *, *, #3184, .T. ) ;
#317 = UNCERTAINTY_MEASURE_WITH_UNIT (LENGTH_MEASURE( 1.000000000000000100E-005 ), #1109, 'distance_accuracy_value', 'NONE');
#318 = ORIENTED_EDGE ( 'NONE', *, *, #2539, .F. ) ;
#319 = ORIENTED_EDGE ( 'NONE', *, *, #1971, .T. ) ;
#320 = LINE ( 'NONE', #2187, #223 ) ;
#321 = VECTOR ( 'NONE', #301, 999.9999999999998900 ) ;
#322 = CARTESIAN_POINT ( 'NONE',  ( 1.328285614537951100, 3.899999999999999900, -0.3752567791989179800 ) ) ;
#323 = ORIENTED_EDGE ( 'NONE', *, *, #1110, .F. ) ;
#324 = COLOUR_RGB ( '',1.000000000000000000, 1.000000000000000000, 1.000000000000000000 ) ;
#325 = CARTESIAN_POINT ( 'NONE',  ( -2.349999999999996500, 3.899999999999999900, 5.099999999999999600 ) ) ;
#326 = PRESENTATION_STYLE_ASSIGNMENT (( #2924 ) ) ;
#327 = PRESENTATION_LAYER_ASSIGNMENT (  '', '', ( #3717 ) ) ;
#328 = CARTESIAN_POINT ( 'NONE',  ( 1.328285614537951100, 3.889999999999999700, -0.3752567791989179800 ) ) ;
#329 = SURFACE_SIDE_STYLE ('',( #813 ) ) ;
#330 =( GEOMETRIC_REPRESENTATION_CONTEXT ( 3 ) GLOBAL_UNCERTAINTY_ASSIGNED_CONTEXT ( ( #1785 ) ) GLOBAL_UNIT_ASSIGNED_CONTEXT ( ( #1497, #3256, #1206 ) ) REPRESENTATION_CONTEXT ( 'NONE', 'WORKASPACE' ) );
#331 = ORIENTED_EDGE ( 'NONE', *, *, #759, .T. ) ;
#332 = CARTESIAN_POINT ( 'NONE',  ( -2.343589385462048600, 3.899999999999999900, -2.558355370748213600 ) ) ;
#333 = STYLED_ITEM ( 'NONE', ( #2463 ), #3186 ) ;
#334 = DIRECTION ( 'NONE',  ( -0.0000000000000000000, 1.000000000000000000, -0.0000000000000000000 ) ) ;
#335 = UNCERTAINTY_MEASURE_WITH_UNIT (LENGTH_MEASURE( 1.000000000000000100E-005 ), #115, 'distance_accuracy_value', 'NONE');
#336 = PLANE ( 'NONE',  #2329 ) ;
#337 = EDGE_CURVE ( 'NONE', #3421, #227, #1042, .T. ) ;
#338 = ORIENTED_EDGE ( 'NONE', *, *, #1554, .F. ) ;
#339 = SURFACE_STYLE_FILL_AREA ( #2073 ) ;
#340 = MECHANICAL_DESIGN_GEOMETRIC_PRESENTATION_REPRESENTATION (  '', ( #3538 ), #523 ) ;
#341 = CARTESIAN_POINT ( 'NONE',  ( 0.8958472342562610000, 3.889999999999999700, -2.840045511593284600 ) ) ;
#342 = VECTOR ( 'NONE', #2018, 1000.000000000000000 ) ;
#343 = LINE ( 'NONE', #2688, #1114 ) ;
#344 = LINE ( 'NONE', #670, #1893 ) ;
#345 = VERTEX_POINT ( 'NONE', #2123 ) ;
#346 = VERTEX_POINT ( 'NONE', #245 ) ;
#347 = DIRECTION ( 'NONE',  ( -0.0000000000000000000, 1.000000000000000000, -0.0000000000000000000 ) ) ;
#348 = PLANE ( 'NONE',  #923 ) ;
#349 = FACE_OUTER_BOUND ( 'NONE', #162, .T. ) ;
#350 = DIRECTION ( 'NONE',  ( 0.0000000000000000000, 0.0000000000000000000, 1.000000000000000000 ) ) ;
#351 =( GEOMETRIC_REPRESENTATION_CONTEXT ( 3 ) GLOBAL_UNCERTAINTY_ASSIGNED_CONTEXT ( ( #317 ) ) GLOBAL_UNIT_ASSIGNED_CONTEXT ( ( #1109, #2307, #2601 ) ) REPRESENTATION_CONTEXT ( 'NONE', 'WORKASPACE' ) );
#352 = LINE ( 'NONE', #1252, #256 ) ;
#353 =( LENGTH_UNIT ( ) NAMED_UNIT ( * ) SI_UNIT ( .MILLI., .METRE. ) );
#354 = VECTOR ( 'NONE', #1317, 1000.000000000000000 ) ;
#355 =( GEOMETRIC_REPRESENTATION_CONTEXT ( 3 ) GLOBAL_UNCERTAINTY_ASSIGNED_CONTEXT ( ( #1546 ) ) GLOBAL_UNIT_ASSIGNED_CONTEXT ( ( #3278, #1513, #3556 ) ) REPRESENTATION_CONTEXT ( 'NONE', 'WORKASPACE' ) );
#356 = PLANE ( 'NONE',  #2497 ) ;
#357 =( NAMED_UNIT ( * ) PLANE_ANGLE_UNIT ( ) SI_UNIT ( $, .RADIAN. ) );
#358 = MECHANICAL_DESIGN_GEOMETRIC_PRESENTATION_REPRESENTATION (  '', ( #3758 ), #546 ) ;
#359 = SURFACE_STYLE_USAGE ( .BOTH. , #2118 ) ;
#360 = ADVANCED_FACE ( 'NONE', ( #273, #2530 ), #87, .T. ) ;
#361 = DIRECTION ( 'NONE',  ( -1.000000000000000000, 0.0000000000000000000, 0.0000000000000000000 ) ) ;
#362 = EDGE_LOOP ( 'NONE', ( #432, #1661, #2388, #2775 ) ) ;
#363 = CARTESIAN_POINT ( 'NONE',  ( 0.7318947694675286300, 3.889999999999999700, -2.840045511593284600 ) ) ;
#364 = UNCERTAINTY_MEASURE_WITH_UNIT (LENGTH_MEASURE( 1.000000000000000100E-005 ), #2714, 'distance_accuracy_value', 'NONE');
#365 = EDGE_LOOP ( 'NONE', ( #2932, #2588, #1574, #132 ) ) ;
#366 = PRESENTATION_STYLE_ASSIGNMENT (( #1214 ) ) ;
#367 = COLOUR_RGB ( '',1.000000000000000000, 1.000000000000000000, 1.000000000000000000 ) ;
#368 = ORIENTED_EDGE ( 'NONE', *, *, #3229, .F. ) ;
#369 = EDGE_CURVE ( 'NONE', #3551, #1442, #939, .T. ) ;
#370 = FILL_AREA_STYLE_COLOUR ( '', #1390 ) ;
#371 = CARTESIAN_POINT ( 'NONE',  ( 0.0000000000000000000, 0.0000000000000000000, 0.0000000000000000000 ) ) ;
#372 =( LENGTH_UNIT ( ) NAMED_UNIT ( * ) SI_UNIT ( .MILLI., .METRE. ) );
#373 =( GEOMETRIC_REPRESENTATION_CONTEXT ( 3 ) GLOBAL_UNCERTAINTY_ASSIGNED_CONTEXT ( ( #1298 ) ) GLOBAL_UNIT_ASSIGNED_CONTEXT ( ( #236, #2297, #521 ) ) REPRESENTATION_CONTEXT ( 'NONE', 'WORKASPACE' ) );
#374 = DIRECTION ( 'NONE',  ( 0.0000000000000000000, -1.000000000000000000, 0.0000000000000000000 ) ) ;
#375 = FILL_AREA_STYLE_COLOUR ( '', #3641 ) ;
#376 = CARTESIAN_POINT ( 'NONE',  ( -5.099999999999998800, 0.0000000000000000000, 5.099999999999999600 ) ) ;
#377 = ORIENTED_EDGE ( 'NONE', *, *, #1254, .F. ) ;
#378 = ADVANCED_FACE ( 'NONE', ( #177 ), #1906, .F. ) ;
#379 = DIRECTION ( 'NONE',  ( 0.5611165363451807700, 0.0000000000000000000, -0.8277368136309918300 ) ) ;
#380 = CARTESIAN_POINT ( 'NONE',  ( 0.03083687697150129200, 3.889999999999999700, 1.785998768647050900 ) ) ;
#381 = ORIENTED_EDGE ( 'NONE', *, *, #385, .T. ) ;
#382 = PLANE ( 'NONE',  #60 ) ;
#383 = ORIENTED_EDGE ( 'NONE', *, *, #2410, .T. ) ;
#384 = DIRECTION ( 'NONE',  ( -0.0000000000000000000, -0.0000000000000000000, 1.000000000000000000 ) ) ;
#385 = EDGE_CURVE ( 'NONE', #854, #1541, #3696, .T. ) ;
#386 = ORIENTED_EDGE ( 'NONE', *, *, #1033, .F. ) ;
#387 = CARTESIAN_POINT ( 'NONE',  ( 2.351613079326683800, 3.899999999999999900, -2.840045511593284600 ) ) ;
#388 = CARTESIAN_POINT ( 'NONE',  ( 0.7318947694675286300, 3.889999999999999700, -2.630428434128495600 ) ) ;
#389 = EDGE_CURVE ( 'NONE', #3220, #295, #2153, .T. ) ;
#390 = DIRECTION ( 'NONE',  ( 0.7071067811865464600, -4.130293990420966400E-016, 0.7071067811865486800 ) ) ;
#391 = VERTEX_POINT ( 'NONE', #483 ) ;
#392 = STYLED_ITEM ( 'NONE', ( #3608 ), #1239 ) ;
#393 = CARTESIAN_POINT ( 'NONE',  ( 0.8958472342562610000, 3.889999999999999700, -2.558355370748213600 ) ) ;
#394 = VERTEX_POINT ( 'NONE', #1882 ) ;
#395 = ORIENTED_EDGE ( 'NONE', *, *, #2805, .F. ) ;
#396 = CARTESIAN_POINT ( 'NONE',  ( -0.2914326953212039200, 3.899999999999999900, -0.3752567791989179800 ) ) ;
#397 = ORIENTED_EDGE ( 'NONE', *, *, #748, .T. ) ;
#398 = AXIS2_PLACEMENT_3D ( 'NONE', #371, #1847, #102 ) ;
#399 = DIRECTION ( 'NONE',  ( 0.0000000000000000000, -0.0000000000000000000, 1.000000000000000000 ) ) ;
#400 = FACE_OUTER_BOUND ( 'NONE', #2316, .T. ) ;
#401 = APPLICATION_CONTEXT ( 'automotive_design' ) ;
#402 =( NAMED_UNIT ( * ) SI_UNIT ( $, .STERADIAN. ) SOLID_ANGLE_UNIT ( ) );
#403 = STYLED_ITEM ( 'NONE', ( #2965 ), #3014 ) ;
#404 = UNCERTAINTY_MEASURE_WITH_UNIT (LENGTH_MEASURE( 1.000000000000000100E-005 ), #3496, 'distance_accuracy_value', 'NONE');
#405 = FACE_OUTER_BOUND ( 'NONE', #2790, .T. ) ;
#406 = PRESENTATION_STYLE_ASSIGNMENT (( #2470 ) ) ;
#407 = PRESENTATION_STYLE_ASSIGNMENT (( #3598 ) ) ;
#408 = CARTESIAN_POINT ( 'NONE',  ( 1.500000000000000200, -0.1000000000000000100, 5.149999999999999500 ) ) ;
#409 =( NAMED_UNIT ( * ) PLANE_ANGLE_UNIT ( ) SI_UNIT ( $, .RADIAN. ) );
#410 = FILL_AREA_STYLE_COLOUR ( '', #2836 ) ;
#411 = ORIENTED_EDGE ( 'NONE', *, *, #187, .F. ) ;
#412 = EDGE_CURVE ( 'NONE', #157, #2251, #3601, .T. ) ;
#413 = ORIENTED_EDGE ( 'NONE', *, *, #3038, .T. ) ;
#414 =( NAMED_UNIT ( * ) SI_UNIT ( $, .STERADIAN. ) SOLID_ANGLE_UNIT ( ) );
#415 = FILL_AREA_STYLE ('',( #2196 ) ) ;
#416 = LINE ( 'NONE', #2528, #3426 ) ;
#417 = PRESENTATION_LAYER_ASSIGNMENT (  '', '', ( #664 ) ) ;
#418 = VECTOR ( 'NONE', #1715, 1000.000000000000000 ) ;
#419 = PRESENTATION_STYLE_ASSIGNMENT (( #440 ) ) ;
#420 = EDGE_CURVE ( 'NONE', #2300, #864, #1359, .T. ) ;
#421 =( NAMED_UNIT ( * ) SI_UNIT ( $, .STERADIAN. ) SOLID_ANGLE_UNIT ( ) );
#422 = CARTESIAN_POINT ( 'NONE',  ( -0.1551226300707522500, 3.889999999999999700, 1.995065670055501800 ) ) ;
#423 = FILL_AREA_STYLE ('',( #123 ) ) ;
#424 = CARTESIAN_POINT ( 'NONE',  ( -0.8472441089439917100, 3.899999999999999900, 0.5547047545625439800 ) ) ;
#425 = DIRECTION ( 'NONE',  ( -1.000000000000000000, 0.0000000000000000000, 0.0000000000000000000 ) ) ;
#426 = EDGE_LOOP ( 'NONE', ( #3192, #2858, #3324, #1043 ) ) ;
#427 = MECHANICAL_DESIGN_GEOMETRIC_PRESENTATION_REPRESENTATION (  '', ( #3625 ), #615 ) ;
#428 = SURFACE_SIDE_STYLE ('',( #2046 ) ) ;
#429 = DIRECTION ( 'NONE',  ( 1.000000000000000000, 0.0000000000000000000, 0.0000000000000000000 ) ) ;
#430 = ORIENTED_EDGE ( 'NONE', *, *, #860, .F. ) ;
#431 =( GEOMETRIC_REPRESENTATION_CONTEXT ( 3 ) GLOBAL_UNCERTAINTY_ASSIGNED_CONTEXT ( ( #2248 ) ) GLOBAL_UNIT_ASSIGNED_CONTEXT ( ( #821, #2886, #1123 ) ) REPRESENTATION_CONTEXT ( 'NONE', 'WORKASPACE' ) );
#432 = ORIENTED_EDGE ( 'NONE', *, *, #2232, .F. ) ;
#433 = MECHANICAL_DESIGN_GEOMETRIC_PRESENTATION_REPRESENTATION (  '', ( #3631 ), #623 ) ;
#434 = UNCERTAINTY_MEASURE_WITH_UNIT (LENGTH_MEASURE( 1.000000000000000100E-005 ), #3719, 'distance_accuracy_value', 'NONE');
#435 = LINE ( 'NONE', #3447, #1985 ) ;
#436 = FILL_AREA_STYLE_COLOUR ( '', #1757 ) ;
#437 = ORIENTED_EDGE ( 'NONE', *, *, #3491, .T. ) ;
#438 = ORIENTED_EDGE ( 'NONE', *, *, #420, .T. ) ;
#439 = CARTESIAN_POINT ( 'NONE',  ( 0.8737065952813604100, 3.889999999999999700, 0.5547047545625439800 ) ) ;
#440 = SURFACE_STYLE_USAGE ( .BOTH. , #1894 ) ;
#441 = CARTESIAN_POINT ( 'NONE',  ( -1.500000000000000200, -0.1000000000000000100, 4.999999999999999100 ) ) ;
#442 =( NAMED_UNIT ( * ) SI_UNIT ( $, .STERADIAN. ) SOLID_ANGLE_UNIT ( ) );
#443 = MECHANICAL_DESIGN_GEOMETRIC_PRESENTATION_REPRESENTATION (  '', ( #3649 ), #639 ) ;
#444 = VECTOR ( 'NONE', #3082, 1000.000000000000000 ) ;
#445 = DIRECTION ( 'NONE',  ( -1.700709290173340400E-016, 0.0000000000000000000, -1.000000000000000000 ) ) ;
#446 = CARTESIAN_POINT ( 'NONE',  ( -1.911151005180358600, 3.889999999999999700, -0.3752567791989179800 ) ) ;
#447 = PRESENTATION_STYLE_ASSIGNMENT (( #1986 ) ) ;
#448 = STYLED_ITEM ( 'NONE', ( #2618 ), #310 ) ;
#449 = ORIENTED_EDGE ( 'NONE', *, *, #3767, .T. ) ;
#450 = COLOUR_RGB ( '',1.000000000000000000, 1.000000000000000000, 1.000000000000000000 ) ;
#451 = ORIENTED_EDGE ( 'NONE', *, *, #759, .F. ) ;
#452 = LINE ( 'NONE', #587, #2008 ) ;
#453 = ORIENTED_EDGE ( 'NONE', *, *, #337, .F. ) ;
#454 = SURFACE_STYLE_USAGE ( .BOTH. , #1927 ) ;
#455 =( GEOMETRIC_REPRESENTATION_CONTEXT ( 3 ) GLOBAL_UNCERTAINTY_ASSIGNED_CONTEXT ( ( #148 ) ) GLOBAL_UNIT_ASSIGNED_CONTEXT ( ( #1987, #237, #2298 ) ) REPRESENTATION_CONTEXT ( 'NONE', 'WORKASPACE' ) );
#456 = COLOUR_RGB ( '',0.8274509803921568100, 0.8392156862745098200, 0.8274509803921568100 ) ;
#457 = FILL_AREA_STYLE_COLOUR ( '', #514 ) ;
#458 = CARTESIAN_POINT ( 'NONE',  ( -0.1551226300707522500, 3.889999999999999700, 1.995065670055501800 ) ) ;
#459 = EDGE_CURVE ( 'NONE', #1477, #1165, #2061, .T. ) ;
#460 = EDGE_CURVE ( 'NONE', #1488, #3511, #491, .T. ) ;
#461 =( LENGTH_UNIT ( ) NAMED_UNIT ( * ) SI_UNIT ( .MILLI., .METRE. ) );
#462 = VERTEX_POINT ( 'NONE', #722 ) ;
#463 = CARTESIAN_POINT ( 'NONE',  ( 1.328285614537951100, 3.889999999999999700, -0.3752567791989179800 ) ) ;
#464 = PLANE ( 'NONE',  #2400 ) ;
#465 = VERTEX_POINT ( 'NONE', #1873 ) ;
#466 = ORIENTED_EDGE ( 'NONE', *, *, #1428, .T. ) ;
#467 = EDGE_LOOP ( 'NONE', ( #2221, #533, #2732, #556 ) ) ;
#468 = DIRECTION ( 'NONE',  ( 4.130293990420970400E-016, -0.0000000000000000000, 1.000000000000000000 ) ) ;
#469 = AXIS2_PLACEMENT_3D ( 'NONE', #2051, #296, #2350 ) ;
#470 = COLOUR_RGB ( '',1.000000000000000000, 1.000000000000000000, 1.000000000000000000 ) ;
#471 =( GEOMETRIC_REPRESENTATION_CONTEXT ( 3 ) GLOBAL_UNCERTAINTY_ASSIGNED_CONTEXT ( ( #335 ) ) GLOBAL_UNIT_ASSIGNED_CONTEXT ( ( #115, #2177, #414 ) ) REPRESENTATION_CONTEXT ( 'NONE', 'WORKASPACE' ) );
#472 = VECTOR ( 'NONE', #720, 1000.000000000000000 ) ;
#473 = DIRECTION ( 'NONE',  ( -1.084202172485504400E-016, -1.000000000000000000, -0.0000000000000000000 ) ) ;
#474 = EDGE_CURVE ( 'NONE', #1211, #2850, #2828, .T. ) ;
#475 = CARTESIAN_POINT ( 'NONE',  ( -5.099999999999998800, 0.0000000000000000000, 5.099999999999999600 ) ) ;
#476 = VECTOR ( 'NONE', #889, 1000.000000000000000 ) ;
#477 = FACE_OUTER_BOUND ( 'NONE', #3007, .T. ) ;
#478 = CARTESIAN_POINT ( 'NONE',  ( -2.343589385462048600, 3.889999999999999700, -2.558355370748213600 ) ) ;
#479 =( GEOMETRIC_REPRESENTATION_CONTEXT ( 3 ) GLOBAL_UNCERTAINTY_ASSIGNED_CONTEXT ( ( #3386 ) ) GLOBAL_UNIT_ASSIGNED_CONTEXT ( ( #3784, #2039, #284 ) ) REPRESENTATION_CONTEXT ( 'NONE', 'WORKASPACE' ) );
#480 = PRESENTATION_STYLE_ASSIGNMENT (( #2134 ) ) ;
#481 = FILL_AREA_STYLE_COLOUR ( '', #324 ) ;
#482 = VECTOR ( 'NONE', #2030, 1000.000000000000000 ) ;
#483 = CARTESIAN_POINT ( 'NONE',  ( 1.499999999999981600, 1.399999999999999900, -5.149999999999999500 ) ) ;
#484 =( NAMED_UNIT ( * ) PLANE_ANGLE_UNIT ( ) SI_UNIT ( $, .RADIAN. ) );
#485 = FILL_AREA_STYLE ('',( #196 ) ) ;
#486 = MECHANICAL_DESIGN_GEOMETRIC_PRESENTATION_REPRESENTATION (  '', ( #2020 ), #686 ) ;
#487 = ORIENTED_EDGE ( 'NONE', *, *, #3663, .F. ) ;
#488 = CARTESIAN_POINT ( 'NONE',  ( 0.9127690952813604100, 3.899999999999999900, 3.054704754562544100 ) ) ;
#489 = LINE ( 'NONE', #185, #2059 ) ;
#490 = SURFACE_STYLE_USAGE ( .BOTH. , #2261 ) ;
#491 = LINE ( 'NONE', #2483, #1951 ) ;
#492 = VECTOR ( 'NONE', #1837, 1000.000000000000200 ) ;
#493 = UNCERTAINTY_MEASURE_WITH_UNIT (LENGTH_MEASURE( 1.000000000000000100E-005 ), #3066, 'distance_accuracy_value', 'NONE');
#494 = MECHANICAL_DESIGN_GEOMETRIC_PRESENTATION_REPRESENTATION (  '', ( #3706 ), #690 ) ;
#495 = FILL_AREA_STYLE_COLOUR ( '', #3074 ) ;
#496 = VECTOR ( 'NONE', #2611, 1000.000000000000200 ) ;
#497 = ORIENTED_EDGE ( 'NONE', *, *, #566, .T. ) ;
#498 = ORIENTED_EDGE ( 'NONE', *, *, #2736, .T. ) ;
#499 = COLOUR_RGB ( '',1.000000000000000000, 1.000000000000000000, 1.000000000000000000 ) ;
#500 = LINE ( 'NONE', #2793, #3516 ) ;
#501 = VECTOR ( 'NONE', #3753, 1000.000000000000000 ) ;
#502 = DIRECTION ( 'NONE',  ( 0.9104214723748158500, 0.0000000000000000000, 0.4136819341461173100 ) ) ;
#503 = SURFACE_STYLE_FILL_AREA ( #147 ) ;
#504 = SURFACE_SIDE_STYLE ('',( #886 ) ) ;
#505 = FILL_AREA_STYLE_COLOUR ( '', #1848 ) ;
#506 = ORIENTED_EDGE ( 'NONE', *, *, #3735, .F. ) ;
#507 = ADVANCED_FACE ( 'NONE', ( #2657 ), #1577, .F. ) ;
#508 = ORIENTED_EDGE ( 'NONE', *, *, #3218, .T. ) ;
#509 = MECHANICAL_DESIGN_GEOMETRIC_PRESENTATION_REPRESENTATION (  '', ( #3717 ), #711 ) ;
#510 =( NAMED_UNIT ( * ) SI_UNIT ( $, .STERADIAN. ) SOLID_ANGLE_UNIT ( ) );
#511 = ORIENTED_EDGE ( 'NONE', *, *, #169, .F. ) ;
#512 = DIRECTION ( 'NONE',  ( 1.000000000000000000, -0.0000000000000000000, -0.0000000000000000000 ) ) ;
#513 = CARTESIAN_POINT ( 'NONE',  ( -0.7238710756028941000, 3.899999999999999900, -2.558355370748213600 ) ) ;
#514 = COLOUR_RGB ( '',1.000000000000000000, 1.000000000000000000, 1.000000000000000000 ) ;
#515 = CARTESIAN_POINT ( 'NONE',  ( 0.5375490248588252800, 3.889999999999999700, 0.5547047545625439800 ) ) ;
#516 = PRESENTATION_STYLE_ASSIGNMENT (( #359 ) ) ;
#517 = AXIS2_PLACEMENT_3D ( 'NONE', #3637, #1881, #140 ) ;
#518 = ORIENTED_EDGE ( 'NONE', *, *, #460, .F. ) ;
#519 = ORIENTED_EDGE ( 'NONE', *, *, #3203, .T. ) ;
#520 = EDGE_CURVE ( 'NONE', #791, #1500, #129, .T. ) ;
#521 =( NAMED_UNIT ( * ) SI_UNIT ( $, .STERADIAN. ) SOLID_ANGLE_UNIT ( ) );
#522 = CARTESIAN_POINT ( 'NONE',  ( 0.8958472342562610000, 3.899999999999999900, -2.558355370748213600 ) ) ;
#523 =( GEOMETRIC_REPRESENTATION_CONTEXT ( 3 ) GLOBAL_UNCERTAINTY_ASSIGNED_CONTEXT ( ( #404 ) ) GLOBAL_UNIT_ASSIGNED_CONTEXT ( ( #3496, #1749, #15 ) ) REPRESENTATION_CONTEXT ( 'NONE', 'WORKASPACE' ) );
#524 =( LENGTH_UNIT ( ) NAMED_UNIT ( * ) SI_UNIT ( .MILLI., .METRE. ) );
#525 = ADVANCED_FACE ( 'NONE', ( #2385 ), #3362, .F. ) ;
#526 = SURFACE_SIDE_STYLE ('',( #1954 ) ) ;
#527 = VECTOR ( 'NONE', #801, 1000.000000000000100 ) ;
#528 = CARTESIAN_POINT ( 'NONE',  ( -2.349999999999996100, 1.399999999999999900, 5.099999999999999600 ) ) ;
#529 = FILL_AREA_STYLE_COLOUR ( '', #3076 ) ;
#530 = ORIENTED_EDGE ( 'NONE', *, *, #2650, .T. ) ;
#531 = DIRECTION ( 'NONE',  ( -1.000000000000000000, -0.0000000000000000000, -0.0000000000000000000 ) ) ;
#532 = VECTOR ( 'NONE', #3507, 1000.000000000000000 ) ;
#533 = ORIENTED_EDGE ( 'NONE', *, *, #3018, .F. ) ;
#534 = FILL_AREA_STYLE_COLOUR ( '', #2425 ) ;
#535 = CARTESIAN_POINT ( 'NONE',  ( -0.1551226300707522500, 3.899999999999999900, 1.995065670055501800 ) ) ;
#536 = ORIENTED_EDGE ( 'NONE', *, *, #2109, .T. ) ;
#537 = UNCERTAINTY_MEASURE_WITH_UNIT (LENGTH_MEASURE( 1.000000000000000100E-005 ), #3100, 'distance_accuracy_value', 'NONE');
#538 = SURFACE_SIDE_STYLE ('',( #586 ) ) ;
#539 = SURFACE_STYLE_FILL_AREA ( #1385 ) ;
#540 = FACE_OUTER_BOUND ( 'NONE', #2091, .T. ) ;
#541 = LINE ( 'NONE', #376, #2013 ) ;
#542 = CARTESIAN_POINT ( 'NONE',  ( 2.019306741298514400, 3.889999999999999700, -2.558355370748213600 ) ) ;
#543 = VECTOR ( 'NONE', #3732, 1000.000000000000000 ) ;
#544 = FILL_AREA_STYLE_COLOUR ( '', #2744 ) ;
#545 = SURFACE_SIDE_STYLE ('',( #3572 ) ) ;
#546 =( GEOMETRIC_REPRESENTATION_CONTEXT ( 3 ) GLOBAL_UNCERTAINTY_ASSIGNED_CONTEXT ( ( #1636 ) ) GLOBAL_UNIT_ASSIGNED_CONTEXT ( ( #3523, #1775, #40 ) ) REPRESENTATION_CONTEXT ( 'NONE', 'WORKASPACE' ) );
#547 = CARTESIAN_POINT ( 'NONE',  ( 0.03083687697150129200, 3.899999999999999900, 1.785998768647050900 ) ) ;
#548 = ADVANCED_FACE ( 'NONE', ( #1316 ), #2223, .F. ) ;
#549 = CARTESIAN_POINT ( 'NONE',  ( -0.1490706934510338500, 3.899999999999999900, 1.567578874280853900 ) ) ;
#550 = CARTESIAN_POINT ( 'NONE',  ( -0.8901578413383578500, 3.889999999999999700, 3.054704754562544100 ) ) ;
#551 = DIRECTION ( 'NONE',  ( 0.4136819341461173700, 0.0000000000000000000, -0.9104214723748158500 ) ) ;
#552 = EDGE_LOOP ( 'NONE', ( #1711, #3432, #55, #395, #2902, #2007, #1665, #2980 ) ) ;
#553 = EDGE_CURVE ( 'NONE', #1255, #2032, #1087, .T. ) ;
#554 = ORIENTED_EDGE ( 'NONE', *, *, #1554, .T. ) ;
#555 = ORIENTED_EDGE ( 'NONE', *, *, #2218, .F. ) ;
#556 = ORIENTED_EDGE ( 'NONE', *, *, #648, .T. ) ;
#557 = DIRECTION ( 'NONE',  ( 1.000000000000000000, 0.0000000000000000000, 0.0000000000000000000 ) ) ;
#558 = SURFACE_SIDE_STYLE ('',( #1631 ) ) ;
#559 = CARTESIAN_POINT ( 'NONE',  ( 2.349999999999997000, 2.400000000000000400, -5.149999999999999500 ) ) ;
#560 = CARTESIAN_POINT ( 'NONE',  ( -5.100000000000000500, 3.899999999999999900, -5.099999999999999600 ) ) ;
#561 = VERTEX_POINT ( 'NONE', #458 ) ;
#562 = VECTOR ( 'NONE', #2085, 1000.000000000000000 ) ;
#563 = COLOUR_RGB ( '',1.000000000000000000, 1.000000000000000000, 1.000000000000000000 ) ;
#564 = ADVANCED_FACE ( 'NONE', ( #1867 ), #464, .F. ) ;
#565 = CARTESIAN_POINT ( 'NONE',  ( -0.7238710756028941000, 3.889999999999999700, -2.558355370748213600 ) ) ;
#566 = EDGE_CURVE ( 'NONE', #3479, #3129, #3071, .T. ) ;
#567 = ORIENTED_EDGE ( 'NONE', *, *, #3110, .T. ) ;
#568 = CARTESIAN_POINT ( 'NONE',  ( -2.343589385462048600, 3.899999999999999900, -2.558355370748213600 ) ) ;
#569 = FACE_OUTER_BOUND ( 'NONE', #2323, .T. ) ;
#570 = FILL_AREA_STYLE_COLOUR ( '', #665 ) ;
#571 = FILL_AREA_STYLE ('',( #861 ) ) ;
#572 = EDGE_CURVE ( 'NONE', #2281, #2417, #810, .T. ) ;
#573 = VECTOR ( 'NONE', #3486, 1000.000000000000000 ) ;
#574 =( NAMED_UNIT ( * ) SI_UNIT ( $, .STERADIAN. ) SOLID_ANGLE_UNIT ( ) );
#575 = CYLINDRICAL_SURFACE ( 'NONE', #2147, 1.500000000000000000 ) ;
#576 = AXIS2_PLACEMENT_3D ( 'NONE', #99, #2156, #399 ) ;
#577 = FILL_AREA_STYLE_COLOUR ( '', #1804 ) ;
#578 = ORIENTED_EDGE ( 'NONE', *, *, #1162, .T. ) ;
#579 = VECTOR ( 'NONE', #1655, 1000.000000000000000 ) ;
#580 = LINE ( 'NONE', #2716, #2062 ) ;
#581 = PRODUCT_DEFINITION ( 'UNKNOWN', '', #770, #2691 ) ;
#582 = CARTESIAN_POINT ( 'NONE',  ( 0.0000000000000000000, 2.899999999999999900, 0.0000000000000000000 ) ) ;
#583 = DIRECTION ( 'NONE',  ( 0.0000000000000000000, 0.0000000000000000000, 1.000000000000000000 ) ) ;
#584 = FACE_OUTER_BOUND ( 'NONE', #2393, .T. ) ;
#585 = VERTEX_POINT ( 'NONE', #846 ) ;
#586 = SURFACE_STYLE_FILL_AREA ( #2312 ) ;
#587 = CARTESIAN_POINT ( 'NONE',  ( -9.449999999999999300, 3.899999999999999900, 0.7499999999999833500 ) ) ;
#588 = LINE ( 'NONE', #1560, #3700 ) ;
#589 = SURFACE_STYLE_USAGE ( .BOTH. , #2309 ) ;
#590 = ORIENTED_EDGE ( 'NONE', *, *, #3352, .F. ) ;
#591 = ADVANCED_FACE ( 'NONE', ( #729 ), #3215, .T. ) ;
#592 = VECTOR ( 'NONE', #1596, 1000.000000000000100 ) ;
#593 = STYLED_ITEM ( 'NONE', ( #2398 ), #30 ) ;
#594 = CARTESIAN_POINT ( 'NONE',  ( -1.499999999999999600, -7.734752828410651800E-033, 4.999999999999999100 ) ) ;
#595 = AXIS2_PLACEMENT_3D ( 'NONE', #2703, #925, #3000 ) ;
#596 = DIRECTION ( 'NONE',  ( 1.000000000000000000, 0.0000000000000000000, 0.0000000000000000000 ) ) ;
#597 =( NAMED_UNIT ( * ) PLANE_ANGLE_UNIT ( ) SI_UNIT ( $, .RADIAN. ) );
#598 = PLANE ( 'NONE',  #1137 ) ;
#599 = ORIENTED_EDGE ( 'NONE', *, *, #2972, .F. ) ;
#600 = EDGE_CURVE ( 'NONE', #1707, #2270, #452, .T. ) ;
#601 = SURFACE_STYLE_USAGE ( .BOTH. , #881 ) ;
#602 = MECHANICAL_DESIGN_GEOMETRIC_PRESENTATION_REPRESENTATION (  '', ( #664 ), #793 ) ;
#603 = ORIENTED_EDGE ( 'NONE', *, *, #3236, .T. ) ;
#604 = VERTEX_POINT ( 'NONE', #3512 ) ;
#605 = EDGE_CURVE ( 'NONE', #295, #1505, #1912, .T. ) ;
#606 = CARTESIAN_POINT ( 'NONE',  ( 5.100000000000000500, 3.899999999999999900, 3.600000000000000100 ) ) ;
#607 = ADVANCED_FACE ( 'NONE', ( #1227 ), #2369, .T. ) ;
#608 = COLOUR_RGB ( '',0.8274509803921568100, 0.8392156862745098200, 0.8274509803921568100 ) ;
#609 = DIRECTION ( 'NONE',  ( -0.7071067811865462400, 0.0000000000000000000, -0.7071067811865489100 ) ) ;
#610 = LINE ( 'NONE', #721, #1302 ) ;
#611 = CARTESIAN_POINT ( 'NONE',  ( -1.500000000000000900, 3.673940397442060400E-016, -4.999999999999999100 ) ) ;
#612 = UNCERTAINTY_MEASURE_WITH_UNIT (LENGTH_MEASURE( 1.000000000000000100E-005 ), #461, 'distance_accuracy_value', 'NONE');
#613 = DIRECTION ( 'NONE',  ( -1.000000000000000000, 0.0000000000000000000, 1.700709290173340400E-016 ) ) ;
#614 = VECTOR ( 'NONE', #2680, 1000.000000000000000 ) ;
#615 =( GEOMETRIC_REPRESENTATION_CONTEXT ( 3 ) GLOBAL_UNCERTAINTY_ASSIGNED_CONTEXT ( ( #2819 ) ) GLOBAL_UNIT_ASSIGNED_CONTEXT ( ( #3101, #1335, #3389 ) ) REPRESENTATION_CONTEXT ( 'NONE', 'WORKASPACE' ) );
#616 = VECTOR ( 'NONE', #3092, 1000.000000000000000 ) ;
#617 = FACE_OUTER_BOUND ( 'NONE', #151, .T. ) ;
#618 = EDGE_LOOP ( 'NONE', ( #707, #1909, #2600, #506 ) ) ;
#619 = VERTEX_POINT ( 'NONE', #1461 ) ;
#620 = DIRECTION ( 'NONE',  ( 0.8205590213620161900, 0.0000000000000000000, 0.5715618010866456700 ) ) ;
#621 = VECTOR ( 'NONE', #3782, 1000.000000000000000 ) ;
#622 = FILL_AREA_STYLE ('',( #2090 ) ) ;
#623 =( GEOMETRIC_REPRESENTATION_CONTEXT ( 3 ) GLOBAL_UNCERTAINTY_ASSIGNED_CONTEXT ( ( #1902 ) ) GLOBAL_UNIT_ASSIGNED_CONTEXT ( ( #3160, #1400, #3440 ) ) REPRESENTATION_CONTEXT ( 'NONE', 'WORKASPACE' ) );
#624 = SURFACE_STYLE_FILL_AREA ( #3019 ) ;
#625 = CARTESIAN_POINT ( 'NONE',  ( 2.371213203435594600, 2.400000000000000400, -5.149497474683057500 ) ) ;
#626 = CARTESIAN_POINT ( 'NONE',  ( -5.099999999999998800, 3.899999999999999900, 5.099999999999999600 ) ) ;
#627 = VECTOR ( 'NONE', #1998, 1000.000000000000000 ) ;
#628 = DIRECTION ( 'NONE',  ( -0.0000000000000000000, -0.0000000000000000000, 1.000000000000000000 ) ) ;
#629 = ORIENTED_EDGE ( 'NONE', *, *, #2771, .F. ) ;
#630 = LINE ( 'NONE', #1747, #3546 ) ;
#631 = VERTEX_POINT ( 'NONE', #1736 ) ;
#632 = PRESENTATION_STYLE_ASSIGNMENT (( #1484 ) ) ;
#633 = CARTESIAN_POINT ( 'NONE',  ( 0.0000000000000000000, 2.899999999999999900, 4.880000000000000800 ) ) ;
#634 = UNCERTAINTY_MEASURE_WITH_UNIT (LENGTH_MEASURE( 1.000000000000000100E-005 ), #2399, 'distance_accuracy_value', 'NONE');
#635 = ORIENTED_EDGE ( 'NONE', *, *, #1357, .T. ) ;
#636 = FACE_OUTER_BOUND ( 'NONE', #650, .T. ) ;
#637 = CARTESIAN_POINT ( 'NONE',  ( 0.8958472342562610000, 3.889999999999999700, -2.558355370748213600 ) ) ;
#638 = FILL_AREA_STYLE_COLOUR ( '', #1571 ) ;
#639 =( GEOMETRIC_REPRESENTATION_CONTEXT ( 3 ) GLOBAL_UNCERTAINTY_ASSIGNED_CONTEXT ( ( #1683 ) ) GLOBAL_UNIT_ASSIGNED_CONTEXT ( ( #997, #3060, #1300 ) ) REPRESENTATION_CONTEXT ( 'NONE', 'WORKASPACE' ) );
#640 = LINE ( 'NONE', #1982, #543 ) ;
#641 = ADVANCED_FACE ( 'NONE', ( #90 ), #2044, .T. ) ;
#642 = AXIS2_PLACEMENT_3D ( 'NONE', #1232, #1518, #1602 ) ;
#643 = FILL_AREA_STYLE_COLOUR ( '', #2137 ) ;
#644 = EDGE_CURVE ( 'NONE', #1021, #3669, #264, .T. ) ;
#645 = VERTEX_POINT ( 'NONE', #2612 ) ;
#646 =( NAMED_UNIT ( * ) PLANE_ANGLE_UNIT ( ) SI_UNIT ( $, .RADIAN. ) );
#647 = EDGE_CURVE ( 'NONE', #585, #1249, #2524, .T. ) ;
#648 = EDGE_CURVE ( 'NONE', #741, #2151, #1032, .T. ) ;
#649 = ORIENTED_EDGE ( 'NONE', *, *, #3391, .F. ) ;
#650 = EDGE_LOOP ( 'NONE', ( #3710, #323, #3416, #3622 ) ) ;
#651 = STYLED_ITEM ( 'NONE', ( #2395 ), #1145 ) ;
#652 = PRESENTATION_STYLE_ASSIGNMENT (( #772 ) ) ;
#653 =( NAMED_UNIT ( * ) SI_UNIT ( $, .STERADIAN. ) SOLID_ANGLE_UNIT ( ) );
#654 = FILL_AREA_STYLE ('',( #370 ) ) ;
#655 = VECTOR ( 'NONE', #2116, 1000.000000000000000 ) ;
#656 = VERTEX_POINT ( 'NONE', #3760 ) ;
#657 = SURFACE_STYLE_USAGE ( .BOTH. , #2424 ) ;
#658 = ORIENTED_EDGE ( 'NONE', *, *, #1696, .F. ) ;
#659 = ADVANCED_FACE ( 'NONE', ( #2609 ), #3175, .T. ) ;
#660 =( NAMED_UNIT ( * ) SI_UNIT ( $, .STERADIAN. ) SOLID_ANGLE_UNIT ( ) );
#661 = CYLINDRICAL_SURFACE ( 'NONE', #2052, 4.880000000000000800 ) ;
#662 = CARTESIAN_POINT ( 'NONE',  ( 2.349999999999995600, 3.899999999999999900, -5.100000000000000500 ) ) ;
#663 = ORIENTED_EDGE ( 'NONE', *, *, #3163, .T. ) ;
#664 = STYLED_ITEM ( 'NONE', ( #3144 ), #816 ) ;
#665 = COLOUR_RGB ( '',0.1921568627450980200, 0.2039215686274509800, 0.2039215686274509800 ) ;
#666 =( LENGTH_UNIT ( ) NAMED_UNIT ( * ) SI_UNIT ( .MILLI., .METRE. ) );
#667 = PRESENTATION_LAYER_ASSIGNMENT (  '', '', ( #282 ) ) ;
#668 = LINE ( 'NONE', #1995, #2245 ) ;
#669 = SURFACE_SIDE_STYLE ('',( #3676 ) ) ;
#670 = CARTESIAN_POINT ( 'NONE',  ( -0.7238710756028941000, 3.899999999999999900, -2.558355370748213600 ) ) ;
#671 = EDGE_CURVE ( 'NONE', #3306, #2599, #668, .T. ) ;
#672 = FILL_AREA_STYLE_COLOUR ( '', #3179 ) ;
#673 = CARTESIAN_POINT ( 'NONE',  ( -5.099999999999998800, 3.899999999999999900, 5.099999999999999600 ) ) ;
#674 = ORIENTED_EDGE ( 'NONE', *, *, #1531, .T. ) ;
#675 = VECTOR ( 'NONE', #815, 1000.000000000000000 ) ;
#676 = LINE ( 'NONE', #3289, #3506 ) ;
#677 = EDGE_LOOP ( 'NONE', ( #1198, #1594, #2731, #3665, #3548, #1262, #3568, #3698 ) ) ;
#678 = LINE ( 'NONE', #522, #1460 ) ;
#679 = VECTOR ( 'NONE', #3036, 1000.000000000000000 ) ;
#680 = UNCERTAINTY_MEASURE_WITH_UNIT (LENGTH_MEASURE( 1.000000000000000100E-005 ), #948, 'distance_accuracy_value', 'NONE');
#681 = ORIENTED_EDGE ( 'NONE', *, *, #2232, .T. ) ;
#682 = DIRECTION ( 'NONE',  ( 0.0000000000000000000, 0.0000000000000000000, -1.000000000000000000 ) ) ;
#683 = CARTESIAN_POINT ( 'NONE',  ( -2.343589385462048600, 3.889999999999999700, -2.840045511593284600 ) ) ;
#684 = LINE ( 'NONE', #3368, #3032 ) ;
#685 = CARTESIAN_POINT ( 'NONE',  ( 1.500000000000000200, -0.1000000000000000100, 5.149999999999999500 ) ) ;
#686 =( GEOMETRIC_REPRESENTATION_CONTEXT ( 3 ) GLOBAL_UNCERTAINTY_ASSIGNED_CONTEXT ( ( #1173 ) ) GLOBAL_UNIT_ASSIGNED_CONTEXT ( ( #353, #1352, #751 ) ) REPRESENTATION_CONTEXT ( 'NONE', 'WORKASPACE' ) );
#687 = DIRECTION ( 'NONE',  ( 0.0000000000000000000, -0.0000000000000000000, 1.000000000000000000 ) ) ;
#688 = CARTESIAN_POINT ( 'NONE',  ( 2.349999999999997400, 2.400000000000000400, -5.100000000000000500 ) ) ;
#689 = CARTESIAN_POINT ( 'NONE',  ( -0.1622749188031466500, 3.889999999999999700, 1.995065670055501800 ) ) ;
#690 =( GEOMETRIC_REPRESENTATION_CONTEXT ( 3 ) GLOBAL_UNCERTAINTY_ASSIGNED_CONTEXT ( ( #3263 ) ) GLOBAL_UNIT_ASSIGNED_CONTEXT ( ( #3133, #1372, #3420 ) ) REPRESENTATION_CONTEXT ( 'NONE', 'WORKASPACE' ) );
#691 = ORIENTED_EDGE ( 'NONE', *, *, #3663, .T. ) ;
#692 = CARTESIAN_POINT ( 'NONE',  ( 0.8958472342562610000, 3.899999999999999900, -2.558355370748213600 ) ) ;
#693 = CARTESIAN_POINT ( 'NONE',  ( 0.03083687697150129200, 3.899999999999999900, 1.785998768647050900 ) ) ;
#694 = ORIENTED_EDGE ( 'NONE', *, *, #2923, .T. ) ;
#695 =( LENGTH_UNIT ( ) NAMED_UNIT ( * ) SI_UNIT ( .MILLI., .METRE. ) );
#696 = FILL_AREA_STYLE ('',( #410 ) ) ;
#697 = ORIENTED_EDGE ( 'NONE', *, *, #2057, .F. ) ;
#698 = ORIENTED_EDGE ( 'NONE', *, *, #2029, .T. ) ;
#699 = CARTESIAN_POINT ( 'NONE',  ( -2.349999999999996100, 2.400000000000000400, 5.149999999999999500 ) ) ;
#700 = FILL_AREA_STYLE ('',( #265 ) ) ;
#701 = PRESENTATION_STYLE_ASSIGNMENT (( #3737 ) ) ;
#702 = LINE ( 'NONE', #2978, #2278 ) ;
#703 = VECTOR ( 'NONE', #127, 1000.000000000000000 ) ;
#704 = SURFACE_STYLE_FILL_AREA ( #654 ) ;
#705 = UNCERTAINTY_MEASURE_WITH_UNIT (LENGTH_MEASURE( 1.000000000000000100E-005 ), #3646, 'distance_accuracy_value', 'NONE');
#706 = SURFACE_SIDE_STYLE ('',( #3226 ) ) ;
#707 = ORIENTED_EDGE ( 'NONE', *, *, #33, .F. ) ;
#708 = ORIENTED_EDGE ( 'NONE', *, *, #566, .F. ) ;
#709 = SURFACE_STYLE_USAGE ( .BOTH. , #2482 ) ;
#710 = CARTESIAN_POINT ( 'NONE',  ( -0.1622749188031466500, 3.889999999999999700, 1.995065670055501800 ) ) ;
#711 =( GEOMETRIC_REPRESENTATION_CONTEXT ( 3 ) GLOBAL_UNCERTAINTY_ASSIGNED_CONTEXT ( ( #612 ) ) GLOBAL_UNIT_ASSIGNED_CONTEXT ( ( #461, #2526, #746 ) ) REPRESENTATION_CONTEXT ( 'NONE', 'WORKASPACE' ) );
#712 = LINE ( 'NONE', #1281, #621 ) ;
#713 =( LENGTH_UNIT ( ) NAMED_UNIT ( * ) SI_UNIT ( .MILLI., .METRE. ) );
#714 = DIRECTION ( 'NONE',  ( -1.000000000000000000, 0.0000000000000000000, -0.0000000000000000000 ) ) ;
#715 = DIRECTION ( 'NONE',  ( -0.0000000000000000000, -0.0000000000000000000, -1.000000000000000000 ) ) ;
#716 = STYLED_ITEM ( 'NONE', ( #766 ), #246 ) ;
#717 = PRESENTATION_STYLE_ASSIGNMENT (( #1003 ) ) ;
#718 = PRESENTATION_LAYER_ASSIGNMENT (  '', '', ( #333 ) ) ;
#719 = DIRECTION ( 'NONE',  ( 0.0000000000000000000, 1.000000000000000000, 0.0000000000000000000 ) ) ;
#720 = DIRECTION ( 'NONE',  ( -1.000000000000000000, -2.551063935259964600E-016, -0.0000000000000000000 ) ) ;
#721 = CARTESIAN_POINT ( 'NONE',  ( -1.500000000000000200, 2.400000000000000400, 5.099999999999999600 ) ) ;
#722 = CARTESIAN_POINT ( 'NONE',  ( 0.7318947694675286300, 3.899999999999999900, -2.630428434128495600 ) ) ;
#723 = ORIENTED_EDGE ( 'NONE', *, *, #2585, .T. ) ;
#724 = VECTOR ( 'NONE', #2330, 1000.000000000000000 ) ;
#725 = ORIENTED_EDGE ( 'NONE', *, *, #1945, .T. ) ;
#726 = EDGE_CURVE ( 'NONE', #1514, #2806, #1446, .T. ) ;
#727 = SURFACE_STYLE_FILL_AREA ( #3508 ) ;
#728 = VECTOR ( 'NONE', #3122, 1000.000000000000000 ) ;
#729 = FACE_OUTER_BOUND ( 'NONE', #306, .T. ) ;
#730 = EDGE_LOOP ( 'NONE', ( #1458, #1067 ) ) ;
#731 = DIRECTION ( 'NONE',  ( 0.0000000000000000000, 1.000000000000000000, 0.0000000000000000000 ) ) ;
#732 = SURFACE_STYLE_USAGE ( .BOTH. , #2500 ) ;
#733 = CARTESIAN_POINT ( 'NONE',  ( 6.000769315822032700E-016, 3.899999999999999900, -4.900000000000001200 ) ) ;
#734 = DIRECTION ( 'NONE',  ( 0.0000000000000000000, 0.0000000000000000000, -1.000000000000000000 ) ) ;
#735 = FILL_AREA_STYLE ('',( #2787 ) ) ;
#736 = STYLED_ITEM ( 'NONE', ( #850 ), #641 ) ;
#737 = CARTESIAN_POINT ( 'NONE',  ( -1.220129878419795100, 3.889999999999999700, -2.558355370748213600 ) ) ;
#738 = CARTESIAN_POINT ( 'NONE',  ( -1.500000000000093700, 3.900000000000000800, -5.149999999999999500 ) ) ;
#739 = CARTESIAN_POINT ( 'NONE',  ( 0.7318947694675286300, 3.899999999999999900, -2.840045511593284600 ) ) ;
#740 = STYLED_ITEM ( 'NONE', ( #480 ), #2706 ) ;
#741 = VERTEX_POINT ( 'NONE', #823 ) ;
#742 = ORIENTED_EDGE ( 'NONE', *, *, #412, .T. ) ;
#743 = CARTESIAN_POINT ( 'NONE',  ( -5.100000000000000500, 3.899999999999999900, -3.599999999999999600 ) ) ;
#744 = FILL_AREA_STYLE ('',( #457 ) ) ;
#745 = ORIENTED_EDGE ( 'NONE', *, *, #2104, .T. ) ;
#746 =( NAMED_UNIT ( * ) SI_UNIT ( $, .STERADIAN. ) SOLID_ANGLE_UNIT ( ) );
#747 = ORIENTED_EDGE ( 'NONE', *, *, #27, .F. ) ;
#748 = EDGE_CURVE ( 'NONE', #3355, #394, #3690, .T. ) ;
#749 = VECTOR ( 'NONE', #1185, 1000.000000000000000 ) ;
#750 = SURFACE_STYLE_FILL_AREA ( #2930 ) ;
#751 =( NAMED_UNIT ( * ) SI_UNIT ( $, .STERADIAN. ) SOLID_ANGLE_UNIT ( ) );
#752 = CARTESIAN_POINT ( 'NONE',  ( -1.911151005180358600, 3.899999999999999900, -0.3752567791989179800 ) ) ;
#753 = CARTESIAN_POINT ( 'NONE',  ( 2.349999999999997000, 2.400000000000000400, -5.149999999999999500 ) ) ;
#754 = STYLED_ITEM ( 'NONE', ( #2527 ), #2060 ) ;
#755 =( GEOMETRIC_REPRESENTATION_CONTEXT ( 3 ) GLOBAL_UNCERTAINTY_ASSIGNED_CONTEXT ( ( #2363 ) ) GLOBAL_UNIT_ASSIGNED_CONTEXT ( ( #3055, #1296, #3343 ) ) REPRESENTATION_CONTEXT ( 'NONE', 'WORKASPACE' ) );
#756 = CARTESIAN_POINT ( 'NONE',  ( 0.8958472342562610000, 3.899999999999999900, -2.840045511593284600 ) ) ;
#757 = VERTEX_POINT ( 'NONE', #528 ) ;
#758 = VECTOR ( 'NONE', #3557, 1000.000000000000000 ) ;
#759 = EDGE_CURVE ( 'NONE', #2599, #919, #2925, .T. ) ;
#760 = VERTEX_POINT ( 'NONE', #1416 ) ;
#761 = CARTESIAN_POINT ( 'NONE',  ( -1.500000000000000200, 2.400000000000000400, 5.149999999999999500 ) ) ;
#762 = DIRECTION ( 'NONE',  ( 0.0000000000000000000, 1.000000000000000000, 0.0000000000000000000 ) ) ;
#763 = DIRECTION ( 'NONE',  ( 0.0000000000000000000, -0.0000000000000000000, 1.000000000000000000 ) ) ;
#764 = ORIENTED_EDGE ( 'NONE', *, *, #2694, .T. ) ;
#765 = EDGE_CURVE ( 'NONE', #1789, #656, #1349, .T. ) ;
#766 = PRESENTATION_STYLE_ASSIGNMENT (( #454 ) ) ;
#767 = DIRECTION ( 'NONE',  ( -0.7071067811865464600, -0.0000000000000000000, -0.7071067811865486800 ) ) ;
#768 = FILL_AREA_STYLE ('',( #481 ) ) ;
#769 = PRESENTATION_LAYER_ASSIGNMENT (  '', '', ( #392 ) ) ;
#770 = PRODUCT_DEFINITION_FORMATION_WITH_SPECIFIED_SOURCE ( 'ANY', '', #1981, .NOT_KNOWN. ) ;
#771 = ORIENTED_EDGE ( 'NONE', *, *, #3204, .F. ) ;
#772 = SURFACE_STYLE_USAGE ( .BOTH. , #2556 ) ;
#773 =( NAMED_UNIT ( * ) PLANE_ANGLE_UNIT ( ) SI_UNIT ( $, .RADIAN. ) );
#774 = ORIENTED_EDGE ( 'NONE', *, *, #2654, .F. ) ;
#775 = AXIS2_PLACEMENT_3D ( 'NONE', #3085, #1019, #2532 ) ;
#776 = ORIENTED_EDGE ( 'NONE', *, *, #3397, .F. ) ;
#777 = PLANE ( 'NONE',  #1289 ) ;
#778 = ORIENTED_EDGE ( 'NONE', *, *, #474, .F. ) ;
#779 = PRESENTATION_LAYER_ASSIGNMENT (  '', '', ( #403 ) ) ;
#780 =( LENGTH_UNIT ( ) NAMED_UNIT ( * ) SI_UNIT ( .MILLI., .METRE. ) );
#781 = FILL_AREA_STYLE_COLOUR ( '', #2111 ) ;
#782 = EDGE_CURVE ( 'NONE', #3727, #1319, #1269, .T. ) ;
#783 = LINE ( 'NONE', #2272, #2277 ) ;
#784 =( LENGTH_UNIT ( ) NAMED_UNIT ( * ) SI_UNIT ( .MILLI., .METRE. ) );
#785 = SURFACE_SIDE_STYLE ('',( #302 ) ) ;
#786 = ADVANCED_FACE ( 'NONE', ( #1946 ), #3165, .F. ) ;
#787 = LINE ( 'NONE', #1492, #1107 ) ;
#788 = FACE_OUTER_BOUND ( 'NONE', #3606, .T. ) ;
#789 = DIRECTION ( 'NONE',  ( -0.0000000000000000000, 0.0000000000000000000, -1.000000000000000000 ) ) ;
#790 = ORIENTED_EDGE ( 'NONE', *, *, #952, .T. ) ;
#791 = VERTEX_POINT ( 'NONE', #3498 ) ;
#792 = AXIS2_PLACEMENT_3D ( 'NONE', #3002, #1238, #3287 ) ;
#793 =( GEOMETRIC_REPRESENTATION_CONTEXT ( 3 ) GLOBAL_UNCERTAINTY_ASSIGNED_CONTEXT ( ( #3513 ) ) GLOBAL_UNIT_ASSIGNED_CONTEXT ( ( #3600, #2459, #3328 ) ) REPRESENTATION_CONTEXT ( 'NONE', 'WORKASPACE' ) );
#794 = VECTOR ( 'NONE', #2164, 1000.000000000000000 ) ;
#795 = CARTESIAN_POINT ( 'NONE',  ( -1.180100623028498700, 3.899999999999999900, 0.5547047545625439800 ) ) ;
#796 = ORIENTED_EDGE ( 'NONE', *, *, #1448, .F. ) ;
#797 = EDGE_CURVE ( 'NONE', #854, #3127, #3238, .T. ) ;
#798 = DIRECTION ( 'NONE',  ( -0.7071067811865463500, 0.0000000000000000000, -0.7071067811865487900 ) ) ;
#799 = CARTESIAN_POINT ( 'NONE',  ( 2.349999999999996100, 0.0000000000000000000, -5.099999999999999600 ) ) ;
#800 = SURFACE_SIDE_STYLE ('',( #1680 ) ) ;
#801 = DIRECTION ( 'NONE',  ( -0.4132170265578690700, 0.0000000000000000000, 0.9106325762691961400 ) ) ;
#802 = DIRECTION ( 'NONE',  ( -0.0000000000000000000, 1.000000000000000000, -0.0000000000000000000 ) ) ;
#803 = FILL_AREA_STYLE ('',( #1974 ) ) ;
#804 = ORIENTED_EDGE ( 'NONE', *, *, #1826, .T. ) ;
#805 = PRESENTATION_LAYER_ASSIGNMENT (  '', '', ( #1207 ) ) ;
#806 = DIRECTION ( 'NONE',  ( 1.000000000000000000, 0.0000000000000000000, 0.0000000000000000000 ) ) ;
#807 = LINE ( 'NONE', #2341, #1406 ) ;
#808 = ORIENTED_EDGE ( 'NONE', *, *, #210, .T. ) ;
#809 = VECTOR ( 'NONE', #3703, 1000.000000000000000 ) ;
#810 = LINE ( 'NONE', #2823, #1503 ) ;
#811 = VERTEX_POINT ( 'NONE', #1565 ) ;
#812 = FACE_OUTER_BOUND ( 'NONE', #618, .T. ) ;
#813 = SURFACE_STYLE_FILL_AREA ( #2890 ) ;
#814 = CARTESIAN_POINT ( 'NONE',  ( 0.7318947694675286300, 3.889999999999999700, -2.840045511593284600 ) ) ;
#815 = DIRECTION ( 'NONE',  ( 0.0000000000000000000, -1.000000000000000000, 0.0000000000000000000 ) ) ;
#816 = ADVANCED_FACE ( 'NONE', ( #121 ), #1095, .T. ) ;
#817 = DIRECTION ( 'NONE',  ( -0.8211011062356454700, 0.0000000000000000000, 0.5707827724612921600 ) ) ;
#818 = UNCERTAINTY_MEASURE_WITH_UNIT (LENGTH_MEASURE( 1.000000000000000100E-005 ), #3010, 'distance_accuracy_value', 'NONE');
#819 = CARTESIAN_POINT ( 'NONE',  ( 2.019306741298514400, 3.889999999999999700, -2.558355370748213600 ) ) ;
#820 =( NAMED_UNIT ( * ) SI_UNIT ( $, .STERADIAN. ) SOLID_ANGLE_UNIT ( ) );
#821 =( LENGTH_UNIT ( ) NAMED_UNIT ( * ) SI_UNIT ( .MILLI., .METRE. ) );
#822 = DIRECTION ( 'NONE',  ( 0.0000000000000000000, 0.0000000000000000000, 1.000000000000000000 ) ) ;
#823 = CARTESIAN_POINT ( 'NONE',  ( 0.0000000000000000000, 3.899999999999999900, 4.900000000000001200 ) ) ;
#824 = EDGE_LOOP ( 'NONE', ( #895, #3285, #430, #3651 ) ) ;
#825 = FILL_AREA_STYLE ('',( #534 ) ) ;
#826 = CARTESIAN_POINT ( 'NONE',  ( -5.100000000000000500, 3.899999999999999900, -5.099999999999999600 ) ) ;
#827 = ORIENTED_EDGE ( 'NONE', *, *, #1980, .F. ) ;
#828 =( LENGTH_UNIT ( ) NAMED_UNIT ( * ) SI_UNIT ( .MILLI., .METRE. ) );
#829 = PRESENTATION_LAYER_ASSIGNMENT (  '', '', ( #448 ) ) ;
#830 = FILL_AREA_STYLE ('',( #1413 ) ) ;
#831 = CARTESIAN_POINT ( 'NONE',  ( 1.027339311721049600, 3.889999999999999700, -0.3752567791989179800 ) ) ;
#832 = ADVANCED_FACE ( 'NONE', ( #1399 ), #2729, .F. ) ;
#833 = VECTOR ( 'NONE', #2629, 1000.000000000000000 ) ;
#834 =( LENGTH_UNIT ( ) NAMED_UNIT ( * ) SI_UNIT ( .MILLI., .METRE. ) );
#835 = EDGE_CURVE ( 'NONE', #1541, #921, #3375, .T. ) ;
#836 = EDGE_LOOP ( 'NONE', ( #3001, #3115, #519, #2263 ) ) ;
#837 = VECTOR ( 'NONE', #2750, 1000.000000000000000 ) ;
#838 = CARTESIAN_POINT ( 'NONE',  ( 1.500000000000000200, 3.900000000000000800, 5.099999999999999600 ) ) ;
#839 = ORIENTED_EDGE ( 'NONE', *, *, #671, .T. ) ;
#840 = STYLED_ITEM ( 'NONE', ( #1521 ), #3459 ) ;
#841 = CARTESIAN_POINT ( 'NONE',  ( 0.3995884314393594600, 3.889999999999999700, -2.558355370748213600 ) ) ;
#842 = EDGE_CURVE ( 'NONE', #345, #631, #1901, .T. ) ;
#843 = EDGE_CURVE ( 'NONE', #3424, #2449, #352, .T. ) ;
#844 = AXIS2_PLACEMENT_3D ( 'NONE', #19, #307, #2950 ) ;
#845 = CARTESIAN_POINT ( 'NONE',  ( -1.220129878419795100, 3.889999999999999700, -2.558355370748213600 ) ) ;
#846 = CARTESIAN_POINT ( 'NONE',  ( -2.349999999999996100, 1.399999999999999900, 5.149999999999999500 ) ) ;
#847 = ORIENTED_EDGE ( 'NONE', *, *, #835, .F. ) ;
#848 = ADVANCED_FACE ( 'NONE', ( #1028 ), #2431, .F. ) ;
#849 = VECTOR ( 'NONE', #2994, 1000.000000000000000 ) ;
#850 = PRESENTATION_STYLE_ASSIGNMENT (( #277 ) ) ;
#851 = AXIS2_PLACEMENT_3D ( 'NONE', #559, #1751, #3775 ) ;
#852 = ORIENTED_EDGE ( 'NONE', *, *, #3423, .F. ) ;
#853 = SURFACE_STYLE_FILL_AREA ( #1992 ) ;
#854 = VERTEX_POINT ( 'NONE', #662 ) ;
#855 = MECHANICAL_DESIGN_GEOMETRIC_PRESENTATION_REPRESENTATION (  '', ( #282 ), #1054 ) ;
#856 = LINE ( 'NONE', #1694, #96 ) ;
#857 = DIRECTION ( 'NONE',  ( 0.0000000000000000000, 0.0000000000000000000, -1.000000000000000000 ) ) ;
#858 = STYLED_ITEM ( 'NONE', ( #3493 ), #1718 ) ;
#859 = CARTESIAN_POINT ( 'NONE',  ( 3.870279579551073800, 2.399999999999999500, -3.650431098567574800 ) ) ;
#860 = EDGE_CURVE ( 'NONE', #2032, #3216, #3779, .T. ) ;
#861 = FILL_AREA_STYLE_COLOUR ( '', #54 ) ;
#862 = CARTESIAN_POINT ( 'NONE',  ( -1.500000000000000200, -0.1000000000000000100, 5.149999999999999500 ) ) ;
#863 = STYLED_ITEM ( 'NONE', ( #2184 ), #3520 ) ;
#864 = VERTEX_POINT ( 'NONE', #1735 ) ;
#865 = PLANE ( 'NONE',  #1639 ) ;
#866 = ADVANCED_FACE ( 'NONE', ( #3013 ), #286, .F. ) ;
#867 = DIRECTION ( 'NONE',  ( 1.000000000000000000, 0.0000000000000000000, 0.0000000000000000000 ) ) ;
#868 = ORIENTED_EDGE ( 'NONE', *, *, #2972, .T. ) ;
#869 = FILL_AREA_STYLE_COLOUR ( '', #450 ) ;
#870 = ORIENTED_EDGE ( 'NONE', *, *, #843, .T. ) ;
#871 = CARTESIAN_POINT ( 'NONE',  ( -1.500000000000000200, 1.399999999999999900, 5.149999999999999500 ) ) ;
#872 = CARTESIAN_POINT ( 'NONE',  ( -2.212097307997260100, 3.899999999999999900, -0.3752567791989179800 ) ) ;
#873 = FACE_OUTER_BOUND ( 'NONE', #2920, .T. ) ;
#874 = LINE ( 'NONE', #1857, #113 ) ;
#875 = FACE_OUTER_BOUND ( 'NONE', #2026, .T. ) ;
#876 = LINE ( 'NONE', #2105, #2372 ) ;
#877 = ORIENTED_EDGE ( 'NONE', *, *, #2155, .T. ) ;
#878 = ORIENTED_EDGE ( 'NONE', *, *, #3015, .T. ) ;
#879 = VECTOR ( 'NONE', #956, 1000.000000000000000 ) ;
#880 = FILL_AREA_STYLE_COLOUR ( '', #1408 ) ;
#881 = SURFACE_SIDE_STYLE ('',( #2299 ) ) ;
#882 = ORIENTED_EDGE ( 'NONE', *, *, #459, .F. ) ;
#883 = VECTOR ( 'NONE', #2358, 1000.000000000000000 ) ;
#884 = ADVANCED_FACE ( 'NONE', ( #400 ), #300, .F. ) ;
#885 = DIRECTION ( 'NONE',  ( -1.000000000000000000, 0.0000000000000000000, 0.0000000000000000000 ) ) ;
#886 = SURFACE_STYLE_FILL_AREA ( #2271 ) ;
#887 = COLOUR_RGB ( '',0.8274509803921568100, 0.8392156862745098200, 0.8274509803921568100 ) ;
#888 = CARTESIAN_POINT ( 'NONE',  ( -0.8878235403916260300, 3.899999999999999900, -2.840045511593284600 ) ) ;
#889 = DIRECTION ( 'NONE',  ( -0.0000000000000000000, -0.0000000000000000000, -1.000000000000000000 ) ) ;
#890 = EDGE_LOOP ( 'NONE', ( #771, #1187, #2340, #694 ) ) ;
#891 = CARTESIAN_POINT ( 'NONE',  ( -0.2914326953212039200, 3.889999999999999700, -0.3752567791989179800 ) ) ;
#892 = VECTOR ( 'NONE', #2901, 1000.000000000000000 ) ;
#893 = ORIENTED_EDGE ( 'NONE', *, *, #994, .T. ) ;
#894 = VECTOR ( 'NONE', #425, 1000.000000000000000 ) ;
#895 = ORIENTED_EDGE ( 'NONE', *, *, #3662, .T. ) ;
#896 = VECTOR ( 'NONE', #2439, 1000.000000000000000 ) ;
#897 = AXIS2_PLACEMENT_3D ( 'NONE', #2676, #620, #2387 ) ;
#898 = CARTESIAN_POINT ( 'NONE',  ( 2.349999999999997000, 1.400000000000000100, -5.099999999999999600 ) ) ;
#899 = SURFACE_STYLE_FILL_AREA ( #1926 ) ;
#900 = SURFACE_STYLE_USAGE ( .BOTH. , #2678 ) ;
#901 = MECHANICAL_DESIGN_GEOMETRIC_PRESENTATION_REPRESENTATION (  '', ( #333 ), #1106 ) ;
#902 = DIRECTION ( 'NONE',  ( -0.5640048758647763200, 0.0000000000000000000, -0.8257714574873354900 ) ) ;
#903 = DIRECTION ( 'NONE',  ( -1.000000000000000000, 0.0000000000000000000, -0.0000000000000000000 ) ) ;
#904 = FILL_AREA_STYLE ('',( #1787 ) ) ;
#905 = ORIENTED_EDGE ( 'NONE', *, *, #2622, .F. ) ;
#906 = EDGE_CURVE ( 'NONE', #1249, #3424, #2472, .T. ) ;
#907 = STYLED_ITEM ( 'NONE', ( #1941 ), #884 ) ;
#908 = CARTESIAN_POINT ( 'NONE',  ( -2.343589385462048600, 3.889999999999999700, -2.840045511593284600 ) ) ;
#909 = ORIENTED_EDGE ( 'NONE', *, *, #2834, .T. ) ;
#910 = PLANE ( 'NONE',  #595 ) ;
#911 = ORIENTED_EDGE ( 'NONE', *, *, #2031, .F. ) ;
#912 = DIRECTION ( 'NONE',  ( -0.0000000000000000000, 1.000000000000000000, -0.0000000000000000000 ) ) ;
#913 = PRESENTATION_STYLE_ASSIGNMENT (( #1634 ) ) ;
#914 = FILL_AREA_STYLE ('',( #638 ) ) ;
#915 = CARTESIAN_POINT ( 'NONE',  ( 2.351613079326683800, 3.889999999999999700, -2.840045511593284600 ) ) ;
#916 = SURFACE_STYLE_FILL_AREA ( #1447 ) ;
#917 = VECTOR ( 'NONE', #3554, 999.9999999999998900 ) ;
#918 = AXIS2_PLACEMENT_3D ( 'NONE', #289, #2344, #2 ) ;
#919 = VERTEX_POINT ( 'NONE', #1916 ) ;
#920 = LINE ( 'NONE', #3612, #2514 ) ;
#921 = VERTEX_POINT ( 'NONE', #1887 ) ;
#922 = EDGE_LOOP ( 'NONE', ( #663, #2906, #8, #1615, #909, #2194, #2529, #2518 ) ) ;
#923 = AXIS2_PLACEMENT_3D ( 'NONE', #70, #2119, #361 ) ;
#924 = SURFACE_SIDE_STYLE ('',( #3271 ) ) ;
#925 = DIRECTION ( 'NONE',  ( -1.000000000000000000, 0.0000000000000000000, 4.130293990420967400E-016 ) ) ;
#926 = STYLED_ITEM ( 'NONE', ( #366 ), #1517 ) ;
#927 = UNCERTAINTY_MEASURE_WITH_UNIT (LENGTH_MEASURE( 1.000000000000000100E-005 ), #834, 'distance_accuracy_value', 'NONE');
#928 = DIRECTION ( 'NONE',  ( -0.0000000000000000000, -0.0000000000000000000, -1.000000000000000000 ) ) ;
#929 = VECTOR ( 'NONE', #2230, 1000.000000000000000 ) ;
#930 = CARTESIAN_POINT ( 'NONE',  ( -0.2914326953212039200, 3.889999999999999700, -0.3752567791989179800 ) ) ;
#931 = SURFACE_STYLE_FILL_AREA ( #242 ) ;
#932 = LINE ( 'NONE', #3749, #627 ) ;
#933 = ADVANCED_FACE ( 'NONE', ( #3300 ), #3640, .T. ) ;
#934 =( NAMED_UNIT ( * ) SI_UNIT ( $, .STERADIAN. ) SOLID_ANGLE_UNIT ( ) );
#935 = EDGE_CURVE ( 'NONE', #1021, #2561, #1466, .T. ) ;
#936 = VERTEX_POINT ( 'NONE', #446 ) ;
#937 = LINE ( 'NONE', #38, #562 ) ;
#938 = CARTESIAN_POINT ( 'NONE',  ( 2.349999999999997000, 1.400000000000000100, -5.149497474683057500 ) ) ;
#939 = LINE ( 'NONE', #1035, #3290 ) ;
#940 = SURFACE_STYLE_USAGE ( .BOTH. , #2712 ) ;
#941 =( NAMED_UNIT ( * ) PLANE_ANGLE_UNIT ( ) SI_UNIT ( $, .RADIAN. ) );
#942 = LINE ( 'NONE', #1402, #2533 ) ;
#943 = SURFACE_STYLE_FILL_AREA ( #803 ) ;
#944 = COLOUR_RGB ( '',0.8274509803921568100, 0.8392156862745098200, 0.8274509803921568100 ) ;
#945 = CARTESIAN_POINT ( 'NONE',  ( -5.099999999999998800, 3.899999999999999900, 5.099999999999999600 ) ) ;
#946 = AXIS2_PLACEMENT_3D ( 'NONE', #2875, #1112, #3167 ) ;
#947 = CIRCLE ( 'NONE', #2959, 4.880000000000000800 ) ;
#948 =( LENGTH_UNIT ( ) NAMED_UNIT ( * ) SI_UNIT ( .MILLI., .METRE. ) );
#949 = PRESENTATION_STYLE_ASSIGNMENT (( #732 ) ) ;
#950 =( LENGTH_UNIT ( ) NAMED_UNIT ( * ) SI_UNIT ( .MILLI., .METRE. ) );
#951 = CARTESIAN_POINT ( 'NONE',  ( -0.1567731582397663700, 3.889999999999999700, 1.567578874280853900 ) ) ;
#952 = EDGE_CURVE ( 'NONE', #3511, #604, #3705, .T. ) ;
#953 = FILL_AREA_STYLE ('',( #2442 ) ) ;
#954 = ORIENTED_EDGE ( 'NONE', *, *, #1041, .T. ) ;
#955 = SURFACE_SIDE_STYLE ('',( #1614 ) ) ;
#956 = DIRECTION ( 'NONE',  ( 1.000000000000000000, 0.0000000000000000000, 0.0000000000000000000 ) ) ;
#957 = CARTESIAN_POINT ( 'NONE',  ( 0.0000000000000000000, 3.899999999999999900, 0.0000000000000000000 ) ) ;
#958 = EDGE_CURVE ( 'NONE', #3174, #3537, #684, .T. ) ;
#959 = DIRECTION ( 'NONE',  ( -0.0000000000000000000, 1.000000000000000000, -0.0000000000000000000 ) ) ;
#960 = ORIENTED_EDGE ( 'NONE', *, *, #1922, .F. ) ;
#961 = ORIENTED_EDGE ( 'NONE', *, *, #369, .T. ) ;
#962 = ORIENTED_EDGE ( 'NONE', *, *, #2552, .F. ) ;
#963 = MECHANICAL_DESIGN_GEOMETRIC_PRESENTATION_REPRESENTATION (  '', ( #392 ), #1170 ) ;
#964 = CARTESIAN_POINT ( 'NONE',  ( -0.1551226300707522500, 3.899999999999999900, 1.995065670055501800 ) ) ;
#965 = LINE ( 'NONE', #2022, #2551 ) ;
#966 = DIRECTION ( 'NONE',  ( -0.0000000000000000000, 1.000000000000000000, -0.0000000000000000000 ) ) ;
#967 = VECTOR ( 'NONE', #1558, 1000.000000000000000 ) ;
#968 = CARTESIAN_POINT ( 'NONE',  ( -3.834924240491745600, 2.400000000000000400, 3.615075759508246100 ) ) ;
#969 = SURFACE_STYLE_FILL_AREA ( #1311 ) ;
#970 = CARTESIAN_POINT ( 'NONE',  ( -0.8878235403916260300, 3.889999999999999700, -2.630428434128495600 ) ) ;
#971 = FACE_OUTER_BOUND ( 'NONE', #2701, .T. ) ;
#972 = FACE_OUTER_BOUND ( 'NONE', #1523, .T. ) ;
#973 = PLANE ( 'NONE',  #1057 ) ;
#974 = DIRECTION ( 'NONE',  ( -1.000000000000000000, 0.0000000000000000000, -0.0000000000000000000 ) ) ;
#975 = ORIENTED_EDGE ( 'NONE', *, *, #3381, .T. ) ;
#976 = ORIENTED_EDGE ( 'NONE', *, *, #2805, .T. ) ;
#977 = DIRECTION ( 'NONE',  ( -0.5662018424294001900, 0.0000000000000000000, 0.8242666277543647700 ) ) ;
#978 = PRESENTATION_LAYER_ASSIGNMENT (  '', '', ( #593 ) ) ;
#979 = LINE ( 'NONE', #673, #879 ) ;
#980 = MECHANICAL_DESIGN_GEOMETRIC_PRESENTATION_REPRESENTATION (  '', ( #403 ), #1186 ) ;
#981 = UNCERTAINTY_MEASURE_WITH_UNIT (LENGTH_MEASURE( 1.000000000000000100E-005 ), #2331, 'distance_accuracy_value', 'NONE');
#982 = DIRECTION ( 'NONE',  ( -0.5640048758647763200, 0.0000000000000000000, -0.8257714574873354900 ) ) ;
#983 = CARTESIAN_POINT ( 'NONE',  ( 3.870279579551073800, 2.399999999999999500, -3.650431098567574800 ) ) ;
#984 = FILL_AREA_STYLE ('',( #1293 ) ) ;
#985 = SURFACE_STYLE_USAGE ( .BOTH. , #2753 ) ;
#986 = VECTOR ( 'NONE', #1863, 1000.000000000000000 ) ;
#987 = EDGE_CURVE ( 'NONE', #2071, #1151, #2257, .T. ) ;
#988 = DIRECTION ( 'NONE',  ( -0.0000000000000000000, 0.0000000000000000000, -1.000000000000000000 ) ) ;
#989 = SURFACE_STYLE_USAGE ( .BOTH. , #2758 ) ;
#990 =( GEOMETRIC_REPRESENTATION_CONTEXT ( 3 ) GLOBAL_UNCERTAINTY_ASSIGNED_CONTEXT ( ( #3108 ) ) GLOBAL_UNIT_ASSIGNED_CONTEXT ( ( #1534, #3578, #1835 ) ) REPRESENTATION_CONTEXT ( 'NONE', 'WORKASPACE' ) );
#991 = VERTEX_POINT ( 'NONE', #3081 ) ;
#992 = LINE ( 'NONE', #2019, #222 ) ;
#993 = LINE ( 'NONE', #1369, #3155 ) ;
#994 = EDGE_CURVE ( 'NONE', #3129, #1707, #2170, .T. ) ;
#995 = ORIENTED_EDGE ( 'NONE', *, *, #3396, .F. ) ;
#996 = VECTOR ( 'NONE', #3734, 1000.000000000000000 ) ;
#997 =( LENGTH_UNIT ( ) NAMED_UNIT ( * ) SI_UNIT ( .MILLI., .METRE. ) );
#998 =( NAMED_UNIT ( * ) PLANE_ANGLE_UNIT ( ) SI_UNIT ( $, .RADIAN. ) );
#999 = SURFACE_STYLE_USAGE ( .BOTH. , #1603 ) ;
#1000 = CARTESIAN_POINT ( 'NONE',  ( 1.328285614537951100, 3.889999999999999700, -0.3752567791989179800 ) ) ;
#1001 = STYLED_ITEM ( 'NONE', ( #2575 ), #564 ) ;
#1002 =( NAMED_UNIT ( * ) SI_UNIT ( $, .STERADIAN. ) SOLID_ANGLE_UNIT ( ) );
#1003 = SURFACE_STYLE_USAGE ( .BOTH. , #2768 ) ;
#1004 = UNCERTAINTY_MEASURE_WITH_UNIT (LENGTH_MEASURE( 1.000000000000000100E-005 ), #950, 'distance_accuracy_value', 'NONE');
#1005 = AXIS2_PLACEMENT_3D ( 'NONE', #3453, #1709, #3759 ) ;
#1006 = EDGE_LOOP ( 'NONE', ( #1084, #2234, #466, #1801, #1222, #698, #1164 ) ) ;
#1007 = STYLED_ITEM ( 'NONE', ( #1364 ), #1431 ) ;
#1008 = PLANE ( 'NONE',  #517 ) ;
#1009 = FILL_AREA_STYLE_COLOUR ( '', #1654 ) ;
#1010 = ORIENTED_EDGE ( 'NONE', *, *, #2427, .F. ) ;
#1011 = FILL_AREA_STYLE ('',( #436 ) ) ;
#1012 =( NAMED_UNIT ( * ) PLANE_ANGLE_UNIT ( ) SI_UNIT ( $, .RADIAN. ) );
#1013 = COLOUR_RGB ( '',0.1921568627450980200, 0.2039215686274509800, 0.2039215686274509800 ) ;
#1014 = LINE ( 'NONE', #463, #2509 ) ;
#1015 = VECTOR ( 'NONE', #3764, 1000.000000000000000 ) ;
#1016 = VECTOR ( 'NONE', #3267, 1000.000000000000000 ) ;
#1017 = LINE ( 'NONE', #683, #2597 ) ;
#1018 = PRODUCT_DEFINITION_SHAPE ( 'NONE', 'NONE',  #581 ) ;
#1019 = DIRECTION ( 'NONE',  ( -0.0000000000000000000, 0.0000000000000000000, -1.000000000000000000 ) ) ;
#1020 = ORIENTED_EDGE ( 'NONE', *, *, #217, .F. ) ;
#1021 = VERTEX_POINT ( 'NONE', #3654 ) ;
#1022 = CARTESIAN_POINT ( 'NONE',  ( 2.019306741298514400, 3.889999999999999700, -2.558355370748213600 ) ) ;
#1023 =( LENGTH_UNIT ( ) NAMED_UNIT ( * ) SI_UNIT ( .MILLI., .METRE. ) );
#1024 = STYLED_ITEM ( 'NONE', ( #3504 ), #1993 ) ;
#1025 = PRODUCT_RELATED_PRODUCT_CATEGORY ( 'part', '', ( #1981 ) ) ;
#1026 = DIRECTION ( 'NONE',  ( -0.0000000000000000000, -0.0000000000000000000, 1.000000000000000000 ) ) ;
#1027 = DIRECTION ( 'NONE',  ( -0.0000000000000000000, 0.0000000000000000000, -1.000000000000000000 ) ) ;
#1028 = FACE_OUTER_BOUND ( 'NONE', #3536, .T. ) ;
#1029 = CARTESIAN_POINT ( 'NONE',  ( 2.349999999999997000, 2.400000000000000400, -5.149497474683057500 ) ) ;
#1030 = MECHANICAL_DESIGN_GEOMETRIC_PRESENTATION_REPRESENTATION (  '', ( #448 ), #1231 ) ;
#1031 = LINE ( 'NONE', #3380, #2523 ) ;
#1032 = CIRCLE ( 'NONE', #1913, 4.900000000000001200 ) ;
#1033 = EDGE_CURVE ( 'NONE', #3479, #1319, #2844, .T. ) ;
#1034 = SURFACE_SIDE_STYLE ('',( #899 ) ) ;
#1035 = CARTESIAN_POINT ( 'NONE',  ( -0.1490706934510338500, 3.889999999999999700, 1.567578874280853900 ) ) ;
#1036 = AXIS2_PLACEMENT_3D ( 'NONE', #2589, #817, #2876 ) ;
#1037 = SURFACE_STYLE_USAGE ( .BOTH. , #2799 ) ;
#1038 = SURFACE_STYLE_USAGE ( .BOTH. , #2800 ) ;
#1039 = EDGE_CURVE ( 'NONE', #1436, #1056, #3613, .T. ) ;
#1040 = ORIENTED_EDGE ( 'NONE', *, *, #797, .T. ) ;
#1041 = EDGE_CURVE ( 'NONE', #1464, #1854, #1367, .T. ) ;
#1042 = LINE ( 'NONE', #1623, #1816 ) ;
#1043 = ORIENTED_EDGE ( 'NONE', *, *, #3785, .T. ) ;
#1044 = CARTESIAN_POINT ( 'NONE',  ( -2.212097307997260100, 3.889999999999999700, -0.3752567791989179800 ) ) ;
#1045 = COLOUR_RGB ( '',0.1921568627450980200, 0.2039215686274509800, 0.2039215686274509800 ) ;
#1046 = PRESENTATION_STYLE_ASSIGNMENT (( #1101 ) ) ;
#1047 = PRESENTATION_LAYER_ASSIGNMENT (  '', '', ( #651 ) ) ;
#1048 = VECTOR ( 'NONE', #1175, 1000.000000000000000 ) ;
#1049 = DIRECTION ( 'NONE',  ( -0.7071067811865464600, 1.032573497605241600E-016, -0.7071067811865486800 ) ) ;
#1050 = FILL_AREA_STYLE ('',( #2535 ) ) ;
#1051 = SURFACE_SIDE_STYLE ('',( #3340 ) ) ;
#1052 = EDGE_LOOP ( 'NONE', ( #1088, #487, #603, #52 ) ) ;
#1053 = CARTESIAN_POINT ( 'NONE',  ( -5.100000000000000500, 3.899999999999999900, -3.600000000000001400 ) ) ;
#1054 =( GEOMETRIC_REPRESENTATION_CONTEXT ( 3 ) GLOBAL_UNCERTAINTY_ASSIGNED_CONTEXT ( ( #3170 ) ) GLOBAL_UNIT_ASSIGNED_CONTEXT ( ( #1469, #3502, #1756 ) ) REPRESENTATION_CONTEXT ( 'NONE', 'WORKASPACE' ) );
#1055 = ORIENTED_EDGE ( 'NONE', *, *, #782, .T. ) ;
#1056 = VERTEX_POINT ( 'NONE', #2633 ) ;
#1057 = AXIS2_PLACEMENT_3D ( 'NONE', #699, #2756, #988 ) ;
#1058 = ORIENTED_EDGE ( 'NONE', *, *, #605, .T. ) ;
#1059 = DIRECTION ( 'NONE',  ( 0.0000000000000000000, 1.000000000000000000, 0.0000000000000000000 ) ) ;
#1060 = ORIENTED_EDGE ( 'NONE', *, *, #3614, .T. ) ;
#1061 = EDGE_CURVE ( 'NONE', #1473, #2850, #2751, .T. ) ;
#1062 = FILL_AREA_STYLE_COLOUR ( '', #1272 ) ;
#1063 = DIRECTION ( 'NONE',  ( -0.5662018424294001900, 0.0000000000000000000, -0.8242666277543647700 ) ) ;
#1064 = CARTESIAN_POINT ( 'NONE',  ( -0.8901578413383578500, 3.889999999999999700, 3.054704754562544100 ) ) ;
#1065 = AXIS2_PLACEMENT_3D ( 'NONE', #565, #2635, #857 ) ;
#1066 = LINE ( 'NONE', #393, #3320 ) ;
#1067 = ORIENTED_EDGE ( 'NONE', *, *, #1730, .F. ) ;
#1068 = SURFACE_STYLE_USAGE ( .BOTH. , #2827 ) ;
#1069 = FACE_OUTER_BOUND ( 'NONE', #922, .T. ) ;
#1070 = LINE ( 'NONE', #633, #3322 ) ;
#1071 = ORIENTED_EDGE ( 'NONE', *, *, #72, .F. ) ;
#1072 = ORIENTED_EDGE ( 'NONE', *, *, #1162, .F. ) ;
#1073 = SURFACE_STYLE_USAGE ( .BOTH. , #2554 ) ;
#1074 = DIRECTION ( 'NONE',  ( 0.7071067811865464600, 0.0000000000000000000, 0.7071067811865486800 ) ) ;
#1075 =( NAMED_UNIT ( * ) PLANE_ANGLE_UNIT ( ) SI_UNIT ( $, .RADIAN. ) );
#1076 = STYLED_ITEM ( 'NONE', ( #406 ), #507 ) ;
#1077 = UNCERTAINTY_MEASURE_WITH_UNIT (LENGTH_MEASURE( 1.000000000000000100E-005 ), #666, 'distance_accuracy_value', 'NONE');
#1078 = CARTESIAN_POINT ( 'NONE',  ( -0.8901578413383578500, 3.899999999999999900, 3.054704754562544100 ) ) ;
#1079 = FACE_OUTER_BOUND ( 'NONE', #1420, .T. ) ;
#1080 = STYLED_ITEM ( 'NONE', ( #1229 ), #2351 ) ;
#1081 = SURFACE_STYLE_USAGE ( .BOTH. , #2845 ) ;
#1082 = FILL_AREA_STYLE ('',( #2283 ) ) ;
#1083 = FILL_AREA_STYLE ('',( #3686 ) ) ;
#1084 = ORIENTED_EDGE ( 'NONE', *, *, #2579, .T. ) ;
#1085 =( NAMED_UNIT ( * ) SI_UNIT ( $, .STERADIAN. ) SOLID_ANGLE_UNIT ( ) );
#1086 =( LENGTH_UNIT ( ) NAMED_UNIT ( * ) SI_UNIT ( .MILLI., .METRE. ) );
#1087 = LINE ( 'NONE', #753, #2663 ) ;
#1088 = ORIENTED_EDGE ( 'NONE', *, *, #1041, .F. ) ;
#1089 = CARTESIAN_POINT ( 'NONE',  ( 0.9127690952813604100, 3.899999999999999900, 3.054704754562544100 ) ) ;
#1090 = SURFACE_STYLE_FILL_AREA ( #768 ) ;
#1091 = FACE_OUTER_BOUND ( 'NONE', #294, .T. ) ;
#1092 = DIRECTION ( 'NONE',  ( 0.7071067811865464600, 0.0000000000000000000, 0.7071067811865486800 ) ) ;
#1093 = STYLED_ITEM ( 'NONE', ( #251 ), #1807 ) ;
#1094 = CARTESIAN_POINT ( 'NONE',  ( 0.8958472342562610000, 3.889999999999999700, -2.840045511593284600 ) ) ;
#1095 = PLANE ( 'NONE',  #1383 ) ;
#1096 = PLANE ( 'NONE',  #3264 ) ;
#1097 = EDGE_LOOP ( 'NONE', ( #3399, #1710, #218, #3624 ) ) ;
#1098 = CARTESIAN_POINT ( 'NONE',  ( 2.349999999999997000, 1.400000000000000100, -5.149999999999999500 ) ) ;
#1099 = DIRECTION ( 'NONE',  ( -0.4132170265578690200, 0.0000000000000000000, 0.9106325762691962500 ) ) ;
#1100 = UNCERTAINTY_MEASURE_WITH_UNIT (LENGTH_MEASURE( 1.000000000000000100E-005 ), #2220, 'distance_accuracy_value', 'NONE');
#1101 = SURFACE_STYLE_USAGE ( .BOTH. , #2868 ) ;
#1102 = PRESENTATION_LAYER_ASSIGNMENT (  '', '', ( #716 ) ) ;
#1103 = CARTESIAN_POINT ( 'NONE',  ( -2.212097307997260100, 3.889999999999999700, -0.3752567791989179800 ) ) ;
#1104 = CLOSED_SHELL ( 'NONE', ( #2903, #2926, #2373, #3756, #310, #507, #2996, #1829, #3564, #30, #2638, #3186, #3520, #564, #866, #884, #1739, #1476, #2706, #2604, #360, #3777, #378, #2060, #525, #1145, #3223, #2881, #1431, #1188, #832, #1671, #1517, #1695, #272, #1993, #3244, #2333, #786, #3276, #1163, #548, #2132, #1452, #1386, #1239, #2422, #2859, #2315, #2037, #1760, #246, #1807, #3500, #2113, #659, #290, #2656, #78, #848, #3143, #641, #3014, #3166, #1718, #1126, #3478, #1965, #591, #2620, #2351, #607, #3294, #816, #2016, #12, #2082, #933, #225, #3459, #3206, #2949, #1415 ) ) ;
#1105 = VERTEX_POINT ( 'NONE', #3783 ) ;
#1106 =( GEOMETRIC_REPRESENTATION_CONTEXT ( 3 ) GLOBAL_UNCERTAINTY_ASSIGNED_CONTEXT ( ( #705 ) ) GLOBAL_UNIT_ASSIGNED_CONTEXT ( ( #3646, #1898, #150 ) ) REPRESENTATION_CONTEXT ( 'NONE', 'WORKASPACE' ) );
#1107 = VECTOR ( 'NONE', #2083, 1000.000000000000000 ) ;
#1108 = STYLED_ITEM ( 'NONE', ( #652 ), #3244 ) ;
#1109 =( LENGTH_UNIT ( ) NAMED_UNIT ( * ) SI_UNIT ( .MILLI., .METRE. ) );
#1110 = EDGE_CURVE ( 'NONE', #2746, #462, #2667, .T. ) ;
#1111 = LINE ( 'NONE', #550, #1703 ) ;
#1112 = DIRECTION ( 'NONE',  ( -0.0000000000000000000, 0.0000000000000000000, -1.000000000000000000 ) ) ;
#1113 = CARTESIAN_POINT ( 'NONE',  ( -2.343589385462048600, 3.899999999999999900, -2.840045511593284600 ) ) ;
#1114 = VECTOR ( 'NONE', #1216, 1000.000000000000000 ) ;
#1115 = CIRCLE ( 'NONE', #1572, 4.900000000000001200 ) ;
#1116 = DIRECTION ( 'NONE',  ( 0.0000000000000000000, 0.0000000000000000000, -1.000000000000000000 ) ) ;
#1117 = ORIENTED_EDGE ( 'NONE', *, *, #143, .T. ) ;
#1118 = VERTEX_POINT ( 'NONE', #1131 ) ;
#1119 = AXIS2_PLACEMENT_3D ( 'NONE', #2355, #583, #2649 ) ;
#1120 = CARTESIAN_POINT ( 'NONE',  ( -5.099999999999998800, 3.899999999999999900, 5.099999999999999600 ) ) ;
#1121 = DIRECTION ( 'NONE',  ( -0.0000000000000000000, 1.000000000000000000, -0.0000000000000000000 ) ) ;
#1122 = VECTOR ( 'NONE', #390, 999.9999999999998900 ) ;
#1123 =( NAMED_UNIT ( * ) SI_UNIT ( $, .STERADIAN. ) SOLID_ANGLE_UNIT ( ) );
#1124 = DIRECTION ( 'NONE',  ( 0.0000000000000000000, 1.000000000000000000, 0.0000000000000000000 ) ) ;
#1125 = LINE ( 'NONE', #439, #354 ) ;
#1126 = ADVANCED_FACE ( 'NONE', ( #1091 ), #283, .T. ) ;
#1127 = SURFACE_STYLE_USAGE ( .BOTH. , #2894 ) ;
#1128 = PRESENTATION_LAYER_ASSIGNMENT (  '', '', ( #736 ) ) ;
#1129 =( NAMED_UNIT ( * ) SI_UNIT ( $, .STERADIAN. ) SOLID_ANGLE_UNIT ( ) );
#1130 = EDGE_LOOP ( 'NONE', ( #1609, #3634 ) ) ;
#1131 = CARTESIAN_POINT ( 'NONE',  ( -1.500000000000000200, 2.400000000000000400, 5.099999999999999600 ) ) ;
#1132 = PRESENTATION_LAYER_ASSIGNMENT (  '', '', ( #740 ) ) ;
#1133 = DIRECTION ( 'NONE',  ( 1.000000000000000000, 0.0000000000000000000, 0.0000000000000000000 ) ) ;
#1134 = ORIENTED_EDGE ( 'NONE', *, *, #1155, .F. ) ;
#1135 = VECTOR ( 'NONE', #28, 1000.000000000000100 ) ;
#1136 =( NAMED_UNIT ( * ) SI_UNIT ( $, .STERADIAN. ) SOLID_ANGLE_UNIT ( ) );
#1137 = AXIS2_PLACEMENT_3D ( 'NONE', #2382, #613, #2673 ) ;
#1138 = VERTEX_POINT ( 'NONE', #1755 ) ;
#1139 = DIRECTION ( 'NONE',  ( 0.0000000000000000000, 1.000000000000000000, 0.0000000000000000000 ) ) ;
#1140 = CARTESIAN_POINT ( 'NONE',  ( -1.500000000000000200, 1.399999999999999900, 5.149999999999999500 ) ) ;
#1141 = DIRECTION ( 'NONE',  ( -1.000000000000000000, 0.0000000000000000000, 0.0000000000000000000 ) ) ;
#1142 = CARTESIAN_POINT ( 'NONE',  ( 3.834924240491746100, 1.399999999999999900, -3.615075759508247400 ) ) ;
#1143 = FILL_AREA_STYLE ('',( #2325 ) ) ;
#1144 = EDGE_CURVE ( 'NONE', #921, #3421, #1191, .T. ) ;
#1145 = ADVANCED_FACE ( 'NONE', ( #1598 ), #3761, .F. ) ;
#1146 = FILL_AREA_STYLE_COLOUR ( '', #1652 ) ;
#1147 = EDGE_LOOP ( 'NONE', ( #2548, #2138 ) ) ;
#1148 = PRESENTATION_LAYER_ASSIGNMENT (  '', '', ( #754 ) ) ;
#1149 = ORIENTED_EDGE ( 'NONE', *, *, #2198, .F. ) ;
#1150 = FILL_AREA_STYLE_COLOUR ( '', #3095 ) ;
#1151 = VERTEX_POINT ( 'NONE', #2653 ) ;
#1152 = STYLED_ITEM ( 'NONE', ( #717 ), #2132 ) ;
#1153 = SURFACE_SIDE_STYLE ('',( #3639 ) ) ;
#1154 = FILL_AREA_STYLE_COLOUR ( '', #608 ) ;
#1155 = EDGE_CURVE ( 'NONE', #3727, #2449, #541, .T. ) ;
#1156 = ORIENTED_EDGE ( 'NONE', *, *, #1777, .T. ) ;
#1157 = DIRECTION ( 'NONE',  ( -0.0000000000000000000, 1.000000000000000000, -0.0000000000000000000 ) ) ;
#1158 =( NAMED_UNIT ( * ) SI_UNIT ( $, .STERADIAN. ) SOLID_ANGLE_UNIT ( ) );
#1159 = FILL_AREA_STYLE ('',( #16 ) ) ;
#1160 = PRESENTATION_STYLE_ASSIGNMENT (( #3531 ) ) ;
#1161 = FILL_AREA_STYLE_COLOUR ( '', #2734 ) ;
#1162 = EDGE_CURVE ( 'NONE', #3306, #1488, #3555, .T. ) ;
#1163 = ADVANCED_FACE ( 'NONE', ( #3468 ), #3301, .F. ) ;
#1164 = ORIENTED_EDGE ( 'NONE', *, *, #2917, .T. ) ;
#1165 = VERTEX_POINT ( 'NONE', #2162 ) ;
#1166 = DIRECTION ( 'NONE',  ( 0.8257714574873354900, 0.0000000000000000000, -0.5640048758647763200 ) ) ;
#1167 = VERTEX_POINT ( 'NONE', #387 ) ;
#1168 = COLOUR_RGB ( '',0.1921568627450980200, 0.2039215686274509800, 0.2039215686274509800 ) ;
#1169 = CARTESIAN_POINT ( 'NONE',  ( -2.371213203435592400, 1.399999999999999900, 5.149497474683058400 ) ) ;
#1170 =( GEOMETRIC_REPRESENTATION_CONTEXT ( 3 ) GLOBAL_UNCERTAINTY_ASSIGNED_CONTEXT ( ( #1758 ) ) GLOBAL_UNIT_ASSIGNED_CONTEXT ( ( #3048, #1294, #3334 ) ) REPRESENTATION_CONTEXT ( 'NONE', 'WORKASPACE' ) );
#1171 = SURFACE_SIDE_STYLE ('',( #2603 ) ) ;
#1172 = CARTESIAN_POINT ( 'NONE',  ( 0.9127690952813604100, 3.889999999999999700, 3.054704754562544100 ) ) ;
#1173 = UNCERTAINTY_MEASURE_WITH_UNIT (LENGTH_MEASURE( 1.000000000000000100E-005 ), #353, 'distance_accuracy_value', 'NONE');
#1174 = CARTESIAN_POINT ( 'NONE',  ( 0.5727602924644589200, 3.899999999999999900, 3.054704754562544100 ) ) ;
#1175 = DIRECTION ( 'NONE',  ( -0.0000000000000000000, -0.0000000000000000000, -1.000000000000000000 ) ) ;
#1176 = DIRECTION ( 'NONE',  ( -0.7071067811865489100, -0.0000000000000000000, 0.7071067811865462400 ) ) ;
#1177 = DIRECTION ( 'NONE',  ( -0.7071067811865462400, 0.0000000000000000000, -0.7071067811865489100 ) ) ;
#1178 = ORIENTED_EDGE ( 'NONE', *, *, #3687, .F. ) ;
#1179 = VECTOR ( 'NONE', #3119, 1000.000000000000000 ) ;
#1180 = SURFACE_STYLE_FILL_AREA ( #984 ) ;
#1181 = FACE_OUTER_BOUND ( 'NONE', #2940, .T. ) ;
#1182 = MECHANICAL_DESIGN_GEOMETRIC_PRESENTATION_REPRESENTATION (  '', ( #593 ), #1370 ) ;
#1183 = PRESENTATION_STYLE_ASSIGNMENT (( #2598 ) ) ;
#1184 = EDGE_LOOP ( 'NONE', ( #1058, #536, #1279, #397, #2570, #1228, #2226 ) ) ;
#1185 = DIRECTION ( 'NONE',  ( -1.000000000000000000, 0.0000000000000000000, 0.0000000000000000000 ) ) ;
#1186 =( GEOMETRIC_REPRESENTATION_CONTEXT ( 3 ) GLOBAL_UNCERTAINTY_ASSIGNED_CONTEXT ( ( #818 ) ) GLOBAL_UNIT_ASSIGNED_CONTEXT ( ( #3010, #1248, #3299 ) ) REPRESENTATION_CONTEXT ( 'NONE', 'WORKASPACE' ) );
#1187 = ORIENTED_EDGE ( 'NONE', *, *, #1357, .F. ) ;
#1188 = ADVANCED_FACE ( 'NONE', ( #3202 ), #2143, .F. ) ;
#1189 = VECTOR ( 'NONE', #468, 1000.000000000000000 ) ;
#1190 = SURFACE_SIDE_STYLE ('',( #339 ) ) ;
#1191 = LINE ( 'NONE', #2360, #57 ) ;
#1192 = DIRECTION ( 'NONE',  ( 0.8277368136309918300, 0.0000000000000000000, 0.5611165363451808800 ) ) ;
#1193 = CARTESIAN_POINT ( 'NONE',  ( 0.9127690952813604100, 3.889999999999999700, 3.054704754562544100 ) ) ;
#1194 = FACE_OUTER_BOUND ( 'NONE', #1933, .T. ) ;
#1195 = EDGE_CURVE ( 'NONE', #3142, #2802, #2942, .T. ) ;
#1196 = AXIS2_PLACEMENT_3D ( 'NONE', #2131, #3563, #1822 ) ;
#1197 = STYLED_ITEM ( 'NONE', ( #2476 ), #832 ) ;
#1198 = ORIENTED_EDGE ( 'NONE', *, *, #835, .T. ) ;
#1199 = EDGE_CURVE ( 'NONE', #3460, #3099, #1462, .T. ) ;
#1200 = VERTEX_POINT ( 'NONE', #1277 ) ;
#1201 = CARTESIAN_POINT ( 'NONE',  ( 0.5727602924644589200, 3.889999999999999700, 3.054704754562544100 ) ) ;
#1202 = CARTESIAN_POINT ( 'NONE',  ( -1.220129878419795600, 3.899999999999999900, -2.558355370748213200 ) ) ;
#1203 = SURFACE_STYLE_USAGE ( .BOTH. , #329 ) ;
#1204 = ORIENTED_EDGE ( 'NONE', *, *, #3352, .T. ) ;
#1205 = AXIS2_PLACEMENT_3D ( 'NONE', #3672, #1919, #2238 ) ;
#1206 =( NAMED_UNIT ( * ) SI_UNIT ( $, .STERADIAN. ) SOLID_ANGLE_UNIT ( ) );
#1207 = STYLED_ITEM ( 'NONE', ( #3458 ), #2620 ) ;
#1208 = LINE ( 'NONE', #3157, #1891 ) ;
#1209 =( NAMED_UNIT ( * ) PLANE_ANGLE_UNIT ( ) SI_UNIT ( $, .RADIAN. ) );
#1210 = AXIS2_PLACEMENT_3D ( 'NONE', #3738, #1989, #238 ) ;
#1211 = VERTEX_POINT ( 'NONE', #3326 ) ;
#1212 = ORIENTED_EDGE ( 'NONE', *, *, #726, .T. ) ;
#1213 = FILL_AREA_STYLE_COLOUR ( '', #2050 ) ;
#1214 = SURFACE_STYLE_USAGE ( .BOTH. , #2981 ) ;
#1215 = VECTOR ( 'NONE', #715, 1000.000000000000000 ) ;
#1216 = DIRECTION ( 'NONE',  ( -0.0000000000000000000, 1.000000000000000000, -0.0000000000000000000 ) ) ;
#1217 = DIRECTION ( 'NONE',  ( -0.0000000000000000000, 1.000000000000000000, -0.0000000000000000000 ) ) ;
#1218 = FACE_OUTER_BOUND ( 'NONE', #3025, .T. ) ;
#1219 = UNCERTAINTY_MEASURE_WITH_UNIT (LENGTH_MEASURE( 1.000000000000000100E-005 ), #3501, 'distance_accuracy_value', 'NONE');
#1220 = PLANE ( 'NONE',  #792 ) ;
#1221 = SURFACE_STYLE_USAGE ( .BOTH. , #2993 ) ;
#1222 = ORIENTED_EDGE ( 'NONE', *, *, #69, .T. ) ;
#1223 = AXIS2_PLACEMENT_3D ( 'NONE', #1586, #3633, #1928 ) ;
#1224 = CARTESIAN_POINT ( 'NONE',  ( 2.349999999999997400, 2.400000000000000400, -5.100000000000000500 ) ) ;
#1225 = CYLINDRICAL_SURFACE ( 'NONE', #1401, 4.900000000000001200 ) ;
#1226 = EDGE_LOOP ( 'NONE', ( #3313, #1333, #451, #567 ) ) ;
#1227 = FACE_OUTER_BOUND ( 'NONE', #118, .T. ) ;
#1228 = ORIENTED_EDGE ( 'NONE', *, *, #1803, .T. ) ;
#1229 = PRESENTATION_STYLE_ASSIGNMENT (( #1675 ) ) ;
#1230 = PRESENTATION_STYLE_ASSIGNMENT (( #657 ) ) ;
#1231 =( GEOMETRIC_REPRESENTATION_CONTEXT ( 3 ) GLOBAL_UNCERTAINTY_ASSIGNED_CONTEXT ( ( #1077 ) ) GLOBAL_UNIT_ASSIGNED_CONTEXT ( ( #666, #2719, #934 ) ) REPRESENTATION_CONTEXT ( 'NONE', 'WORKASPACE' ) );
#1232 = CARTESIAN_POINT ( 'NONE',  ( 0.7318947694675286300, 3.889999999999999700, -2.630428434128495600 ) ) ;
#1233 = PRESENTATION_STYLE_ASSIGNMENT (( #1374 ) ) ;
#1234 =( LENGTH_UNIT ( ) NAMED_UNIT ( * ) SI_UNIT ( .MILLI., .METRE. ) );
#1235 = DIRECTION ( 'NONE',  ( 0.7071067811865464600, -4.130293990420966400E-016, 0.7071067811865486800 ) ) ;
#1236 = EDGE_CURVE ( 'NONE', #1979, #2300, #588, .T. ) ;
#1237 = PRESENTATION_LAYER_ASSIGNMENT (  '', '', ( #840 ) ) ;
#1238 = DIRECTION ( 'NONE',  ( -0.7071067811865487900, 0.0000000000000000000, 0.7071067811865463500 ) ) ;
#1239 = ADVANCED_FACE ( 'NONE', ( #2068 ), #2173, .T. ) ;
#1240 = EDGE_CURVE ( 'NONE', #2227, #1299, #1779, .T. ) ;
#1241 = CARTESIAN_POINT ( 'NONE',  ( -0.1490706934510338500, 3.889999999999999700, 1.567578874280853900 ) ) ;
#1242 = EDGE_CURVE ( 'NONE', #2583, #165, #320, .T. ) ;
#1243 = VERTEX_POINT ( 'NONE', #3064 ) ;
#1244 = MECHANICAL_DESIGN_GEOMETRIC_PRESENTATION_REPRESENTATION (  '', ( #651 ), #1437 ) ;
#1245 = CARTESIAN_POINT ( 'NONE',  ( -5.100000000000000500, 3.899999999999999900, -5.099999999999999600 ) ) ;
#1246 = DIRECTION ( 'NONE',  ( 0.0000000000000000000, 1.000000000000000000, 0.0000000000000000000 ) ) ;
#1247 = EDGE_LOOP ( 'NONE', ( #3714, #2390, #961, #152 ) ) ;
#1248 =( NAMED_UNIT ( * ) PLANE_ANGLE_UNIT ( ) SI_UNIT ( $, .RADIAN. ) );
#1249 = VERTEX_POINT ( 'NONE', #3350 ) ;
#1250 = CARTESIAN_POINT ( 'NONE',  ( -0.7238710756028941000, 3.889999999999999700, -2.558355370748213600 ) ) ;
#1251 = DIRECTION ( 'NONE',  ( 0.0000000000000000000, -0.0000000000000000000, 1.000000000000000000 ) ) ;
#1252 = CARTESIAN_POINT ( 'NONE',  ( -1.499999999999999800, 3.900000000000000400, 5.099999999999999600 ) ) ;
#1253 = VECTOR ( 'NONE', #1705, 1000.000000000000000 ) ;
#1254 = EDGE_CURVE ( 'NONE', #1990, #1629, #1678, .T. ) ;
#1255 = VERTEX_POINT ( 'NONE', #1589 ) ;
#1256 = SURFACE_STYLE_FILL_AREA ( #3360 ) ;
#1257 = VECTOR ( 'NONE', #3541, 1000.000000000000000 ) ;
#1258 = LINE ( 'NONE', #1581, #2816 ) ;
#1259 =( NAMED_UNIT ( * ) SI_UNIT ( $, .STERADIAN. ) SOLID_ANGLE_UNIT ( ) );
#1260 = CARTESIAN_POINT ( 'NONE',  ( 1.499999999999948900, 3.900000000000000400, -5.149999999999999500 ) ) ;
#1261 = PRESENTATION_LAYER_ASSIGNMENT (  '', '', ( #858 ) ) ;
#1262 = ORIENTED_EDGE ( 'NONE', *, *, #2626, .F. ) ;
#1263 = SURFACE_STYLE_USAGE ( .BOTH. , #3024 ) ;
#1264 = SURFACE_STYLE_FILL_AREA ( #1824 ) ;
#1265 = EDGE_CURVE ( 'NONE', #936, #2356, #3249, .T. ) ;
#1266 =( LENGTH_UNIT ( ) NAMED_UNIT ( * ) SI_UNIT ( .MILLI., .METRE. ) );
#1267 = DIRECTION ( 'NONE',  ( 1.000000000000000000, 0.0000000000000000000, 0.0000000000000000000 ) ) ;
#1268 = DIRECTION ( 'NONE',  ( 0.0000000000000000000, 0.0000000000000000000, 1.000000000000000000 ) ) ;
#1269 = LINE ( 'NONE', #1983, #2824 ) ;
#1270 = PRESENTATION_LAYER_ASSIGNMENT (  '', '', ( #863 ) ) ;
#1271 = EDGE_CURVE ( 'NONE', #3562, #1925, #135, .T. ) ;
#1272 = COLOUR_RGB ( '',0.8274509803921568100, 0.8392156862745098200, 0.8274509803921568100 ) ;
#1273 = CARTESIAN_POINT ( 'NONE',  ( -5.100000000000000500, 0.0000000000000000000, -5.099999999999999600 ) ) ;
#1274 = VECTOR ( 'NONE', #149, 1000.000000000000000 ) ;
#1275 = LINE ( 'NONE', #3305, #492 ) ;
#1276 = DIRECTION ( 'NONE',  ( 0.4136819341461172000, 0.0000000000000000000, -0.9104214723748158500 ) ) ;
#1277 = CARTESIAN_POINT ( 'NONE',  ( 0.0000000000000000000, 2.899999999999999900, 4.900000000000001200 ) ) ;
#1278 = LINE ( 'NONE', #831, #892 ) ;
#1279 = ORIENTED_EDGE ( 'NONE', *, *, #2552, .T. ) ;
#1280 = CARTESIAN_POINT ( 'NONE',  ( -1.499999999999998400, -0.1000000000000000100, -5.149999999999999500 ) ) ;
#1281 = CARTESIAN_POINT ( 'NONE',  ( 1.499999999999981800, 1.399999999999999900, -5.149497474683043300 ) ) ;
#1282 = AXIS2_PLACEMENT_3D ( 'NONE', #743, #2235, #3266 ) ;
#1283 = ORIENTED_EDGE ( 'NONE', *, *, #1819, .F. ) ;
#1284 = CARTESIAN_POINT ( 'NONE',  ( -0.8472441089439917100, 3.889999999999999700, 0.5547047545625439800 ) ) ;
#1285 = FILL_AREA_STYLE ('',( #106 ) ) ;
#1286 = DIRECTION ( 'NONE',  ( 1.668003342285391600E-016, 1.000000000000000000, -0.0000000000000000000 ) ) ;
#1287 = VECTOR ( 'NONE', #2243, 1000.000000000000000 ) ;
#1288 = VECTOR ( 'NONE', #3469, 1000.000000000000000 ) ;
#1289 = AXIS2_PLACEMENT_3D ( 'NONE', #1964, #216, #2276 ) ;
#1290 = ORIENTED_EDGE ( 'NONE', *, *, #3116, .T. ) ;
#1291 = CARTESIAN_POINT ( 'NONE',  ( -3.870279579551072900, 2.400000000000000400, 3.650431098567573400 ) ) ;
#1292 = CARTESIAN_POINT ( 'NONE',  ( -3.834924240491745600, 2.400000000000000400, 3.615075759508246100 ) ) ;
#1293 = FILL_AREA_STYLE_COLOUR ( '', #2741 ) ;
#1294 =( NAMED_UNIT ( * ) PLANE_ANGLE_UNIT ( ) SI_UNIT ( $, .RADIAN. ) );
#1295 = ORIENTED_EDGE ( 'NONE', *, *, #1622, .F. ) ;
#1296 =( NAMED_UNIT ( * ) PLANE_ANGLE_UNIT ( ) SI_UNIT ( $, .RADIAN. ) );
#1297 = ORIENTED_EDGE ( 'NONE', *, *, #27, .T. ) ;
#1298 = UNCERTAINTY_MEASURE_WITH_UNIT (LENGTH_MEASURE( 1.000000000000000100E-005 ), #236, 'distance_accuracy_value', 'NONE');
#1299 = VERTEX_POINT ( 'NONE', #1064 ) ;
#1300 =( NAMED_UNIT ( * ) SI_UNIT ( $, .STERADIAN. ) SOLID_ANGLE_UNIT ( ) );
#1301 =( NAMED_UNIT ( * ) PLANE_ANGLE_UNIT ( ) SI_UNIT ( $, .RADIAN. ) );
#1302 = VECTOR ( 'NONE', #1907, 1000.000000000000000 ) ;
#1303 = AXIS2_PLACEMENT_3D ( 'NONE', #1044, #3104, #551 ) ;
#1304 = VECTOR ( 'NONE', #912, 1000.000000000000000 ) ;
#1305 = CARTESIAN_POINT ( 'NONE',  ( 2.351613079326683800, 3.889999999999999700, -2.630428434128495600 ) ) ;
#1306 = VERTEX_POINT ( 'NONE', #1358 ) ;
#1307 = ORIENTED_EDGE ( 'NONE', *, *, #1312, .F. ) ;
#1308 =( NAMED_UNIT ( * ) PLANE_ANGLE_UNIT ( ) SI_UNIT ( $, .RADIAN. ) );
#1309 = MECHANICAL_DESIGN_GEOMETRIC_PRESENTATION_REPRESENTATION (  '', ( #716 ), #1496 ) ;
#1310 = AXIS2_PLACEMENT_3D ( 'NONE', #2544, #762, #2822 ) ;
#1311 = FILL_AREA_STYLE ('',( #1009 ) ) ;
#1312 = EDGE_CURVE ( 'NONE', #619, #2938, #2391, .T. ) ;
#1313 = UNCERTAINTY_MEASURE_WITH_UNIT (LENGTH_MEASURE( 1.000000000000000100E-005 ), #695, 'distance_accuracy_value', 'NONE');
#1314 = SURFACE_STYLE_USAGE ( .BOTH. , #3080 ) ;
#1315 = LINE ( 'NONE', #2865, #2784 ) ;
#1316 = FACE_OUTER_BOUND ( 'NONE', #2048, .T. ) ;
#1317 = DIRECTION ( 'NONE',  ( -0.0000000000000000000, 1.000000000000000000, -0.0000000000000000000 ) ) ;
#1318 = PRESENTATION_LAYER_ASSIGNMENT (  '', '', ( #907 ) ) ;
#1319 = VERTEX_POINT ( 'NONE', #1645 ) ;
#1320 = LINE ( 'NONE', #1471, #532 ) ;
#1321 = VERTEX_POINT ( 'NONE', #197 ) ;
#1322 = ORIENTED_EDGE ( 'NONE', *, *, #33, .T. ) ;
#1323 = PRESENTATION_STYLE_ASSIGNMENT (( #1073 ) ) ;
#1324 = VECTOR ( 'NONE', #2510, 1000.000000000000000 ) ;
#1325 = CARTESIAN_POINT ( 'NONE',  ( 2.349999999999997000, 1.400000000000000100, -5.149497474683057500 ) ) ;
#1326 = SURFACE_STYLE_USAGE ( .BOTH. , #3087 ) ;
#1327 = LINE ( 'NONE', #2848, #2798 ) ;
#1328 = MECHANICAL_DESIGN_GEOMETRIC_PRESENTATION_REPRESENTATION (  '', ( #736 ), #1516 ) ;
#1329 = MECHANICAL_DESIGN_GEOMETRIC_PRESENTATION_REPRESENTATION (  '', ( #740 ), #1519 ) ;
#1330 = PRESENTATION_LAYER_ASSIGNMENT (  '', '', ( #926 ) ) ;
#1331 =( NAMED_UNIT ( * ) PLANE_ANGLE_UNIT ( ) SI_UNIT ( $, .RADIAN. ) );
#1332 =( NAMED_UNIT ( * ) PLANE_ANGLE_UNIT ( ) SI_UNIT ( $, .RADIAN. ) );
#1333 = ORIENTED_EDGE ( 'NONE', *, *, #1424, .F. ) ;
#1334 =( NAMED_UNIT ( * ) PLANE_ANGLE_UNIT ( ) SI_UNIT ( $, .RADIAN. ) );
#1335 =( NAMED_UNIT ( * ) PLANE_ANGLE_UNIT ( ) SI_UNIT ( $, .RADIAN. ) );
#1336 = ORIENTED_EDGE ( 'NONE', *, *, #2720, .F. ) ;
#1337 = ORIENTED_EDGE ( 'NONE', *, *, #1696, .T. ) ;
#1338 = EDGE_LOOP ( 'NONE', ( #2266, #134, #2453, #291 ) ) ;
#1339 = UNCERTAINTY_MEASURE_WITH_UNIT (LENGTH_MEASURE( 1.000000000000000100E-005 ), #2054, 'distance_accuracy_value', 'NONE');
#1340 = DIRECTION ( 'NONE',  ( -1.000000000000000000, 0.0000000000000000000, 0.0000000000000000000 ) ) ;
#1341 = EDGE_CURVE ( 'NONE', #645, #1346, #53, .T. ) ;
#1342 = PRESENTATION_STYLE_ASSIGNMENT (( #2721 ) ) ;
#1343 = VERTEX_POINT ( 'NONE', #2558 ) ;
#1344 = MECHANICAL_DESIGN_GEOMETRIC_PRESENTATION_REPRESENTATION (  '', ( #754 ), #1537 ) ;
#1345 = SURFACE_STYLE_FILL_AREA ( #622 ) ;
#1346 = VERTEX_POINT ( 'NONE', #2840 ) ;
#1347 = AXIS2_PLACEMENT_3D ( 'NONE', #3627, #1877, #130 ) ;
#1348 = LINE ( 'NONE', #3004, #2820 ) ;
#1349 = LINE ( 'NONE', #799, #482 ) ;
#1350 = EDGE_CURVE ( 'NONE', #1410, #1464, #1502, .T. ) ;
#1351 = SURFACE_STYLE_FILL_AREA ( #1556 ) ;
#1352 =( NAMED_UNIT ( * ) PLANE_ANGLE_UNIT ( ) SI_UNIT ( $, .RADIAN. ) );
#1353 = CARTESIAN_POINT ( 'NONE',  ( 2.351613079326683800, 3.899999999999999900, -2.630428434128495600 ) ) ;
#1354 = PLANE ( 'NONE',  #3660 ) ;
#1355 = VERTEX_POINT ( 'NONE', #1078 ) ;
#1356 = UNCERTAINTY_MEASURE_WITH_UNIT (LENGTH_MEASURE( 1.000000000000000100E-005 ), #1767, 'distance_accuracy_value', 'NONE');
#1357 = EDGE_CURVE ( 'NONE', #2407, #1118, #993, .T. ) ;
#1358 = CARTESIAN_POINT ( 'NONE',  ( -2.349999999999997000, 3.899999999999999900, 5.099999999999999600 ) ) ;
#1359 = LINE ( 'NONE', #3109, #1274 ) ;
#1360 = VECTOR ( 'NONE', #84, 1000.000000000000000 ) ;
#1361 =( NAMED_UNIT ( * ) PLANE_ANGLE_UNIT ( ) SI_UNIT ( $, .RADIAN. ) );
#1362 = LINE ( 'NONE', #1689, #2158 ) ;
#1363 = EDGE_LOOP ( 'NONE', ( #3158, #1621 ) ) ;
#1364 = PRESENTATION_STYLE_ASSIGNMENT (( #2606 ) ) ;
#1365 = VECTOR ( 'NONE', #2452, 1000.000000000000000 ) ;
#1366 = ORIENTED_EDGE ( 'NONE', *, *, #3560, .T. ) ;
#1367 = LINE ( 'NONE', #3169, #1961 ) ;
#1368 = FILL_AREA_STYLE_COLOUR ( '', #3148 ) ;
#1369 = CARTESIAN_POINT ( 'NONE',  ( -1.499999999999999800, 3.900000000000000400, 5.099999999999999600 ) ) ;
#1370 =( GEOMETRIC_REPRESENTATION_CONTEXT ( 3 ) GLOBAL_UNCERTAINTY_ASSIGNED_CONTEXT ( ( #2081 ) ) GLOBAL_UNIT_ASSIGNED_CONTEXT ( ( #780, #1668, #3718 ) ) REPRESENTATION_CONTEXT ( 'NONE', 'WORKASPACE' ) );
#1371 = ORIENTED_EDGE ( 'NONE', *, *, #2029, .F. ) ;
#1372 =( NAMED_UNIT ( * ) PLANE_ANGLE_UNIT ( ) SI_UNIT ( $, .RADIAN. ) );
#1373 = VERTEX_POINT ( 'NONE', #1169 ) ;
#1374 = SURFACE_STYLE_USAGE ( .BOTH. , #3138 ) ;
#1375 = DIRECTION ( 'NONE',  ( 0.0000000000000000000, -1.000000000000000000, 0.0000000000000000000 ) ) ;
#1376 = ORIENTED_EDGE ( 'NONE', *, *, #385, .F. ) ;
#1377 = CARTESIAN_POINT ( 'NONE',  ( 0.5727602924644589200, 3.889999999999999700, 3.054704754562544100 ) ) ;
#1378 =( NAMED_UNIT ( * ) SI_UNIT ( $, .STERADIAN. ) SOLID_ANGLE_UNIT ( ) );
#1379 = MANIFOLD_SOLID_BREP ( 'Extrude13', #1104 ) ;
#1380 = CARTESIAN_POINT ( 'NONE',  ( 2.385355339059324700, 1.400000000000000100, -5.135355339059327800 ) ) ;
#1381 = FACE_OUTER_BOUND ( 'NONE', #2966, .T. ) ;
#1382 = STYLED_ITEM ( 'NONE', ( #3674 ), #2709 ) ;
#1383 = AXIS2_PLACEMENT_3D ( 'NONE', #3616, #85, #3586 ) ;
#1384 = LINE ( 'NONE', #2786, #2960 ) ;
#1385 = FILL_AREA_STYLE ('',( #3146 ) ) ;
#1386 = ADVANCED_FACE ( 'NONE', ( #540 ), #1948, .T. ) ;
#1387 = EDGE_CURVE ( 'NONE', #3460, #1514, #2534, .T. ) ;
#1388 = SURFACE_STYLE_FILL_AREA ( #68 ) ;
#1389 = SURFACE_STYLE_FILL_AREA ( #1915 ) ;
#1390 = COLOUR_RGB ( '',1.000000000000000000, 1.000000000000000000, 1.000000000000000000 ) ;
#1391 = ORIENTED_EDGE ( 'NONE', *, *, #671, .F. ) ;
#1392 = ORIENTED_EDGE ( 'NONE', *, *, #2189, .F. ) ;
#1393 = CARTESIAN_POINT ( 'NONE',  ( -5.099999999999998800, 3.899999999999999900, 5.099999999999999600 ) ) ;
#1394 = CARTESIAN_POINT ( 'NONE',  ( 1.499999999999981800, 1.399999999999999900, -5.149999999999999500 ) ) ;
#1395 = COLOUR_RGB ( '',1.000000000000000000, 1.000000000000000000, 1.000000000000000000 ) ;
#1396 = CARTESIAN_POINT ( 'NONE',  ( -1.233467700493287500, 3.889999999999999700, 3.054704754562544100 ) ) ;
#1397 = PLANE ( 'NONE',  #1036 ) ;
#1398 = PRESENTATION_LAYER_ASSIGNMENT (  '', '', ( #1001 ) ) ;
#1399 = FACE_OUTER_BOUND ( 'NONE', #3587, .T. ) ;
#1400 =( NAMED_UNIT ( * ) PLANE_ANGLE_UNIT ( ) SI_UNIT ( $, .RADIAN. ) );
#1401 = AXIS2_PLACEMENT_3D ( 'NONE', #582, #1157, #14 ) ;
#1402 = CARTESIAN_POINT ( 'NONE',  ( -1.500000000000000200, 1.399999999999999900, 5.149497474683073500 ) ) ;
#1403 = PRESENTATION_LAYER_ASSIGNMENT (  '', '', ( #1007 ) ) ;
#1404 =( NAMED_UNIT ( * ) PLANE_ANGLE_UNIT ( ) SI_UNIT ( $, .RADIAN. ) );
#1405 = VERTEX_POINT ( 'NONE', #3725 ) ;
#1406 = VECTOR ( 'NONE', #1, 1000.000000000000000 ) ;
#1407 = ORIENTED_EDGE ( 'NONE', *, *, #572, .F. ) ;
#1408 = COLOUR_RGB ( '',0.1921568627450980200, 0.2039215686274509800, 0.2039215686274509800 ) ;
#1409 = CARTESIAN_POINT ( 'NONE',  ( 3.600000000000000100, 3.899999999999999900, 3.600000000000000100 ) ) ;
#1410 = VERTEX_POINT ( 'NONE', #1089 ) ;
#1411 = VECTOR ( 'NONE', #3437, 1000.000000000000000 ) ;
#1412 = EDGE_CURVE ( 'NONE', #165, #1105, #3293, .T. ) ;
#1413 = FILL_AREA_STYLE_COLOUR ( '', #3517 ) ;
#1414 = DIRECTION ( 'NONE',  ( 0.0000000000000000000, -0.0000000000000000000, 1.000000000000000000 ) ) ;
#1415 = ADVANCED_FACE ( 'NONE', ( #1727 ), #229, .T. ) ;
#1416 = CARTESIAN_POINT ( 'NONE',  ( 0.9127690952813604100, 3.889999999999999700, 3.054704754562544100 ) ) ;
#1417 = PRESENTATION_LAYER_ASSIGNMENT (  '', '', ( #1024 ) ) ;
#1418 =( NAMED_UNIT ( * ) PLANE_ANGLE_UNIT ( ) SI_UNIT ( $, .RADIAN. ) );
#1419 = CARTESIAN_POINT ( 'NONE',  ( 1.500000000000000200, -0.1000000000000000100, 4.999999999999999100 ) ) ;
#1420 = EDGE_LOOP ( 'NONE', ( #774, #911, #2378, #3021 ) ) ;
#1421 = CARTESIAN_POINT ( 'NONE',  ( -0.5923789981381053500, 3.889999999999999700, -0.3752567791989179800 ) ) ;
#1422 = VERTEX_POINT ( 'NONE', #513 ) ;
#1423 = CARTESIAN_POINT ( 'NONE',  ( 1.027339311721049600, 3.889999999999999700, -0.3752567791989179800 ) ) ;
#1424 = EDGE_CURVE ( 'NONE', #919, #3537, #3699, .T. ) ;
#1425 = ORIENTED_EDGE ( 'NONE', *, *, #2383, .F. ) ;
#1426 = MECHANICAL_DESIGN_GEOMETRIC_PRESENTATION_REPRESENTATION (  '', ( #840 ), #1624 ) ;
#1427 = CARTESIAN_POINT ( 'NONE',  ( 0.8958472342562610000, 3.889999999999999700, -2.558355370748213600 ) ) ;
#1428 = EDGE_CURVE ( 'NONE', #1910, #2269, #678, .T. ) ;
#1429 = LINE ( 'NONE', #3405, #1797 ) ;
#1430 = EDGE_CURVE ( 'NONE', #2788, #206, #2941, .T. ) ;
#1431 = ADVANCED_FACE ( 'NONE', ( #2067 ), #1699, .F. ) ;
#1432 = DIRECTION ( 'NONE',  ( -1.000000000000000000, 0.0000000000000000000, 0.0000000000000000000 ) ) ;
#1433 = LINE ( 'NONE', #2711, #2913 ) ;
#1434 = ORIENTED_EDGE ( 'NONE', *, *, #184, .T. ) ;
#1435 = SURFACE_STYLE_USAGE ( .BOTH. , #3191 ) ;
#1436 = VERTEX_POINT ( 'NONE', #819 ) ;
#1437 =( GEOMETRIC_REPRESENTATION_CONTEXT ( 3 ) GLOBAL_UNCERTAINTY_ASSIGNED_CONTEXT ( ( #634 ) ) GLOBAL_UNIT_ASSIGNED_CONTEXT ( ( #2399, #2168, #421 ) ) REPRESENTATION_CONTEXT ( 'NONE', 'WORKASPACE' ) );
#1438 = DIRECTION ( 'NONE',  ( -0.0000000000000000000, 1.000000000000000000, -0.0000000000000000000 ) ) ;
#1439 = DIRECTION ( 'NONE',  ( -0.5662018424294001900, 0.0000000000000000000, -0.8242666277543647700 ) ) ;
#1440 = LINE ( 'NONE', #2379, #2240 ) ;
#1441 = FILL_AREA_STYLE ('',( #1146 ) ) ;
#1442 = VERTEX_POINT ( 'NONE', #268 ) ;
#1443 = VECTOR ( 'NONE', #2342, 1000.000000000000000 ) ;
#1444 = CARTESIAN_POINT ( 'NONE',  ( 2.349999999999997000, 1.400000000000000100, -5.149999999999999500 ) ) ;
#1445 = FILL_AREA_STYLE_COLOUR ( '', #456 ) ;
#1446 = LINE ( 'NONE', #261, #2148 ) ;
#1447 = FILL_AREA_STYLE ('',( #1150 ) ) ;
#1448 = EDGE_CURVE ( 'NONE', #3393, #394, #992, .T. ) ;
#1449 =( LENGTH_UNIT ( ) NAMED_UNIT ( * ) SI_UNIT ( .MILLI., .METRE. ) );
#1450 = ORIENTED_EDGE ( 'NONE', *, *, #2508, .T. ) ;
#1451 = STYLED_ITEM ( 'NONE', ( #2918 ), #2949 ) ;
#1452 = ADVANCED_FACE ( 'NONE', ( #2573 ), #2619, .T. ) ;
#1453 = VECTOR ( 'NONE', #2707, 1000.000000000000000 ) ;
#1454 = MECHANICAL_DESIGN_GEOMETRIC_PRESENTATION_REPRESENTATION (  '', ( #858 ), #1640 ) ;
#1455 = ORIENTED_EDGE ( 'NONE', *, *, #3585, .T. ) ;
#1456 = CARTESIAN_POINT ( 'NONE',  ( 1.027339311721049600, 3.899999999999999900, -0.3752567791989179800 ) ) ;
#1457 = SURFACE_STYLE_USAGE ( .BOTH. , #3213 ) ;
#1458 = ORIENTED_EDGE ( 'NONE', *, *, #143, .F. ) ;
#1459 = EDGE_CURVE ( 'NONE', #3379, #3569, #1501, .T. ) ;
#1460 = VECTOR ( 'NONE', #1116, 1000.000000000000000 ) ;
#1461 = CARTESIAN_POINT ( 'NONE',  ( -2.343589385462048600, 3.889999999999999700, -2.558355370748213600 ) ) ;
#1462 = LINE ( 'NONE', #685, #1365 ) ;
#1463 = CARTESIAN_POINT ( 'NONE',  ( -1.499999999999998400, -0.1000000000000000100, -3.949999999999998800 ) ) ;
#1464 = VERTEX_POINT ( 'NONE', #1174 ) ;
#1465 = MECHANICAL_DESIGN_GEOMETRIC_PRESENTATION_REPRESENTATION (  '', ( #863 ), #1648 ) ;
#1466 = LINE ( 'NONE', #2217, #279 ) ;
#1467 =( NAMED_UNIT ( * ) SI_UNIT ( $, .STERADIAN. ) SOLID_ANGLE_UNIT ( ) );
#1468 = EDGE_CURVE ( 'NONE', #2885, #3135, #2984, .T. ) ;
#1469 =( LENGTH_UNIT ( ) NAMED_UNIT ( * ) SI_UNIT ( .MILLI., .METRE. ) );
#1470 = CARTESIAN_POINT ( 'NONE',  ( -1.499999999999998400, -0.0000000000000000000, -3.949999999999998800 ) ) ;
#1471 = CARTESIAN_POINT ( 'NONE',  ( -1.499999999999999800, 3.900000000000000400, 5.149999999999999500 ) ) ;
#1472 = SURFACE_SIDE_STYLE ('',( #750 ) ) ;
#1473 = VERTEX_POINT ( 'NONE', #2367 ) ;
#1474 = PRESENTATION_LAYER_ASSIGNMENT (  '', '', ( #1076 ) ) ;
#1475 =( NAMED_UNIT ( * ) SI_UNIT ( $, .STERADIAN. ) SOLID_ANGLE_UNIT ( ) );
#1476 = ADVANCED_FACE ( 'NONE', ( #2295 ), #598, .F. ) ;
#1477 = VERTEX_POINT ( 'NONE', #328 ) ;
#1478 = PRESENTATION_LAYER_ASSIGNMENT (  '', '', ( #1080 ) ) ;
#1479 = VERTEX_POINT ( 'NONE', #2971 ) ;
#1480 = ORIENTED_EDGE ( 'NONE', *, *, #1510, .F. ) ;
#1481 = UNCERTAINTY_MEASURE_WITH_UNIT (LENGTH_MEASURE( 1.000000000000000100E-005 ), #1959, 'distance_accuracy_value', 'NONE');
#1482 =( LENGTH_UNIT ( ) NAMED_UNIT ( * ) SI_UNIT ( .MILLI., .METRE. ) );
#1483 = CARTESIAN_POINT ( 'NONE',  ( 1.499999999999968900, 2.400000000000000400, -5.149999999999999500 ) ) ;
#1484 = SURFACE_STYLE_USAGE ( .BOTH. , #3242 ) ;
#1485 = COLOUR_RGB ( '',1.000000000000000000, 1.000000000000000000, 1.000000000000000000 ) ;
#1486 = VECTOR ( 'NONE', #334, 1000.000000000000000 ) ;
#1487 = VECTOR ( 'NONE', #1818, 1000.000000000000000 ) ;
#1488 = VERTEX_POINT ( 'NONE', #3255 ) ;
#1489 = ORIENTED_EDGE ( 'NONE', *, *, #765, .F. ) ;
#1490 = VECTOR ( 'NONE', #3327, 1000.000000000000000 ) ;
#1491 = ORIENTED_EDGE ( 'NONE', *, *, #3533, .F. ) ;
#1492 = CARTESIAN_POINT ( 'NONE',  ( 5.099999999999998800, 3.899999999999999900, -5.099999999999999600 ) ) ;
#1493 = SURFACE_SIDE_STYLE ('',( #1936 ) ) ;
#1494 = PRESENTATION_LAYER_ASSIGNMENT (  '', '', ( #1093 ) ) ;
#1495 = FACE_OUTER_BOUND ( 'NONE', #270, .T. ) ;
#1496 =( GEOMETRIC_REPRESENTATION_CONTEXT ( 3 ) GLOBAL_UNCERTAINTY_ASSIGNED_CONTEXT ( ( #1100 ) ) GLOBAL_UNIT_ASSIGNED_CONTEXT ( ( #2220, #1332, #2292 ) ) REPRESENTATION_CONTEXT ( 'NONE', 'WORKASPACE' ) );
#1497 =( LENGTH_UNIT ( ) NAMED_UNIT ( * ) SI_UNIT ( .MILLI., .METRE. ) );
#1498 = VERTEX_POINT ( 'NONE', #891 ) ;
#1499 = LINE ( 'NONE', #1734, #2982 ) ;
#1500 = VERTEX_POINT ( 'NONE', #3532 ) ;
#1501 = CIRCLE ( 'NONE', #3374, 4.880000000000000800 ) ;
#1502 = LINE ( 'NONE', #488, #728 ) ;
#1503 = VECTOR ( 'NONE', #174, 1000.000000000000000 ) ;
#1504 = STYLED_ITEM ( 'NONE', ( #3628 ), #3206 ) ;
#1505 = VERTEX_POINT ( 'NONE', #1202 ) ;
#1506 = UNCERTAINTY_MEASURE_WITH_UNIT (LENGTH_MEASURE( 1.000000000000000100E-005 ), #2761, 'distance_accuracy_value', 'NONE');
#1507 = PRESENTATION_LAYER_ASSIGNMENT (  '', '', ( #1108 ) ) ;
#1508 = CARTESIAN_POINT ( 'NONE',  ( -2.371213203435592400, 2.400000000000000400, 5.149497474683058400 ) ) ;
#1509 =( NAMED_UNIT ( * ) PLANE_ANGLE_UNIT ( ) SI_UNIT ( $, .RADIAN. ) );
#1510 = EDGE_CURVE ( 'NONE', #760, #2636, #3383, .T. ) ;
#1511 = MECHANICAL_DESIGN_GEOMETRIC_PRESENTATION_REPRESENTATION (  '', ( #907 ), #1700 ) ;
#1512 = DIRECTION ( 'NONE',  ( 0.0000000000000000000, -1.000000000000000000, 0.0000000000000000000 ) ) ;
#1513 =( NAMED_UNIT ( * ) PLANE_ANGLE_UNIT ( ) SI_UNIT ( $, .RADIAN. ) );
#1514 = VERTEX_POINT ( 'NONE', #50 ) ;
#1515 = ORIENTED_EDGE ( 'NONE', *, *, #459, .T. ) ;
#1516 =( GEOMETRIC_REPRESENTATION_CONTEXT ( 3 ) GLOBAL_UNCERTAINTY_ASSIGNED_CONTEXT ( ( #981 ) ) GLOBAL_UNIT_ASSIGNED_CONTEXT ( ( #2331, #2028, #1722 ) ) REPRESENTATION_CONTEXT ( 'NONE', 'WORKASPACE' ) );
#1517 = ADVANCED_FACE ( 'NONE', ( #1817 ), #336, .F. ) ;
#1518 = DIRECTION ( 'NONE',  ( -0.9106325762691961400, 0.0000000000000000000, -0.4132170265578690200 ) ) ;
#1519 =( GEOMETRIC_REPRESENTATION_CONTEXT ( 3 ) GLOBAL_UNCERTAINTY_ASSIGNED_CONTEXT ( ( #3193 ) ) GLOBAL_UNIT_ASSIGNED_CONTEXT ( ( #372, #2428, #660 ) ) REPRESENTATION_CONTEXT ( 'NONE', 'WORKASPACE' ) );
#1520 =( NAMED_UNIT ( * ) SI_UNIT ( $, .STERADIAN. ) SOLID_ANGLE_UNIT ( ) );
#1521 = PRESENTATION_STYLE_ASSIGNMENT (( #2047 ) ) ;
#1522 = MECHANICAL_DESIGN_GEOMETRIC_PRESENTATION_REPRESENTATION (  '', ( #926 ), #1720 ) ;
#1523 = EDGE_LOOP ( 'NONE', ( #1020, #2338, #3716, #1940 ) ) ;
#1524 = FACE_OUTER_BOUND ( 'NONE', #836, .T. ) ;
#1525 = EDGE_LOOP ( 'NONE', ( #3217, #319, #3715, #2717 ) ) ;
#1526 = CARTESIAN_POINT ( 'NONE',  ( -3.834924240491745600, 2.400000000000000400, 3.615075759508246100 ) ) ;
#1527 = PLANE ( 'NONE',  #3106 ) ;
#1528 = FACE_OUTER_BOUND ( 'NONE', #2122, .T. ) ;
#1529 = LINE ( 'NONE', #594, #81 ) ;
#1530 = CARTESIAN_POINT ( 'NONE',  ( -5.100000000000000500, 3.899999999999999900, -3.600000000000000100 ) ) ;
#1531 = EDGE_CURVE ( 'NONE', #1979, #1167, #3113, .T. ) ;
#1532 = CARTESIAN_POINT ( 'NONE',  ( -0.2914326953212039200, 3.899999999999999900, -0.3752567791989179800 ) ) ;
#1533 = CARTESIAN_POINT ( 'NONE',  ( 2.385355339059324700, 2.400000000000000400, -5.135355339059327800 ) ) ;
#1534 =( LENGTH_UNIT ( ) NAMED_UNIT ( * ) SI_UNIT ( .MILLI., .METRE. ) );
#1535 = CARTESIAN_POINT ( 'NONE',  ( -1.180100623028498700, 3.889999999999999700, 0.5547047545625439800 ) ) ;
#1536 = ORIENTED_EDGE ( 'NONE', *, *, #1752, .F. ) ;
#1537 =( GEOMETRIC_REPRESENTATION_CONTEXT ( 3 ) GLOBAL_UNCERTAINTY_ASSIGNED_CONTEXT ( ( #1968 ) ) GLOBAL_UNIT_ASSIGNED_CONTEXT ( ( #3177, #1418, #3462 ) ) REPRESENTATION_CONTEXT ( 'NONE', 'WORKASPACE' ) );
#1538 = FILL_AREA_STYLE_COLOUR ( '', #2742 ) ;
#1539 = CARTESIAN_POINT ( 'NONE',  ( -1.500000000000000200, -0.1000000000000000100, 5.149999999999999500 ) ) ;
#1540 = LINE ( 'NONE', #3279, #2339 ) ;
#1541 = VERTEX_POINT ( 'NONE', #1224 ) ;
#1542 = PRESENTATION_LAYER_ASSIGNMENT (  '', '', ( #1152 ) ) ;
#1543 = ORIENTED_EDGE ( 'NONE', *, *, #726, .F. ) ;
#1544 = VERTEX_POINT ( 'NONE', #2406 ) ;
#1545 = VECTOR ( 'NONE', #2541, 1000.000000000000000 ) ;
#1546 = UNCERTAINTY_MEASURE_WITH_UNIT (LENGTH_MEASURE( 1.000000000000000100E-005 ), #3278, 'distance_accuracy_value', 'NONE');
#1547 = CARTESIAN_POINT ( 'NONE',  ( 1.500000000000001100, -0.1000000000000000100, -4.999999999999999100 ) ) ;
#1548 = DIRECTION ( 'NONE',  ( 0.0000000000000000000, 1.000000000000000000, 0.0000000000000000000 ) ) ;
#1549 = EDGE_CURVE ( 'NONE', #1679, #1473, #89, .T. ) ;
#1550 =( NAMED_UNIT ( * ) PLANE_ANGLE_UNIT ( ) SI_UNIT ( $, .RADIAN. ) );
#1551 =( NAMED_UNIT ( * ) SI_UNIT ( $, .STERADIAN. ) SOLID_ANGLE_UNIT ( ) );
#1552 = CARTESIAN_POINT ( 'NONE',  ( -0.3443831934510339100, 3.899999999999999900, 1.778296303858318600 ) ) ;
#1553 = SURFACE_SIDE_STYLE ('',( #1952 ) ) ;
#1554 = EDGE_CURVE ( 'NONE', #991, #1355, #1540, .T. ) ;
#1555 = SURFACE_SIDE_STYLE ('',( #212 ) ) ;
#1556 = FILL_AREA_STYLE ('',( #1617 ) ) ;
#1557 = ORIENTED_EDGE ( 'NONE', *, *, #1242, .T. ) ;
#1558 = DIRECTION ( 'NONE',  ( -5.560011140951304800E-017, -1.000000000000000000, 0.0000000000000000000 ) ) ;
#1559 = ORIENTED_EDGE ( 'NONE', *, *, #520, .F. ) ;
#1560 = CARTESIAN_POINT ( 'NONE',  ( 2.351613079326683800, 3.889999999999999700, -2.840045511593284600 ) ) ;
#1561 = ORIENTED_EDGE ( 'NONE', *, *, #2308, .T. ) ;
#1562 = ORIENTED_EDGE ( 'NONE', *, *, #2976, .F. ) ;
#1563 = CARTESIAN_POINT ( 'NONE',  ( -1.499999999999998400, -0.1000000000000000100, -4.999999999999999100 ) ) ;
#1564 = FILL_AREA_STYLE ('',( #2445 ) ) ;
#1565 = CARTESIAN_POINT ( 'NONE',  ( 0.0000000000000000000, 2.899999999999999900, 4.880000000000000800 ) ) ;
#1566 = CARTESIAN_POINT ( 'NONE',  ( -1.220129878419795100, 3.899999999999999900, -2.558355370748213600 ) ) ;
#1567 = PRESENTATION_STYLE_ASSIGNMENT (( #2760 ) ) ;
#1568 = UNCERTAINTY_MEASURE_WITH_UNIT (LENGTH_MEASURE( 1.000000000000000100E-005 ), #108, 'distance_accuracy_value', 'NONE');
#1569 = VECTOR ( 'NONE', #802, 1000.000000000000000 ) ;
#1570 = LINE ( 'NONE', #2394, #614 ) ;
#1571 = COLOUR_RGB ( '',1.000000000000000000, 1.000000000000000000, 1.000000000000000000 ) ;
#1572 = AXIS2_PLACEMENT_3D ( 'NONE', #3310, #1548, #3592 ) ;
#1573 = DIRECTION ( 'NONE',  ( -1.000000000000000000, 2.920558888920654300E-016, 1.752335333352409800E-014 ) ) ;
#1574 = ORIENTED_EDGE ( 'NONE', *, *, #3088, .T. ) ;
#1575 = VERTEX_POINT ( 'NONE', #2396 ) ;
#1576 = CARTESIAN_POINT ( 'NONE',  ( 1.499999999999948900, 3.900000000000000400, -5.099999999999999600 ) ) ;
#1577 = PLANE ( 'NONE',  #2475 ) ;
#1578 = LINE ( 'NONE', #970, #1490 ) ;
#1579 = EDGE_CURVE ( 'NONE', #2417, #2967, #2249, .T. ) ;
#1580 = ORIENTED_EDGE ( 'NONE', *, *, #3560, .F. ) ;
#1581 = CARTESIAN_POINT ( 'NONE',  ( -3.870279579551072900, 2.400000000000000400, 3.650431098567573400 ) ) ;
#1582 = PRESENTATION_LAYER_ASSIGNMENT (  '', '', ( #1382 ) ) ;
#1583 = PRESENTATION_LAYER_ASSIGNMENT (  '', '', ( #1197 ) ) ;
#1584 = EDGE_CURVE ( 'NONE', #1498, #2418, #5, .T. ) ;
#1585 = CARTESIAN_POINT ( 'NONE',  ( 3.870279579551073800, 1.399999999999999900, -3.650431098567574800 ) ) ;
#1586 = CARTESIAN_POINT ( 'NONE',  ( 0.8958472342562610000, 3.889999999999999700, -2.558355370748213600 ) ) ;
#1587 = PRESENTATION_STYLE_ASSIGNMENT (( #1326 ) ) ;
#1588 = CARTESIAN_POINT ( 'NONE',  ( 2.019306741298514400, 3.889999999999999700, -2.558355370748213600 ) ) ;
#1589 = CARTESIAN_POINT ( 'NONE',  ( 2.349999999999997000, 2.400000000000000400, -5.149999999999999500 ) ) ;
#1590 = VECTOR ( 'NONE', #257, 1000.000000000000000 ) ;
#1591 = ORIENTED_EDGE ( 'NONE', *, *, #1783, .T. ) ;
#1592 = VECTOR ( 'NONE', #1947, 1000.000000000000000 ) ;
#1593 = MECHANICAL_DESIGN_GEOMETRIC_PRESENTATION_REPRESENTATION (  '', ( #1001 ), #1790 ) ;
#1594 = ORIENTED_EDGE ( 'NONE', *, *, #3116, .F. ) ;
#1595 = DIRECTION ( 'NONE',  ( -0.4132170265578691300, 0.0000000000000000000, 0.9106325762691961400 ) ) ;
#1596 = DIRECTION ( 'NONE',  ( 0.5611165363451807700, 0.0000000000000000000, -0.8277368136309918300 ) ) ;
#1597 = VECTOR ( 'NONE', #1092, 999.9999999999998900 ) ;
#1598 = FACE_OUTER_BOUND ( 'NONE', #2869, .T. ) ;
#1599 = MECHANICAL_DESIGN_GEOMETRIC_PRESENTATION_REPRESENTATION (  '', ( #1207 ), #1792 ) ;
#1600 = MECHANICAL_DESIGN_GEOMETRIC_PRESENTATION_REPRESENTATION (  '', ( #1007 ), #1795 ) ;
#1601 = PLANE ( 'NONE',  #775 ) ;
#1602 = DIRECTION ( 'NONE',  ( -0.4132170265578690200, 0.0000000000000000000, 0.9106325762691961400 ) ) ;
#1603 = SURFACE_SIDE_STYLE ('',( #1256 ) ) ;
#1604 = SURFACE_STYLE_USAGE ( .BOTH. , #3361 ) ;
#1605 =( NAMED_UNIT ( * ) PLANE_ANGLE_UNIT ( ) SI_UNIT ( $, .RADIAN. ) );
#1606 = DIRECTION ( 'NONE',  ( 1.000000000000000000, -1.445602896647318700E-016, 0.0000000000000000000 ) ) ;
#1607 = CARTESIAN_POINT ( 'NONE',  ( -2.349999999999996100, 2.400000000000000400, 5.149999999999999500 ) ) ;
#1608 = EDGE_CURVE ( 'NONE', #3551, #2071, #1630, .T. ) ;
#1609 = ORIENTED_EDGE ( 'NONE', *, *, #3018, .T. ) ;
#1610 = ORIENTED_EDGE ( 'NONE', *, *, #210, .F. ) ;
#1611 = DIRECTION ( 'NONE',  ( -0.0000000000000000000, -1.000000000000000000, -0.0000000000000000000 ) ) ;
#1612 = MECHANICAL_DESIGN_GEOMETRIC_PRESENTATION_REPRESENTATION (  '', ( #1024 ), #1808 ) ;
#1613 = VECTOR ( 'NONE', #2919, 1000.000000000000000 ) ;
#1614 = SURFACE_STYLE_FILL_AREA ( #2724 ) ;
#1615 = ORIENTED_EDGE ( 'NONE', *, *, #860, .T. ) ;
#1616 = LINE ( 'NONE', #112, #837 ) ;
#1617 = FILL_AREA_STYLE_COLOUR ( '', #2929 ) ;
#1618 = FILL_AREA_STYLE ('',( #1788 ) ) ;
#1619 = EDGE_LOOP ( 'NONE', ( #2282, #2447, #2839, #2157 ) ) ;
#1620 = CARTESIAN_POINT ( 'NONE',  ( 0.0000000000000000000, 2.899999999999999900, 0.0000000000000000000 ) ) ;
#1621 = ORIENTED_EDGE ( 'NONE', *, *, #184, .F. ) ;
#1622 = EDGE_CURVE ( 'NONE', #1479, #2326, #3697, .T. ) ;
#1623 = CARTESIAN_POINT ( 'NONE',  ( 2.349999999999997400, 1.400000000000000100, -5.100000000000000500 ) ) ;
#1624 =( GEOMETRIC_REPRESENTATION_CONTEXT ( 3 ) GLOBAL_UNCERTAINTY_ASSIGNED_CONTEXT ( ( #43 ) ) GLOBAL_UNIT_ASSIGNED_CONTEXT ( ( #292, #2348, #574 ) ) REPRESENTATION_CONTEXT ( 'NONE', 'WORKASPACE' ) );
#1625 = EDGE_CURVE ( 'NONE', #2270, #3479, #2154, .T. ) ;
#1626 = EDGE_CURVE ( 'NONE', #1544, #1373, #580, .T. ) ;
#1627 = FACE_OUTER_BOUND ( 'NONE', #3409, .T. ) ;
#1628 = CARTESIAN_POINT ( 'NONE',  ( -0.3443831934510339100, 3.889999999999999700, 1.778296303858318600 ) ) ;
#1629 = VERTEX_POINT ( 'NONE', #2135 ) ;
#1630 = LINE ( 'NONE', #1241, #2936 ) ;
#1631 = SURFACE_STYLE_FILL_AREA ( #2625 ) ;
#1632 = COLOUR_RGB ( '',0.1921568627450980200, 0.2039215686274509800, 0.2039215686274509800 ) ;
#1633 = ORIENTED_EDGE ( 'NONE', *, *, #2427, .T. ) ;
#1634 = SURFACE_STYLE_USAGE ( .BOTH. , #3394 ) ;
#1635 =( LENGTH_UNIT ( ) NAMED_UNIT ( * ) SI_UNIT ( .MILLI., .METRE. ) );
#1636 = UNCERTAINTY_MEASURE_WITH_UNIT (LENGTH_MEASURE( 1.000000000000000100E-005 ), #3523, 'distance_accuracy_value', 'NONE');
#1637 = VECTOR ( 'NONE', #3347, 999.9999999999998900 ) ;
#1638 = EDGE_CURVE ( 'NONE', #1249, #3460, #676, .T. ) ;
#1639 = AXIS2_PLACEMENT_3D ( 'NONE', #2070, #309, #2362 ) ;
#1640 =( GEOMETRIC_REPRESENTATION_CONTEXT ( 3 ) GLOBAL_UNCERTAINTY_ASSIGNED_CONTEXT ( ( #2777 ) ) GLOBAL_UNIT_ASSIGNED_CONTEXT ( ( #713, #2766, #1002 ) ) REPRESENTATION_CONTEXT ( 'NONE', 'WORKASPACE' ) );
#1641 = FILL_AREA_STYLE ('',( #2587 ) ) ;
#1642 = ORIENTED_EDGE ( 'NONE', *, *, #1625, .F. ) ;
#1643 = EDGE_CURVE ( 'NONE', #2084, #2785, #1275, .T. ) ;
#1644 = DIRECTION ( 'NONE',  ( -0.0000000000000000000, 1.000000000000000000, -0.0000000000000000000 ) ) ;
#1645 = CARTESIAN_POINT ( 'NONE',  ( -5.099999999999999600, 0.0000000000000000000, 2.349999999999986800 ) ) ;
#1646 = ORIENTED_EDGE ( 'NONE', *, *, #3204, .T. ) ;
#1647 = DIRECTION ( 'NONE',  ( 5.560011140951304800E-017, -1.000000000000000000, 0.0000000000000000000 ) ) ;
#1648 =( GEOMETRIC_REPRESENTATION_CONTEXT ( 3 ) GLOBAL_UNCERTAINTY_ASSIGNED_CONTEXT ( ( #1339 ) ) GLOBAL_UNIT_ASSIGNED_CONTEXT ( ( #2054, #297, #2352 ) ) REPRESENTATION_CONTEXT ( 'NONE', 'WORKASPACE' ) );
#1649 = ORIENTED_EDGE ( 'NONE', *, *, #2104, .F. ) ;
#1650 = ORIENTED_EDGE ( 'NONE', *, *, #1448, .T. ) ;
#1651 = EDGE_CURVE ( 'NONE', #3569, #3379, #2829, .T. ) ;
#1652 = COLOUR_RGB ( '',1.000000000000000000, 1.000000000000000000, 1.000000000000000000 ) ;
#1653 = LINE ( 'NONE', #3331, #2553 ) ;
#1654 = COLOUR_RGB ( '',0.8274509803921568100, 0.8392156862745098200, 0.8274509803921568100 ) ;
#1655 = DIRECTION ( 'NONE',  ( -1.000000000000000000, 0.0000000000000000000, 0.0000000000000000000 ) ) ;
#1656 = DIRECTION ( 'NONE',  ( 0.7071067811865486800, 0.0000000000000000000, -0.7071067811865464600 ) ) ;
#1657 = LINE ( 'NONE', #1508, #1257 ) ;
#1658 = MECHANICAL_DESIGN_GEOMETRIC_PRESENTATION_REPRESENTATION (  '', ( #1076 ), #1860 ) ;
#1659 = UNCERTAINTY_MEASURE_WITH_UNIT (LENGTH_MEASURE( 1.000000000000000100E-005 ), #3446, 'distance_accuracy_value', 'NONE');
#1660 = SURFACE_SIDE_STYLE ('',( #3553 ) ) ;
#1661 = ORIENTED_EDGE ( 'NONE', *, *, #1579, .F. ) ;
#1662 = ORIENTED_EDGE ( 'NONE', *, *, #1061, .T. ) ;
#1663 = MECHANICAL_DESIGN_GEOMETRIC_PRESENTATION_REPRESENTATION (  '', ( #1080 ), #1865 ) ;
#1664 = LINE ( 'NONE', #2726, #3140 ) ;
#1665 = ORIENTED_EDGE ( 'NONE', *, *, #3381, .F. ) ;
#1666 = STYLED_ITEM ( 'NONE', ( #2296 ), #1379 ) ;
#1667 = COLOUR_RGB ( '',1.000000000000000000, 1.000000000000000000, 1.000000000000000000 ) ;
#1668 =( NAMED_UNIT ( * ) PLANE_ANGLE_UNIT ( ) SI_UNIT ( $, .RADIAN. ) );
#1669 = DIRECTION ( 'NONE',  ( -0.5662018424294001900, 0.0000000000000000000, -0.8242666277543647700 ) ) ;
#1670 = CARTESIAN_POINT ( 'NONE',  ( 1.499999999999981800, 1.399999999999999900, -5.149999999999999500 ) ) ;
#1671 = ADVANCED_FACE ( 'NONE', ( #1181 ), #2728, .F. ) ;
#1672 = VECTOR ( 'NONE', #1956, 1000.000000000000100 ) ;
#1673 = DIRECTION ( 'NONE',  ( 0.0000000000000000000, 0.0000000000000000000, -1.000000000000000000 ) ) ;
#1674 = ORIENTED_EDGE ( 'NONE', *, *, #958, .F. ) ;
#1675 = SURFACE_STYLE_USAGE ( .BOTH. , #3433 ) ;
#1676 = LINE ( 'NONE', #838, #1590 ) ;
#1677 = ORIENTED_EDGE ( 'NONE', *, *, #288, .F. ) ;
#1678 = LINE ( 'NONE', #2484, #894 ) ;
#1679 = VERTEX_POINT ( 'NONE', #1284 ) ;
#1680 = SURFACE_STYLE_FILL_AREA ( #3151 ) ;
#1681 = MECHANICAL_DESIGN_GEOMETRIC_PRESENTATION_REPRESENTATION (  '', ( #1093 ), #1883 ) ;
#1682 = DIRECTION ( 'NONE',  ( 0.0000000000000000000, 0.0000000000000000000, -1.000000000000000000 ) ) ;
#1683 = UNCERTAINTY_MEASURE_WITH_UNIT (LENGTH_MEASURE( 1.000000000000000100E-005 ), #997, 'distance_accuracy_value', 'NONE');
#1684 = DIRECTION ( 'NONE',  ( 0.0000000000000000000, 0.0000000000000000000, -1.000000000000000000 ) ) ;
#1685 = LINE ( 'NONE', #2818, #2494 ) ;
#1686 = PLANE ( 'NONE',  #946 ) ;
#1687 = SURFACE_SIDE_STYLE ('',( #3049 ) ) ;
#1688 = ORIENTED_EDGE ( 'NONE', *, *, #1271, .F. ) ;
#1689 = CARTESIAN_POINT ( 'NONE',  ( 1.499999999999999800, -0.1000000000000000100, 3.949999999999999700 ) ) ;
#1690 = AXIS2_PLACEMENT_3D ( 'NONE', #441, #2506, #734 ) ;
#1691 = MECHANICAL_DESIGN_GEOMETRIC_PRESENTATION_REPRESENTATION (  '', ( #1108 ), #1897 ) ;
#1692 = SURFACE_STYLE_USAGE ( .BOTH. , #1994 ) ;
#1693 = DIRECTION ( 'NONE',  ( 4.130293990420966900E-016, 0.0000000000000000000, 1.000000000000000000 ) ) ;
#1694 = CARTESIAN_POINT ( 'NONE',  ( -3.870279579551072900, 1.399999999999999900, 3.650431098567573400 ) ) ;
#1695 = ADVANCED_FACE ( 'NONE', ( #1528 ), #973, .F. ) ;
#1696 = EDGE_CURVE ( 'NONE', #1925, #3142, #1258, .T. ) ;
#1697 = ORIENTED_EDGE ( 'NONE', *, *, #2383, .T. ) ;
#1698 = DIRECTION ( 'NONE',  ( 0.4136819341461172000, 0.0000000000000000000, -0.9104214723748158500 ) ) ;
#1699 = PLANE ( 'NONE',  #2404 ) ;
#1700 =( GEOMETRIC_REPRESENTATION_CONTEXT ( 3 ) GLOBAL_UNCERTAINTY_ASSIGNED_CONTEXT ( ( #1356 ) ) GLOBAL_UNIT_ASSIGNED_CONTEXT ( ( #1767, #26, #2077 ) ) REPRESENTATION_CONTEXT ( 'NONE', 'WORKASPACE' ) );
#1701 = COLOUR_RGB ( '',0.8274509803921568100, 0.8392156862745098200, 0.8274509803921568100 ) ;
#1702 = DIRECTION ( 'NONE',  ( -0.0000000000000000000, 1.000000000000000000, -0.0000000000000000000 ) ) ;
#1703 = VECTOR ( 'NONE', #2905, 1000.000000000000000 ) ;
#1704 = FACE_OUTER_BOUND ( 'NONE', #1097, .T. ) ;
#1705 = DIRECTION ( 'NONE',  ( 0.0000000000000000000, 0.0000000000000000000, -1.000000000000000000 ) ) ;
#1706 = FACE_OUTER_BOUND ( 'NONE', #426, .T. ) ;
#1707 = VERTEX_POINT ( 'NONE', #3342 ) ;
#1708 = LINE ( 'NONE', #2200, #472 ) ;
#1709 = DIRECTION ( 'NONE',  ( -0.0000000000000000000, 0.0000000000000000000, 1.000000000000000000 ) ) ;
#1710 = ORIENTED_EDGE ( 'NONE', *, *, #1730, .T. ) ;
#1711 = ORIENTED_EDGE ( 'NONE', *, *, #1195, .F. ) ;
#1712 = UNCERTAINTY_MEASURE_WITH_UNIT (LENGTH_MEASURE( 1.000000000000000100E-005 ), #3125, 'distance_accuracy_value', 'NONE');
#1713 = CARTESIAN_POINT ( 'NONE',  ( -2.349999999999996100, 1.399999999999999900, 5.149999999999999500 ) ) ;
#1714 = DIRECTION ( 'NONE',  ( 4.130293990420970900E-016, 0.0000000000000000000, 1.000000000000000000 ) ) ;
#1715 = DIRECTION ( 'NONE',  ( -0.0000000000000000000, 1.000000000000000000, -0.0000000000000000000 ) ) ;
#1716 = LINE ( 'NONE', #739, #929 ) ;
#1717 = VECTOR ( 'NONE', #259, 1000.000000000000000 ) ;
#1718 = ADVANCED_FACE ( 'NONE', ( #477 ), #3052, .T. ) ;
#1719 = DIRECTION ( 'NONE',  ( 0.4136819341461172600, 0.0000000000000000000, -0.9104214723748157400 ) ) ;
#1720 =( GEOMETRIC_REPRESENTATION_CONTEXT ( 3 ) GLOBAL_UNCERTAINTY_ASSIGNED_CONTEXT ( ( #2727 ) ) GLOBAL_UNIT_ASSIGNED_CONTEXT ( ( #3261, #1509, #3542 ) ) REPRESENTATION_CONTEXT ( 'NONE', 'WORKASPACE' ) );
#1721 = LINE ( 'NONE', #1396, #3190 ) ;
#1722 =( NAMED_UNIT ( * ) SI_UNIT ( $, .STERADIAN. ) SOLID_ANGLE_UNIT ( ) );
#1723 = ORIENTED_EDGE ( 'NONE', *, *, #1240, .T. ) ;
#1724 = SURFACE_STYLE_FILL_AREA ( #1641 ) ;
#1725 =( NAMED_UNIT ( * ) PLANE_ANGLE_UNIT ( ) SI_UNIT ( $, .RADIAN. ) );
#1726 = FACE_BOUND ( 'NONE', #1184, .T. ) ;
#1727 = FACE_OUTER_BOUND ( 'NONE', #29, .T. ) ;
#1728 = SURFACE_STYLE_FILL_AREA ( #953 ) ;
#1729 = FILL_AREA_STYLE ('',( #577 ) ) ;
#1730 = EDGE_CURVE ( 'NONE', #1243, #811, #204, .T. ) ;
#1731 = LINE ( 'NONE', #3658, #3118 ) ;
#1732 = SURFACE_STYLE_USAGE ( .BOTH. , #3480 ) ;
#1733 = SURFACE_STYLE_FILL_AREA ( #1618 ) ;
#1734 = CARTESIAN_POINT ( 'NONE',  ( -5.099999999999998800, 0.0000000000000000000, 5.099999999999999600 ) ) ;
#1735 = CARTESIAN_POINT ( 'NONE',  ( 2.351613079326683800, 3.899999999999999900, -2.630428434128495600 ) ) ;
#1736 = CARTESIAN_POINT ( 'NONE',  ( -0.8878235403916260300, 3.899999999999999900, -2.630428434128495600 ) ) ;
#1737 = PRESENTATION_LAYER_ASSIGNMENT (  '', '', ( #1931 ) ) ;
#1738 = FILL_AREA_STYLE_COLOUR ( '', #1667 ) ;
#1739 = ADVANCED_FACE ( 'NONE', ( #971 ), #1886, .F. ) ;
#1740 = CARTESIAN_POINT ( 'NONE',  ( -2.343589385462048600, 3.889999999999999700, -2.558355370748213600 ) ) ;
#1741 = MECHANICAL_DESIGN_GEOMETRIC_PRESENTATION_REPRESENTATION (  '', ( #1152 ), #1934 ) ;
#1742 = ORIENTED_EDGE ( 'NONE', *, *, #369, .F. ) ;
#1743 =( NAMED_UNIT ( * ) SI_UNIT ( $, .STERADIAN. ) SOLID_ANGLE_UNIT ( ) );
#1744 = SURFACE_SIDE_STYLE ('',( #2958 ) ) ;
#1745 = EDGE_CURVE ( 'NONE', #1319, #3069, #2964, .T. ) ;
#1746 = EDGE_LOOP ( 'NONE', ( #338, #2374, #1723, #3445 ) ) ;
#1747 = CARTESIAN_POINT ( 'NONE',  ( 1.500000000000001100, -0.1000000000000000100, -5.149999999999999500 ) ) ;
#1748 = ORIENTED_EDGE ( 'NONE', *, *, #3423, .T. ) ;
#1749 =( NAMED_UNIT ( * ) PLANE_ANGLE_UNIT ( ) SI_UNIT ( $, .RADIAN. ) );
#1750 =( NAMED_UNIT ( * ) SI_UNIT ( $, .STERADIAN. ) SOLID_ANGLE_UNIT ( ) );
#1751 = DIRECTION ( 'NONE',  ( -1.000000000000000000, 0.0000000000000000000, -0.0000000000000000000 ) ) ;
#1752 = EDGE_CURVE ( 'NONE', #2469, #1505, #3723, .T. ) ;
#1753 = LINE ( 'NONE', #3769, #3224 ) ;
#1754 = LINE ( 'NONE', #2450, #967 ) ;
#1755 = CARTESIAN_POINT ( 'NONE',  ( 1.499999999999968900, 2.400000000000000400, -5.099999999999999600 ) ) ;
#1756 =( NAMED_UNIT ( * ) SI_UNIT ( $, .STERADIAN. ) SOLID_ANGLE_UNIT ( ) );
#1757 = COLOUR_RGB ( '',0.1921568627450980200, 0.2039215686274509800, 0.2039215686274509800 ) ;
#1758 = UNCERTAINTY_MEASURE_WITH_UNIT (LENGTH_MEASURE( 1.000000000000000100E-005 ), #3048, 'distance_accuracy_value', 'NONE');
#1759 = COLOUR_RGB ( '',0.8274509803921568100, 0.8392156862745098200, 0.8274509803921568100 ) ;
#1760 = ADVANCED_FACE ( 'NONE', ( #2191 ), #3664, .T. ) ;
#1761 = ORIENTED_EDGE ( 'NONE', *, *, #1242, .F. ) ;
#1762 = ORIENTED_EDGE ( 'NONE', *, *, #3391, .T. ) ;
#1763 = CARTESIAN_POINT ( 'NONE',  ( -0.1490706934510338500, 3.889999999999999700, 1.567578874280853900 ) ) ;
#1764 = PLANE ( 'NONE',  #2402 ) ;
#1765 = LINE ( 'NONE', #1535, #2562 ) ;
#1766 = CARTESIAN_POINT ( 'NONE',  ( 1.499999999999999800, 3.900000000000000400, -5.099999999999999600 ) ) ;
#1767 =( LENGTH_UNIT ( ) NAMED_UNIT ( * ) SI_UNIT ( .MILLI., .METRE. ) );
#1768 = CARTESIAN_POINT ( 'NONE',  ( -0.1567731582397663700, 3.889999999999999700, 1.567578874280853900 ) ) ;
#1769 = STYLED_ITEM ( 'NONE', ( #1233 ), #78 ) ;
#1770 = SURFACE_STYLE_FILL_AREA ( #700 ) ;
#1771 = AXIS2_PLACEMENT_3D ( 'NONE', #3573, #1832, #91 ) ;
#1772 =( NAMED_UNIT ( * ) SI_UNIT ( $, .STERADIAN. ) SOLID_ANGLE_UNIT ( ) );
#1773 = FILL_AREA_STYLE ('',( #2672 ) ) ;
#1774 = ORIENTED_EDGE ( 'NONE', *, *, #3236, .F. ) ;
#1775 =( NAMED_UNIT ( * ) PLANE_ANGLE_UNIT ( ) SI_UNIT ( $, .RADIAN. ) );
#1776 = ORIENTED_EDGE ( 'NONE', *, *, #1643, .T. ) ;
#1777 = EDGE_CURVE ( 'NONE', #1243, #3379, #343, .T. ) ;
#1778 = SURFACE_STYLE_FILL_AREA ( #1143 ) ;
#1779 = LINE ( 'NONE', #710, #3339 ) ;
#1780 = ORIENTED_EDGE ( 'NONE', *, *, #420, .F. ) ;
#1781 = MECHANICAL_DESIGN_GEOMETRIC_PRESENTATION_REPRESENTATION (  '', ( #1382 ), #3593 ) ;
#1782 = MECHANICAL_DESIGN_GEOMETRIC_PRESENTATION_REPRESENTATION (  '', ( #1197 ), #1975 ) ;
#1783 = EDGE_CURVE ( 'NONE', #3465, #3393, #2596, .T. ) ;
#1784 = PLANE ( 'NONE',  #3222 ) ;
#1785 = UNCERTAINTY_MEASURE_WITH_UNIT (LENGTH_MEASURE( 1.000000000000000100E-005 ), #1497, 'distance_accuracy_value', 'NONE');
#1786 =( LENGTH_UNIT ( ) NAMED_UNIT ( * ) SI_UNIT ( .MILLI., .METRE. ) );
#1787 = FILL_AREA_STYLE_COLOUR ( '', #1911 ) ;
#1788 = FILL_AREA_STYLE_COLOUR ( '', #2538 ) ;
#1789 = VERTEX_POINT ( 'NONE', #2989 ) ;
#1790 =( GEOMETRIC_REPRESENTATION_CONTEXT ( 3 ) GLOBAL_UNCERTAINTY_ASSIGNED_CONTEXT ( ( #2757 ) ) GLOBAL_UNIT_ASSIGNED_CONTEXT ( ( #1635, #3689, #1930 ) ) REPRESENTATION_CONTEXT ( 'NONE', 'WORKASPACE' ) );
#1791 = SURFACE_SIDE_STYLE ('',( #3030 ) ) ;
#1792 =( GEOMETRIC_REPRESENTATION_CONTEXT ( 3 ) GLOBAL_UNCERTAINTY_ASSIGNED_CONTEXT ( ( #2125 ) ) GLOBAL_UNIT_ASSIGNED_CONTEXT ( ( #2366, #597, #2659 ) ) REPRESENTATION_CONTEXT ( 'NONE', 'WORKASPACE' ) );
#1793 = ORIENTED_EDGE ( 'NONE', *, *, #460, .T. ) ;
#1794 = DIRECTION ( 'NONE',  ( -0.8262748171451996800, 0.0000000000000000000, 0.5632671893086502700 ) ) ;
#1795 =( GEOMETRIC_REPRESENTATION_CONTEXT ( 3 ) GLOBAL_UNCERTAINTY_ASSIGNED_CONTEXT ( ( #17 ) ) GLOBAL_UNIT_ASSIGNED_CONTEXT ( ( #828, #2896, #1129 ) ) REPRESENTATION_CONTEXT ( 'NONE', 'WORKASPACE' ) );
#1796 = VECTOR ( 'NONE', #596, 1000.000000000000000 ) ;
#1797 = VECTOR ( 'NONE', #1644, 1000.000000000000000 ) ;
#1798 = LINE ( 'NONE', #1713, #342 ) ;
#1799 = LINE ( 'NONE', #3547, #3365 ) ;
#1800 = VECTOR ( 'NONE', #384, 1000.000000000000000 ) ;
#1801 = ORIENTED_EDGE ( 'NONE', *, *, #2825, .T. ) ;
#1802 = ORIENTED_EDGE ( 'NONE', *, *, #2140, .F. ) ;
#1803 = EDGE_CURVE ( 'NONE', #631, #3220, #1799, .T. ) ;
#1804 = COLOUR_RGB ( '',0.8274509803921568100, 0.8392156862745098200, 0.8274509803921568100 ) ;
#1805 = SURFACE_SIDE_STYLE ('',( #304 ) ) ;
#1806 = VECTOR ( 'NONE', #959, 1000.000000000000000 ) ;
#1807 = ADVANCED_FACE ( 'NONE', ( #1706 ), #356, .T. ) ;
#1808 =( GEOMETRIC_REPRESENTATION_CONTEXT ( 3 ) GLOBAL_UNCERTAINTY_ASSIGNED_CONTEXT ( ( #3065 ) ) GLOBAL_UNIT_ASSIGNED_CONTEXT ( ( #2260, #484, #2555 ) ) REPRESENTATION_CONTEXT ( 'NONE', 'WORKASPACE' ) );
#1809 = VECTOR ( 'NONE', #156, 1000.000000000000000 ) ;
#1810 = DIRECTION ( 'NONE',  ( -1.000000000000000000, 0.0000000000000000000, 0.0000000000000000000 ) ) ;
#1811 = VECTOR ( 'NONE', #2320, 1000.000000000000000 ) ;
#1812 = AXIS2_PLACEMENT_3D ( 'NONE', #1245, #3295, #1830 ) ;
#1813 = SURFACE_SIDE_STYLE ('',( #3385 ) ) ;
#1814 = ORIENTED_EDGE ( 'NONE', *, *, #1265, .T. ) ;
#1815 = CARTESIAN_POINT ( 'NONE',  ( 0.3995884314393594600, 3.889999999999999700, -2.558355370748213600 ) ) ;
#1816 = VECTOR ( 'NONE', #1049, 999.9999999999998900 ) ;
#1817 = FACE_OUTER_BOUND ( 'NONE', #3408, .T. ) ;
#1818 = DIRECTION ( 'NONE',  ( -0.0000000000000000000, 1.000000000000000000, -0.0000000000000000000 ) ) ;
#1819 = EDGE_CURVE ( 'NONE', #3407, #2914, #2233, .T. ) ;
#1820 = ORIENTED_EDGE ( 'NONE', *, *, #994, .F. ) ;
#1821 = FACE_OUTER_BOUND ( 'NONE', #3351, .T. ) ;
#1822 = DIRECTION ( 'NONE',  ( 0.0000000000000000000, 0.0000000000000000000, 1.000000000000000000 ) ) ;
#1823 = EDGE_CURVE ( 'NONE', #2213, #3216, #3006, .T. ) ;
#1824 = FILL_AREA_STYLE ('',( #1213 ) ) ;
#1825 = CARTESIAN_POINT ( 'NONE',  ( -1.180100623028498700, 3.889999999999999700, 0.5547047545625439800 ) ) ;
#1826 = EDGE_CURVE ( 'NONE', #3765, #2561, #1433, .T. ) ;
#1827 =( NAMED_UNIT ( * ) SI_UNIT ( $, .STERADIAN. ) SOLID_ANGLE_UNIT ( ) );
#1828 = STYLED_ITEM ( 'NONE', ( #1230 ), #1163 ) ;
#1829 = ADVANCED_FACE ( 'NONE', ( #3770 ), #382, .F. ) ;
#1830 = DIRECTION ( 'NONE',  ( 1.000000000000000000, 0.0000000000000000000, -0.0000000000000000000 ) ) ;
#1831 = UNCERTAINTY_MEASURE_WITH_UNIT (LENGTH_MEASURE( 1.000000000000000100E-005 ), #1786, 'distance_accuracy_value', 'NONE');
#1832 = DIRECTION ( 'NONE',  ( -0.0000000000000000000, 0.0000000000000000000, 1.000000000000000000 ) ) ;
#1833 = DIRECTION ( 'NONE',  ( 0.0000000000000000000, 2.920558888920715400E-016, -1.000000000000000000 ) ) ;
#1834 = ORIENTED_EDGE ( 'NONE', *, *, #3038, .F. ) ;
#1835 =( NAMED_UNIT ( * ) SI_UNIT ( $, .STERADIAN. ) SOLID_ANGLE_UNIT ( ) );
#1836 = CARTESIAN_POINT ( 'NONE',  ( -0.7238710756028941000, 3.889999999999999700, -2.558355370748213600 ) ) ;
#1837 = DIRECTION ( 'NONE',  ( 0.5715618010866456700, 0.0000000000000000000, -0.8205590213620160800 ) ) ;
#1838 = ORIENTED_EDGE ( 'NONE', *, *, #263, .F. ) ;
#1839 = ORIENTED_EDGE ( 'NONE', *, *, #2140, .T. ) ;
#1840 = EDGE_CURVE ( 'NONE', #3067, #3765, #2640, .T. ) ;
#1841 = PRESENTATION_LAYER_ASSIGNMENT (  '', '', ( #1451 ) ) ;
#1842 = DIRECTION ( 'NONE',  ( 4.130293990420967400E-016, 0.0000000000000000000, 1.000000000000000000 ) ) ;
#1843 = CARTESIAN_POINT ( 'NONE',  ( 1.500000000000000200, 3.900000000000000800, 5.099999999999999600 ) ) ;
#1844 = VECTOR ( 'NONE', #3611, 1000.000000000000000 ) ;
#1845 = ORIENTED_EDGE ( 'NONE', *, *, #95, .F. ) ;
#1846 = EDGE_CURVE ( 'NONE', #178, #221, #1066, .T. ) ;
#1847 = DIRECTION ( 'NONE',  ( 0.0000000000000000000, 0.0000000000000000000, 1.000000000000000000 ) ) ;
#1848 = COLOUR_RGB ( '',0.8274509803921568100, 0.8392156862745098200, 0.8274509803921568100 ) ;
#1849 = CARTESIAN_POINT ( 'NONE',  ( -3.724999999999993000, 3.899999999999999900, 3.724999999999998300 ) ) ;
#1850 = LINE ( 'NONE', #2403, #2557 ) ;
#1851 =( LENGTH_UNIT ( ) NAMED_UNIT ( * ) SI_UNIT ( .MILLI., .METRE. ) );
#1852 =( NAMED_UNIT ( * ) PLANE_ANGLE_UNIT ( ) SI_UNIT ( $, .RADIAN. ) );
#1853 = ORIENTED_EDGE ( 'NONE', *, *, #3456, .F. ) ;
#1854 = VERTEX_POINT ( 'NONE', #964 ) ;
#1855 = SURFACE_STYLE_USAGE ( .BOTH. , #3603 ) ;
#1856 = EDGE_CURVE ( 'NONE', #3127, #1138, #1754, .T. ) ;
#1857 = CARTESIAN_POINT ( 'NONE',  ( 2.385355339059324300, 2.400000000000000400, -5.149497474683058400 ) ) ;
#1858 = DIRECTION ( 'NONE',  ( 0.0000000000000000000, 0.0000000000000000000, 1.000000000000000000 ) ) ;
#1859 = CARTESIAN_POINT ( 'NONE',  ( 1.027339311721049600, 3.899999999999999900, -0.3752567791989179800 ) ) ;
#1860 =( GEOMETRIC_REPRESENTATION_CONTEXT ( 3 ) GLOBAL_UNCERTAINTY_ASSIGNED_CONTEXT ( ( #1313 ) ) GLOBAL_UNIT_ASSIGNED_CONTEXT ( ( #695, #409, #3647 ) ) REPRESENTATION_CONTEXT ( 'NONE', 'WORKASPACE' ) );
#1861 = SURFACE_STYLE_USAGE ( .BOTH. , #3615 ) ;
#1862 = SURFACE_STYLE_USAGE ( .BOTH. , #3040 ) ;
#1863 = DIRECTION ( 'NONE',  ( -1.000000000000000000, 0.0000000000000000000, 0.0000000000000000000 ) ) ;
#1864 = VERTEX_POINT ( 'NONE', #3323 ) ;
#1865 =( GEOMETRIC_REPRESENTATION_CONTEXT ( 3 ) GLOBAL_UNCERTAINTY_ASSIGNED_CONTEXT ( ( #191 ) ) GLOBAL_UNIT_ASSIGNED_CONTEXT ( ( #3730, #1978, #231 ) ) REPRESENTATION_CONTEXT ( 'NONE', 'WORKASPACE' ) );
#1866 = EDGE_LOOP ( 'NONE', ( #1896, #2079, #882, #629, #2765, #3232, #1884 ) ) ;
#1867 = FACE_OUTER_BOUND ( 'NONE', #2718, .T. ) ;
#1868 = AXIS2_PLACEMENT_3D ( 'NONE', #3623, #1874, #125 ) ;
#1869 = ORIENTED_EDGE ( 'NONE', *, *, #1428, .F. ) ;
#1870 = VECTOR ( 'NONE', #3693, 1000.000000000000000 ) ;
#1871 = CARTESIAN_POINT ( 'NONE',  ( 1.500000000000000200, 0.0000000000000000000, -5.099999999999999600 ) ) ;
#1872 = VECTOR ( 'NONE', #2910, 1000.000000000000000 ) ;
#1873 = CARTESIAN_POINT ( 'NONE',  ( 5.099999999999999600, 3.899999999999999900, -2.349999999999988500 ) ) ;
#1874 = DIRECTION ( 'NONE',  ( 1.000000000000000000, 0.0000000000000000000, 0.0000000000000000000 ) ) ;
#1875 = UNCERTAINTY_MEASURE_WITH_UNIT (LENGTH_MEASURE( 1.000000000000000100E-005 ), #233, 'distance_accuracy_value', 'NONE');
#1876 = FILL_AREA_STYLE_COLOUR ( '', #3582 ) ;
#1877 = DIRECTION ( 'NONE',  ( -0.0000000000000000000, 0.0000000000000000000, 1.000000000000000000 ) ) ;
#1878 = VERTEX_POINT ( 'NONE', #2142 ) ;
#1879 = CARTESIAN_POINT ( 'NONE',  ( 0.03083687697150129200, 3.889999999999999700, 1.785998768647050900 ) ) ;
#1880 = DIRECTION ( 'NONE',  ( -1.000000000000000000, 0.0000000000000000000, 0.0000000000000000000 ) ) ;
#1881 = DIRECTION ( 'NONE',  ( -1.000000000000000000, 0.0000000000000000000, 0.0000000000000000000 ) ) ;
#1882 = CARTESIAN_POINT ( 'NONE',  ( -0.8878235403916260300, 3.899999999999999900, -2.840045511593284600 ) ) ;
#1883 =( GEOMETRIC_REPRESENTATION_CONTEXT ( 3 ) GLOBAL_UNCERTAINTY_ASSIGNED_CONTEXT ( ( #3219 ) ) GLOBAL_UNIT_ASSIGNED_CONTEXT ( ( #1234, #3284, #1520 ) ) REPRESENTATION_CONTEXT ( 'NONE', 'WORKASPACE' ) );
#1884 = ORIENTED_EDGE ( 'NONE', *, *, #1846, .F. ) ;
#1885 = ORIENTED_EDGE ( 'NONE', *, *, #69, .F. ) ;
#1886 = PLANE ( 'NONE',  #126 ) ;
#1887 = CARTESIAN_POINT ( 'NONE',  ( 3.834924240491746100, 2.399999999999999500, -3.615075759508247400 ) ) ;
#1888 = LINE ( 'NONE', #1172, #3359 ) ;
#1889 = DIRECTION ( 'NONE',  ( -0.7071067811865486800, 0.0000000000000000000, 0.7071067811865464600 ) ) ;
#1890 = STYLED_ITEM ( 'NONE', ( #3159 ), #272 ) ;
#1891 = VECTOR ( 'NONE', #249, 1000.000000000000000 ) ;
#1892 = PRESENTATION_LAYER_ASSIGNMENT (  '', '', ( #1504 ) ) ;
#1893 = VECTOR ( 'NONE', #2722, 1000.000000000000000 ) ;
#1894 = SURFACE_SIDE_STYLE ('',( #503 ) ) ;
#1895 = ORIENTED_EDGE ( 'NONE', *, *, #72, .T. ) ;
#1896 = ORIENTED_EDGE ( 'NONE', *, *, #3203, .F. ) ;
#1897 =( GEOMETRIC_REPRESENTATION_CONTEXT ( 3 ) GLOBAL_UNCERTAINTY_ASSIGNED_CONTEXT ( ( #3659 ) ) GLOBAL_UNIT_ASSIGNED_CONTEXT ( ( #2838, #1075, #3131 ) ) REPRESENTATION_CONTEXT ( 'NONE', 'WORKASPACE' ) );
#1898 =( NAMED_UNIT ( * ) PLANE_ANGLE_UNIT ( ) SI_UNIT ( $, .RADIAN. ) );
#1899 = EDGE_CURVE ( 'NONE', #1789, #3135, #298, .T. ) ;
#1900 = CARTESIAN_POINT ( 'NONE',  ( -0.1490706934510338500, 3.899999999999999900, 1.567578874280853900 ) ) ;
#1901 = LINE ( 'NONE', #2136, #1806 ) ;
#1902 = UNCERTAINTY_MEASURE_WITH_UNIT (LENGTH_MEASURE( 1.000000000000000100E-005 ), #3160, 'distance_accuracy_value', 'NONE');
#1903 = CARTESIAN_POINT ( 'NONE',  ( 5.099999999999998800, 0.0000000000000000000, -5.099999999999999600 ) ) ;
#1904 = LINE ( 'NONE', #1607, #444 ) ;
#1905 = CARTESIAN_POINT ( 'NONE',  ( 0.8958472342562610000, 3.889999999999999700, -2.558355370748213600 ) ) ;
#1906 = PLANE ( 'NONE',  #1282 ) ;
#1907 = DIRECTION ( 'NONE',  ( -1.000000000000000000, 0.0000000000000000000, 0.0000000000000000000 ) ) ;
#1908 = DIRECTION ( 'NONE',  ( 0.0000000000000000000, 0.0000000000000000000, -1.000000000000000000 ) ) ;
#1909 = ORIENTED_EDGE ( 'NONE', *, *, #2639, .F. ) ;
#1910 = VERTEX_POINT ( 'NONE', #692 ) ;
#1911 = COLOUR_RGB ( '',0.8274509803921568100, 0.8392156862745098200, 0.8274509803921568100 ) ;
#1912 = LINE ( 'NONE', #872, #1135 ) ;
#1913 = AXIS2_PLACEMENT_3D ( 'NONE', #2889, #1124, #822 ) ;
#1914 = ORIENTED_EDGE ( 'NONE', *, *, #474, .T. ) ;
#1915 = FILL_AREA_STYLE ('',( #2203 ) ) ;
#1916 = CARTESIAN_POINT ( 'NONE',  ( -1.499999999999998400, -0.1000000000000000100, -3.949999999999998800 ) ) ;
#1917 = DIRECTION ( 'NONE',  ( 0.0000000000000000000, 0.0000000000000000000, 1.000000000000000000 ) ) ;
#1918 = DIRECTION ( 'NONE',  ( -0.0000000000000000000, 0.0000000000000000000, 1.000000000000000000 ) ) ;
#1919 = DIRECTION ( 'NONE',  ( -0.7071067811865463500, 0.0000000000000000000, -0.7071067811865487900 ) ) ;
#1920 = ORIENTED_EDGE ( 'NONE', *, *, #2764, .T. ) ;
#1921 = CARTESIAN_POINT ( 'NONE',  ( -1.500000000000093700, 3.900000000000000800, -5.149999999999999500 ) ) ;
#1922 = EDGE_CURVE ( 'NONE', #2251, #1479, #201, .T. ) ;
#1923 = ORIENTED_EDGE ( 'NONE', *, *, #3089, .T. ) ;
#1924 = ORIENTED_EDGE ( 'NONE', *, *, #389, .F. ) ;
#1925 = VERTEX_POINT ( 'NONE', #1291 ) ;
#1926 = FILL_AREA_STYLE ('',( #2540 ) ) ;
#1927 = SURFACE_SIDE_STYLE ('',( #2747 ) ) ;
#1928 = DIRECTION ( 'NONE',  ( 0.0000000000000000000, 0.0000000000000000000, -1.000000000000000000 ) ) ;
#1929 =( NAMED_UNIT ( * ) PLANE_ANGLE_UNIT ( ) SI_UNIT ( $, .RADIAN. ) );
#1930 =( NAMED_UNIT ( * ) SI_UNIT ( $, .STERADIAN. ) SOLID_ANGLE_UNIT ( ) );
#1931 = STYLED_ITEM ( 'NONE', ( #2826 ), #2082 ) ;
#1932 = SHAPE_DEFINITION_REPRESENTATION ( #1018, #2709 ) ;
#1933 = EDGE_LOOP ( 'NONE', ( #776, #827, #3058, #3694 ) ) ;
#1934 =( GEOMETRIC_REPRESENTATION_CONTEXT ( 3 ) GLOBAL_UNCERTAINTY_ASSIGNED_CONTEXT ( ( #493 ) ) GLOBAL_UNIT_ASSIGNED_CONTEXT ( ( #3066, #1308, #3354 ) ) REPRESENTATION_CONTEXT ( 'NONE', 'WORKASPACE' ) );
#1935 = CARTESIAN_POINT ( 'NONE',  ( -1.180100623028498700, 3.899999999999999900, 0.5547047545625439800 ) ) ;
#1936 = SURFACE_STYLE_FILL_AREA ( #1773 ) ;
#1937 = ORIENTED_EDGE ( 'NONE', *, *, #1945, .F. ) ;
#1938 = EDGE_LOOP ( 'NONE', ( #2228, #2343, #2415, #2502 ) ) ;
#1939 = EDGE_CURVE ( 'NONE', #3610, #2213, #874, .T. ) ;
#1940 = ORIENTED_EDGE ( 'NONE', *, *, #1856, .T. ) ;
#1941 = PRESENTATION_STYLE_ASSIGNMENT (( #3509 ) ) ;
#1942 = DIRECTION ( 'NONE',  ( 0.0000000000000000000, -0.0000000000000000000, 1.000000000000000000 ) ) ;
#1943 = SURFACE_SIDE_STYLE ('',( #2739 ) ) ;
#1944 = PLANE ( 'NONE',  #2504 ) ;
#1945 = EDGE_CURVE ( 'NONE', #206, #760, #1653, .T. ) ;
#1946 = FACE_OUTER_BOUND ( 'NONE', #824, .T. ) ;
#1947 = DIRECTION ( 'NONE',  ( 1.000000000000000000, -0.0000000000000000000, 2.891205793294678300E-016 ) ) ;
#1948 = PLANE ( 'NONE',  #46 ) ;
#1949 = DIRECTION ( 'NONE',  ( -0.9106325762691961400, 0.0000000000000000000, -0.4132170265578690200 ) ) ;
#1950 = LINE ( 'NONE', #422, #1179 ) ;
#1951 = VECTOR ( 'NONE', #3078, 1000.000000000000000 ) ;
#1952 = SURFACE_STYLE_FILL_AREA ( #3316 ) ;
#1953 = FILL_AREA_STYLE ('',( #781 ) ) ;
#1954 = SURFACE_STYLE_FILL_AREA ( #2305 ) ;
#1955 = ORIENTED_EDGE ( 'NONE', *, *, #2198, .T. ) ;
#1956 = DIRECTION ( 'NONE',  ( 0.4136819341461172600, 0.0000000000000000000, -0.9104214723748157400 ) ) ;
#1957 = CARTESIAN_POINT ( 'NONE',  ( -1.499999999999999800, 3.900000000000000400, 5.149999999999999500 ) ) ;
#1958 = ORIENTED_EDGE ( 'NONE', *, *, #1412, .T. ) ;
#1959 =( LENGTH_UNIT ( ) NAMED_UNIT ( * ) SI_UNIT ( .MILLI., .METRE. ) );
#1960 = PRESENTATION_STYLE_ASSIGNMENT (( #1068 ) ) ;
#1961 = VECTOR ( 'NONE', #1439, 1000.000000000000100 ) ;
#1962 = AXIS2_PLACEMENT_3D ( 'NONE', #1393, #1682, #3435 ) ;
#1963 = VECTOR ( 'NONE', #2219, 1000.000000000000000 ) ;
#1964 = CARTESIAN_POINT ( 'NONE',  ( -2.349999999999996100, 2.400000000000000400, 5.149497474683058400 ) ) ;
#1965 = ADVANCED_FACE ( 'NONE', ( #2365 ), #3045, .F. ) ;
#1966 = STYLED_ITEM ( 'NONE', ( #2324 ), #3143 ) ;
#1967 = DIRECTION ( 'NONE',  ( 1.000000000000000000, -0.0000000000000000000, 1.752335333352409800E-014 ) ) ;
#1968 = UNCERTAINTY_MEASURE_WITH_UNIT (LENGTH_MEASURE( 1.000000000000000100E-005 ), #3177, 'distance_accuracy_value', 'NONE');
#1969 = PLANE ( 'NONE',  #2097 ) ;
#1970 = ORIENTED_EDGE ( 'NONE', *, *, #952, .F. ) ;
#1971 = EDGE_CURVE ( 'NONE', #227, #1789, #489, .T. ) ;
#1972 = FILL_AREA_STYLE_COLOUR ( '', #2000 ) ;
#1973 = DIRECTION ( 'NONE',  ( -1.000000000000000000, -2.551063935259964600E-016, 0.0000000000000000000 ) ) ;
#1974 = FILL_AREA_STYLE_COLOUR ( '', #3201 ) ;
#1975 =( GEOMETRIC_REPRESENTATION_CONTEXT ( 3 ) GLOBAL_UNCERTAINTY_ASSIGNED_CONTEXT ( ( #680 ) ) GLOBAL_UNIT_ASSIGNED_CONTEXT ( ( #948, #1852, #1827 ) ) REPRESENTATION_CONTEXT ( 'NONE', 'WORKASPACE' ) );
#1976 = ORIENTED_EDGE ( 'NONE', *, *, #3154, .F. ) ;
#1977 = ORIENTED_EDGE ( 'NONE', *, *, #2265, .T. ) ;
#1978 =( NAMED_UNIT ( * ) PLANE_ANGLE_UNIT ( ) SI_UNIT ( $, .RADIAN. ) );
#1979 = VERTEX_POINT ( 'NONE', #2821 ) ;
#1980 = EDGE_CURVE ( 'NONE', #561, #1854, #1950, .T. ) ;
#1981 = PRODUCT ( 'MSS1038', 'MSS1038', '', ( #2161 ) ) ;
#1982 = CARTESIAN_POINT ( 'NONE',  ( 2.351613079326683800, 3.899999999999999900, -2.840045511593284600 ) ) ;
#1983 = CARTESIAN_POINT ( 'NONE',  ( -2.349999999999996500, 0.0000000000000000000, 5.099999999999999600 ) ) ;
#1984 = CARTESIAN_POINT ( 'NONE',  ( -2.343589385462048600, 3.889999999999999700, -2.558355370748213600 ) ) ;
#1985 = VECTOR ( 'NONE', #1698, 1000.000000000000000 ) ;
#1986 = SURFACE_STYLE_USAGE ( .BOTH. , #3736 ) ;
#1987 =( LENGTH_UNIT ( ) NAMED_UNIT ( * ) SI_UNIT ( .MILLI., .METRE. ) );
#1988 = COLOUR_RGB ( '',0.1921568627450980200, 0.2039215686274509800, 0.2039215686274509800 ) ;
#1989 = DIRECTION ( 'NONE',  ( -0.0000000000000000000, 1.000000000000000000, 0.0000000000000000000 ) ) ;
#1990 = VERTEX_POINT ( 'NONE', #761 ) ;
#1991 = ORIENTED_EDGE ( 'NONE', *, *, #2155, .F. ) ;
#1992 = FILL_AREA_STYLE ('',( #2872 ) ) ;
#1993 = ADVANCED_FACE ( 'NONE', ( #405 ), #2543, .F. ) ;
#1994 = SURFACE_SIDE_STYLE ('',( #931 ) ) ;
#1995 = CARTESIAN_POINT ( 'NONE',  ( 1.500000000000001100, -0.1000000000000000100, -4.999999999999999100 ) ) ;
#1996 = CARTESIAN_POINT ( 'NONE',  ( -1.911151005180358600, 3.899999999999999900, -0.3752567791989179800 ) ) ;
#1997 = CARTESIAN_POINT ( 'NONE',  ( -1.499999999999998400, -0.1000000000000000100, -4.999999999999999100 ) ) ;
#1998 = DIRECTION ( 'NONE',  ( -0.0000000000000000000, 1.000000000000000000, -0.0000000000000000000 ) ) ;
#1999 = CARTESIAN_POINT ( 'NONE',  ( -1.220129878419795100, 3.889999999999999700, -2.558355370748213600 ) ) ;
#2000 = COLOUR_RGB ( '',1.000000000000000000, 1.000000000000000000, 1.000000000000000000 ) ;
#2001 = FILL_AREA_STYLE_COLOUR ( '', #2835 ) ;
#2002 = EDGE_CURVE ( 'NONE', #2356, #2469, #128, .T. ) ;
#2003 = EDGE_LOOP ( 'NONE', ( #804, #3043, #878, #287, #681, #1923, #192 ) ) ;
#2004 = FILL_AREA_STYLE ('',( #1445 ) ) ;
#2005 = CARTESIAN_POINT ( 'NONE',  ( -3.870279579551072900, 2.400000000000000400, 3.650431098567573400 ) ) ;
#2006 = SURFACE_STYLE_FILL_AREA ( #23 ) ;
#2007 = ORIENTED_EDGE ( 'NONE', *, *, #782, .F. ) ;
#2008 = VECTOR ( 'NONE', #1176, 999.9999999999998900 ) ;
#2009 = CARTESIAN_POINT ( 'NONE',  ( -5.100000000000000500, 0.0000000000000000000, -3.600000000000000100 ) ) ;
#2010 = EDGE_LOOP ( 'NONE', ( #3096, #240, #3053, #3335 ) ) ;
#2011 = CARTESIAN_POINT ( 'NONE',  ( 5.099999999999999600, 3.899999999999999900, -2.349999999999987200 ) ) ;
#2012 = FACE_OUTER_BOUND ( 'NONE', #3434, .T. ) ;
#2013 = VECTOR ( 'NONE', #1267, 1000.000000000000000 ) ;
#2014 = CARTESIAN_POINT ( 'NONE',  ( -2.343589385462048600, 3.899999999999999900, -2.840045511593284600 ) ) ;
#2015 = COLOUR_RGB ( '',1.000000000000000000, 1.000000000000000000, 1.000000000000000000 ) ;
#2016 = ADVANCED_FACE ( 'NONE', ( #2480 ), #211, .T. ) ;
#2017 = PLANE ( 'NONE',  #3121 ) ;
#2018 = DIRECTION ( 'NONE',  ( -0.0000000000000000000, -0.0000000000000000000, -1.000000000000000000 ) ) ;
#2019 = CARTESIAN_POINT ( 'NONE',  ( -0.8878235403916260300, 3.889999999999999700, -2.840045511593284600 ) ) ;
#2020 = STYLED_ITEM ( 'NONE', ( #2432 ), #378 ) ;
#2021 = CARTESIAN_POINT ( 'NONE',  ( 0.7318947694675286300, 3.889999999999999700, -2.630428434128495600 ) ) ;
#2022 = CARTESIAN_POINT ( 'NONE',  ( 1.499999999999981800, 1.399999999999999900, -5.149999999999999500 ) ) ;
#2023 = EDGE_CURVE ( 'NONE', #757, #3424, #2100, .T. ) ;
#2024 = CARTESIAN_POINT ( 'NONE',  ( -0.8878235403916260300, 3.889999999999999700, -2.840045511593284600 ) ) ;
#2025 = UNCERTAINTY_MEASURE_WITH_UNIT (LENGTH_MEASURE( 1.000000000000000100E-005 ), #2419, 'distance_accuracy_value', 'NONE');
#2026 = EDGE_LOOP ( 'NONE', ( #3153, #870, #3309, #3771, #3762, #2774 ) ) ;
#2027 = STYLED_ITEM ( 'NONE', ( #2038 ), #3478 ) ;
#2028 =( NAMED_UNIT ( * ) PLANE_ANGLE_UNIT ( ) SI_UNIT ( $, .RADIAN. ) );
#2029 = EDGE_CURVE ( 'NONE', #864, #346, #2877, .T. ) ;
#2030 = DIRECTION ( 'NONE',  ( 0.7071067811865463500, -0.0000000000000000000, 0.7071067811865487900 ) ) ;
#2031 = EDGE_CURVE ( 'NONE', #2281, #1405, #1315, .T. ) ;
#2032 = VERTEX_POINT ( 'NONE', #1098 ) ;
#2033 = DIRECTION ( 'NONE',  ( -0.0000000000000000000, 1.000000000000000000, -0.0000000000000000000 ) ) ;
#2034 = EDGE_LOOP ( 'NONE', ( #449, #658, #1688, #1322, #207, #377, #764, #1646 ) ) ;
#2035 = AXIS2_PLACEMENT_3D ( 'NONE', #1997, #3748, #2433 ) ;
#2036 = CARTESIAN_POINT ( 'NONE',  ( -0.2914326953212039200, 3.889999999999999700, -0.3752567791989179800 ) ) ;
#2037 = ADVANCED_FACE ( 'NONE', ( #1218 ), #1686, .T. ) ;
#2038 = PRESENTATION_STYLE_ASSIGNMENT (( #2610 ) ) ;
#2039 =( NAMED_UNIT ( * ) PLANE_ANGLE_UNIT ( ) SI_UNIT ( $, .RADIAN. ) );
#2040 = EDGE_LOOP ( 'NONE', ( #2130, #2253, #74, #3172, #1391, #3382 ) ) ;
#2041 = PRESENTATION_STYLE_ASSIGNMENT (( #999 ) ) ;
#2042 = DIRECTION ( 'NONE',  ( 1.000000000000000000, 0.0000000000000000000, 0.0000000000000000000 ) ) ;
#2043 = CARTESIAN_POINT ( 'NONE',  ( -0.7238710756028941000, 3.889999999999999700, -2.558355370748213600 ) ) ;
#2044 = PLANE ( 'NONE',  #2121 ) ;
#2045 = VECTOR ( 'NONE', #2354, 1000.000000000000000 ) ;
#2046 = SURFACE_STYLE_FILL_AREA ( #2193 ) ;
#2047 = SURFACE_STYLE_USAGE ( .BOTH. , #6 ) ;
#2048 = EDGE_LOOP ( 'NONE', ( #3648, #511, #1761, #1290 ) ) ;
#2049 = EDGE_CURVE ( 'NONE', #2418, #3765, #932, .T. ) ;
#2050 = COLOUR_RGB ( '',0.1921568627450980200, 0.2039215686274509800, 0.2039215686274509800 ) ;
#2051 = CARTESIAN_POINT ( 'NONE',  ( -0.8878235403916260300, 3.889999999999999700, -2.840045511593284600 ) ) ;
#2052 = AXIS2_PLACEMENT_3D ( 'NONE', #2655, #35, #3237 ) ;
#2053 = VECTOR ( 'NONE', #531, 1000.000000000000000 ) ;
#2054 =( LENGTH_UNIT ( ) NAMED_UNIT ( * ) SI_UNIT ( .MILLI., .METRE. ) );
#2055 = AXIS2_PLACEMENT_3D ( 'NONE', #2499, #731, #2779 ) ;
#2056 = CARTESIAN_POINT ( 'NONE',  ( 1.500000000000001600, -0.1000000000000000100, -3.949999999999998800 ) ) ;
#2057 = EDGE_CURVE ( 'NONE', #157, #2084, #1721, .T. ) ;
#2058 = DIRECTION ( 'NONE',  ( -0.0000000000000000000, 0.0000000000000000000, 1.000000000000000000 ) ) ;
#2059 = VECTOR ( 'NONE', #2467, 1000.000000000000000 ) ;
#2060 = ADVANCED_FACE ( 'NONE', ( #1627 ), #575, .T. ) ;
#2061 = LINE ( 'NONE', #1000, #3505 ) ;
#2062 = VECTOR ( 'NONE', #3017, 999.9999999999998900 ) ;
#2063 = STYLED_ITEM ( 'NONE', ( #241 ), #3564 ) ;
#2064 =( NAMED_UNIT ( * ) PLANE_ANGLE_UNIT ( ) SI_UNIT ( $, .RADIAN. ) );
#2065 = VECTOR ( 'NONE', #3755, 1000.000000000000000 ) ;
#2066 = EDGE_LOOP ( 'NONE', ( #1885, #117, #2429, #438 ) ) ;
#2067 = FACE_OUTER_BOUND ( 'NONE', #3183, .T. ) ;
#2068 = FACE_OUTER_BOUND ( 'NONE', #3072, .T. ) ;
#2069 = EDGE_CURVE ( 'NONE', #1346, #1343, #3692, .T. ) ;
#2070 = CARTESIAN_POINT ( 'NONE',  ( 1.499999999999999800, -0.1000000000000000100, 3.949999999999999700 ) ) ;
#2071 = VERTEX_POINT ( 'NONE', #549 ) ;
#2072 = VECTOR ( 'NONE', #3105, 1000.000000000000000 ) ;
#2073 = FILL_AREA_STYLE ('',( #2658 ) ) ;
#2074 = VECTOR ( 'NONE', #3768, 1000.000000000000000 ) ;
#2075 = SURFACE_SIDE_STYLE ('',( #2006 ) ) ;
#2076 = DIRECTION ( 'NONE',  ( 0.0000000000000000000, 1.000000000000000000, 0.0000000000000000000 ) ) ;
#2077 =( NAMED_UNIT ( * ) SI_UNIT ( $, .STERADIAN. ) SOLID_ANGLE_UNIT ( ) );
#2078 = ORIENTED_EDGE ( 'NONE', *, *, #765, .T. ) ;
#2079 = ORIENTED_EDGE ( 'NONE', *, *, #3302, .F. ) ;
#2080 = PRESENTATION_LAYER_ASSIGNMENT (  '', '', ( #1666 ) ) ;
#2081 = UNCERTAINTY_MEASURE_WITH_UNIT (LENGTH_MEASURE( 1.000000000000000100E-005 ), #780, 'distance_accuracy_value', 'NONE');
#2082 = ADVANCED_FACE ( 'NONE', ( #3595 ), #2017, .T. ) ;
#2083 = DIRECTION ( 'NONE',  ( -1.700709290173340400E-016, -0.0000000000000000000, -1.000000000000000000 ) ) ;
#2084 = VERTEX_POINT ( 'NONE', #3319 ) ;
#2085 = DIRECTION ( 'NONE',  ( -0.0000000000000000000, 1.000000000000000000, -0.0000000000000000000 ) ) ;
#2086 = ORIENTED_EDGE ( 'NONE', *, *, #2239, .T. ) ;
#2087 = SURFACE_STYLE_FILL_AREA ( #744 ) ;
#2088 = FILL_AREA_STYLE_COLOUR ( '', #499 ) ;
#2089 = FACE_OUTER_BOUND ( 'NONE', #76, .T. ) ;
#2090 = FILL_AREA_STYLE_COLOUR ( '', #563 ) ;
#2091 = EDGE_LOOP ( 'NONE', ( #120, #1536, #1204, #2468 ) ) ;
#2092 = ORIENTED_EDGE ( 'NONE', *, *, #2454, .F. ) ;
#2093 = DIRECTION ( 'NONE',  ( -1.000000000000000000, 0.0000000000000000000, 0.0000000000000000000 ) ) ;
#2094 =( NAMED_UNIT ( * ) SI_UNIT ( $, .STERADIAN. ) SOLID_ANGLE_UNIT ( ) );
#2095 = PRESENTATION_STYLE_ASSIGNMENT (( #3209 ) ) ;
#2096 = DIRECTION ( 'NONE',  ( -1.000000000000000000, 0.0000000000000000000, 0.0000000000000000000 ) ) ;
#2097 = AXIS2_PLACEMENT_3D ( 'NONE', #1984, #234, #1684 ) ;
#2098 = CARTESIAN_POINT ( 'NONE',  ( 0.7318947694675286300, 3.899999999999999900, -2.840045511593284600 ) ) ;
#2099 = MECHANICAL_DESIGN_GEOMETRIC_PRESENTATION_REPRESENTATION (  '', ( #1504 ), #2304 ) ;
#2100 = LINE ( 'NONE', #2286, #3644 ) ;
#2101 = ORIENTED_EDGE ( 'NONE', *, *, #95, .T. ) ;
#2102 = COLOUR_RGB ( '',0.8274509803921568100, 0.8392156862745098200, 0.8274509803921568100 ) ;
#2103 = CARTESIAN_POINT ( 'NONE',  ( -0.7238710756028941000, 3.889999999999999700, -2.558355370748213600 ) ) ;
#2104 = EDGE_CURVE ( 'NONE', #1878, #3525, #3330, .T. ) ;
#2105 = CARTESIAN_POINT ( 'NONE',  ( -0.7238710756028941000, 3.899999999999999900, -2.840045511593284600 ) ) ;
#2106 = DIRECTION ( 'NONE',  ( 0.0000000000000000000, 1.000000000000000000, -0.0000000000000000000 ) ) ;
#2107 = VECTOR ( 'NONE', #3212, 1000.000000000000000 ) ;
#2108 = ORIENTED_EDGE ( 'NONE', *, *, #1387, .T. ) ;
#2109 = EDGE_CURVE ( 'NONE', #1505, #2938, #2564, .T. ) ;
#2110 = ORIENTED_EDGE ( 'NONE', *, *, #3456, .T. ) ;
#2111 = COLOUR_RGB ( '',1.000000000000000000, 1.000000000000000000, 1.000000000000000000 ) ;
#2112 = STYLED_ITEM ( 'NONE', ( #949 ), #933 ) ;
#2113 = ADVANCED_FACE ( 'NONE', ( #1079 ), #2477, .T. ) ;
#2114 = SURFACE_SIDE_STYLE ('',( #1724 ) ) ;
#2115 = LINE ( 'NONE', #219, #3657 ) ;
#2116 = DIRECTION ( 'NONE',  ( 0.0000000000000000000, -1.000000000000000000, 0.0000000000000000000 ) ) ;
#2117 =( LENGTH_UNIT ( ) NAMED_UNIT ( * ) SI_UNIT ( .MILLI., .METRE. ) );
#2118 = SURFACE_SIDE_STYLE ('',( #1388 ) ) ;
#2119 = DIRECTION ( 'NONE',  ( -0.0000000000000000000, 0.0000000000000000000, -1.000000000000000000 ) ) ;
#2120 = DIRECTION ( 'NONE',  ( -0.5662018424294001900, 0.0000000000000000000, 0.8242666277543647700 ) ) ;
#2121 = AXIS2_PLACEMENT_3D ( 'NONE', #1427, #3471, #3187 ) ;
#2122 = EDGE_LOOP ( 'NONE', ( #2745, #2813, #649, #2685 ) ) ;
#2123 = CARTESIAN_POINT ( 'NONE',  ( -0.8878235403916260300, 3.889999999999999700, -2.630428434128495600 ) ) ;
#2124 = EDGE_LOOP ( 'NONE', ( #3091, #1491, #2150, #691 ) ) ;
#2125 = UNCERTAINTY_MEASURE_WITH_UNIT (LENGTH_MEASURE( 1.000000000000000100E-005 ), #2366, 'distance_accuracy_value', 'NONE');
#2126 = DIRECTION ( 'NONE',  ( -1.000000000000000000, 0.0000000000000000000, 0.0000000000000000000 ) ) ;
#2127 = EDGE_LOOP ( 'NONE', ( #1914, #37, #189, #1366, #3126, #109, #3247, #954, #2165, #554, #868, #1776, #1060, #383 ) ) ;
#2128 = PLANE ( 'NONE',  #1771 ) ;
#2129 = AXIS2_PLACEMENT_3D ( 'NONE', #957, #3029, #1268 ) ;
#2130 = ORIENTED_EDGE ( 'NONE', *, *, #260, .T. ) ;
#2131 = CARTESIAN_POINT ( 'NONE',  ( 0.0000000000000000000, 2.899999999999999900, 0.0000000000000000000 ) ) ;
#2132 = ADVANCED_FACE ( 'NONE', ( #1495 ), #2493, .F. ) ;
#2133 = FACE_OUTER_BOUND ( 'NONE', #1938, .T. ) ;
#2134 = SURFACE_STYLE_USAGE ( .BOTH. , #83 ) ;
#2135 = CARTESIAN_POINT ( 'NONE',  ( -2.349999999999996100, 2.400000000000000400, 5.149999999999999500 ) ) ;
#2136 = CARTESIAN_POINT ( 'NONE',  ( -0.8878235403916260300, 3.889999999999999700, -2.630428434128495600 ) ) ;
#2137 = COLOUR_RGB ( '',0.8274509803921568100, 0.8392156862745098200, 0.8274509803921568100 ) ;
#2138 = ORIENTED_EDGE ( 'NONE', *, *, #1459, .T. ) ;
#2139 = FILL_AREA_STYLE_COLOUR ( '', #137 ) ;
#2140 = EDGE_CURVE ( 'NONE', #146, #3041, #3451, .T. ) ;
#2141 = FACE_OUTER_BOUND ( 'NONE', #3567, .T. ) ;
#2142 = CARTESIAN_POINT ( 'NONE',  ( -1.500000000000000900, 0.0000000000000000000, -5.099999999999999600 ) ) ;
#2143 = PLANE ( 'NONE',  #576 ) ;
#2144 = LINE ( 'NONE', #2420, #2921 ) ;
#2145 = APPLICATION_PROTOCOL_DEFINITION ( 'draft international standard', 'automotive_design', 1998, #2443 ) ;
#2146 = CARTESIAN_POINT ( 'NONE',  ( -3.834924240491745600, 1.399999999999999900, 3.615075759508246100 ) ) ;
#2147 = AXIS2_PLACEMENT_3D ( 'NONE', #1409, #248, #3763 ) ;
#2148 = VECTOR ( 'NONE', #2332, 1000.000000000000000 ) ;
#2149 = VECTOR ( 'NONE', #1026, 1000.000000000000000 ) ;
#2150 = ORIENTED_EDGE ( 'NONE', *, *, #1510, .T. ) ;
#2151 = VERTEX_POINT ( 'NONE', #733 ) ;
#2152 = DIRECTION ( 'NONE',  ( -1.000000000000000000, 0.0000000000000000000, 0.0000000000000000000 ) ) ;
#2153 = LINE ( 'NONE', #1996, #579 ) ;
#2154 = LINE ( 'NONE', #1530, #3602 ) ;
#2155 = EDGE_CURVE ( 'NONE', #2788, #2833, #1125, .T. ) ;
#2156 = DIRECTION ( 'NONE',  ( -0.0000000000000000000, 1.000000000000000000, 0.0000000000000000000 ) ) ;
#2157 = ORIENTED_EDGE ( 'NONE', *, *, #2430, .T. ) ;
#2158 = VECTOR ( 'NONE', #1702, 1000.000000000000000 ) ;
#2159 = ORIENTED_EDGE ( 'NONE', *, *, #2628, .T. ) ;
#2160 = VECTOR ( 'NONE', #2878, 1000.000000000000000 ) ;
#2161 = PRODUCT_CONTEXT ( 'NONE', #2443, 'mechanical' ) ;
#2162 = CARTESIAN_POINT ( 'NONE',  ( 1.027339311721049600, 3.889999999999999700, -0.3752567791989179800 ) ) ;
#2163 = SURFACE_STYLE_FILL_AREA ( #696 ) ;
#2164 = DIRECTION ( 'NONE',  ( 1.000000000000000000, 0.0000000000000000000, 0.0000000000000000000 ) ) ;
#2165 = ORIENTED_EDGE ( 'NONE', *, *, #3397, .T. ) ;
#2166 =( NAMED_UNIT ( * ) SI_UNIT ( $, .STERADIAN. ) SOLID_ANGLE_UNIT ( ) );
#2167 = EDGE_CURVE ( 'NONE', #1629, #1864, #1904, .T. ) ;
#2168 =( NAMED_UNIT ( * ) PLANE_ANGLE_UNIT ( ) SI_UNIT ( $, .RADIAN. ) );
#2169 =( NAMED_UNIT ( * ) PLANE_ANGLE_UNIT ( ) SI_UNIT ( $, .RADIAN. ) );
#2170 = LINE ( 'NONE', #2898, #2074 ) ;
#2171 = DIRECTION ( 'NONE',  ( -0.4132170265578690200, 0.0000000000000000000, 0.9106325762691962500 ) ) ;
#2172 = FILL_AREA_STYLE ('',( #3047 ) ) ;
#2173 = PLANE ( 'NONE',  #1868 ) ;
#2174 = ORIENTED_EDGE ( 'NONE', *, *, #1199, .T. ) ;
#2175 = CARTESIAN_POINT ( 'NONE',  ( 0.8737065952813604100, 3.899999999999999900, 0.5547047545625439800 ) ) ;
#2176 = UNCERTAINTY_MEASURE_WITH_UNIT (LENGTH_MEASURE( 1.000000000000000100E-005 ), #2831, 'distance_accuracy_value', 'NONE');
#2177 =( NAMED_UNIT ( * ) PLANE_ANGLE_UNIT ( ) SI_UNIT ( $, .RADIAN. ) );
#2178 = SURFACE_STYLE_USAGE ( .BOTH. , #2740 ) ;
#2179 = ORIENTED_EDGE ( 'NONE', *, *, #1846, .T. ) ;
#2180 = PRESENTATION_LAYER_ASSIGNMENT (  '', '', ( #1769 ) ) ;
#2181 = ORIENTED_EDGE ( 'NONE', *, *, #3484, .T. ) ;
#2182 = ORIENTED_EDGE ( 'NONE', *, *, #1745, .T. ) ;
#2183 = PRESENTATION_LAYER_ASSIGNMENT (  '', '', ( #1966 ) ) ;
#2184 = PRESENTATION_STYLE_ASSIGNMENT (( #13 ) ) ;
#2185 = DIRECTION ( 'NONE',  ( 0.0000000000000000000, 0.0000000000000000000, 1.000000000000000000 ) ) ;
#2186 = DIRECTION ( 'NONE',  ( 1.000000000000000000, 0.0000000000000000000, -0.0000000000000000000 ) ) ;
#2187 = CARTESIAN_POINT ( 'NONE',  ( 3.870279579551073800, 1.399999999999999900, -3.650431098567574800 ) ) ;
#2188 = LINE ( 'NONE', #1022, #2861 ) ;
#2189 = EDGE_CURVE ( 'NONE', #791, #656, #3378, .T. ) ;
#2190 = LINE ( 'NONE', #59, #2866 ) ;
#2191 = FACE_OUTER_BOUND ( 'NONE', #267, .T. ) ;
#2192 = VECTOR ( 'NONE', #1235, 999.9999999999998900 ) ;
#2193 = FILL_AREA_STYLE ('',( #1876 ) ) ;
#2194 = ORIENTED_EDGE ( 'NONE', *, *, #1412, .F. ) ;
#2195 = ORIENTED_EDGE ( 'NONE', *, *, #3015, .F. ) ;
#2196 = FILL_AREA_STYLE_COLOUR ( '', #2975 ) ;
#2197 = VECTOR ( 'NONE', #2474, 1000.000000000000000 ) ;
#2198 = EDGE_CURVE ( 'NONE', #3041, #3407, #2608, .T. ) ;
#2199 = DIRECTION ( 'NONE',  ( 0.0000000000000000000, 0.0000000000000000000, 1.000000000000000000 ) ) ;
#2200 = CARTESIAN_POINT ( 'NONE',  ( 1.499999999999981800, 1.399999999999999900, -5.099999999999999600 ) ) ;
#2201 = PLANE ( 'NONE',  #1690 ) ;
#2202 = STYLED_ITEM ( 'NONE', ( #3746 ), #591 ) ;
#2203 = FILL_AREA_STYLE_COLOUR ( '', #3632 ) ;
#2204 =( NAMED_UNIT ( * ) SI_UNIT ( $, .STERADIAN. ) SOLID_ANGLE_UNIT ( ) );
#2205 = UNCERTAINTY_MEASURE_WITH_UNIT (LENGTH_MEASURE( 1.000000000000000100E-005 ), #1086, 'distance_accuracy_value', 'NONE');
#2206 = CARTESIAN_POINT ( 'NONE',  ( 1.500000000000000200, 3.900000000000000800, 5.149999999999999500 ) ) ;
#2207 = ORIENTED_EDGE ( 'NONE', *, *, #2694, .F. ) ;
#2208 = STYLED_ITEM ( 'NONE', ( #1160 ), #2638 ) ;
#2209 = LINE ( 'NONE', #568, #3650 ) ;
#2210 = ORIENTED_EDGE ( 'NONE', *, *, #1643, .F. ) ;
#2211 = VECTOR ( 'NONE', #2660, 1000.000000000000000 ) ;
#2212 = STYLED_ITEM ( 'NONE', ( #3338 ), #1452 ) ;
#2213 = VERTEX_POINT ( 'NONE', #1029 ) ;
#2214 =( LENGTH_UNIT ( ) NAMED_UNIT ( * ) SI_UNIT ( .MILLI., .METRE. ) );
#2215 = CARTESIAN_POINT ( 'NONE',  ( -5.100000000000000500, 3.899999999999999900, -5.099999999999999600 ) ) ;
#2216 = DIRECTION ( 'NONE',  ( 1.000000000000000000, 0.0000000000000000000, -1.700709290173340400E-016 ) ) ;
#2217 = CARTESIAN_POINT ( 'NONE',  ( 0.3995884314393594600, 3.889999999999999700, -2.558355370748213600 ) ) ;
#2218 = EDGE_CURVE ( 'NONE', #3, #1200, #2695, .T. ) ;
#2219 = DIRECTION ( 'NONE',  ( -0.0000000000000000000, 1.000000000000000000, -0.0000000000000000000 ) ) ;
#2220 =( LENGTH_UNIT ( ) NAMED_UNIT ( * ) SI_UNIT ( .MILLI., .METRE. ) );
#2221 = ORIENTED_EDGE ( 'NONE', *, *, #2241, .F. ) ;
#2222 = PLANE ( 'NONE',  #2884 ) ;
#2223 = PLANE ( 'NONE',  #1205 ) ;
#2224 = STYLED_ITEM ( 'NONE', ( #2384 ), #2016 ) ;
#2225 = UNCERTAINTY_MEASURE_WITH_UNIT (LENGTH_MEASURE( 1.000000000000000100E-005 ), #1851, 'distance_accuracy_value', 'NONE');
#2226 = ORIENTED_EDGE ( 'NONE', *, *, #389, .T. ) ;
#2227 = VERTEX_POINT ( 'NONE', #3094 ) ;
#2228 = ORIENTED_EDGE ( 'NONE', *, *, #1271, .T. ) ;
#2229 = SURFACE_STYLE_USAGE ( .BOTH. , #167 ) ;
#2230 = DIRECTION ( 'NONE',  ( 0.0000000000000000000, 0.0000000000000000000, 1.000000000000000000 ) ) ;
#2231 = SURFACE_STYLE_FILL_AREA ( #485 ) ;
#2232 = EDGE_CURVE ( 'NONE', #2967, #462, #1716, .T. ) ;
#2233 = CIRCLE ( 'NONE', #2290, 1.500000000000000400 ) ;
#2234 = ORIENTED_EDGE ( 'NONE', *, *, #3619, .T. ) ;
#2235 = DIRECTION ( 'NONE',  ( 0.7071067811865462400, 0.0000000000000000000, 0.7071067811865489100 ) ) ;
#2236 = ORIENTED_EDGE ( 'NONE', *, *, #3356, .T. ) ;
#2237 = AXIS2_PLACEMENT_3D ( 'NONE', #2937, #1166, #2883 ) ;
#2238 = DIRECTION ( 'NONE',  ( -0.7071067811865487900, 0.0000000000000000000, 0.7071067811865463500 ) ) ;
#2239 = EDGE_CURVE ( 'NONE', #3174, #3135, #1031, .T. ) ;
#2240 = VECTOR ( 'NONE', #3250, 1000.000000000000000 ) ;
#2241 = EDGE_CURVE ( 'NONE', #3, #2151, #2843, .T. ) ;
#2242 = SURFACE_STYLE_FILL_AREA ( #3483 ) ;
#2243 = DIRECTION ( 'NONE',  ( -0.0000000000000000000, -0.0000000000000000000, 1.000000000000000000 ) ) ;
#2244 = PRESENTATION_LAYER_ASSIGNMENT (  '', '', ( #1828 ) ) ;
#2245 = VECTOR ( 'NONE', #1693, 1000.000000000000000 ) ;
#2246 = ORIENTED_EDGE ( 'NONE', *, *, #3307, .F. ) ;
#2247 = CARTESIAN_POINT ( 'NONE',  ( -3.870279579551072900, 2.400000000000000400, 3.650431098567573400 ) ) ;
#2248 = UNCERTAINTY_MEASURE_WITH_UNIT (LENGTH_MEASURE( 1.000000000000000100E-005 ), #821, 'distance_accuracy_value', 'NONE');
#2249 = LINE ( 'NONE', #363, #1453 ) ;
#2250 = EDGE_CURVE ( 'NONE', #561, #2227, #500, .T. ) ;
#2251 = VERTEX_POINT ( 'NONE', #1628 ) ;
#2252 = DIRECTION ( 'NONE',  ( 1.000000000000000000, 0.0000000000000000000, 0.0000000000000000000 ) ) ;
#2253 = ORIENTED_EDGE ( 'NONE', *, *, #1468, .T. ) ;
#2254 = AXIS2_PLACEMENT_3D ( 'NONE', #2670, #3528, #2962 ) ;
#2255 = ORIENTED_EDGE ( 'NONE', *, *, #1549, .F. ) ;
#2256 = PRESENTATION_STYLE_ASSIGNMENT (( #3539 ) ) ;
#2257 = LINE ( 'NONE', #1900, #592 ) ;
#2258 = AXIS2_PLACEMENT_3D ( 'NONE', #1305, #3353, #1595 ) ;
#2259 = EDGE_CURVE ( 'NONE', #3511, #3525, #170, .T. ) ;
#2260 =( LENGTH_UNIT ( ) NAMED_UNIT ( * ) SI_UNIT ( .MILLI., .METRE. ) );
#2261 = SURFACE_SIDE_STYLE ('',( #3070 ) ) ;
#2262 = AXIS2_PLACEMENT_3D ( 'NONE', #2647, #867, #2945 ) ;
#2263 = ORIENTED_EDGE ( 'NONE', *, *, #3687, .T. ) ;
#2264 = FILL_AREA_STYLE ('',( #495 ) ) ;
#2265 = EDGE_CURVE ( 'NONE', #2806, #3099, #2749, .T. ) ;
#2266 = ORIENTED_EDGE ( 'NONE', *, *, #1939, .F. ) ;
#2267 = CARTESIAN_POINT ( 'NONE',  ( -1.233467700493287500, 3.889999999999999700, 3.054704754562544100 ) ) ;
#2268 = PLANE ( 'NONE',  #1812 ) ;
#2269 = VERTEX_POINT ( 'NONE', #756 ) ;
#2270 = VERTEX_POINT ( 'NONE', #1053 ) ;
#2271 = FILL_AREA_STYLE ('',( #1368 ) ) ;
#2272 = CARTESIAN_POINT ( 'NONE',  ( 0.7318947694675286300, 3.889999999999999700, -2.630428434128495600 ) ) ;
#2273 = AXIS2_PLACEMENT_3D ( 'NONE', #3377, #1611, #2496 ) ;
#2274 =( NAMED_UNIT ( * ) SI_UNIT ( $, .STERADIAN. ) SOLID_ANGLE_UNIT ( ) );
#2275 = STYLED_ITEM ( 'NONE', ( #93 ), #2373 ) ;
#2276 = DIRECTION ( 'NONE',  ( 1.000000000000000000, 0.0000000000000000000, 1.752335333352409800E-014 ) ) ;
#2277 = VECTOR ( 'NONE', #1099, 1000.000000000000000 ) ;
#2278 = VECTOR ( 'NONE', #2093, 1000.000000000000000 ) ;
#2279 = MECHANICAL_DESIGN_GEOMETRIC_PRESENTATION_REPRESENTATION (  '', ( #1666 ), #2479 ) ;
#2280 = LINE ( 'NONE', #3286, #2192 ) ;
#2281 = VERTEX_POINT ( 'NONE', #3114 ) ;
#2282 = ORIENTED_EDGE ( 'NONE', *, *, #3579, .F. ) ;
#2283 = FILL_AREA_STYLE_COLOUR ( '', #2015 ) ;
#2284 = DIRECTION ( 'NONE',  ( 0.0000000000000000000, 0.0000000000000000000, 1.000000000000000000 ) ) ;
#2285 = VECTOR ( 'NONE', #1438, 1000.000000000000000 ) ;
#2286 = CARTESIAN_POINT ( 'NONE',  ( -1.500000000000000200, 1.399999999999999900, 5.099999999999999600 ) ) ;
#2287 = ORIENTED_EDGE ( 'NONE', *, *, #2049, .T. ) ;
#2288 = DIRECTION ( 'NONE',  ( -0.7071067811865464600, 1.032573497605241600E-016, -0.7071067811865486800 ) ) ;
#2289 = ORIENTED_EDGE ( 'NONE', *, *, #2622, .T. ) ;
#2290 = AXIS2_PLACEMENT_3D ( 'NONE', #3009, #1246, #3298 ) ;
#2291 = DIRECTION ( 'NONE',  ( 0.0000000000000000000, 0.0000000000000000000, 1.000000000000000000 ) ) ;
#2292 =( NAMED_UNIT ( * ) SI_UNIT ( $, .STERADIAN. ) SOLID_ANGLE_UNIT ( ) );
#2293 = VECTOR ( 'NONE', #2915, 1000.000000000000000 ) ;
#2294 = ORIENTED_EDGE ( 'NONE', *, *, #1840, .F. ) ;
#2295 = FACE_OUTER_BOUND ( 'NONE', #1619, .T. ) ;
#2296 = PRESENTATION_STYLE_ASSIGNMENT (( #490 ) ) ;
#2297 =( NAMED_UNIT ( * ) PLANE_ANGLE_UNIT ( ) SI_UNIT ( $, .RADIAN. ) );
#2298 =( NAMED_UNIT ( * ) SI_UNIT ( $, .STERADIAN. ) SOLID_ANGLE_UNIT ( ) );
#2299 = SURFACE_STYLE_FILL_AREA ( #571 ) ;
#2300 = VERTEX_POINT ( 'NONE', #3401 ) ;
#2301 = PRESENTATION_STYLE_ASSIGNMENT (( #1081 ) ) ;
#2302 = PRESENTATION_LAYER_ASSIGNMENT (  '', '', ( #1890 ) ) ;
#2303 = SURFACE_STYLE_USAGE ( .BOTH. , #239 ) ;
#2304 =( GEOMETRIC_REPRESENTATION_CONTEXT ( 3 ) GLOBAL_UNCERTAINTY_ASSIGNED_CONTEXT ( ( #537 ) ) GLOBAL_UNIT_ASSIGNED_CONTEXT ( ( #3100, #1334, #3388 ) ) REPRESENTATION_CONTEXT ( 'NONE', 'WORKASPACE' ) );
#2305 = FILL_AREA_STYLE ('',( #544 ) ) ;
#2306 = STYLED_ITEM ( 'NONE', ( #2641 ), #3276 ) ;
#2307 =( NAMED_UNIT ( * ) PLANE_ANGLE_UNIT ( ) SI_UNIT ( $, .RADIAN. ) );
#2308 = EDGE_CURVE ( 'NONE', #1629, #585, #2666, .T. ) ;
#2309 = SURFACE_SIDE_STYLE ('',( #3590 ) ) ;
#2310 = EDGE_CURVE ( 'NONE', #1138, #1541, #416, .T. ) ;
#2311 = DIRECTION ( 'NONE',  ( -0.0000000000000000000, 1.000000000000000000, -0.0000000000000000000 ) ) ;
#2312 = FILL_AREA_STYLE ('',( #2001 ) ) ;
#2313 = AXIS2_PLACEMENT_3D ( 'NONE', #2397, #2767, #714 ) ;
#2314 = CARTESIAN_POINT ( 'NONE',  ( -1.499999999999999800, 3.900000000000000400, 5.099999999999999600 ) ) ;
#2315 = ADVANCED_FACE ( 'NONE', ( #3344 ), #190, .T. ) ;
#2316 = EDGE_LOOP ( 'NONE', ( #2572, #1748, #1149, #3273 ) ) ;
#2317 = FILL_AREA_STYLE ('',( #3757 ) ) ;
#2318 = ORIENTED_EDGE ( 'NONE', *, *, #647, .T. ) ;
#2319 = UNCERTAINTY_MEASURE_WITH_UNIT (LENGTH_MEASURE( 1.000000000000000100E-005 ), #1482, 'distance_accuracy_value', 'NONE');
#2320 = DIRECTION ( 'NONE',  ( -1.000000000000000000, 0.0000000000000000000, 0.0000000000000000000 ) ) ;
#2321 = FACE_OUTER_BOUND ( 'NONE', #3702, .T. ) ;
#2322 = STYLED_ITEM ( 'NONE', ( #171 ), #659 ) ;
#2323 = EDGE_LOOP ( 'NONE', ( #175, #2236, #2498, #2110, #976, #1920, #2346, #107, #1839, #1955, #3575, #2904, #1895, #1040, #254, #1970 ) ) ;
#2324 = PRESENTATION_STYLE_ASSIGNMENT (( #709 ) ) ;
#2325 = FILL_AREA_STYLE_COLOUR ( '', #3248 ) ;
#2326 = VERTEX_POINT ( 'NONE', #1935 ) ;
#2327 = COLOUR_RGB ( '',0.8274509803921568100, 0.8392156862745098200, 0.8274509803921568100 ) ;
#2328 = LINE ( 'NONE', #2943, #749 ) ;
#2329 = AXIS2_PLACEMENT_3D ( 'NONE', #61, #2106, #350 ) ;
#2330 = DIRECTION ( 'NONE',  ( 0.0000000000000000000, 0.0000000000000000000, 1.000000000000000000 ) ) ;
#2331 =( LENGTH_UNIT ( ) NAMED_UNIT ( * ) SI_UNIT ( .MILLI., .METRE. ) );
#2332 = DIRECTION ( 'NONE',  ( 1.000000000000000000, -0.0000000000000000000, 2.891205793294678300E-016 ) ) ;
#2333 = ADVANCED_FACE ( 'NONE', ( #812 ), #777, .T. ) ;
#2334 = CARTESIAN_POINT ( 'NONE',  ( -1.500000000000000200, 1.399999999999999900, 5.099999999999999600 ) ) ;
#2335 = DIRECTION ( 'NONE',  ( -1.752335333352409800E-014, 0.0000000000000000000, -1.000000000000000000 ) ) ;
#2336 = CARTESIAN_POINT ( 'NONE',  ( -0.1567731582397654000, 3.899999999999999900, 1.567578874280853900 ) ) ;
#2337 = EDGE_CURVE ( 'NONE', #2802, #757, #2794, .T. ) ;
#2338 = ORIENTED_EDGE ( 'NONE', *, *, #2585, .F. ) ;
#2339 = VECTOR ( 'NONE', #2120, 1000.000000000000100 ) ;
#2340 = ORIENTED_EDGE ( 'NONE', *, *, #2764, .F. ) ;
#2341 = CARTESIAN_POINT ( 'NONE',  ( 0.8737065952813604100, 3.899999999999999900, 0.5547047545625439800 ) ) ;
#2342 = DIRECTION ( 'NONE',  ( -0.0000000000000000000, -0.0000000000000000000, 1.000000000000000000 ) ) ;
#2343 = ORIENTED_EDGE ( 'NONE', *, *, #2392, .T. ) ;
#2344 = DIRECTION ( 'NONE',  ( -0.8251806257075932100, 0.0000000000000000000, -0.5648689537908993000 ) ) ;
#2345 = MECHANICAL_DESIGN_GEOMETRIC_PRESENTATION_REPRESENTATION (  '', ( #1931 ), #2546 ) ;
#2346 = ORIENTED_EDGE ( 'NONE', *, *, #2607, .F. ) ;
#2347 = LINE ( 'NONE', #1094, #1545 ) ;
#2348 =( NAMED_UNIT ( * ) PLANE_ANGLE_UNIT ( ) SI_UNIT ( $, .RADIAN. ) );
#2349 = AXIS2_PLACEMENT_3D ( 'NONE', #1620, #3666, #1917 ) ;
#2350 = DIRECTION ( 'NONE',  ( 0.0000000000000000000, 0.0000000000000000000, 1.000000000000000000 ) ) ;
#2351 = ADVANCED_FACE ( 'NONE', ( #2012 ), #2571, .T. ) ;
#2352 =( NAMED_UNIT ( * ) SI_UNIT ( $, .STERADIAN. ) SOLID_ANGLE_UNIT ( ) );
#2353 = EDGE_CURVE ( 'NONE', #1321, #1373, #942, .T. ) ;
#2354 = DIRECTION ( 'NONE',  ( 1.000000000000000000, 0.0000000000000000000, 0.0000000000000000000 ) ) ;
#2355 = CARTESIAN_POINT ( 'NONE',  ( -5.100000000000000500, 3.899999999999999900, -5.099999999999999600 ) ) ;
#2356 = VERTEX_POINT ( 'NONE', #1103 ) ;
#2357 =( NAMED_UNIT ( * ) PLANE_ANGLE_UNIT ( ) SI_UNIT ( $, .RADIAN. ) );
#2358 = DIRECTION ( 'NONE',  ( -1.000000000000000000, -0.0000000000000000000, -0.0000000000000000000 ) ) ;
#2359 = ORIENTED_EDGE ( 'NONE', *, *, #1265, .F. ) ;
#2360 = CARTESIAN_POINT ( 'NONE',  ( 3.834924240491746100, 1.399999999999999900, -3.615075759508247400 ) ) ;
#2361 = ORIENTED_EDGE ( 'NONE', *, *, #2846, .F. ) ;
#2362 = DIRECTION ( 'NONE',  ( 1.000000000000000000, 0.0000000000000000000, 2.891205793294678300E-016 ) ) ;
#2363 = UNCERTAINTY_MEASURE_WITH_UNIT (LENGTH_MEASURE( 1.000000000000000100E-005 ), #3055, 'distance_accuracy_value', 'NONE');
#2364 = PLANE ( 'NONE',  #3419 ) ;
#2365 = FACE_OUTER_BOUND ( 'NONE', #1866, .T. ) ;
#2366 =( LENGTH_UNIT ( ) NAMED_UNIT ( * ) SI_UNIT ( .MILLI., .METRE. ) );
#2367 = CARTESIAN_POINT ( 'NONE',  ( -0.1567731582397663700, 3.889999999999999700, 1.567578874280853900 ) ) ;
#2368 =( NAMED_UNIT ( * ) PLANE_ANGLE_UNIT ( ) SI_UNIT ( $, .RADIAN. ) );
#2369 = PLANE ( 'NONE',  #918 ) ;
#2370 = FACE_OUTER_BOUND ( 'NONE', #3494, .T. ) ;
#2371 = LINE ( 'NONE', #888, #34 ) ;
#2372 = VECTOR ( 'NONE', #2405, 1000.000000000000000 ) ;
#2373 = ADVANCED_FACE ( 'NONE', ( #180, #1726, #3292, #3200, #2436 ), #3741, .T. ) ;
#2374 = ORIENTED_EDGE ( 'NONE', *, *, #3277, .F. ) ;
#2375 = ORIENTED_EDGE ( 'NONE', *, *, #3196, .F. ) ;
#2376 = MECHANICAL_DESIGN_GEOMETRIC_PRESENTATION_REPRESENTATION (  '', ( #1769 ), #2569 ) ;
#2377 = LINE ( 'NONE', #3596, #794 ) ;
#2378 = ORIENTED_EDGE ( 'NONE', *, *, #572, .T. ) ;
#2379 = CARTESIAN_POINT ( 'NONE',  ( -2.349999999999996500, 3.899999999999999900, 5.099999999999999600 ) ) ;
#2380 = MECHANICAL_DESIGN_GEOMETRIC_PRESENTATION_REPRESENTATION (  '', ( #1966 ), #2576 ) ;
#2381 = DIRECTION ( 'NONE',  ( 0.7071067811865489100, 0.0000000000000000000, -0.7071067811865462400 ) ) ;
#2382 = CARTESIAN_POINT ( 'NONE',  ( 5.099999999999998800, 3.899999999999999900, -5.099999999999999600 ) ) ;
#2383 = EDGE_CURVE ( 'NONE', #2806, #1346, #1362, .T. ) ;
#2384 = PRESENTATION_STYLE_ASSIGNMENT (( #2566 ) ) ;
#2385 = FACE_OUTER_BOUND ( 'NONE', #1226, .T. ) ;
#2386 = STYLED_ITEM ( 'NONE', ( #2520 ), #848 ) ;
#2387 = DIRECTION ( 'NONE',  ( 0.5715618010866456700, 0.0000000000000000000, -0.8205590213620161900 ) ) ;
#2388 = ORIENTED_EDGE ( 'NONE', *, *, #3154, .T. ) ;
#2389 = LINE ( 'NONE', #2623, #2293 ) ;
#2390 = ORIENTED_EDGE ( 'NONE', *, *, #1608, .F. ) ;
#2391 = LINE ( 'NONE', #478, #809 ) ;
#2392 = EDGE_CURVE ( 'NONE', #1925, #1544, #3605, .T. ) ;
#2393 = EDGE_LOOP ( 'NONE', ( #2934, #2953, #1591, #1650 ) ) ;
#2394 = CARTESIAN_POINT ( 'NONE',  ( 2.349999999999997000, 2.400000000000000400, -5.149999999999999500 ) ) ;
#2395 = PRESENTATION_STYLE_ASSIGNMENT (( #1203 ) ) ;
#2396 = CARTESIAN_POINT ( 'NONE',  ( -2.349999999999996100, 2.400000000000000400, 5.099999999999999600 ) ) ;
#2397 = CARTESIAN_POINT ( 'NONE',  ( -5.099999999999998800, 3.899999999999999900, 5.099999999999999600 ) ) ;
#2398 = PRESENTATION_STYLE_ASSIGNMENT (( #3098 ) ) ;
#2399 =( LENGTH_UNIT ( ) NAMED_UNIT ( * ) SI_UNIT ( .MILLI., .METRE. ) );
#2400 = AXIS2_PLACEMENT_3D ( 'NONE', #475, #2545, #763 ) ;
#2401 = PLANE ( 'NONE',  #897 ) ;
#2402 = AXIS2_PLACEMENT_3D ( 'NONE', #2954, #1192, #3240 ) ;
#2403 = CARTESIAN_POINT ( 'NONE',  ( -0.8901578413383578500, 3.899999999999999900, 3.054704754562544100 ) ) ;
#2404 = AXIS2_PLACEMENT_3D ( 'NONE', #1419, #3466, #1714 ) ;
#2405 = DIRECTION ( 'NONE',  ( 1.000000000000000000, 0.0000000000000000000, 0.0000000000000000000 ) ) ;
#2406 = CARTESIAN_POINT ( 'NONE',  ( -3.870279579551072900, 1.399999999999999900, 3.650431098567573400 ) ) ;
#2407 = VERTEX_POINT ( 'NONE', #2314 ) ;
#2408 = ORIENTED_EDGE ( 'NONE', *, *, #3574, .F. ) ;
#2409 = CARTESIAN_POINT ( 'NONE',  ( 0.0000000000000000000, 3.899999999999999900, 0.0000000000000000000 ) ) ;
#2410 = EDGE_CURVE ( 'NONE', #2326, #1211, #2832, .T. ) ;
#2411 = FILL_AREA_STYLE_COLOUR ( '', #2513 ) ;
#2412 = VECTOR ( 'NONE', #2033, 1000.000000000000000 ) ;
#2413 = CYLINDRICAL_SURFACE ( 'NONE', #1196, 4.880000000000000800 ) ;
#2414 =( NAMED_UNIT ( * ) SI_UNIT ( $, .STERADIAN. ) SOLID_ANGLE_UNIT ( ) );
#2415 = ORIENTED_EDGE ( 'NONE', *, *, #1626, .T. ) ;
#2416 = LINE ( 'NONE', #983, #3097 ) ;
#2417 = VERTEX_POINT ( 'NONE', #2899 ) ;
#2418 = VERTEX_POINT ( 'NONE', #1421 ) ;
#2419 =( LENGTH_UNIT ( ) NAMED_UNIT ( * ) SI_UNIT ( .MILLI., .METRE. ) );
#2420 = CARTESIAN_POINT ( 'NONE',  ( -1.500000000000000200, 2.400000000000000400, 5.149999999999999500 ) ) ;
#2421 = AXIS2_PLACEMENT_3D ( 'NONE', #2837, #1074, #3130 ) ;
#2422 = ADVANCED_FACE ( 'NONE', ( #584 ), #3185, .T. ) ;
#2423 = EDGE_CURVE ( 'NONE', #3112, #1410, #2486, .T. ) ;
#2424 = SURFACE_SIDE_STYLE ('',( #2796 ) ) ;
#2425 = COLOUR_RGB ( '',0.1921568627450980200, 0.2039215686274509800, 0.2039215686274509800 ) ;
#2426 = PRESENTATION_LAYER_ASSIGNMENT (  '', '', ( #2027 ) ) ;
#2427 = EDGE_CURVE ( 'NONE', #1165, #2817, #1278, .T. ) ;
#2428 =( NAMED_UNIT ( * ) PLANE_ANGLE_UNIT ( ) SI_UNIT ( $, .RADIAN. ) );
#2429 = ORIENTED_EDGE ( 'NONE', *, *, #1236, .T. ) ;
#2430 = EDGE_CURVE ( 'NONE', #656, #465, #3246, .T. ) ;
#2431 = PLANE ( 'NONE',  #3739 ) ;
#2432 = PRESENTATION_STYLE_ASSIGNMENT (( #3670 ) ) ;
#2433 = DIRECTION ( 'NONE',  ( -0.0000000000000000000, 0.0000000000000000000, -1.000000000000000000 ) ) ;
#2434 = COLOUR_RGB ( '',1.000000000000000000, 1.000000000000000000, 1.000000000000000000 ) ;
#2435 = ORIENTED_EDGE ( 'NONE', *, *, #2031, .T. ) ;
#2436 = FACE_BOUND ( 'NONE', #2127, .T. ) ;
#2437 = ORIENTED_EDGE ( 'NONE', *, *, #1638, .T. ) ;
#2438 = MECHANICAL_DESIGN_GEOMETRIC_PRESENTATION_REPRESENTATION (  '', ( #1828 ), #2631 ) ;
#2439 = DIRECTION ( 'NONE',  ( -1.000000000000000000, -0.0000000000000000000, -0.0000000000000000000 ) ) ;
#2440 = COLOUR_RGB ( '',1.000000000000000000, 1.000000000000000000, 1.000000000000000000 ) ;
#2441 = FILL_AREA_STYLE ('',( #643 ) ) ;
#2442 = FILL_AREA_STYLE_COLOUR ( '', #944 ) ;
#2443 = APPLICATION_CONTEXT ( 'automotive_design' ) ;
#2444 = CARTESIAN_POINT ( 'NONE',  ( 0.8737065952813604100, 3.889999999999999700, 0.5547047545625439800 ) ) ;
#2445 = FILL_AREA_STYLE_COLOUR ( '', #2327 ) ;
#2446 = EDGE_CURVE ( 'NONE', #1343, #3041, #1676, .T. ) ;
#2447 = ORIENTED_EDGE ( 'NONE', *, *, #288, .T. ) ;
#2448 = MECHANICAL_DESIGN_GEOMETRIC_PRESENTATION_REPRESENTATION (  '', ( #1451 ), #2643 ) ;
#2449 = VERTEX_POINT ( 'NONE', #3772 ) ;
#2450 = CARTESIAN_POINT ( 'NONE',  ( 1.499999999999999800, 3.900000000000000400, -5.099999999999999600 ) ) ;
#2451 = ORIENTED_EDGE ( 'NONE', *, *, #842, .F. ) ;
#2452 = DIRECTION ( 'NONE',  ( 1.000000000000000000, -0.0000000000000000000, -0.0000000000000000000 ) ) ;
#2453 = ORIENTED_EDGE ( 'NONE', *, *, #2834, .F. ) ;
#2454 = EDGE_CURVE ( 'NONE', #2850, #2071, #133, .T. ) ;
#2455 = APPLICATION_PROTOCOL_DEFINITION ( 'draft international standard', 'automotive_design', 1998, #401 ) ;
#2456 = DIRECTION ( 'NONE',  ( -0.0000000000000000000, -0.0000000000000000000, -1.000000000000000000 ) ) ;
#2457 = UNCERTAINTY_MEASURE_WITH_UNIT (LENGTH_MEASURE( 1.000000000000000100E-005 ), #2780, 'distance_accuracy_value', 'NONE');
#2458 = CARTESIAN_POINT ( 'NONE',  ( 1.500000000000001100, -0.1000000000000000100, -5.149999999999999500 ) ) ;
#2459 =( NAMED_UNIT ( * ) PLANE_ANGLE_UNIT ( ) SI_UNIT ( $, .RADIAN. ) );
#2460 = SURFACE_STYLE_FILL_AREA ( #1441 ) ;
#2461 = PRESENTATION_LAYER_ASSIGNMENT (  '', '', ( #2063 ) ) ;
#2462 = VECTOR ( 'NONE', #982, 1000.000000000000000 ) ;
#2463 = PRESENTATION_STYLE_ASSIGNMENT (( #1604 ) ) ;
#2464 = EDGE_CURVE ( 'NONE', #1514, #645, #2389, .T. ) ;
#2465 = PRESENTATION_STYLE_ASSIGNMENT (( #1221 ) ) ;
#2466 = PRESENTATION_STYLE_ASSIGNMENT (( #1314 ) ) ;
#2467 = DIRECTION ( 'NONE',  ( 0.0000000000000000000, -1.000000000000000000, 0.0000000000000000000 ) ) ;
#2468 = ORIENTED_EDGE ( 'NONE', *, *, #1312, .T. ) ;
#2469 = VERTEX_POINT ( 'NONE', #845 ) ;
#2470 = SURFACE_STYLE_USAGE ( .BOTH. , #2752 ) ;
#2471 = DIRECTION ( 'NONE',  ( -0.0000000000000000000, -1.000000000000000000, -0.0000000000000000000 ) ) ;
#2472 = LINE ( 'NONE', #871, #1048 ) ;
#2473 = VECTOR ( 'NONE', #3581, 1000.000000000000000 ) ;
#2474 = DIRECTION ( 'NONE',  ( 1.000000000000000000, 0.0000000000000000000, 0.0000000000000000000 ) ) ;
#2475 = AXIS2_PLACEMENT_3D ( 'NONE', #2215, #124, #2186 ) ;
#2476 = PRESENTATION_STYLE_ASSIGNMENT (( #1862 ) ) ;
#2477 = PLANE ( 'NONE',  #1347 ) ;
#2478 = AXIS2_PLACEMENT_3D ( 'NONE', #515, #2584, #806 ) ;
#2479 =( GEOMETRIC_REPRESENTATION_CONTEXT ( 3 ) GLOBAL_UNCERTAINTY_ASSIGNED_CONTEXT ( ( #3357 ) ) GLOBAL_UNIT_ASSIGNED_CONTEXT ( ( #2559, #773, #2841 ) ) REPRESENTATION_CONTEXT ( 'NONE', 'WORKASPACE' ) );
#2480 = FACE_OUTER_BOUND ( 'NONE', #1052, .T. ) ;
#2481 = FILL_AREA_STYLE ('',( #122 ) ) ;
#2482 = SURFACE_SIDE_STYLE ('',( #3272 ) ) ;
#2483 = CARTESIAN_POINT ( 'NONE',  ( -1.499999999999998400, -0.1000000000000000100, -5.149999999999999500 ) ) ;
#2484 = CARTESIAN_POINT ( 'NONE',  ( -1.500000000000000200, 2.400000000000000400, 5.149999999999999500 ) ) ;
#2485 = ORIENTED_EDGE ( 'NONE', *, *, #2811, .F. ) ;
#2486 = LINE ( 'NONE', #547, #496 ) ;
#2487 = ORIENTED_EDGE ( 'NONE', *, *, #2810, .F. ) ;
#2488 = VECTOR ( 'NONE', #767, 999.9999999999998900 ) ;
#2489 = ORIENTED_EDGE ( 'NONE', *, *, #2720, .T. ) ;
#2490 = SURFACE_STYLE_USAGE ( .BOTH. , #428 ) ;
#2491 = LINE ( 'NONE', #44, #896 ) ;
#2492 = UNCERTAINTY_MEASURE_WITH_UNIT (LENGTH_MEASURE( 1.000000000000000100E-005 ), #3428, 'distance_accuracy_value', 'NONE');
#2493 = PLANE ( 'NONE',  #2549 ) ;
#2494 = VECTOR ( 'NONE', #473, 1000.000000000000000 ) ;
#2495 = CARTESIAN_POINT ( 'NONE',  ( 1.500000000000000200, 3.900000000000000800, 5.149999999999999500 ) ) ;
#2496 = DIRECTION ( 'NONE',  ( -1.734723475976806500E-015, 0.0000000000000000000, 1.000000000000000000 ) ) ;
#2497 = AXIS2_PLACEMENT_3D ( 'NONE', #1815, #82, #2126 ) ;
#2498 = ORIENTED_EDGE ( 'NONE', *, *, #600, .T. ) ;
#2499 = CARTESIAN_POINT ( 'NONE',  ( 0.0000000000000000000, 2.899999999999999900, 0.0000000000000000000 ) ) ;
#2500 = SURFACE_SIDE_STYLE ('',( #1733 ) ) ;
#2501 = MECHANICAL_DESIGN_GEOMETRIC_PRESENTATION_REPRESENTATION (  '', ( #1890 ), #2687 ) ;
#2502 = ORIENTED_EDGE ( 'NONE', *, *, #2639, .T. ) ;
#2503 = CARTESIAN_POINT ( 'NONE',  ( -0.5923789981381053500, 3.889999999999999700, -0.3752567791989179800 ) ) ;
#2504 = AXIS2_PLACEMENT_3D ( 'NONE', #3415, #1656, #3712 ) ;
#2505 = ORIENTED_EDGE ( 'NONE', *, *, #3280, .F. ) ;
#2506 = DIRECTION ( 'NONE',  ( 1.000000000000000000, 0.0000000000000000000, 0.0000000000000000000 ) ) ;
#2507 =( NAMED_UNIT ( * ) PLANE_ANGLE_UNIT ( ) SI_UNIT ( $, .RADIAN. ) );
#2508 = EDGE_CURVE ( 'NONE', #3393, #345, #3068, .T. ) ;
#2509 = VECTOR ( 'NONE', #2808, 1000.000000000000000 ) ;
#2510 = DIRECTION ( 'NONE',  ( -1.000000000000000000, -0.0000000000000000000, -0.0000000000000000000 ) ) ;
#2511 = EDGE_CURVE ( 'NONE', #1343, #1500, #1499, .T. ) ;
#2512 = VECTOR ( 'NONE', #1432, 1000.000000000000000 ) ;
#2513 = COLOUR_RGB ( '',1.000000000000000000, 1.000000000000000000, 1.000000000000000000 ) ;
#2514 = VECTOR ( 'NONE', #2171, 1000.000000000000000 ) ;
#2515 = CARTESIAN_POINT ( 'NONE',  ( -5.099999999999999600, 3.899999999999999900, 2.349999999999986800 ) ) ;
#2516 = DIRECTION ( 'NONE',  ( -1.000000000000000000, -0.0000000000000000000, -0.0000000000000000000 ) ) ;
#2517 = ORIENTED_EDGE ( 'NONE', *, *, #1144, .F. ) ;
#2518 = ORIENTED_EDGE ( 'NONE', *, *, #337, .T. ) ;
#2519 = PRESENTATION_LAYER_ASSIGNMENT (  '', '', ( #2112 ) ) ;
#2520 = PRESENTATION_STYLE_ASSIGNMENT (( #2178 ) ) ;
#2521 = CARTESIAN_POINT ( 'NONE',  ( 1.500000000000000200, 3.900000000000000800, 5.149999999999999500 ) ) ;
#2522 = PLANE ( 'NONE',  #1310 ) ;
#2523 = VECTOR ( 'NONE', #168, 1000.000000000000000 ) ;
#2524 = LINE ( 'NONE', #1140, #1717 ) ;
#2525 = PRESENTATION_LAYER_ASSIGNMENT (  '', '', ( #2322 ) ) ;
#2526 =( NAMED_UNIT ( * ) PLANE_ANGLE_UNIT ( ) SI_UNIT ( $, .RADIAN. ) );
#2527 = PRESENTATION_STYLE_ASSIGNMENT (( #1127 ) ) ;
#2528 = CARTESIAN_POINT ( 'NONE',  ( 1.499999999999968900, 2.400000000000000400, -5.099999999999999600 ) ) ;
#2529 = ORIENTED_EDGE ( 'NONE', *, *, #169, .T. ) ;
#2530 = FACE_OUTER_BOUND ( 'NONE', #1130, .T. ) ;
#2531 = STYLED_ITEM ( 'NONE', ( #407 ), #1671 ) ;
#2532 = DIRECTION ( 'NONE',  ( -1.000000000000000000, 0.0000000000000000000, 0.0000000000000000000 ) ) ;
#2533 = VECTOR ( 'NONE', #3442, 1000.000000000000000 ) ;
#2534 = LINE ( 'NONE', #3430, #276 ) ;
#2535 = FILL_AREA_STYLE_COLOUR ( '', #1701 ) ;
#2536 = FILL_AREA_STYLE ('',( #3111 ) ) ;
#2537 = LINE ( 'NONE', #2563, #3297 ) ;
#2538 = COLOUR_RGB ( '',1.000000000000000000, 1.000000000000000000, 1.000000000000000000 ) ;
#2539 = EDGE_CURVE ( 'NONE', #2833, #3112, #807, .T. ) ;
#2540 = FILL_AREA_STYLE_COLOUR ( '', #3162 ) ;
#2541 = DIRECTION ( 'NONE',  ( -0.0000000000000000000, 1.000000000000000000, -0.0000000000000000000 ) ) ;
#2542 = ORIENTED_EDGE ( 'NONE', *, *, #1856, .F. ) ;
#2543 = PLANE ( 'NONE',  #2421 ) ;
#2544 = CARTESIAN_POINT ( 'NONE',  ( 1.500000000000001600, -0.1000000000000000100, -3.949999999999998800 ) ) ;
#2545 = DIRECTION ( 'NONE',  ( 0.0000000000000000000, 1.000000000000000000, 0.0000000000000000000 ) ) ;
#2546 =( GEOMETRIC_REPRESENTATION_CONTEXT ( 3 ) GLOBAL_UNCERTAINTY_ASSIGNED_CONTEXT ( ( #1568 ) ) GLOBAL_UNIT_ASSIGNED_CONTEXT ( ( #108, #2169, #402 ) ) REPRESENTATION_CONTEXT ( 'NONE', 'WORKASPACE' ) );
#2547 = DIRECTION ( 'NONE',  ( -1.000000000000000000, 0.0000000000000000000, 0.0000000000000000000 ) ) ;
#2548 = ORIENTED_EDGE ( 'NONE', *, *, #1651, .T. ) ;
#2549 = AXIS2_PLACEMENT_3D ( 'NONE', #3642, #1889, #144 ) ;
#2550 = ORIENTED_EDGE ( 'NONE', *, *, #2508, .F. ) ;
#2551 = VECTOR ( 'NONE', #2621, 1000.000000000000000 ) ;
#2552 = EDGE_CURVE ( 'NONE', #2938, #3355, #2209, .T. ) ;
#2553 = VECTOR ( 'NONE', #3620, 1000.000000000000200 ) ;
#2554 = SURFACE_SIDE_STYLE ('',( #2887 ) ) ;
#2555 =( NAMED_UNIT ( * ) SI_UNIT ( $, .STERADIAN. ) SOLID_ANGLE_UNIT ( ) );
#2556 = SURFACE_SIDE_STYLE ('',( #2231 ) ) ;
#2557 = VECTOR ( 'NONE', #2689, 1000.000000000000000 ) ;
#2558 = CARTESIAN_POINT ( 'NONE',  ( 1.500000000000000400, 0.0000000000000000000, 5.099999999999999600 ) ) ;
#2559 =( LENGTH_UNIT ( ) NAMED_UNIT ( * ) SI_UNIT ( .MILLI., .METRE. ) );
#2560 = ORIENTED_EDGE ( 'NONE', *, *, #1899, .F. ) ;
#2561 = VERTEX_POINT ( 'NONE', #2928 ) ;
#2562 = VECTOR ( 'NONE', #3304, 1000.000000000000000 ) ;
#2563 = CARTESIAN_POINT ( 'NONE',  ( -0.8901578413383578500, 3.889999999999999700, 3.054704754562544100 ) ) ;
#2564 = LINE ( 'NONE', #1566, #986 ) ;
#2565 = CARTESIAN_POINT ( 'NONE',  ( 5.100000000000000500, 3.899999999999999900, 3.600000000000000100 ) ) ;
#2566 = SURFACE_STYLE_USAGE ( .BOTH. , #504 ) ;
#2567 = FILL_AREA_STYLE ('',( #505 ) ) ;
#2568 = CARTESIAN_POINT ( 'NONE',  ( -1.220129878419795100, 3.889999999999999700, -2.558355370748213600 ) ) ;
#2569 =( GEOMETRIC_REPRESENTATION_CONTEXT ( 3 ) GLOBAL_UNCERTAINTY_ASSIGNED_CONTEXT ( ( #2492 ) ) GLOBAL_UNIT_ASSIGNED_CONTEXT ( ( #3428, #1331, #3392 ) ) REPRESENTATION_CONTEXT ( 'NONE', 'WORKASPACE' ) );
#2570 = ORIENTED_EDGE ( 'NONE', *, *, #3574, .T. ) ;
#2571 = PLANE ( 'NONE',  #2478 ) ;
#2572 = ORIENTED_EDGE ( 'NONE', *, *, #2511, .T. ) ;
#2573 = FACE_OUTER_BOUND ( 'NONE', #1338, .T. ) ;
#2574 = VECTOR ( 'NONE', #2547, 1000.000000000000000 ) ;
#2575 = PRESENTATION_STYLE_ASSIGNMENT (( #3395 ) ) ;
#2576 =( GEOMETRIC_REPRESENTATION_CONTEXT ( 3 ) GLOBAL_UNCERTAINTY_ASSIGNED_CONTEXT ( ( #1506 ) ) GLOBAL_UNIT_ASSIGNED_CONTEXT ( ( #2761, #998, #3061 ) ) REPRESENTATION_CONTEXT ( 'NONE', 'WORKASPACE' ) );
#2577 = ORIENTED_EDGE ( 'NONE', *, *, #2697, .T. ) ;
#2578 =( NAMED_UNIT ( * ) PLANE_ANGLE_UNIT ( ) SI_UNIT ( $, .RADIAN. ) );
#2579 = EDGE_CURVE ( 'NONE', #2817, #1056, #3742, .T. ) ;
#2580 = CARTESIAN_POINT ( 'NONE',  ( -0.1622749188031466500, 3.889999999999999700, 1.995065670055501800 ) ) ;
#2581 = CARTESIAN_POINT ( 'NONE',  ( -1.499999999999998400, -0.1000000000000000100, -3.949999999999998800 ) ) ;
#2582 = AXIS2_PLACEMENT_3D ( 'NONE', #1539, #3031, #974 ) ;
#2583 = VERTEX_POINT ( 'NONE', #859 ) ;
#2584 = DIRECTION ( 'NONE',  ( -0.0000000000000000000, 0.0000000000000000000, 1.000000000000000000 ) ) ;
#2585 = EDGE_CURVE ( 'NONE', #604, #3457, #630, .T. ) ;
#2586 = FILL_AREA_STYLE ('',( #1738 ) ) ;
#2587 = FILL_AREA_STYLE_COLOUR ( '', #3194 ) ;
#2588 = ORIENTED_EDGE ( 'NONE', *, *, #2049, .F. ) ;
#2589 = CARTESIAN_POINT ( 'NONE',  ( 0.03083687697150129200, 3.889999999999999700, 1.785998768647050900 ) ) ;
#2590 = PRESENTATION_LAYER_ASSIGNMENT (  '', '', ( #2202 ) ) ;
#2591 = FACE_OUTER_BOUND ( 'NONE', #552, .T. ) ;
#2592 = PRESENTATION_LAYER_ASSIGNMENT (  '', '', ( #2208 ) ) ;
#2593 =( NAMED_UNIT ( * ) PLANE_ANGLE_UNIT ( ) SI_UNIT ( $, .RADIAN. ) );
#2594 = VECTOR ( 'NONE', #3178, 1000.000000000000000 ) ;
#2595 = PRESENTATION_LAYER_ASSIGNMENT (  '', '', ( #2212 ) ) ;
#2596 = LINE ( 'NONE', #908, #1016 ) ;
#2597 = VECTOR ( 'NONE', #966, 1000.000000000000000 ) ;
#2598 = SURFACE_STYLE_USAGE ( .BOTH. , #526 ) ;
#2599 = VERTEX_POINT ( 'NONE', #2056 ) ;
#2600 = ORIENTED_EDGE ( 'NONE', *, *, #2353, .F. ) ;
#2601 =( NAMED_UNIT ( * ) SI_UNIT ( $, .STERADIAN. ) SOLID_ANGLE_UNIT ( ) );
#2602 = DIRECTION ( 'NONE',  ( -0.0000000000000000000, -1.000000000000000000, -0.0000000000000000000 ) ) ;
#2603 = SURFACE_STYLE_FILL_AREA ( #1729 ) ;
#2604 = ADVANCED_FACE ( 'NONE', ( #2789 ), #1225, .F. ) ;
#2605 = SURFACE_STYLE_FILL_AREA ( #1285 ) ;
#2606 = SURFACE_STYLE_USAGE ( .BOTH. , #538 ) ;
#2607 = EDGE_CURVE ( 'NONE', #3262, #2407, #1320, .T. ) ;
#2608 = LINE ( 'NONE', #3371, #262 ) ;
#2609 = FACE_OUTER_BOUND ( 'NONE', #362, .T. ) ;
#2610 = SURFACE_STYLE_USAGE ( .BOTH. , #545 ) ;
#2611 = DIRECTION ( 'NONE',  ( 0.5707827724612920500, 0.0000000000000000000, 0.8211011062356455800 ) ) ;
#2612 = CARTESIAN_POINT ( 'NONE',  ( -1.500000000000000200, 0.0000000000000000000, 3.949999999999998800 ) ) ;
#2613 = EDGE_LOOP ( 'NONE', ( #1977, #2675, #2108, #1212 ) ) ;
#2614 = PRESENTATION_LAYER_ASSIGNMENT (  '', '', ( #2224 ) ) ;
#2615 = VECTOR ( 'NONE', #2096, 1000.000000000000000 ) ;
#2616 = CARTESIAN_POINT ( 'NONE',  ( 1.500000000000000900, 3.673940397442060400E-016, 4.999999999999999100 ) ) ;
#2617 = ORIENTED_EDGE ( 'NONE', *, *, #2430, .F. ) ;
#2618 = PRESENTATION_STYLE_ASSIGNMENT (( #2710 ) ) ;
#2619 = PLANE ( 'NONE',  #3550 ) ;
#2620 = ADVANCED_FACE ( 'NONE', ( #2880 ), #1764, .T. ) ;
#2621 = DIRECTION ( 'NONE',  ( -1.000000000000000000, -2.551063935259964600E-016, -0.0000000000000000000 ) ) ;
#2622 = EDGE_CURVE ( 'NONE', #1679, #1211, #937, .T. ) ;
#2623 = CARTESIAN_POINT ( 'NONE',  ( -1.500000000000000200, -0.1000000000000000100, 3.949999999999998800 ) ) ;
#2624 = MECHANICAL_DESIGN_GEOMETRIC_PRESENTATION_REPRESENTATION (  '', ( #2027 ), #2807 ) ;
#2625 = FILL_AREA_STYLE ('',( #3485 ) ) ;
#2626 = EDGE_CURVE ( 'NONE', #3457, #1255, #2815, .T. ) ;
#2627 =( NAMED_UNIT ( * ) PLANE_ANGLE_UNIT ( ) SI_UNIT ( $, .RADIAN. ) );
#2628 = EDGE_CURVE ( 'NONE', #3537, #1878, #3580, .T. ) ;
#2629 = DIRECTION ( 'NONE',  ( -0.0000000000000000000, 1.000000000000000000, -0.0000000000000000000 ) ) ;
#2630 = ORIENTED_EDGE ( 'NONE', *, *, #1651, .F. ) ;
#2631 =( GEOMETRIC_REPRESENTATION_CONTEXT ( 3 ) GLOBAL_UNCERTAINTY_ASSIGNED_CONTEXT ( ( #364 ) ) GLOBAL_UNIT_ASSIGNED_CONTEXT ( ( #2714, #941, #3012 ) ) REPRESENTATION_CONTEXT ( 'NONE', 'WORKASPACE' ) );
#2632 = FILL_AREA_STYLE_COLOUR ( '', #1395 ) ;
#2633 = CARTESIAN_POINT ( 'NONE',  ( 2.019306741298514400, 3.899999999999999900, -2.558355370748213200 ) ) ;
#2634 = ORIENTED_EDGE ( 'NONE', *, *, #1783, .F. ) ;
#2635 = DIRECTION ( 'NONE',  ( 1.000000000000000000, 0.0000000000000000000, 0.0000000000000000000 ) ) ;
#2636 = VERTEX_POINT ( 'NONE', #1201 ) ;
#2637 = SURFACE_STYLE_USAGE ( .BOTH. , #2931 ) ;
#2638 = ADVANCED_FACE ( 'NONE', ( #3492 ), #2969, .F. ) ;
#2639 = EDGE_CURVE ( 'NONE', #1373, #3562, #1657, .T. ) ;
#2640 = LINE ( 'NONE', #1532, #3404 ) ;
#2641 = PRESENTATION_STYLE_ASSIGNMENT (( #2852 ) ) ;
#2642 = CARTESIAN_POINT ( 'NONE',  ( 1.499999999999981800, 1.399999999999999900, -5.099999999999999600 ) ) ;
#2643 =( GEOMETRIC_REPRESENTATION_CONTEXT ( 3 ) GLOBAL_UNCERTAINTY_ASSIGNED_CONTEXT ( ( #2973 ) ) GLOBAL_UNIT_ASSIGNED_CONTEXT ( ( #2977, #1209, #3258 ) ) REPRESENTATION_CONTEXT ( 'NONE', 'WORKASPACE' ) );
#2644 = UNCERTAINTY_MEASURE_WITH_UNIT (LENGTH_MEASURE( 1.000000000000000100E-005 ), #524, 'distance_accuracy_value', 'NONE');
#2645 = ORIENTED_EDGE ( 'NONE', *, *, #605, .F. ) ;
#2646 = EDGE_LOOP ( 'NONE', ( #22, #893, #193, #1649 ) ) ;
#2647 = CARTESIAN_POINT ( 'NONE',  ( -1.500000000000000200, -0.1000000000000000100, 4.999999999999999100 ) ) ;
#2648 = EDGE_LOOP ( 'NONE', ( #1869, #1178, #2179, #808 ) ) ;
#2649 = DIRECTION ( 'NONE',  ( 1.000000000000000000, 0.0000000000000000000, -0.0000000000000000000 ) ) ;
#2650 = EDGE_CURVE ( 'NONE', #391, #3306, #3230, .T. ) ;
#2651 = DIRECTION ( 'NONE',  ( 1.000000000000000000, 0.0000000000000000000, 0.0000000000000000000 ) ) ;
#2652 = MECHANICAL_DESIGN_GEOMETRIC_PRESENTATION_REPRESENTATION (  '', ( #2063 ), #2842 ) ;
#2653 = CARTESIAN_POINT ( 'NONE',  ( 0.5375490248588252800, 3.899999999999999900, 0.5547047545625439800 ) ) ;
#2654 = EDGE_CURVE ( 'NONE', #1405, #2967, #876, .T. ) ;
#2655 = CARTESIAN_POINT ( 'NONE',  ( 0.0000000000000000000, 2.899999999999999900, 0.0000000000000000000 ) ) ;
#2656 = ADVANCED_FACE ( 'NONE', ( #788 ), #348, .T. ) ;
#2657 = FACE_OUTER_BOUND ( 'NONE', #1525, .T. ) ;
#2658 = FILL_AREA_STYLE_COLOUR ( '', #1013 ) ;
#2659 =( NAMED_UNIT ( * ) SI_UNIT ( $, .STERADIAN. ) SOLID_ANGLE_UNIT ( ) );
#2660 = DIRECTION ( 'NONE',  ( -5.560011140951304800E-017, -1.000000000000000000, 0.0000000000000000000 ) ) ;
#2661 = ORIENTED_EDGE ( 'NONE', *, *, #412, .F. ) ;
#2662 =( LENGTH_UNIT ( ) NAMED_UNIT ( * ) SI_UNIT ( .MILLI., .METRE. ) );
#2663 = VECTOR ( 'NONE', #2809, 1000.000000000000000 ) ;
#2664 = STYLED_ITEM ( 'NONE', ( #1587 ), #525 ) ;
#2665 = ORIENTED_EDGE ( 'NONE', *, *, #3044, .T. ) ;
#2666 = LINE ( 'NONE', #3678, #1870 ) ;
#2667 = LINE ( 'NONE', #2021, #1872 ) ;
#2668 = UNCERTAINTY_MEASURE_WITH_UNIT (LENGTH_MEASURE( 1.000000000000000100E-005 ), #784, 'distance_accuracy_value', 'NONE');
#2669 = PRESENTATION_LAYER_ASSIGNMENT (  '', '', ( #2275 ) ) ;
#2670 = CARTESIAN_POINT ( 'NONE',  ( 0.0000000000000000000, 2.899999999999999900, 0.0000000000000000000 ) ) ;
#2671 = STYLED_ITEM ( 'NONE', ( #2795 ), #1386 ) ;
#2672 = FILL_AREA_STYLE_COLOUR ( '', #2725 ) ;
#2673 = DIRECTION ( 'NONE',  ( 1.700709290173340400E-016, 0.0000000000000000000, 1.000000000000000000 ) ) ;
#2674 = EDGE_LOOP ( 'NONE', ( #839, #331, #2987, #1072 ) ) ;
#2675 = ORIENTED_EDGE ( 'NONE', *, *, #1199, .F. ) ;
#2676 = CARTESIAN_POINT ( 'NONE',  ( -1.233467700493287500, 3.889999999999999700, 3.054704754562544100 ) ) ;
#2677 = ORIENTED_EDGE ( 'NONE', *, *, #842, .T. ) ;
#2678 = SURFACE_SIDE_STYLE ('',( #1345 ) ) ;
#2679 = LINE ( 'NONE', #3225, #1796 ) ;
#2680 = DIRECTION ( 'NONE',  ( -0.0000000000000000000, -0.0000000000000000000, 1.000000000000000000 ) ) ;
#2681 = DIRECTION ( 'NONE',  ( 0.0000000000000000000, 0.0000000000000000000, -1.000000000000000000 ) ) ;
#2682 = STYLED_ITEM ( 'NONE', ( #1342 ), #1829 ) ;
#2683 = VECTOR ( 'NONE', #3750, 1000.000000000000000 ) ;
#2684 = LINE ( 'NONE', #1260, #1800 ) ;
#2685 = ORIENTED_EDGE ( 'NONE', *, *, #2308, .F. ) ;
#2686 = ORIENTED_EDGE ( 'NONE', *, *, #644, .F. ) ;
#2687 =( GEOMETRIC_REPRESENTATION_CONTEXT ( 3 ) GLOBAL_UNCERTAINTY_ASSIGNED_CONTEXT ( ( #434 ) ) GLOBAL_UNIT_ASSIGNED_CONTEXT ( ( #3719, #2578, #510 ) ) REPRESENTATION_CONTEXT ( 'NONE', 'WORKASPACE' ) );
#2688 = CARTESIAN_POINT ( 'NONE',  ( 5.976276379839084200E-016, 2.899999999999999900, -4.880000000000000800 ) ) ;
#2689 = DIRECTION ( 'NONE',  ( -1.000000000000000000, 0.0000000000000000000, 0.0000000000000000000 ) ) ;
#2690 = STYLED_ITEM ( 'NONE', ( #913 ), #3223 ) ;
#2691 = PRODUCT_DEFINITION_CONTEXT ( 'detailed design', #401, 'design' ) ;
#2692 = PRESENTATION_LAYER_ASSIGNMENT (  '', '', ( #2306 ) ) ;
#2693 = CARTESIAN_POINT ( 'NONE',  ( -0.5923789981381053500, 3.899999999999999900, -0.3752567791989179800 ) ) ;
#2694 = EDGE_CURVE ( 'NONE', #1990, #1118, #2144, .T. ) ;
#2695 = CIRCLE ( 'NONE', #2349, 4.900000000000001200 ) ;
#2696 = CARTESIAN_POINT ( 'NONE',  ( -0.8472441089439917100, 3.889999999999999700, 0.5547047545625439800 ) ) ;
#2697 = EDGE_CURVE ( 'NONE', #3099, #146, #1348, .T. ) ;
#2698 = MECHANICAL_DESIGN_GEOMETRIC_PRESENTATION_REPRESENTATION (  '', ( #2112 ), #2897 ) ;
#2699 =( NAMED_UNIT ( * ) PLANE_ANGLE_UNIT ( ) SI_UNIT ( $, .RADIAN. ) );
#2700 = FILL_AREA_STYLE ('',( #2411 ) ) ;
#2701 = EDGE_LOOP ( 'NONE', ( #88, #2182, #1853, #3384 ) ) ;
#2702 = PRESENTATION_STYLE_ASSIGNMENT (( #2637 ) ) ;
#2703 = CARTESIAN_POINT ( 'NONE',  ( 1.500000000000001100, -0.1000000000000000100, -4.999999999999999100 ) ) ;
#2704 = ORIENTED_EDGE ( 'NONE', *, *, #1430, .F. ) ;
#2705 =( NAMED_UNIT ( * ) SI_UNIT ( $, .STERADIAN. ) SOLID_ANGLE_UNIT ( ) );
#2706 = ADVANCED_FACE ( 'NONE', ( #569, #3588 ), #1527, .T. ) ;
#2707 = DIRECTION ( 'NONE',  ( -0.0000000000000000000, 1.000000000000000000, -0.0000000000000000000 ) ) ;
#2708 = MECHANICAL_DESIGN_GEOMETRIC_PRESENTATION_REPRESENTATION (  '', ( #2322 ), #2907 ) ;
#2709 = ADVANCED_BREP_SHAPE_REPRESENTATION ( 'MSS1038', ( #1379, #398 ), #990 ) ;
#2710 = SURFACE_STYLE_USAGE ( .BOTH. , #1813 ) ;
#2711 = CARTESIAN_POINT ( 'NONE',  ( -0.5923789981381053500, 3.899999999999999900, -0.3752567791989179800 ) ) ;
#2712 = SURFACE_SIDE_STYLE ('',( #704 ) ) ;
#2713 = PRESENTATION_LAYER_ASSIGNMENT (  '', '', ( #2531 ) ) ;
#2714 =( LENGTH_UNIT ( ) NAMED_UNIT ( * ) SI_UNIT ( .MILLI., .METRE. ) );
#2715 = ORIENTED_EDGE ( 'NONE', *, *, #2353, .T. ) ;
#2716 = CARTESIAN_POINT ( 'NONE',  ( -3.870279579551072900, 1.399999999999999900, 3.650431098567573400 ) ) ;
#2717 = ORIENTED_EDGE ( 'NONE', *, *, #1468, .F. ) ;
#2718 = EDGE_LOOP ( 'NONE', ( #3325, #3475, #1134, #1055, #386, #497, #1838, #3182, #1674, #2086, #2560, #2078, #1392, #3124, #3514, #7 ) ) ;
#2719 =( NAMED_UNIT ( * ) PLANE_ANGLE_UNIT ( ) SI_UNIT ( $, .RADIAN. ) );
#2720 = EDGE_CURVE ( 'NONE', #1479, #1679, #1765, .T. ) ;
#2721 = SURFACE_STYLE_USAGE ( .BOTH. , #669 ) ;
#2722 = DIRECTION ( 'NONE',  ( 0.0000000000000000000, 0.0000000000000000000, -1.000000000000000000 ) ) ;
#2723 = FACE_OUTER_BOUND ( 'NONE', #2066, .T. ) ;
#2724 = FILL_AREA_STYLE ('',( #672 ) ) ;
#2725 = COLOUR_RGB ( '',0.1921568627450980200, 0.2039215686274509800, 0.2039215686274509800 ) ;
#2726 = CARTESIAN_POINT ( 'NONE',  ( 2.351613079326683800, 3.889999999999999700, -2.630428434128495600 ) ) ;
#2727 = UNCERTAINTY_MEASURE_WITH_UNIT (LENGTH_MEASURE( 1.000000000000000100E-005 ), #3261, 'distance_accuracy_value', 'NONE');
#2728 = PLANE ( 'NONE',  #3682 ) ;
#2729 = PLANE ( 'NONE',  #2582 ) ;
#2730 = ORIENTED_EDGE ( 'NONE', *, *, #1971, .F. ) ;
#2731 = ORIENTED_EDGE ( 'NONE', *, *, #3011, .F. ) ;
#2732 = ORIENTED_EDGE ( 'NONE', *, *, #3414, .T. ) ;
#2733 = STYLED_ITEM ( 'NONE', ( #1960 ), #2315 ) ;
#2734 = COLOUR_RGB ( '',0.8274509803921568100, 0.8392156862745098200, 0.8274509803921568100 ) ;
#2735 = CARTESIAN_POINT ( 'NONE',  ( -5.099999999999999600, 3.899999999999999900, 2.349999999999986800 ) ) ;
#2736 = EDGE_CURVE ( 'NONE', #3669, #2281, #209, .T. ) ;
#2737 = DIRECTION ( 'NONE',  ( 0.7071067811865462400, -0.0000000000000000000, 0.7071067811865489100 ) ) ;
#2738 = DIRECTION ( 'NONE',  ( 1.000000000000000000, 0.0000000000000000000, -0.0000000000000000000 ) ) ;
#2739 = SURFACE_STYLE_FILL_AREA ( #3701 ) ;
#2740 = SURFACE_SIDE_STYLE ('',( #2605 ) ) ;
#2741 = COLOUR_RGB ( '',0.1921568627450980200, 0.2039215686274509800, 0.2039215686274509800 ) ;
#2742 = COLOUR_RGB ( '',0.8274509803921568100, 0.8392156862745098200, 0.8274509803921568100 ) ;
#2743 = DIRECTION ( 'NONE',  ( -0.8242666277543648800, 0.0000000000000000000, -0.5662018424294003000 ) ) ;
#2744 = COLOUR_RGB ( '',1.000000000000000000, 1.000000000000000000, 1.000000000000000000 ) ;
#2745 = ORIENTED_EDGE ( 'NONE', *, *, #2167, .T. ) ;
#2746 = VERTEX_POINT ( 'NONE', #388 ) ;
#2747 = SURFACE_STYLE_FILL_AREA ( #3387 ) ;
#2748 = CARTESIAN_POINT ( 'NONE',  ( -0.3443831934510339100, 3.889999999999999700, 1.778296303858318600 ) ) ;
#2749 = LINE ( 'NONE', #179, #1189 ) ;
#2750 = DIRECTION ( 'NONE',  ( -0.0000000000000000000, 1.000000000000000000, -0.0000000000000000000 ) ) ;
#2751 = LINE ( 'NONE', #3450, #418 ) ;
#2752 = SURFACE_SIDE_STYLE ('',( #1180 ) ) ;
#2753 = SURFACE_SIDE_STYLE ('',( #2163 ) ) ;
#2754 = STYLED_ITEM ( 'NONE', ( #2466 ), #1739 ) ;
#2755 = LINE ( 'NONE', #380, #1963 ) ;
#2756 = DIRECTION ( 'NONE',  ( 1.000000000000000000, 0.0000000000000000000, -0.0000000000000000000 ) ) ;
#2757 = UNCERTAINTY_MEASURE_WITH_UNIT (LENGTH_MEASURE( 1.000000000000000100E-005 ), #1635, 'distance_accuracy_value', 'NONE');
#2758 = SURFACE_SIDE_STYLE ('',( #1770 ) ) ;
#2759 = ORIENTED_EDGE ( 'NONE', *, *, #2697, .F. ) ;
#2760 = SURFACE_STYLE_USAGE ( .BOTH. , #706 ) ;
#2761 =( LENGTH_UNIT ( ) NAMED_UNIT ( * ) SI_UNIT ( .MILLI., .METRE. ) );
#2762 = ORIENTED_EDGE ( 'NONE', *, *, #2057, .T. ) ;
#2763 = DIRECTION ( 'NONE',  ( -0.5662018424294001900, 0.0000000000000000000, 0.8242666277543647700 ) ) ;
#2764 = EDGE_CURVE ( 'NONE', #1306, #2407, #979, .T. ) ;
#2765 = ORIENTED_EDGE ( 'NONE', *, *, #1236, .F. ) ;
#2766 =( NAMED_UNIT ( * ) PLANE_ANGLE_UNIT ( ) SI_UNIT ( $, .RADIAN. ) );
#2767 = DIRECTION ( 'NONE',  ( 0.0000000000000000000, 0.0000000000000000000, -1.000000000000000000 ) ) ;
#2768 = SURFACE_SIDE_STYLE ('',( #3733 ) ) ;
#2769 = PRESENTATION_LAYER_ASSIGNMENT (  '', '', ( #2386 ) ) ;
#2770 = LINE ( 'NONE', #1999, #2683 ) ;
#2771 = EDGE_CURVE ( 'NONE', #2300, #1477, #1664, .T. ) ;
#2772 = VECTOR ( 'NONE', #1512, 1000.000000000000000 ) ;
#2773 = CARTESIAN_POINT ( 'NONE',  ( 0.0000000000000000000, 2.899999999999999900, 0.0000000000000000000 ) ) ;
#2774 = ORIENTED_EDGE ( 'NONE', *, *, #1638, .F. ) ;
#2775 = ORIENTED_EDGE ( 'NONE', *, *, #1110, .T. ) ;
#2776 = DIRECTION ( 'NONE',  ( -1.000000000000000000, -1.445602896647339200E-016, 0.0000000000000000000 ) ) ;
#2777 = UNCERTAINTY_MEASURE_WITH_UNIT (LENGTH_MEASURE( 1.000000000000000100E-005 ), #713, 'distance_accuracy_value', 'NONE');
#2778 = MECHANICAL_DESIGN_GEOMETRIC_PRESENTATION_REPRESENTATION (  '', ( #2202 ), #2986 ) ;
#2779 = DIRECTION ( 'NONE',  ( 0.0000000000000000000, 0.0000000000000000000, 1.000000000000000000 ) ) ;
#2780 =( LENGTH_UNIT ( ) NAMED_UNIT ( * ) SI_UNIT ( .MILLI., .METRE. ) );
#2781 = MECHANICAL_DESIGN_GEOMETRIC_PRESENTATION_REPRESENTATION (  '', ( #2208 ), #2988 ) ;
#2782 = MECHANICAL_DESIGN_GEOMETRIC_PRESENTATION_REPRESENTATION (  '', ( #2212 ), #2991 ) ;
#2783 =( NAMED_UNIT ( * ) SI_UNIT ( $, .STERADIAN. ) SOLID_ANGLE_UNIT ( ) );
#2784 = VECTOR ( 'NONE', #3156, 1000.000000000000000 ) ;
#2785 = VERTEX_POINT ( 'NONE', #1552 ) ;
#2786 = CARTESIAN_POINT ( 'NONE',  ( 0.5375490248588252800, 3.889999999999999700, 0.5547047545625439800 ) ) ;
#2787 = FILL_AREA_STYLE_COLOUR ( '', #887 ) ;
#2788 = VERTEX_POINT ( 'NONE', #2444 ) ;
#2789 = FACE_OUTER_BOUND ( 'NONE', #467, .T. ) ;
#2790 = EDGE_LOOP ( 'NONE', ( #3311, #411, #3488, #1337 ) ) ;
#2791 = ORIENTED_EDGE ( 'NONE', *, *, #1549, .T. ) ;
#2792 = DIRECTION ( 'NONE',  ( -1.000000000000000000, 0.0000000000000000000, 0.0000000000000000000 ) ) ;
#2793 = CARTESIAN_POINT ( 'NONE',  ( -0.1551226300707522500, 3.889999999999999700, 1.995065670055501800 ) ) ;
#2794 = LINE ( 'NONE', #2857, #1597 ) ;
#2795 = PRESENTATION_STYLE_ASSIGNMENT (( #3713 ) ) ;
#2796 = SURFACE_STYLE_FILL_AREA ( #2004 ) ;
#2797 = EDGE_CURVE ( 'NONE', #221, #1979, #2377, .T. ) ;
#2798 = VECTOR ( 'NONE', #798, 1000.000000000000000 ) ;
#2799 = SURFACE_SIDE_STYLE ('',( #2087 ) ) ;
#2800 = SURFACE_SIDE_STYLE ('',( #2879 ) ) ;
#2801 = MECHANICAL_DESIGN_GEOMETRIC_PRESENTATION_REPRESENTATION (  '', ( #2224 ), #3005 ) ;
#2802 = VERTEX_POINT ( 'NONE', #2146 ) ;
#2803 = CARTESIAN_POINT ( 'NONE',  ( 6.000769315822032700E-016, 2.899999999999999900, -4.900000000000001200 ) ) ;
#2804 = ORIENTED_EDGE ( 'NONE', *, *, #1240, .F. ) ;
#2805 = EDGE_CURVE ( 'NONE', #3069, #1306, #3235, .T. ) ;
#2806 = VERTEX_POINT ( 'NONE', #103 ) ;
#2807 =( GEOMETRIC_REPRESENTATION_CONTEXT ( 3 ) GLOBAL_UNCERTAINTY_ASSIGNED_CONTEXT ( ( #927 ) ) GLOBAL_UNIT_ASSIGNED_CONTEXT ( ( #834, #2900, #1136 ) ) REPRESENTATION_CONTEXT ( 'NONE', 'WORKASPACE' ) );
#2808 = DIRECTION ( 'NONE',  ( -0.0000000000000000000, 1.000000000000000000, -0.0000000000000000000 ) ) ;
#2809 = DIRECTION ( 'NONE',  ( 0.0000000000000000000, -1.000000000000000000, 0.0000000000000000000 ) ) ;
#2810 = EDGE_CURVE ( 'NONE', #345, #936, #1578, .T. ) ;
#2811 = EDGE_CURVE ( 'NONE', #919, #1488, #39, .T. ) ;
#2812 = LINE ( 'NONE', #1740, #1253 ) ;
#2813 = ORIENTED_EDGE ( 'NONE', *, *, #3735, .T. ) ;
#2814 = LINE ( 'NONE', #139, #3577 ) ;
#2815 = LINE ( 'NONE', #1483, #2045 ) ;
#2816 = VECTOR ( 'NONE', #3626, 999.9999999999998900 ) ;
#2817 = VERTEX_POINT ( 'NONE', #1859 ) ;
#2818 = CARTESIAN_POINT ( 'NONE',  ( -1.500000000000000200, -0.1000000000000000100, 5.149999999999999500 ) ) ;
#2819 = UNCERTAINTY_MEASURE_WITH_UNIT (LENGTH_MEASURE( 1.000000000000000100E-005 ), #3101, 'distance_accuracy_value', 'NONE');
#2820 = VECTOR ( 'NONE', #3288, 1000.000000000000000 ) ;
#2821 = CARTESIAN_POINT ( 'NONE',  ( 2.351613079326683800, 3.889999999999999700, -2.840045511593284600 ) ) ;
#2822 = DIRECTION ( 'NONE',  ( 0.0000000000000000000, -0.0000000000000000000, 1.000000000000000000 ) ) ;
#2823 = CARTESIAN_POINT ( 'NONE',  ( -0.7238710756028941000, 3.889999999999999700, -2.840045511593284600 ) ) ;
#2824 = VECTOR ( 'NONE', #1177, 999.9999999999998900 ) ;
#2825 = EDGE_CURVE ( 'NONE', #2269, #1167, #2970, .T. ) ;
#2826 = PRESENTATION_STYLE_ASSIGNMENT (( #1855 ) ) ;
#2827 = SURFACE_SIDE_STYLE ('',( #1090 ) ) ;
#2828 = LINE ( 'NONE', #424, #3418 ) ;
#2829 = CIRCLE ( 'NONE', #2129, 4.880000000000000800 ) ;
#2830 = FILL_AREA_STYLE_COLOUR ( '', #3518 ) ;
#2831 =( LENGTH_UNIT ( ) NAMED_UNIT ( * ) SI_UNIT ( .MILLI., .METRE. ) );
#2832 = LINE ( 'NONE', #795, #3510 ) ;
#2833 = VERTEX_POINT ( 'NONE', #2175 ) ;
#2834 = EDGE_CURVE ( 'NONE', #3216, #1105, #712, .T. ) ;
#2835 = COLOUR_RGB ( '',0.8274509803921568100, 0.8392156862745098200, 0.8274509803921568100 ) ;
#2836 = COLOUR_RGB ( '',1.000000000000000000, 1.000000000000000000, 1.000000000000000000 ) ;
#2837 = CARTESIAN_POINT ( 'NONE',  ( -3.870279579551072900, 2.400000000000000400, 3.650431098567573400 ) ) ;
#2838 =( LENGTH_UNIT ( ) NAMED_UNIT ( * ) SI_UNIT ( .MILLI., .METRE. ) );
#2839 = ORIENTED_EDGE ( 'NONE', *, *, #2189, .T. ) ;
#2840 = CARTESIAN_POINT ( 'NONE',  ( 1.499999999999999800, 0.0000000000000000000, 3.949999999999999700 ) ) ;
#2841 =( NAMED_UNIT ( * ) SI_UNIT ( $, .STERADIAN. ) SOLID_ANGLE_UNIT ( ) );
#2842 =( GEOMETRIC_REPRESENTATION_CONTEXT ( 3 ) GLOBAL_UNCERTAINTY_ASSIGNED_CONTEXT ( ( #2319 ) ) GLOBAL_UNIT_ASSIGNED_CONTEXT ( ( #1482, #3521, #1772 ) ) REPRESENTATION_CONTEXT ( 'NONE', 'WORKASPACE' ) );
#2843 = LINE ( 'NONE', #2803, #2072 ) ;
#2844 = LINE ( 'NONE', #271, #501 ) ;
#2845 = SURFACE_SIDE_STYLE ('',( #56 ) ) ;
#2846 = EDGE_CURVE ( 'NONE', #1498, #3067, #3729, .T. ) ;
#2847 = UNCERTAINTY_MEASURE_WITH_UNIT (LENGTH_MEASURE( 1.000000000000000100E-005 ), #3312, 'distance_accuracy_value', 'NONE');
#2848 = CARTESIAN_POINT ( 'NONE',  ( 3.725000000000011200, 3.899999999999999900, -3.724999999999981000 ) ) ;
#2849 = DIRECTION ( 'NONE',  ( 0.0000000000000000000, -0.0000000000000000000, -1.000000000000000000 ) ) ;
#2850 = VERTEX_POINT ( 'NONE', #2336 ) ;
#2851 =( NAMED_UNIT ( * ) PLANE_ANGLE_UNIT ( ) SI_UNIT ( $, .RADIAN. ) );
#2852 = SURFACE_STYLE_USAGE ( .BOTH. , #785 ) ;
#2853 = PRESENTATION_LAYER_ASSIGNMENT (  '', '', ( #2664 ) ) ;
#2854 = DIRECTION ( 'NONE',  ( -1.000000000000000000, 0.0000000000000000000, 0.0000000000000000000 ) ) ;
#2855 = ORIENTED_EDGE ( 'NONE', *, *, #4, .F. ) ;
#2856 = MECHANICAL_DESIGN_GEOMETRIC_PRESENTATION_REPRESENTATION (  '', ( #2275 ), #3056 ) ;
#2857 = CARTESIAN_POINT ( 'NONE',  ( -3.834924240491745600, 1.399999999999999900, 3.615075759508246100 ) ) ;
#2858 = ORIENTED_EDGE ( 'NONE', *, *, #935, .F. ) ;
#2859 = ADVANCED_FACE ( 'NONE', ( #2871 ), #3476, .T. ) ;
#2860 = PRESENTATION_LAYER_ASSIGNMENT (  '', '', ( #2671 ) ) ;
#2861 = VECTOR ( 'NONE', #3376, 1000.000000000000000 ) ;
#2862 = PLANE ( 'NONE',  #3145 ) ;
#2863 = FILL_AREA_STYLE_COLOUR ( '', #3745 ) ;
#2864 = SURFACE_STYLE_USAGE ( .BOTH. , #800 ) ;
#2865 = CARTESIAN_POINT ( 'NONE',  ( -0.7238710756028941000, 3.889999999999999700, -2.840045511593284600 ) ) ;
#2866 = VECTOR ( 'NONE', #347, 1000.000000000000000 ) ;
#2867 = PRESENTATION_STYLE_ASSIGNMENT (( #2229 ) ) ;
#2868 = SURFACE_SIDE_STYLE ('',( #943 ) ) ;
#2869 = EDGE_LOOP ( 'NONE', ( #3482, #2159, #745, #3090, #518, #2485 ) ) ;
#2870 = ORIENTED_EDGE ( 'NONE', *, *, #843, .F. ) ;
#2871 = FACE_OUTER_BOUND ( 'NONE', #2882, .T. ) ;
#2872 = FILL_AREA_STYLE_COLOUR ( '', #1632 ) ;
#2873 = UNCERTAINTY_MEASURE_WITH_UNIT (LENGTH_MEASURE( 1.000000000000000100E-005 ), #3062, 'distance_accuracy_value', 'NONE');
#2874 = PRESENTATION_LAYER_ASSIGNMENT (  '', '', ( #2682 ) ) ;
#2875 = CARTESIAN_POINT ( 'NONE',  ( -1.911151005180358600, 3.889999999999999700, -0.3752567791989179800 ) ) ;
#2876 = DIRECTION ( 'NONE',  ( 0.5707827724612921600, 0.0000000000000000000, 0.8211011062356454700 ) ) ;
#2877 = LINE ( 'NONE', #1353, #527 ) ;
#2878 = DIRECTION ( 'NONE',  ( -0.0000000000000000000, 1.000000000000000000, -0.0000000000000000000 ) ) ;
#2879 = SURFACE_STYLE_FILL_AREA ( #2172 ) ;
#2880 = FACE_OUTER_BOUND ( 'NONE', #1247, .T. ) ;
#2881 = ADVANCED_FACE ( 'NONE', ( #349 ), #865, .F. ) ;
#2882 = EDGE_LOOP ( 'NONE', ( #2408, #796, #1450, #2677 ) ) ;
#2883 = DIRECTION ( 'NONE',  ( -0.5640048758647763200, 0.0000000000000000000, -0.8257714574873354900 ) ) ;
#2884 = AXIS2_PLACEMENT_3D ( 'NONE', #3671, #1918, #173 ) ;
#2885 = VERTEX_POINT ( 'NONE', #2642 ) ;
#2886 =( NAMED_UNIT ( * ) PLANE_ANGLE_UNIT ( ) SI_UNIT ( $, .RADIAN. ) );
#2887 = SURFACE_STYLE_FILL_AREA ( #1953 ) ;
#2888 = MECHANICAL_DESIGN_GEOMETRIC_PRESENTATION_REPRESENTATION (  '', ( #2306 ), #3086 ) ;
#2889 = CARTESIAN_POINT ( 'NONE',  ( 0.0000000000000000000, 3.899999999999999900, 0.0000000000000000000 ) ) ;
#2890 = FILL_AREA_STYLE ('',( #529 ) ) ;
#2891 = EDGE_CURVE ( 'NONE', #2561, #1422, #2328, .T. ) ;
#2892 = SURFACE_STYLE_FILL_AREA ( #1082 ) ;
#2893 = EDGE_CURVE ( 'NONE', #645, #2449, #1529, .T. ) ;
#2894 = SURFACE_SIDE_STYLE ('',( #172 ) ) ;
#2895 = CARTESIAN_POINT ( 'NONE',  ( -2.349999999999996500, 3.899999999999999900, 5.099999999999999600 ) ) ;
#2896 =( NAMED_UNIT ( * ) PLANE_ANGLE_UNIT ( ) SI_UNIT ( $, .RADIAN. ) );
#2897 =( GEOMETRIC_REPRESENTATION_CONTEXT ( 3 ) GLOBAL_UNCERTAINTY_ASSIGNED_CONTEXT ( ( #2457 ) ) GLOBAL_UNIT_ASSIGNED_CONTEXT ( ( #2780, #1012, #2204 ) ) REPRESENTATION_CONTEXT ( 'NONE', 'WORKASPACE' ) );
#2898 = CARTESIAN_POINT ( 'NONE',  ( -3.599999999999995200, 3.899999999999999900, -5.099999999999999600 ) ) ;
#2899 = CARTESIAN_POINT ( 'NONE',  ( 0.7318947694675286300, 3.889999999999999700, -2.840045511593284600 ) ) ;
#2900 =( NAMED_UNIT ( * ) PLANE_ANGLE_UNIT ( ) SI_UNIT ( $, .RADIAN. ) );
#2901 = DIRECTION ( 'NONE',  ( -0.0000000000000000000, 1.000000000000000000, -0.0000000000000000000 ) ) ;
#2902 = ORIENTED_EDGE ( 'NONE', *, *, #1745, .F. ) ;
#2903 = ADVANCED_FACE ( 'NONE', ( #3103 ), #661, .T. ) ;
#2904 = ORIENTED_EDGE ( 'NONE', *, *, #3579, .T. ) ;
#2905 = DIRECTION ( 'NONE',  ( -0.0000000000000000000, 1.000000000000000000, -0.0000000000000000000 ) ) ;
#2906 = ORIENTED_EDGE ( 'NONE', *, *, #260, .F. ) ;
#2907 =( GEOMETRIC_REPRESENTATION_CONTEXT ( 3 ) GLOBAL_UNCERTAINTY_ASSIGNED_CONTEXT ( ( #1659 ) ) GLOBAL_UNIT_ASSIGNED_CONTEXT ( ( #3446, #1404, #3164 ) ) REPRESENTATION_CONTEXT ( 'NONE', 'WORKASPACE' ) );
#2908 = COLOUR_RGB ( '',0.8274509803921568100, 0.8392156862745098200, 0.8274509803921568100 ) ;
#2909 = STYLED_ITEM ( 'NONE', ( #2095 ), #2859 ) ;
#2910 = DIRECTION ( 'NONE',  ( -0.0000000000000000000, 1.000000000000000000, -0.0000000000000000000 ) ) ;
#2911 = PLANE ( 'NONE',  #1065 ) ;
#2912 = MECHANICAL_DESIGN_GEOMETRIC_PRESENTATION_REPRESENTATION (  '', ( #2531 ), #3107 ) ;
#2913 = VECTOR ( 'NONE', #3571, 1000.000000000000000 ) ;
#2914 = VERTEX_POINT ( 'NONE', #606 ) ;
#2915 = DIRECTION ( 'NONE',  ( -0.0000000000000000000, 1.000000000000000000, -0.0000000000000000000 ) ) ;
#2916 = DIRECTION ( 'NONE',  ( 0.0000000000000000000, -1.000000000000000000, -0.0000000000000000000 ) ) ;
#2917 = EDGE_CURVE ( 'NONE', #346, #2817, #3776, .T. ) ;
#2918 = PRESENTATION_STYLE_ASSIGNMENT (( #900 ) ) ;
#2919 = DIRECTION ( 'NONE',  ( 1.700709290173340400E-016, 0.0000000000000000000, 1.000000000000000000 ) ) ;
#2920 = EDGE_LOOP ( 'NONE', ( #2195, #101, #498, #2435 ) ) ;
#2921 = VECTOR ( 'NONE', #928, 1000.000000000000000 ) ;
#2922 = FILL_AREA_STYLE ('',( #2632 ) ) ;
#2923 = EDGE_CURVE ( 'NONE', #1306, #1575, #1440, .T. ) ;
#2924 = SURFACE_STYLE_USAGE ( .BOTH. , #3210 ) ;
#2925 = LINE ( 'NONE', #1463, #2053 ) ;
#2926 = ADVANCED_FACE ( 'NONE', ( #3008 ), #3583, .F. ) ;
#2927 = DIRECTION ( 'NONE',  ( -0.0000000000000000000, 1.000000000000000000, -0.0000000000000000000 ) ) ;
#2928 = CARTESIAN_POINT ( 'NONE',  ( 0.3995884314393592900, 3.899999999999999900, -2.558355370748212700 ) ) ;
#2929 = COLOUR_RGB ( '',1.000000000000000000, 1.000000000000000000, 1.000000000000000000 ) ;
#2930 = FILL_AREA_STYLE ('',( #3228 ) ) ;
#2931 = SURFACE_SIDE_STYLE ('',( #3464 ) ) ;
#2932 = ORIENTED_EDGE ( 'NONE', *, *, #1826, .F. ) ;
#2933 = STYLED_ITEM ( 'NONE', ( #3241 ), #2113 ) ;
#2934 = ORIENTED_EDGE ( 'NONE', *, *, #748, .F. ) ;
#2935 = VECTOR ( 'NONE', #3638, 1000.000000000000200 ) ;
#2936 = VECTOR ( 'NONE', #71, 1000.000000000000000 ) ;
#2937 = CARTESIAN_POINT ( 'NONE',  ( -0.3443831934510339100, 3.889999999999999700, 1.778296303858318600 ) ) ;
#2938 = VERTEX_POINT ( 'NONE', #332 ) ;
#2939 = PRESENTATION_LAYER_ASSIGNMENT (  '', '', ( #2733 ) ) ;
#2940 = EDGE_LOOP ( 'NONE', ( #578, #1793, #790, #723, #3677, #2999, #437, #530 ) ) ;
#2941 = LINE ( 'NONE', #3448, #3607 ) ;
#2942 = LINE ( 'NONE', #968, #679 ) ;
#2943 = CARTESIAN_POINT ( 'NONE',  ( 0.3995884314393594600, 3.899999999999999900, -2.558355370748213600 ) ) ;
#2944 = ORIENTED_EDGE ( 'NONE', *, *, #797, .F. ) ;
#2945 = DIRECTION ( 'NONE',  ( 0.0000000000000000000, 0.0000000000000000000, -1.000000000000000000 ) ) ;
#2946 = VECTOR ( 'NONE', #1606, 1000.000000000000000 ) ;
#2947 = DIRECTION ( 'NONE',  ( -1.000000000000000000, 0.0000000000000000000, 1.752335333352409800E-014 ) ) ;
#2948 = CARTESIAN_POINT ( 'NONE',  ( -5.100000000000000500, 0.0000000000000000000, -3.599999999999999600 ) ) ;
#2949 = ADVANCED_FACE ( 'NONE', ( #2141 ), #1784, .T. ) ;
#2950 = DIRECTION ( 'NONE',  ( -1.000000000000000000, 0.0000000000000000000, 0.0000000000000000000 ) ) ;
#2951 = ORIENTED_EDGE ( 'NONE', *, *, #1430, .T. ) ;
#2952 = CARTESIAN_POINT ( 'NONE',  ( -0.3443831934510339100, 3.899999999999999900, 1.778296303858318600 ) ) ;
#2953 = ORIENTED_EDGE ( 'NONE', *, *, #3044, .F. ) ;
#2954 = CARTESIAN_POINT ( 'NONE',  ( -0.1490706934510338500, 3.889999999999999700, 1.567578874280853900 ) ) ;
#2955 = PRESENTATION_LAYER_ASSIGNMENT (  '', '', ( #2754 ) ) ;
#2956 = ORIENTED_EDGE ( 'NONE', *, *, #2736, .F. ) ;
#2957 = ORIENTED_EDGE ( 'NONE', *, *, #3229, .T. ) ;
#2958 = SURFACE_STYLE_FILL_AREA ( #3495 ) ;
#2959 = AXIS2_PLACEMENT_3D ( 'NONE', #2773, #719, #2199 ) ;
#2960 = VECTOR ( 'NONE', #3077, 1000.000000000000000 ) ;
#2961 = VECTOR ( 'NONE', #902, 1000.000000000000000 ) ;
#2962 = DIRECTION ( 'NONE',  ( 0.0000000000000000000, 0.0000000000000000000, 1.000000000000000000 ) ) ;
#2963 = STYLED_ITEM ( 'NONE', ( #2041 ), #3166 ) ;
#2964 = LINE ( 'NONE', #2515, #703 ) ;
#2965 = PRESENTATION_STYLE_ASSIGNMENT (( #940 ) ) ;
#2966 = EDGE_LOOP ( 'NONE', ( #2207, #747, #235, #635 ) ) ;
#2967 = VERTEX_POINT ( 'NONE', #2098 ) ;
#2968 = CARTESIAN_POINT ( 'NONE',  ( 0.0000000000000000000, 3.899999999999999900, 4.880000000000000800 ) ) ;
#2969 = PLANE ( 'NONE',  #3545 ) ;
#2970 = LINE ( 'NONE', #3039, #2197 ) ;
#2971 = CARTESIAN_POINT ( 'NONE',  ( -1.180100623028498700, 3.889999999999999700, 0.5547047545625439800 ) ) ;
#2972 = EDGE_CURVE ( 'NONE', #1355, #2084, #1850, .T. ) ;
#2973 = UNCERTAINTY_MEASURE_WITH_UNIT (LENGTH_MEASURE( 1.000000000000000100E-005 ), #2977, 'distance_accuracy_value', 'NONE');
#2974 = MECHANICAL_DESIGN_GEOMETRIC_PRESENTATION_REPRESENTATION (  '', ( #2386 ), #3161 ) ;
#2975 = COLOUR_RGB ( '',0.8274509803921568100, 0.8392156862745098200, 0.8274509803921568100 ) ;
#2976 = EDGE_CURVE ( 'NONE', #811, #3569, #1070, .T. ) ;
#2977 =( LENGTH_UNIT ( ) NAMED_UNIT ( * ) SI_UNIT ( .MILLI., .METRE. ) );
#2978 = CARTESIAN_POINT ( 'NONE',  ( 2.019306741298514400, 3.899999999999999900, -2.558355370748213600 ) ) ;
#2979 = CARTESIAN_POINT ( 'NONE',  ( 1.500000000000001100, -0.1000000000000000100, -5.149999999999999500 ) ) ;
#2980 = ORIENTED_EDGE ( 'NONE', *, *, #2337, .F. ) ;
#2981 = SURFACE_SIDE_STYLE ('',( #3744 ) ) ;
#2982 = VECTOR ( 'NONE', #2042, 1000.000000000000000 ) ;
#2983 = ORIENTED_EDGE ( 'NONE', *, *, #2917, .F. ) ;
#2984 = LINE ( 'NONE', #1766, #2211 ) ;
#2985 = COLOUR_RGB ( '',1.000000000000000000, 1.000000000000000000, 1.000000000000000000 ) ;
#2986 =( GEOMETRIC_REPRESENTATION_CONTEXT ( 3 ) GLOBAL_UNCERTAINTY_ASSIGNED_CONTEXT ( ( #3425 ) ) GLOBAL_UNIT_ASSIGNED_CONTEXT ( ( #2662, #2357, #1750 ) ) REPRESENTATION_CONTEXT ( 'NONE', 'WORKASPACE' ) );
#2987 = ORIENTED_EDGE ( 'NONE', *, *, #2811, .T. ) ;
#2988 =( GEOMETRIC_REPRESENTATION_CONTEXT ( 3 ) GLOBAL_UNCERTAINTY_ASSIGNED_CONTEXT ( ( #1831 ) ) GLOBAL_UNIT_ASSIGNED_CONTEXT ( ( #1786, #48, #2094 ) ) REPRESENTATION_CONTEXT ( 'NONE', 'WORKASPACE' ) );
#2989 = CARTESIAN_POINT ( 'NONE',  ( 2.349999999999994300, 0.0000000000000000000, -5.100000000000000500 ) ) ;
#2990 = FILL_AREA_STYLE_COLOUR ( '', #1759 ) ;
#2991 =( GEOMETRIC_REPRESENTATION_CONTEXT ( 3 ) GLOBAL_UNCERTAINTY_ASSIGNED_CONTEXT ( ( #3680 ) ) GLOBAL_UNIT_ASSIGNED_CONTEXT ( ( #3474, #1725, #3781 ) ) REPRESENTATION_CONTEXT ( 'NONE', 'WORKASPACE' ) );
#2992 = CARTESIAN_POINT ( 'NONE',  ( -2.349999999999996500, 0.0000000000000000000, 5.099999999999999600 ) ) ;
#2993 = SURFACE_SIDE_STYLE ('',( #3134 ) ) ;
#2994 = DIRECTION ( 'NONE',  ( -0.0000000000000000000, 1.000000000000000000, -0.0000000000000000000 ) ) ;
#2995 = UNCERTAINTY_MEASURE_WITH_UNIT (LENGTH_MEASURE( 1.000000000000000100E-005 ), #3688, 'distance_accuracy_value', 'NONE');
#2996 = ADVANCED_FACE ( 'NONE', ( #972 ), #910, .F. ) ;
#2997 = EDGE_CURVE ( 'NONE', #2251, #2785, #3724, .T. ) ;
#2998 = SURFACE_STYLE_USAGE ( .BOTH. , #924 ) ;
#2999 = ORIENTED_EDGE ( 'NONE', *, *, #553, .T. ) ;
#3000 = DIRECTION ( 'NONE',  ( 4.130293990420967400E-016, 0.0000000000000000000, 1.000000000000000000 ) ) ;
#3001 = ORIENTED_EDGE ( 'NONE', *, *, #3619, .F. ) ;
#3002 = CARTESIAN_POINT ( 'NONE',  ( 2.349999999999996100, 3.899999999999999900, -5.099999999999999600 ) ) ;
#3003 = LINE ( 'NONE', #3120, #3673 ) ;
#3004 = CARTESIAN_POINT ( 'NONE',  ( 1.500000000000000200, -0.1000000000000000100, 5.149999999999999500 ) ) ;
#3005 =( GEOMETRIC_REPRESENTATION_CONTEXT ( 3 ) GLOBAL_UNCERTAINTY_ASSIGNED_CONTEXT ( ( #2668 ) ) GLOBAL_UNIT_ASSIGNED_CONTEXT ( ( #784, #2851, #1085 ) ) REPRESENTATION_CONTEXT ( 'NONE', 'WORKASPACE' ) );
#3006 = LINE ( 'NONE', #938, #655 ) ;
#3007 = EDGE_LOOP ( 'NONE', ( #1371, #1780, #3503, #508 ) ) ;
#3008 = FACE_OUTER_BOUND ( 'NONE', #3668, .T. ) ;
#3009 = CARTESIAN_POINT ( 'NONE',  ( 3.600000000000000100, 3.899999999999999900, 3.600000000000000100 ) ) ;
#3010 =( LENGTH_UNIT ( ) NAMED_UNIT ( * ) SI_UNIT ( .MILLI., .METRE. ) );
#3011 = EDGE_CURVE ( 'NONE', #3610, #2583, #2280, .T. ) ;
#3012 =( NAMED_UNIT ( * ) SI_UNIT ( $, .STERADIAN. ) SOLID_ANGLE_UNIT ( ) );
#3013 = FACE_OUTER_BOUND ( 'NONE', #2646, .T. ) ;
#3014 = ADVANCED_FACE ( 'NONE', ( #617 ), #2128, .T. ) ;
#3015 = EDGE_CURVE ( 'NONE', #1422, #1405, #344, .T. ) ;
#3016 = DIRECTION ( 'NONE',  ( 0.0000000000000000000, 1.000000000000000000, 0.0000000000000000000 ) ) ;
#3017 = DIRECTION ( 'NONE',  ( 0.7071067811865464600, 0.0000000000000000000, 0.7071067811865486800 ) ) ;
#3018 = EDGE_CURVE ( 'NONE', #1200, #3, #1115, .T. ) ;
#3019 = FILL_AREA_STYLE ('',( #375 ) ) ;
#3020 = STYLED_ITEM ( 'NONE', ( #182 ), #1188 ) ;
#3021 = ORIENTED_EDGE ( 'NONE', *, *, #1579, .T. ) ;
#3022 =( NAMED_UNIT ( * ) PLANE_ANGLE_UNIT ( ) SI_UNIT ( $, .RADIAN. ) );
#3023 = VECTOR ( 'NONE', #1810, 1000.000000000000000 ) ;
#3024 = SURFACE_SIDE_STYLE ('',( #1728 ) ) ;
#3025 = EDGE_LOOP ( 'NONE', ( #1924, #253, #1814, #2957 ) ) ;
#3026 = SURFACE_STYLE_USAGE ( .BOTH. , #955 ) ;
#3027 = DIRECTION ( 'NONE',  ( -0.4132170265578690700, 0.0000000000000000000, 0.9106325762691961400 ) ) ;
#3028 = EDGE_LOOP ( 'NONE', ( #3370, #1295, #2489, #2289 ) ) ;
#3029 = DIRECTION ( 'NONE',  ( 0.0000000000000000000, 1.000000000000000000, 0.0000000000000000000 ) ) ;
#3030 = SURFACE_STYLE_FILL_AREA ( #1083 ) ;
#3031 = DIRECTION ( 'NONE',  ( 0.0000000000000000000, 0.0000000000000000000, -1.000000000000000000 ) ) ;
#3032 = VECTOR ( 'NONE', #2516, 1000.000000000000000 ) ;
#3033 = EDGE_CURVE ( 'NONE', #604, #3127, #2684, .T. ) ;
#3034 = STYLED_ITEM ( 'NONE', ( #205 ), #2996 ) ;
#3035 = CARTESIAN_POINT ( 'NONE',  ( -0.5923789981381053500, 3.889999999999999700, -0.3752567791989179800 ) ) ;
#3036 = DIRECTION ( 'NONE',  ( 0.0000000000000000000, -1.000000000000000000, 0.0000000000000000000 ) ) ;
#3037 = ORIENTED_EDGE ( 'NONE', *, *, #3461, .T. ) ;
#3038 = EDGE_CURVE ( 'NONE', #1473, #3551, #3366, .T. ) ;
#3039 = CARTESIAN_POINT ( 'NONE',  ( 0.8958472342562610000, 3.899999999999999900, -2.840045511593284600 ) ) ;
#3040 = SURFACE_SIDE_STYLE ('',( #624 ) ) ;
#3041 = VERTEX_POINT ( 'NONE', #1843 ) ;
#3042 = ORIENTED_EDGE ( 'NONE', *, *, #3218, .F. ) ;
#3043 = ORIENTED_EDGE ( 'NONE', *, *, #2891, .T. ) ;
#3044 = EDGE_CURVE ( 'NONE', #3465, #3355, #1017, .T. ) ;
#3045 = PLANE ( 'NONE',  #1223 ) ;
#3046 = CARTESIAN_POINT ( 'NONE',  ( -3.599999999999995200, 0.0000000000000000000, -5.099999999999999600 ) ) ;
#3047 = FILL_AREA_STYLE_COLOUR ( '', #2102 ) ;
#3048 =( LENGTH_UNIT ( ) NAMED_UNIT ( * ) SI_UNIT ( .MILLI., .METRE. ) );
#3049 = SURFACE_STYLE_FILL_AREA ( #3439 ) ;
#3050 = LINE ( 'NONE', #47, #1486 ) ;
#3051 = MECHANICAL_DESIGN_GEOMETRIC_PRESENTATION_REPRESENTATION (  '', ( #2664 ), #3243 ) ;
#3052 = PLANE ( 'NONE',  #2258 ) ;
#3053 = ORIENTED_EDGE ( 'NONE', *, *, #1922, .T. ) ;
#3054 = ORIENTED_EDGE ( 'NONE', *, *, #2002, .T. ) ;
#3055 =( LENGTH_UNIT ( ) NAMED_UNIT ( * ) SI_UNIT ( .MILLI., .METRE. ) );
#3056 =( GEOMETRIC_REPRESENTATION_CONTEXT ( 3 ) GLOBAL_UNCERTAINTY_ASSIGNED_CONTEXT ( ( #2644 ) ) GLOBAL_UNIT_ASSIGNED_CONTEXT ( ( #524, #2593, #820 ) ) REPRESENTATION_CONTEXT ( 'NONE', 'WORKASPACE' ) );
#3057 = VECTOR ( 'NONE', #2737, 999.9999999999998900 ) ;
#3058 = ORIENTED_EDGE ( 'NONE', *, *, #2250, .T. ) ;
#3059 = MECHANICAL_DESIGN_GEOMETRIC_PRESENTATION_REPRESENTATION (  '', ( #2671 ), #3251 ) ;
#3060 =( NAMED_UNIT ( * ) PLANE_ANGLE_UNIT ( ) SI_UNIT ( $, .RADIAN. ) );
#3061 =( NAMED_UNIT ( * ) SI_UNIT ( $, .STERADIAN. ) SOLID_ANGLE_UNIT ( ) );
#3062 =( LENGTH_UNIT ( ) NAMED_UNIT ( * ) SI_UNIT ( .MILLI., .METRE. ) );
#3063 = DIRECTION ( 'NONE',  ( -1.000000000000000000, 0.0000000000000000000, 0.0000000000000000000 ) ) ;
#3064 = CARTESIAN_POINT ( 'NONE',  ( 5.976276379839084200E-016, 2.899999999999999900, -4.880000000000000800 ) ) ;
#3065 = UNCERTAINTY_MEASURE_WITH_UNIT (LENGTH_MEASURE( 1.000000000000000100E-005 ), #2260, 'distance_accuracy_value', 'NONE');
#3066 =( LENGTH_UNIT ( ) NAMED_UNIT ( * ) SI_UNIT ( .MILLI., .METRE. ) );
#3067 = VERTEX_POINT ( 'NONE', #396 ) ;
#3068 = LINE ( 'NONE', #2024, #724 ) ;
#3069 = VERTEX_POINT ( 'NONE', #2735 ) ;
#3070 = SURFACE_STYLE_FILL_AREA ( #3704 ) ;
#3071 = LINE ( 'NONE', #2948, #321 ) ;
#3072 = EDGE_LOOP ( 'NONE', ( #962, #1307, #3037, #2665 ) ) ;
#3073 = CARTESIAN_POINT ( 'NONE',  ( 2.349999999999996100, 3.899999999999999900, -5.099999999999999600 ) ) ;
#3074 = COLOUR_RGB ( '',0.8274509803921568100, 0.8392156862745098200, 0.8274509803921568100 ) ;
#3075 = FILL_AREA_STYLE_COLOUR ( '', #3489 ) ;
#3076 = COLOUR_RGB ( '',0.8274509803921568100, 0.8392156862745098200, 0.8274509803921568100 ) ;
#3077 = DIRECTION ( 'NONE',  ( 1.000000000000000000, 0.0000000000000000000, 0.0000000000000000000 ) ) ;
#3078 = DIRECTION ( 'NONE',  ( -2.379823768605681600E-014, 1.000000000000000000, 0.0000000000000000000 ) ) ;
#3079 = MECHANICAL_DESIGN_GEOMETRIC_PRESENTATION_REPRESENTATION (  '', ( #2682 ), #3260 ) ;
#3080 = SURFACE_SIDE_STYLE ('',( #3231 ) ) ;
#3081 = CARTESIAN_POINT ( 'NONE',  ( -0.1622749188031466500, 3.899999999999999900, 1.995065670055501800 ) ) ;
#3082 = DIRECTION ( 'NONE',  ( -0.0000000000000000000, -0.0000000000000000000, -1.000000000000000000 ) ) ;
#3083 = STYLED_ITEM ( 'NONE', ( #1323 ), #290 ) ;
#3084 = PRESENTATION_LAYER_ASSIGNMENT (  '', '', ( #2690 ) ) ;
#3085 = CARTESIAN_POINT ( 'NONE',  ( -0.1551226300707522500, 3.889999999999999700, 1.995065670055501800 ) ) ;
#3086 =( GEOMETRIC_REPRESENTATION_CONTEXT ( 3 ) GLOBAL_UNCERTAINTY_ASSIGNED_CONTEXT ( ( #2205 ) ) GLOBAL_UNIT_ASSIGNED_CONTEXT ( ( #1086, #3141, #1378 ) ) REPRESENTATION_CONTEXT ( 'NONE', 'WORKASPACE' ) );
#3087 = SURFACE_SIDE_STYLE ('',( #3150 ) ) ;
#3088 = EDGE_CURVE ( 'NONE', #2418, #1021, #163, .T. ) ;
#3089 = EDGE_CURVE ( 'NONE', #462, #3067, #920, .T. ) ;
#3090 = ORIENTED_EDGE ( 'NONE', *, *, #2259, .F. ) ;
#3091 = ORIENTED_EDGE ( 'NONE', *, *, #1350, .F. ) ;
#3092 = DIRECTION ( 'NONE',  ( -0.0000000000000000000, 1.000000000000000000, -0.0000000000000000000 ) ) ;
#3093 = CARTESIAN_POINT ( 'NONE',  ( -0.8901578413383578500, 3.889999999999999700, 3.054704754562544100 ) ) ;
#3094 = CARTESIAN_POINT ( 'NONE',  ( -0.1622749188031466500, 3.889999999999999700, 1.995065670055501800 ) ) ;
#3095 = COLOUR_RGB ( '',1.000000000000000000, 1.000000000000000000, 1.000000000000000000 ) ;
#3096 = ORIENTED_EDGE ( 'NONE', *, *, #3614, .F. ) ;
#3097 = VECTOR ( 'NONE', #3332, 999.9999999999998900 ) ;
#3098 = SURFACE_STYLE_USAGE ( .BOTH. , #1034 ) ;
#3099 = VERTEX_POINT ( 'NONE', #408 ) ;
#3100 =( LENGTH_UNIT ( ) NAMED_UNIT ( * ) SI_UNIT ( .MILLI., .METRE. ) );
#3101 =( LENGTH_UNIT ( ) NAMED_UNIT ( * ) SI_UNIT ( .MILLI., .METRE. ) );
#3102 = SURFACE_STYLE_FILL_AREA ( #1564 ) ;
#3103 = FACE_OUTER_BOUND ( 'NONE', #3444, .T. ) ;
#3104 = DIRECTION ( 'NONE',  ( 0.9104214723748158500, 0.0000000000000000000, 0.4136819341461173700 ) ) ;
#3105 = DIRECTION ( 'NONE',  ( -0.0000000000000000000, 1.000000000000000000, -0.0000000000000000000 ) ) ;
#3106 = AXIS2_PLACEMENT_3D ( 'NONE', #945, #3016, #1251 ) ;
#3107 =( GEOMETRIC_REPRESENTATION_CONTEXT ( 3 ) GLOBAL_UNCERTAINTY_ASSIGNED_CONTEXT ( ( #2225 ) ) GLOBAL_UNIT_ASSIGNED_CONTEXT ( ( #1851, #105, #2166 ) ) REPRESENTATION_CONTEXT ( 'NONE', 'WORKASPACE' ) );
#3108 = UNCERTAINTY_MEASURE_WITH_UNIT (LENGTH_MEASURE( 1.000000000000000100E-005 ), #1534, 'distance_accuracy_value', 'NONE');
#3109 = CARTESIAN_POINT ( 'NONE',  ( 2.351613079326683800, 3.889999999999999700, -2.630428434128495600 ) ) ;
#3110 = EDGE_CURVE ( 'NONE', #2599, #3174, #1616, .T. ) ;
#3111 = FILL_AREA_STYLE_COLOUR ( '', #3422 ) ;
#3112 = VERTEX_POINT ( 'NONE', #693 ) ;
#3113 = LINE ( 'NONE', #915, #849 ) ;
#3114 = CARTESIAN_POINT ( 'NONE',  ( -0.7238710756028941000, 3.889999999999999700, -2.840045511593284600 ) ) ;
#3115 = ORIENTED_EDGE ( 'NONE', *, *, #1039, .F. ) ;
#3116 = EDGE_CURVE ( 'NONE', #2583, #921, #2416, .T. ) ;
#3117 = ORIENTED_EDGE ( 'NONE', *, *, #1626, .F. ) ;
#3118 = VECTOR ( 'NONE', #628, 1000.000000000000000 ) ;
#3119 = DIRECTION ( 'NONE',  ( -0.0000000000000000000, 1.000000000000000000, -0.0000000000000000000 ) ) ;
#3120 = CARTESIAN_POINT ( 'NONE',  ( 0.5727602924644589200, 3.889999999999999700, 3.054704754562544100 ) ) ;
#3121 = AXIS2_PLACEMENT_3D ( 'NONE', #689, #2743, #977 ) ;
#3122 = DIRECTION ( 'NONE',  ( -1.000000000000000000, 0.0000000000000000000, 0.0000000000000000000 ) ) ;
#3123 = MECHANICAL_DESIGN_GEOMETRIC_PRESENTATION_REPRESENTATION (  '', ( #2733 ), #3321 ) ;
#3124 = ORIENTED_EDGE ( 'NONE', *, *, #520, .T. ) ;
#3125 =( LENGTH_UNIT ( ) NAMED_UNIT ( * ) SI_UNIT ( .MILLI., .METRE. ) );
#3126 = ORIENTED_EDGE ( 'NONE', *, *, #2539, .T. ) ;
#3127 = VERTEX_POINT ( 'NONE', #1576 ) ;
#3128 = DIRECTION ( 'NONE',  ( 0.0000000000000000000, 1.000000000000000000, 0.0000000000000000000 ) ) ;
#3129 = VERTEX_POINT ( 'NONE', #3046 ) ;
#3130 = DIRECTION ( 'NONE',  ( 0.7071067811865486800, 0.0000000000000000000, -0.7071067811865464600 ) ) ;
#3131 =( NAMED_UNIT ( * ) SI_UNIT ( $, .STERADIAN. ) SOLID_ANGLE_UNIT ( ) );
#3132 = COLOUR_RGB ( '',1.000000000000000000, 1.000000000000000000, 1.000000000000000000 ) ;
#3133 =( LENGTH_UNIT ( ) NAMED_UNIT ( * ) SI_UNIT ( .MILLI., .METRE. ) );
#3134 = SURFACE_STYLE_FILL_AREA ( #914 ) ;
#3135 = VERTEX_POINT ( 'NONE', #1871 ) ;
#3136 = ORIENTED_EDGE ( 'NONE', *, *, #2310, .F. ) ;
#3137 = MECHANICAL_DESIGN_GEOMETRIC_PRESENTATION_REPRESENTATION (  '', ( #2754 ), #3336 ) ;
#3138 = SURFACE_SIDE_STYLE ('',( #2892 ) ) ;
#3139 = CARTESIAN_POINT ( 'NONE',  ( -3.870279579551072900, 2.400000000000000400, 3.650431098567573400 ) ) ;
#3140 = VECTOR ( 'NONE', #3027, 1000.000000000000100 ) ;
#3141 =( NAMED_UNIT ( * ) PLANE_ANGLE_UNIT ( ) SI_UNIT ( $, .RADIAN. ) );
#3142 = VERTEX_POINT ( 'NONE', #1292 ) ;
#3143 = ADVANCED_FACE ( 'NONE', ( #1524 ), #3621, .T. ) ;
#3144 = PRESENTATION_STYLE_ASSIGNMENT (( #116 ) ) ;
#3145 = AXIS2_PLACEMENT_3D ( 'NONE', #2503, #502, #3708 ) ;
#3146 = FILL_AREA_STYLE_COLOUR ( '', #3552 ) ;
#3147 = AXIS2_PLACEMENT_3D ( 'NONE', #1588, #3636, #1880 ) ;
#3148 = COLOUR_RGB ( '',1.000000000000000000, 1.000000000000000000, 1.000000000000000000 ) ;
#3149 = UNCERTAINTY_MEASURE_WITH_UNIT (LENGTH_MEASURE( 1.000000000000000100E-005 ), #2214, 'distance_accuracy_value', 'NONE');
#3150 = SURFACE_STYLE_FILL_AREA ( #735 ) ;
#3151 = FILL_AREA_STYLE ('',( #2139 ) ) ;
#3152 = VECTOR ( 'NONE', #1139, 1000.000000000000000 ) ;
#3153 = ORIENTED_EDGE ( 'NONE', *, *, #906, .T. ) ;
#3154 = EDGE_CURVE ( 'NONE', #2417, #2746, #2814, .T. ) ;
#3155 = VECTOR ( 'NONE', #1647, 1000.000000000000000 ) ;
#3156 = DIRECTION ( 'NONE',  ( -0.0000000000000000000, 1.000000000000000000, -0.0000000000000000000 ) ) ;
#3157 = CARTESIAN_POINT ( 'NONE',  ( 0.5375490248588252800, 3.889999999999999700, 0.5547047545625439800 ) ) ;
#3158 = ORIENTED_EDGE ( 'NONE', *, *, #648, .F. ) ;
#3159 = PRESENTATION_STYLE_ASSIGNMENT (( #2864 ) ) ;
#3160 =( LENGTH_UNIT ( ) NAMED_UNIT ( * ) SI_UNIT ( .MILLI., .METRE. ) );
#3161 =( GEOMETRIC_REPRESENTATION_CONTEXT ( 3 ) GLOBAL_UNCERTAINTY_ASSIGNED_CONTEXT ( ( #3403 ) ) GLOBAL_UNIT_ASSIGNED_CONTEXT ( ( #315, #2368, #1158 ) ) REPRESENTATION_CONTEXT ( 'NONE', 'WORKASPACE' ) );
#3162 = COLOUR_RGB ( '',0.1921568627450980200, 0.2039215686274509800, 0.2039215686274509800 ) ;
#3163 = EDGE_CURVE ( 'NONE', #227, #2885, #1708, .T. ) ;
#3164 =( NAMED_UNIT ( * ) SI_UNIT ( $, .STERADIAN. ) SOLID_ANGLE_UNIT ( ) );
#3165 = PLANE ( 'NONE',  #851 ) ;
#3166 = ADVANCED_FACE ( 'NONE', ( #2723 ), #1008, .T. ) ;
#3167 = DIRECTION ( 'NONE',  ( -1.000000000000000000, 0.0000000000000000000, 0.0000000000000000000 ) ) ;
#3168 = CARTESIAN_POINT ( 'NONE',  ( 1.500000000000001100, -0.1000000000000000100, -5.149999999999999500 ) ) ;
#3169 = CARTESIAN_POINT ( 'NONE',  ( 0.5727602924644589200, 3.899999999999999900, 3.054704754562544100 ) ) ;
#3170 = UNCERTAINTY_MEASURE_WITH_UNIT (LENGTH_MEASURE( 1.000000000000000100E-005 ), #1469, 'distance_accuracy_value', 'NONE');
#3171 = DIRECTION ( 'NONE',  ( 0.0000000000000000000, 1.000000000000000000, 0.0000000000000000000 ) ) ;
#3172 = ORIENTED_EDGE ( 'NONE', *, *, #3110, .F. ) ;
#3173 = CARTESIAN_POINT ( 'NONE',  ( -2.343589385462048600, 3.889999999999999700, -2.840045511593284600 ) ) ;
#3174 = VERTEX_POINT ( 'NONE', #3348 ) ;
#3175 = PLANE ( 'NONE',  #3473 ) ;
#3176 = LINE ( 'NONE', #3189, #2412 ) ;
#3177 =( LENGTH_UNIT ( ) NAMED_UNIT ( * ) SI_UNIT ( .MILLI., .METRE. ) );
#3178 = DIRECTION ( 'NONE',  ( -1.000000000000000000, -0.0000000000000000000, -0.0000000000000000000 ) ) ;
#3179 = COLOUR_RGB ( '',0.7960784313725489700, 0.8235294117647058400, 0.9372549019607843100 ) ;
#3180 = ORIENTED_EDGE ( 'NONE', *, *, #2464, .T. ) ;
#3181 = VECTOR ( 'NONE', #1276, 1000.000000000000000 ) ;
#3182 = ORIENTED_EDGE ( 'NONE', *, *, #2628, .F. ) ;
#3183 = EDGE_LOOP ( 'NONE', ( #1697, #3726, #3740, #1802, #2759, #136 ) ) ;
#3184 = EDGE_CURVE ( 'NONE', #146, #3262, #3227, .T. ) ;
#3185 = PLANE ( 'NONE',  #1005 ) ;
#3186 = ADVANCED_FACE ( 'NONE', ( #875 ), #2201, .F. ) ;
#3187 = DIRECTION ( 'NONE',  ( 0.0000000000000000000, 0.0000000000000000000, -1.000000000000000000 ) ) ;
#3188 = CARTESIAN_POINT ( 'NONE',  ( -5.100000000000000500, 3.899999999999999900, -5.099999999999999600 ) ) ;
#3189 = CARTESIAN_POINT ( 'NONE',  ( 0.0000000000000000000, 2.899999999999999900, 4.900000000000001200 ) ) ;
#3190 = VECTOR ( 'NONE', #2311, 1000.000000000000000 ) ;
#3191 = SURFACE_SIDE_STYLE ('',( #1778 ) ) ;
#3192 = ORIENTED_EDGE ( 'NONE', *, *, #2891, .F. ) ;
#3193 = UNCERTAINTY_MEASURE_WITH_UNIT (LENGTH_MEASURE( 1.000000000000000100E-005 ), #372, 'distance_accuracy_value', 'NONE');
#3194 = COLOUR_RGB ( '',0.1921568627450980200, 0.2039215686274509800, 0.2039215686274509800 ) ;
#3195 = PLANE ( 'NONE',  #2262 ) ;
#3196 = EDGE_CURVE ( 'NONE', #1442, #2788, #1384, .T. ) ;
#3197 = ORIENTED_EDGE ( 'NONE', *, *, #2002, .F. ) ;
#3198 = DIRECTION ( 'NONE',  ( 0.0000000000000000000, 0.0000000000000000000, -1.000000000000000000 ) ) ;
#3199 = DIRECTION ( 'NONE',  ( 0.0000000000000000000, 0.0000000000000000000, -1.000000000000000000 ) ) ;
#3200 = FACE_BOUND ( 'NONE', #1006, .T. ) ;
#3201 = COLOUR_RGB ( '',1.000000000000000000, 1.000000000000000000, 1.000000000000000000 ) ;
#3202 = FACE_OUTER_BOUND ( 'NONE', #2613, .T. ) ;
#3203 = EDGE_CURVE ( 'NONE', #1436, #178, #2188, .T. ) ;
#3204 = EDGE_CURVE ( 'NONE', #1118, #1575, #610, .T. ) ;
#3205 = LINE ( 'NONE', #138, #1637 ) ;
#3206 = ADVANCED_FACE ( 'NONE', ( #3530 ), #2222, .T. ) ;
#3207 = PLANE ( 'NONE',  #2237 ) ;
#3208 = AXIS2_PLACEMENT_3D ( 'NONE', #1533, #3576, #1833 ) ;
#3209 = SURFACE_STYLE_USAGE ( .BOTH. , #1153 ) ;
#3210 = SURFACE_SIDE_STYLE ('',( #3427 ) ) ;
#3211 = CARTESIAN_POINT ( 'NONE',  ( -1.500000000000093700, 3.900000000000000800, -5.099999999999999600 ) ) ;
#3212 = DIRECTION ( 'NONE',  ( 0.4136819341461172000, 0.0000000000000000000, -0.9104214723748158500 ) ) ;
#3213 = SURFACE_SIDE_STYLE ('',( #2242 ) ) ;
#3214 = ORIENTED_EDGE ( 'NONE', *, *, #1752, .T. ) ;
#3215 = PLANE ( 'NONE',  #3543 ) ;
#3216 = VERTEX_POINT ( 'NONE', #1325 ) ;
#3217 = ORIENTED_EDGE ( 'NONE', *, *, #3163, .F. ) ;
#3218 = EDGE_CURVE ( 'NONE', #1477, #346, #1014, .T. ) ;
#3219 = UNCERTAINTY_MEASURE_WITH_UNIT (LENGTH_MEASURE( 1.000000000000000100E-005 ), #1234, 'distance_accuracy_value', 'NONE');
#3220 = VERTEX_POINT ( 'NONE', #752 ) ;
#3221 = SURFACE_STYLE_USAGE ( .BOTH. , #1171 ) ;
#3222 = AXIS2_PLACEMENT_3D ( 'NONE', #3540, #1794, #58 ) ;
#3223 = ADVANCED_FACE ( 'NONE', ( #3265 ), #2522, .F. ) ;
#3224 = VECTOR ( 'NONE', #1121, 1000.000000000000000 ) ;
#3225 = CARTESIAN_POINT ( 'NONE',  ( 0.5375490248588252800, 3.899999999999999900, 0.5547047545625439800 ) ) ;
#3226 = SURFACE_STYLE_FILL_AREA ( #2481 ) ;
#3227 = LINE ( 'NONE', #2495, #202 ) ;
#3228 = FILL_AREA_STYLE_COLOUR ( '', #1168 ) ;
#3229 = EDGE_CURVE ( 'NONE', #2356, #295, #1429, .T. ) ;
#3230 = LINE ( 'NONE', #2979, #114 ) ;
#3231 = SURFACE_STYLE_FILL_AREA ( #1011 ) ;
#3232 = ORIENTED_EDGE ( 'NONE', *, *, #2797, .F. ) ;
#3233 = ORIENTED_EDGE ( 'NONE', *, *, #3414, .F. ) ;
#3234 = STYLED_ITEM ( 'NONE', ( #516 ), #3756 ) ;
#3235 = LINE ( 'NONE', #1849, #3057 ) ;
#3236 = EDGE_CURVE ( 'NONE', #2636, #561, #3003, .T. ) ;
#3237 = DIRECTION ( 'NONE',  ( 0.0000000000000000000, 0.0000000000000000000, 1.000000000000000000 ) ) ;
#3238 = LINE ( 'NONE', #3188, #883 ) ;
#3239 = SURFACE_STYLE_USAGE ( .BOTH. , #1190 ) ;
#3240 = DIRECTION ( 'NONE',  ( 0.5611165363451808800, 0.0000000000000000000, -0.8277368136309918300 ) ) ;
#3241 = PRESENTATION_STYLE_ASSIGNMENT (( #989 ) ) ;
#3242 = SURFACE_SIDE_STYLE ('',( #727 ) ) ;
#3243 =( GEOMETRIC_REPRESENTATION_CONTEXT ( 3 ) GLOBAL_UNCERTAINTY_ASSIGNED_CONTEXT ( ( #100 ) ) GLOBAL_UNIT_ASSIGNED_CONTEXT ( ( #1023, #2507, #442 ) ) REPRESENTATION_CONTEXT ( 'NONE', 'WORKASPACE' ) );
#3244 = ADVANCED_FACE ( 'NONE', ( #2133 ), #1944, .F. ) ;
#3245 = ORIENTED_EDGE ( 'NONE', *, *, #1039, .T. ) ;
#3246 = LINE ( 'NONE', #2011, #3152 ) ;
#3247 = ORIENTED_EDGE ( 'NONE', *, *, #1350, .T. ) ;
#3248 = COLOUR_RGB ( '',0.8274509803921568100, 0.8392156862745098200, 0.8274509803921568100 ) ;
#3249 = LINE ( 'NONE', #188, #2574 ) ;
#3250 = DIRECTION ( 'NONE',  ( 0.0000000000000000000, -1.000000000000000000, 0.0000000000000000000 ) ) ;
#3251 =( GEOMETRIC_REPRESENTATION_CONTEXT ( 3 ) GLOBAL_UNCERTAINTY_ASSIGNED_CONTEXT ( ( #1481 ) ) GLOBAL_UNIT_ASSIGNED_CONTEXT ( ( #1959, #213, #2274 ) ) REPRESENTATION_CONTEXT ( 'NONE', 'WORKASPACE' ) );
#3252 = ORIENTED_EDGE ( 'NONE', *, *, #1584, .F. ) ;
#3253 = FACE_OUTER_BOUND ( 'NONE', #2034, .T. ) ;
#3254 = DIRECTION ( 'NONE',  ( 0.0000000000000000000, 0.0000000000000000000, 1.000000000000000000 ) ) ;
#3255 = CARTESIAN_POINT ( 'NONE',  ( -1.499999999999998400, -0.1000000000000000100, -5.149999999999999500 ) ) ;
#3256 =( NAMED_UNIT ( * ) PLANE_ANGLE_UNIT ( ) SI_UNIT ( $, .RADIAN. ) );
#3257 = ORIENTED_EDGE ( 'NONE', *, *, #906, .F. ) ;
#3258 =( NAMED_UNIT ( * ) SI_UNIT ( $, .STERADIAN. ) SOLID_ANGLE_UNIT ( ) );
#3259 = CARTESIAN_POINT ( 'NONE',  ( -2.349999999999996100, 1.399999999999999900, 5.149497474683058400 ) ) ;
#3260 =( GEOMETRIC_REPRESENTATION_CONTEXT ( 3 ) GLOBAL_UNCERTAINTY_ASSIGNED_CONTEXT ( ( #1004 ) ) GLOBAL_UNIT_ASSIGNED_CONTEXT ( ( #950, #3022, #1259 ) ) REPRESENTATION_CONTEXT ( 'NONE', 'WORKASPACE' ) );
#3261 =( LENGTH_UNIT ( ) NAMED_UNIT ( * ) SI_UNIT ( .MILLI., .METRE. ) );
#3262 = VERTEX_POINT ( 'NONE', #1957 ) ;
#3263 = UNCERTAINTY_MEASURE_WITH_UNIT (LENGTH_MEASURE( 1.000000000000000100E-005 ), #3133, 'distance_accuracy_value', 'NONE');
#3264 = AXIS2_PLACEMENT_3D ( 'NONE', #3139, #1375, #2849 ) ;
#3265 = FACE_OUTER_BOUND ( 'NONE', #2674, .T. ) ;
#3266 = DIRECTION ( 'NONE',  ( 0.7071067811865489100, 0.0000000000000000000, -0.7071067811865462400 ) ) ;
#3267 = DIRECTION ( 'NONE',  ( 1.000000000000000000, 0.0000000000000000000, 0.0000000000000000000 ) ) ;
#3268 = LINE ( 'NONE', #535, #2512 ) ;
#3269 = LINE ( 'NONE', #1526, #917 ) ;
#3270 = MECHANICAL_DESIGN_GEOMETRIC_PRESENTATION_REPRESENTATION (  '', ( #2690 ), #3452 ) ;
#3271 = SURFACE_STYLE_FILL_AREA ( #2700 ) ;
#3272 = SURFACE_STYLE_FILL_AREA ( #423 ) ;
#3273 = ORIENTED_EDGE ( 'NONE', *, *, #2446, .F. ) ;
#3274 = EDGE_LOOP ( 'NONE', ( #3566, #2451, #3337, #2181 ) ) ;
#3275 = FILL_AREA_STYLE_COLOUR ( '', #1988 ) ;
#3276 = ADVANCED_FACE ( 'NONE', ( #1069 ), #1354, .F. ) ;
#3277 = EDGE_CURVE ( 'NONE', #2227, #991, #32, .T. ) ;
#3278 =( LENGTH_UNIT ( ) NAMED_UNIT ( * ) SI_UNIT ( .MILLI., .METRE. ) );
#3279 = CARTESIAN_POINT ( 'NONE',  ( -0.1622749188031466500, 3.899999999999999900, 1.995065670055501800 ) ) ;
#3280 = EDGE_CURVE ( 'NONE', #2746, #1498, #783, .T. ) ;
#3281 = COLOUR_RGB ( '',1.000000000000000000, 1.000000000000000000, 1.000000000000000000 ) ;
#3282 = STYLED_ITEM ( 'NONE', ( #326 ), #1126 ) ;
#3283 = COLOUR_RGB ( '',1.000000000000000000, 1.000000000000000000, 1.000000000000000000 ) ;
#3284 =( NAMED_UNIT ( * ) PLANE_ANGLE_UNIT ( ) SI_UNIT ( $, .RADIAN. ) );
#3285 = ORIENTED_EDGE ( 'NONE', *, *, #1823, .T. ) ;
#3286 = CARTESIAN_POINT ( 'NONE',  ( 2.385355339059324700, 2.400000000000000400, -5.135355339059327800 ) ) ;
#3287 = DIRECTION ( 'NONE',  ( 0.7071067811865463500, 0.0000000000000000000, 0.7071067811865487900 ) ) ;
#3288 = DIRECTION ( 'NONE',  ( 0.0000000000000000000, 1.000000000000000000, 0.0000000000000000000 ) ) ;
#3289 = CARTESIAN_POINT ( 'NONE',  ( -1.500000000000000200, -0.1000000000000000100, 5.149999999999999500 ) ) ;
#3290 = VECTOR ( 'NONE', #379, 1000.000000000000100 ) ;
#3291 = STYLED_ITEM ( 'NONE', ( #3499 ), #786 ) ;
#3292 = FACE_BOUND ( 'NONE', #2003, .T. ) ;
#3293 = LINE ( 'NONE', #1380, #181 ) ;
#3294 = ADVANCED_FACE ( 'NONE', ( #2370 ), #1397, .T. ) ;
#3295 = DIRECTION ( 'NONE',  ( 0.0000000000000000000, 0.0000000000000000000, 1.000000000000000000 ) ) ;
#3296 = PRESENTATION_LAYER_ASSIGNMENT (  '', '', ( #2909 ) ) ;
#3297 = VECTOR ( 'NONE', #208, 1000.000000000000000 ) ;
#3298 = DIRECTION ( 'NONE',  ( 0.0000000000000000000, 0.0000000000000000000, 1.000000000000000000 ) ) ;
#3299 =( NAMED_UNIT ( * ) SI_UNIT ( $, .STERADIAN. ) SOLID_ANGLE_UNIT ( ) );
#3300 = FACE_OUTER_BOUND ( 'NONE', #49, .T. ) ;
#3301 = PLANE ( 'NONE',  #3208 ) ;
#3302 = EDGE_CURVE ( 'NONE', #1165, #1436, #435, .T. ) ;
#3303 = DIRECTION ( 'NONE',  ( -0.0000000000000000000, 1.000000000000000000, -0.0000000000000000000 ) ) ;
#3304 = DIRECTION ( 'NONE',  ( 1.000000000000000000, 0.0000000000000000000, 0.0000000000000000000 ) ) ;
#3305 = CARTESIAN_POINT ( 'NONE',  ( -1.233467700493287500, 3.899999999999999900, 3.054704754562544100 ) ) ;
#3306 = VERTEX_POINT ( 'NONE', #3168 ) ;
#3307 = EDGE_CURVE ( 'NONE', #1442, #1151, #1208, .T. ) ;
#3308 = EDGE_LOOP ( 'NONE', ( #2210, #697, #742, #94 ) ) ;
#3309 = ORIENTED_EDGE ( 'NONE', *, *, #2893, .F. ) ;
#3310 = CARTESIAN_POINT ( 'NONE',  ( 0.0000000000000000000, 2.899999999999999900, 0.0000000000000000000 ) ) ;
#3311 = ORIENTED_EDGE ( 'NONE', *, *, #1195, .T. ) ;
#3312 =( LENGTH_UNIT ( ) NAMED_UNIT ( * ) SI_UNIT ( .MILLI., .METRE. ) );
#3313 = ORIENTED_EDGE ( 'NONE', *, *, #958, .T. ) ;
#3314 =( NAMED_UNIT ( * ) PLANE_ANGLE_UNIT ( ) SI_UNIT ( $, .RADIAN. ) );
#3315 = PRESENTATION_LAYER_ASSIGNMENT (  '', '', ( #2933 ) ) ;
#3316 = FILL_AREA_STYLE ('',( #1538 ) ) ;
#3317 = DIRECTION ( 'NONE',  ( 5.560011140951304800E-017, -1.000000000000000000, 0.0000000000000000000 ) ) ;
#3318 = UNCERTAINTY_MEASURE_WITH_UNIT (LENGTH_MEASURE( 1.000000000000000100E-005 ), #1449, 'distance_accuracy_value', 'NONE');
#3319 = CARTESIAN_POINT ( 'NONE',  ( -1.233467700493287500, 3.899999999999999900, 3.054704754562544100 ) ) ;
#3320 = VECTOR ( 'NONE', #682, 1000.000000000000000 ) ;
#3321 =( GEOMETRIC_REPRESENTATION_CONTEXT ( 3 ) GLOBAL_UNCERTAINTY_ASSIGNED_CONTEXT ( ( #1712 ) ) GLOBAL_UNIT_ASSIGNED_CONTEXT ( ( #3125, #1361, #3411 ) ) REPRESENTATION_CONTEXT ( 'NONE', 'WORKASPACE' ) );
#3322 = VECTOR ( 'NONE', #1217, 1000.000000000000000 ) ;
#3323 = CARTESIAN_POINT ( 'NONE',  ( -2.349999999999996100, 2.400000000000000400, 5.149497474683058400 ) ) ;
#3324 = ORIENTED_EDGE ( 'NONE', *, *, #644, .T. ) ;
#3325 = ORIENTED_EDGE ( 'NONE', *, *, #1341, .F. ) ;
#3326 = CARTESIAN_POINT ( 'NONE',  ( -0.8472441089439917100, 3.899999999999999900, 0.5547047545625439800 ) ) ;
#3327 = DIRECTION ( 'NONE',  ( -0.4132170265578690200, 0.0000000000000000000, 0.9106325762691962500 ) ) ;
#3328 =( NAMED_UNIT ( * ) SI_UNIT ( $, .STERADIAN. ) SOLID_ANGLE_UNIT ( ) );
#3329 = CARTESIAN_POINT ( 'NONE',  ( -1.500000000000000200, 3.900000000000000800, -5.099999999999999600 ) ) ;
#3330 = LINE ( 'NONE', #3329, #313 ) ;
#3331 = CARTESIAN_POINT ( 'NONE',  ( 0.03083687697150129200, 3.889999999999999700, 1.785998768647050900 ) ) ;
#3332 = DIRECTION ( 'NONE',  ( -0.7071067811865487900, -0.0000000000000000000, 0.7071067811865463500 ) ) ;
#3333 = DIRECTION ( 'NONE',  ( 0.5632671893086503800, 0.0000000000000000000, 0.8262748171451995700 ) ) ;
#3334 =( NAMED_UNIT ( * ) SI_UNIT ( $, .STERADIAN. ) SOLID_ANGLE_UNIT ( ) );
#3335 = ORIENTED_EDGE ( 'NONE', *, *, #1622, .T. ) ;
#3336 =( GEOMETRIC_REPRESENTATION_CONTEXT ( 3 ) GLOBAL_UNCERTAINTY_ASSIGNED_CONTEXT ( ( #3441 ) ) GLOBAL_UNIT_ASSIGNED_CONTEXT ( ( #3367, #1605, #3653 ) ) REPRESENTATION_CONTEXT ( 'NONE', 'WORKASPACE' ) );
#3337 = ORIENTED_EDGE ( 'NONE', *, *, #2810, .T. ) ;
#3338 = PRESENTATION_STYLE_ASSIGNMENT (( #1435 ) ) ;
#3339 = VECTOR ( 'NONE', #2763, 1000.000000000000100 ) ;
#3340 = SURFACE_STYLE_FILL_AREA ( #2536 ) ;
#3341 = ORIENTED_EDGE ( 'NONE', *, *, #4, .T. ) ;
#3342 = CARTESIAN_POINT ( 'NONE',  ( -3.599999999999997400, 3.899999999999999900, -5.099999999999998800 ) ) ;
#3343 =( NAMED_UNIT ( * ) SI_UNIT ( $, .STERADIAN. ) SOLID_ANGLE_UNIT ( ) );
#3344 = FACE_OUTER_BOUND ( 'NONE', #3274, .T. ) ;
#3345 = AXIS2_PLACEMENT_3D ( 'NONE', #2409, #1059, #2284 ) ;
#3346 = PRESENTATION_LAYER_ASSIGNMENT (  '', '', ( #2963 ) ) ;
#3347 = DIRECTION ( 'NONE',  ( -0.7071067811865487900, -0.0000000000000000000, 0.7071067811865463500 ) ) ;
#3348 = CARTESIAN_POINT ( 'NONE',  ( 1.500000000000001600, 0.0000000000000000000, -3.949999999999998800 ) ) ;
#3349 =( NAMED_UNIT ( * ) SI_UNIT ( $, .STERADIAN. ) SOLID_ANGLE_UNIT ( ) );
#3350 = CARTESIAN_POINT ( 'NONE',  ( -1.500000000000000000, 1.399999999999999900, 5.149999999999999500 ) ) ;
#3351 = EDGE_LOOP ( 'NONE', ( #3136, #2542, #2944, #381 ) ) ;
#3352 = EDGE_CURVE ( 'NONE', #2469, #619, #2770, .T. ) ;
#3353 = DIRECTION ( 'NONE',  ( -0.9106325762691961400, 0.0000000000000000000, -0.4132170265578691300 ) ) ;
#3354 =( NAMED_UNIT ( * ) SI_UNIT ( $, .STERADIAN. ) SOLID_ANGLE_UNIT ( ) );
#3355 = VERTEX_POINT ( 'NONE', #1113 ) ;
#3356 = EDGE_CURVE ( 'NONE', #3525, #1707, #3443, .T. ) ;
#3357 = UNCERTAINTY_MEASURE_WITH_UNIT (LENGTH_MEASURE( 1.000000000000000100E-005 ), #2559, 'distance_accuracy_value', 'NONE');
#3358 =( NAMED_UNIT ( * ) PLANE_ANGLE_UNIT ( ) SI_UNIT ( $, .RADIAN. ) );
#3359 = VECTOR ( 'NONE', #2927, 1000.000000000000000 ) ;
#3360 = FILL_AREA_STYLE ('',( #3075 ) ) ;
#3361 = SURFACE_SIDE_STYLE ('',( #969 ) ) ;
#3362 = PLANE ( 'NONE',  #42 ) ;
#3363 = LINE ( 'NONE', #2895, #1015 ) ;
#3364 = STYLED_ITEM ( 'NONE', ( #2702 ), #607 ) ;
#3365 = VECTOR ( 'NONE', #63, 1000.000000000000000 ) ;
#3366 = LINE ( 'NONE', #951, #252 ) ;
#3367 =( LENGTH_UNIT ( ) NAMED_UNIT ( * ) SI_UNIT ( .MILLI., .METRE. ) );
#3368 = CARTESIAN_POINT ( 'NONE',  ( -1.499999999999998400, -0.0000000000000000000, -3.949999999999998800 ) ) ;
#3369 = ORIENTED_EDGE ( 'NONE', *, *, #2250, .F. ) ;
#3370 = ORIENTED_EDGE ( 'NONE', *, *, #2410, .F. ) ;
#3371 = CARTESIAN_POINT ( 'NONE',  ( -5.099999999999998800, 3.899999999999999900, 5.099999999999999600 ) ) ;
#3372 = STYLED_ITEM ( 'NONE', ( #2465 ), #2656 ) ;
#3373 = PRESENTATION_STYLE_ASSIGNMENT (( #3221 ) ) ;
#3374 = AXIS2_PLACEMENT_3D ( 'NONE', #24, #2076, #314 ) ;
#3375 = LINE ( 'NONE', #688, #1122 ) ;
#3376 = DIRECTION ( 'NONE',  ( -1.000000000000000000, 0.0000000000000000000, 0.0000000000000000000 ) ) ;
#3377 = CARTESIAN_POINT ( 'NONE',  ( 3.600000000000000100, 0.0000000000000000000, 3.600000000000000100 ) ) ;
#3378 = LINE ( 'NONE', #1903, #1809 ) ;
#3379 = VERTEX_POINT ( 'NONE', #3463 ) ;
#3380 = CARTESIAN_POINT ( 'NONE',  ( 1.499999999999999600, 3.705158193791850200E-032, -4.999999999999999100 ) ) ;
#3381 = EDGE_CURVE ( 'NONE', #757, #3727, #3363, .T. ) ;
#3382 = ORIENTED_EDGE ( 'NONE', *, *, #2650, .F. ) ;
#3383 = LINE ( 'NONE', #1193, #2615 ) ;
#3384 = ORIENTED_EDGE ( 'NONE', *, *, #1625, .T. ) ;
#3385 = SURFACE_STYLE_FILL_AREA ( #3559 ) ;
#3386 = UNCERTAINTY_MEASURE_WITH_UNIT (LENGTH_MEASURE( 1.000000000000000100E-005 ), #3784, 'distance_accuracy_value', 'NONE');
#3387 = FILL_AREA_STYLE ('',( #2088 ) ) ;
#3388 =( NAMED_UNIT ( * ) SI_UNIT ( $, .STERADIAN. ) SOLID_ANGLE_UNIT ( ) );
#3389 =( NAMED_UNIT ( * ) SI_UNIT ( $, .STERADIAN. ) SOLID_ANGLE_UNIT ( ) );
#3390 = STYLED_ITEM ( 'NONE', ( #447 ), #2037 ) ;
#3391 = EDGE_CURVE ( 'NONE', #585, #1321, #1798, .T. ) ;
#3392 =( NAMED_UNIT ( * ) SI_UNIT ( $, .STERADIAN. ) SOLID_ANGLE_UNIT ( ) );
#3393 = VERTEX_POINT ( 'NONE', #266 ) ;
#3394 = SURFACE_SIDE_STYLE ('',( #243 ) ) ;
#3395 = SURFACE_STYLE_USAGE ( .BOTH. , #1051 ) ;
#3396 = EDGE_CURVE ( 'NONE', #1299, #1355, #1111, .T. ) ;
#3397 = EDGE_CURVE ( 'NONE', #1854, #991, #3268, .T. ) ;
#3398 = ORIENTED_EDGE ( 'NONE', *, *, #187, .T. ) ;
#3399 = ORIENTED_EDGE ( 'NONE', *, *, #1777, .F. ) ;
#3400 = ORIENTED_EDGE ( 'NONE', *, *, #2337, .T. ) ;
#3401 = CARTESIAN_POINT ( 'NONE',  ( 2.351613079326683800, 3.889999999999999700, -2.630428434128495600 ) ) ;
#3402 = PRESENTATION_LAYER_ASSIGNMENT (  '', '', ( #3020 ) ) ;
#3403 = UNCERTAINTY_MEASURE_WITH_UNIT (LENGTH_MEASURE( 1.000000000000000100E-005 ), #315, 'distance_accuracy_value', 'NONE');
#3404 = VECTOR ( 'NONE', #2152, 1000.000000000000000 ) ;
#3405 = CARTESIAN_POINT ( 'NONE',  ( -2.212097307997260100, 3.889999999999999700, -0.3752567791989179800 ) ) ;
#3406 = CARTESIAN_POINT ( 'NONE',  ( 1.499999999999999800, 0.0000000000000000000, 3.949999999999999700 ) ) ;
#3407 = VERTEX_POINT ( 'NONE', #3472 ) ;
#3408 = EDGE_LOOP ( 'NONE', ( #3773, #3257, #3652, #1762, #2715, #3117, #3398, #3400 ) ) ;
#3409 = EDGE_LOOP ( 'NONE', ( #1283, #852, #1559, #1677 ) ) ;
#3410 = STYLED_ITEM ( 'NONE', ( #419 ), #12 ) ;
#3411 =( NAMED_UNIT ( * ) SI_UNIT ( $, .STERADIAN. ) SOLID_ANGLE_UNIT ( ) );
#3412 = PRESENTATION_LAYER_ASSIGNMENT (  '', '', ( #3034 ) ) ;
#3413 = CARTESIAN_POINT ( 'NONE',  ( 0.0000000000000000000, 2.899999999999999900, 0.0000000000000000000 ) ) ;
#3414 = EDGE_CURVE ( 'NONE', #1200, #741, #3176, .T. ) ;
#3415 = CARTESIAN_POINT ( 'NONE',  ( -2.385355339059323400, 2.400000000000000400, 5.135355339059327000 ) ) ;
#3416 = ORIENTED_EDGE ( 'NONE', *, *, #3280, .T. ) ;
#3417 = FILL_AREA_STYLE ('',( #198 ) ) ;
#3418 = VECTOR ( 'NONE', #3333, 1000.000000000000000 ) ;
#3419 = AXIS2_PLACEMENT_3D ( 'NONE', #325, #2381, #609 ) ;
#3420 =( NAMED_UNIT ( * ) SI_UNIT ( $, .STERADIAN. ) SOLID_ANGLE_UNIT ( ) );
#3421 = VERTEX_POINT ( 'NONE', #1142 ) ;
#3422 = COLOUR_RGB ( '',0.1921568627450980200, 0.2039215686274509800, 0.2039215686274509800 ) ;
#3423 = EDGE_CURVE ( 'NONE', #1500, #3407, #159, .T. ) ;
#3424 = VERTEX_POINT ( 'NONE', #2334 ) ;
#3425 = UNCERTAINTY_MEASURE_WITH_UNIT (LENGTH_MEASURE( 1.000000000000000100E-005 ), #2662, 'distance_accuracy_value', 'NONE');
#3426 = VECTOR ( 'NONE', #2252, 1000.000000000000000 ) ;
#3427 = SURFACE_STYLE_FILL_AREA ( #830 ) ;
#3428 =( LENGTH_UNIT ( ) NAMED_UNIT ( * ) SI_UNIT ( .MILLI., .METRE. ) );
#3429 = DIRECTION ( 'NONE',  ( 0.8242666277543648800, 0.0000000000000000000, -0.5662018424294003000 ) ) ;
#3430 = CARTESIAN_POINT ( 'NONE',  ( -1.500000000000000200, -0.1000000000000000100, 4.999999999999999100 ) ) ;
#3431 = STYLED_ITEM ( 'NONE', ( #1183 ), #2422 ) ;
#3432 = ORIENTED_EDGE ( 'NONE', *, *, #3767, .F. ) ;
#3433 = SURFACE_SIDE_STYLE ('',( #539 ) ) ;
#3434 = EDGE_LOOP ( 'NONE', ( #1580, #2246, #3438, #877 ) ) ;
#3435 = DIRECTION ( 'NONE',  ( -1.000000000000000000, 0.0000000000000000000, -0.0000000000000000000 ) ) ;
#3436 = FILL_AREA_STYLE ('',( #1161 ) ) ;
#3437 = DIRECTION ( 'NONE',  ( 0.0000000000000000000, -1.000000000000000000, 0.0000000000000000000 ) ) ;
#3438 = ORIENTED_EDGE ( 'NONE', *, *, #3196, .T. ) ;
#3439 = FILL_AREA_STYLE ('',( #224 ) ) ;
#3440 =( NAMED_UNIT ( * ) SI_UNIT ( $, .STERADIAN. ) SOLID_ANGLE_UNIT ( ) );
#3441 = UNCERTAINTY_MEASURE_WITH_UNIT (LENGTH_MEASURE( 1.000000000000000100E-005 ), #3367, 'distance_accuracy_value', 'NONE');
#3442 = DIRECTION ( 'NONE',  ( -1.000000000000000000, -0.0000000000000000000, -1.752335333352409800E-014 ) ) ;
#3443 = LINE ( 'NONE', #826, #2594 ) ;
#3444 = EDGE_LOOP ( 'NONE', ( #1117, #1156, #2630, #1562 ) ) ;
#3445 = ORIENTED_EDGE ( 'NONE', *, *, #3396, .T. ) ;
#3446 =( LENGTH_UNIT ( ) NAMED_UNIT ( * ) SI_UNIT ( .MILLI., .METRE. ) );
#3447 = CARTESIAN_POINT ( 'NONE',  ( 1.027339311721049600, 3.889999999999999700, -0.3752567791989179800 ) ) ;
#3448 = CARTESIAN_POINT ( 'NONE',  ( 0.8737065952813604100, 3.889999999999999700, 0.5547047545625439800 ) ) ;
#3449 = PRESENTATION_LAYER_ASSIGNMENT (  '', '', ( #3083 ) ) ;
#3450 = CARTESIAN_POINT ( 'NONE',  ( -0.1567731582397663700, 3.889999999999999700, 1.567578874280853900 ) ) ;
#3451 = LINE ( 'NONE', #2206, #1215 ) ;
#3452 =( GEOMETRIC_REPRESENTATION_CONTEXT ( 3 ) GLOBAL_UNCERTAINTY_ASSIGNED_CONTEXT ( ( #2995 ) ) GLOBAL_UNIT_ASSIGNED_CONTEXT ( ( #3688, #1929, #186 ) ) REPRESENTATION_CONTEXT ( 'NONE', 'WORKASPACE' ) );
#3453 = CARTESIAN_POINT ( 'NONE',  ( -2.343589385462048600, 3.889999999999999700, -2.840045511593284600 ) ) ;
#3454 = STYLED_ITEM ( 'NONE', ( #701 ), #3294 ) ;
#3455 = FILL_AREA_STYLE_COLOUR ( '', #3283 ) ;
#3456 = EDGE_CURVE ( 'NONE', #2270, #3069, #247, .T. ) ;
#3457 = VERTEX_POINT ( 'NONE', #3778 ) ;
#3458 = PRESENTATION_STYLE_ASSIGNMENT (( #312 ) ) ;
#3459 = ADVANCED_FACE ( 'NONE', ( #73 ), #3207, .T. ) ;
#3460 = VERTEX_POINT ( 'NONE', #862 ) ;
#3461 = EDGE_CURVE ( 'NONE', #619, #3465, #2812, .T. ) ;
#3462 =( NAMED_UNIT ( * ) SI_UNIT ( $, .STERADIAN. ) SOLID_ANGLE_UNIT ( ) );
#3463 = CARTESIAN_POINT ( 'NONE',  ( 5.976276379839084200E-016, 3.899999999999999900, -4.880000000000000800 ) ) ;
#3464 = SURFACE_STYLE_FILL_AREA ( #1159 ) ;
#3465 = VERTEX_POINT ( 'NONE', #3173 ) ;
#3466 = DIRECTION ( 'NONE',  ( -1.000000000000000000, 0.0000000000000000000, 4.130293990420970900E-016 ) ) ;
#3467 = AXIS2_PLACEMENT_3D ( 'NONE', #3093, #1027, #2792 ) ;
#3468 = FACE_OUTER_BOUND ( 'NONE', #677, .T. ) ;
#3469 = DIRECTION ( 'NONE',  ( -0.0000000000000000000, 1.000000000000000000, -0.0000000000000000000 ) ) ;
#3470 = DIRECTION ( 'NONE',  ( 0.9104214723748158500, 0.0000000000000000000, 0.4136819341461173100 ) ) ;
#3471 = DIRECTION ( 'NONE',  ( 1.000000000000000000, 0.0000000000000000000, 0.0000000000000000000 ) ) ;
#3472 = CARTESIAN_POINT ( 'NONE',  ( 3.600000000000001000, 3.899999999999999900, 5.099999999999999600 ) ) ;
#3473 = AXIS2_PLACEMENT_3D ( 'NONE', #814, #1141, #2291 ) ;
#3474 =( LENGTH_UNIT ( ) NAMED_UNIT ( * ) SI_UNIT ( .MILLI., .METRE. ) );
#3475 = ORIENTED_EDGE ( 'NONE', *, *, #2893, .T. ) ;
#3476 = PLANE ( 'NONE',  #469 ) ;
#3477 = MECHANICAL_DESIGN_GEOMETRIC_PRESENTATION_REPRESENTATION (  '', ( #2909 ), #3679 ) ;
#3478 = ADVANCED_FACE ( 'NONE', ( #2321 ), #255, .T. ) ;
#3479 = VERTEX_POINT ( 'NONE', #2009 ) ;
#3480 = SURFACE_SIDE_STYLE ('',( #2460 ) ) ;
#3481 = STYLED_ITEM ( 'NONE', ( #80 ), #1695 ) ;
#3482 = ORIENTED_EDGE ( 'NONE', *, *, #1424, .T. ) ;
#3483 = FILL_AREA_STYLE ('',( #570 ) ) ;
#3484 = EDGE_CURVE ( 'NONE', #936, #3220, #1753, .T. ) ;
#3485 = FILL_AREA_STYLE_COLOUR ( '', #2434 ) ;
#3486 = DIRECTION ( 'NONE',  ( 1.000000000000000000, 0.0000000000000000000, 0.0000000000000000000 ) ) ;
#3487 = STYLED_ITEM ( 'NONE', ( #199 ), #3500 ) ;
#3488 = ORIENTED_EDGE ( 'NONE', *, *, #2392, .F. ) ;
#3489 = COLOUR_RGB ( '',1.000000000000000000, 1.000000000000000000, 1.000000000000000000 ) ;
#3490 =( NAMED_UNIT ( * ) PLANE_ANGLE_UNIT ( ) SI_UNIT ( $, .RADIAN. ) );
#3491 = EDGE_CURVE ( 'NONE', #2032, #391, #965, .T. ) ;
#3492 = FACE_OUTER_BOUND ( 'NONE', #890, .T. ) ;
#3493 = PRESENTATION_STYLE_ASSIGNMENT (( #2490 ) ) ;
#3494 = EDGE_LOOP ( 'NONE', ( #3599, #2855, #725, #25 ) ) ;
#3495 = FILL_AREA_STYLE ('',( #1154 ) ) ;
#3496 =( LENGTH_UNIT ( ) NAMED_UNIT ( * ) SI_UNIT ( .MILLI., .METRE. ) );
#3497 = MECHANICAL_DESIGN_GEOMETRIC_PRESENTATION_REPRESENTATION (  '', ( #2933 ), #755 ) ;
#3498 = CARTESIAN_POINT ( 'NONE',  ( 5.100000000000000500, 0.0000000000000000000, 3.600000000000000100 ) ) ;
#3499 = PRESENTATION_STYLE_ASSIGNMENT (( #589 ) ) ;
#3500 = ADVANCED_FACE ( 'NONE', ( #873 ), #2911, .T. ) ;
#3501 =( LENGTH_UNIT ( ) NAMED_UNIT ( * ) SI_UNIT ( .MILLI., .METRE. ) );
#3502 =( NAMED_UNIT ( * ) PLANE_ANGLE_UNIT ( ) SI_UNIT ( $, .RADIAN. ) );
#3503 = ORIENTED_EDGE ( 'NONE', *, *, #2771, .T. ) ;
#3504 = PRESENTATION_STYLE_ASSIGNMENT (( #195 ) ) ;
#3505 = VECTOR ( 'NONE', #3063, 1000.000000000000000 ) ;
#3506 = VECTOR ( 'NONE', #3584, 1000.000000000000000 ) ;
#3507 = DIRECTION ( 'NONE',  ( -0.0000000000000000000, -0.0000000000000000000, -1.000000000000000000 ) ) ;
#3508 = FILL_AREA_STYLE ('',( #880 ) ) ;
#3509 = SURFACE_STYLE_USAGE ( .BOTH. , #1472 ) ;
#3510 = VECTOR ( 'NONE', #1133, 1000.000000000000000 ) ;
#3511 = VERTEX_POINT ( 'NONE', #274 ) ;
#3512 = CARTESIAN_POINT ( 'NONE',  ( 1.499999999999948900, 3.900000000000000400, -5.149999999999999500 ) ) ;
#3513 = UNCERTAINTY_MEASURE_WITH_UNIT (LENGTH_MEASURE( 1.000000000000000100E-005 ), #3600, 'distance_accuracy_value', 'NONE');
#3514 = ORIENTED_EDGE ( 'NONE', *, *, #2511, .F. ) ;
#3515 = FACE_OUTER_BOUND ( 'NONE', #3524, .T. ) ;
#3516 = VECTOR ( 'NONE', #1340, 1000.000000000000000 ) ;
#3517 = COLOUR_RGB ( '',1.000000000000000000, 1.000000000000000000, 1.000000000000000000 ) ;
#3518 = COLOUR_RGB ( '',1.000000000000000000, 1.000000000000000000, 1.000000000000000000 ) ;
#3519 = DIRECTION ( 'NONE',  ( -0.0000000000000000000, -0.0000000000000000000, 1.000000000000000000 ) ) ;
#3520 = ADVANCED_FACE ( 'NONE', ( #1381 ), #3195, .F. ) ;
#3521 =( NAMED_UNIT ( * ) PLANE_ANGLE_UNIT ( ) SI_UNIT ( $, .RADIAN. ) );
#3522 = DIRECTION ( 'NONE',  ( 1.306463617845032800E-014, -1.000000000000000000, -0.0000000000000000000 ) ) ;
#3523 =( LENGTH_UNIT ( ) NAMED_UNIT ( * ) SI_UNIT ( .MILLI., .METRE. ) );
#3524 = EDGE_LOOP ( 'NONE', ( #590, #3197, #2359, #2487, #2550, #2634, #164 ) ) ;
#3525 = VERTEX_POINT ( 'NONE', #3211 ) ;
#3526 = STYLED_ITEM ( 'NONE', ( #2256 ), #225 ) ;
#3527 = ORIENTED_EDGE ( 'NONE', *, *, #2023, .F. ) ;
#3528 = DIRECTION ( 'NONE',  ( -0.0000000000000000000, 1.000000000000000000, -0.0000000000000000000 ) ) ;
#3529 = MECHANICAL_DESIGN_GEOMETRIC_PRESENTATION_REPRESENTATION (  '', ( #2963 ), #3731 ) ;
#3530 = FACE_OUTER_BOUND ( 'NONE', #3028, .T. ) ;
#3531 = SURFACE_STYLE_USAGE ( .BOTH. , #1493 ) ;
#3532 = CARTESIAN_POINT ( 'NONE',  ( 3.600000000000001000, 0.0000000000000000000, 5.099999999999999600 ) ) ;
#3533 = EDGE_CURVE ( 'NONE', #760, #1410, #1888, .T. ) ;
#3534 = LINE ( 'NONE', #3259, #2772 ) ;
#3535 = UNCERTAINTY_MEASURE_WITH_UNIT (LENGTH_MEASURE( 1.000000000000000100E-005 ), #2117, 'distance_accuracy_value', 'NONE');
#3536 = EDGE_LOOP ( 'NONE', ( #2686, #3618, #3252, #2505, #1976, #1407, #2956 ) ) ;
#3537 = VERTEX_POINT ( 'NONE', #1470 ) ;
#3538 = STYLED_ITEM ( 'NONE', ( #3684 ), #866 ) ;
#3539 = SURFACE_STYLE_USAGE ( .BOTH. , #1791 ) ;
#3540 = CARTESIAN_POINT ( 'NONE',  ( -0.8472441089439917100, 3.889999999999999700, 0.5547047545625439800 ) ) ;
#3541 = DIRECTION ( 'NONE',  ( -0.0000000000000000000, 1.000000000000000000, -0.0000000000000000000 ) ) ;
#3542 =( NAMED_UNIT ( * ) SI_UNIT ( $, .STERADIAN. ) SOLID_ANGLE_UNIT ( ) );
#3543 = AXIS2_PLACEMENT_3D ( 'NONE', #1768, #2058, #2651 ) ;
#3544 = SURFACE_STYLE_FILL_AREA ( #3720 ) ;
#3545 = AXIS2_PLACEMENT_3D ( 'NONE', #626, #2681, #903 ) ;
#3546 = VECTOR ( 'NONE', #299, 1000.000000000000000 ) ;
#3547 = CARTESIAN_POINT ( 'NONE',  ( -0.8878235403916260300, 3.899999999999999900, -2.630428434128495600 ) ) ;
#3548 = ORIENTED_EDGE ( 'NONE', *, *, #3662, .F. ) ;
#3549 = FILL_AREA_STYLE ('',( #2990 ) ) ;
#3550 = AXIS2_PLACEMENT_3D ( 'NONE', #281, #2335, #2947 ) ;
#3551 = VERTEX_POINT ( 'NONE', #1763 ) ;
#3552 = COLOUR_RGB ( '',1.000000000000000000, 1.000000000000000000, 1.000000000000000000 ) ;
#3553 = SURFACE_STYLE_FILL_AREA ( #3417 ) ;
#3554 = DIRECTION ( 'NONE',  ( -0.7071067811865464600, -0.0000000000000000000, -0.7071067811865486800 ) ) ;
#3555 = LINE ( 'NONE', #1280, #1324 ) ;
#3556 =( NAMED_UNIT ( * ) SI_UNIT ( $, .STERADIAN. ) SOLID_ANGLE_UNIT ( ) );
#3557 = DIRECTION ( 'NONE',  ( 0.5632671893086503800, 0.0000000000000000000, 0.8262748171451995700 ) ) ;
#3558 = FACE_OUTER_BOUND ( 'NONE', #365, .T. ) ;
#3559 = FILL_AREA_STYLE ('',( #79 ) ) ;
#3560 = EDGE_CURVE ( 'NONE', #1151, #2833, #2679, .T. ) ;
#3561 = CARTESIAN_POINT ( 'NONE',  ( -0.3443831934510339100, 3.889999999999999700, 1.778296303858318600 ) ) ;
#3562 = VERTEX_POINT ( 'NONE', #311 ) ;
#3563 = DIRECTION ( 'NONE',  ( -0.0000000000000000000, 1.000000000000000000, -0.0000000000000000000 ) ) ;
#3564 = ADVANCED_FACE ( 'NONE', ( #2591 ), #2364, .F. ) ;
#3565 = AXIS2_PLACEMENT_3D ( 'NONE', #1377, #3429, #1669 ) ;
#3566 = ORIENTED_EDGE ( 'NONE', *, *, #1803, .F. ) ;
#3567 = EDGE_LOOP ( 'NONE', ( #778, #905, #2791, #1662 ) ) ;
#3568 = ORIENTED_EDGE ( 'NONE', *, *, #217, .T. ) ;
#3569 = VERTEX_POINT ( 'NONE', #2968 ) ;
#3570 = CARTESIAN_POINT ( 'NONE',  ( -2.212097307997260100, 3.899999999999999900, -0.3752567791989179800 ) ) ;
#3571 = DIRECTION ( 'NONE',  ( 0.4136819341461172000, 0.0000000000000000000, -0.9104214723748158500 ) ) ;
#3572 = SURFACE_STYLE_FILL_AREA ( #2317 ) ;
#3573 = CARTESIAN_POINT ( 'NONE',  ( 0.8958472342562610000, 3.889999999999999700, -2.840045511593284600 ) ) ;
#3574 = EDGE_CURVE ( 'NONE', #394, #631, #2371, .T. ) ;
#3575 = ORIENTED_EDGE ( 'NONE', *, *, #1819, .T. ) ;
#3576 = DIRECTION ( 'NONE',  ( -2.920558888920705500E-016, -1.000000000000000000, -2.920558888920715400E-016 ) ) ;
#3577 = VECTOR ( 'NONE', #2185, 1000.000000000000000 ) ;
#3578 =( NAMED_UNIT ( * ) PLANE_ANGLE_UNIT ( ) SI_UNIT ( $, .RADIAN. ) );
#3579 = EDGE_CURVE ( 'NONE', #2914, #465, #787, .T. ) ;
#3580 = LINE ( 'NONE', #611, #476 ) ;
#3581 = DIRECTION ( 'NONE',  ( 0.0000000000000000000, 0.0000000000000000000, -1.000000000000000000 ) ) ;
#3582 = COLOUR_RGB ( '',1.000000000000000000, 1.000000000000000000, 1.000000000000000000 ) ;
#3583 = CYLINDRICAL_SURFACE ( 'NONE', #2254, 4.900000000000001200 ) ;
#3584 = DIRECTION ( 'NONE',  ( -1.084202172485504400E-016, -1.000000000000000000, -0.0000000000000000000 ) ) ;
#3585 = EDGE_CURVE ( 'NONE', #1105, #3610, #3050, .T. ) ;
#3586 = DIRECTION ( 'NONE',  ( -1.000000000000000000, 0.0000000000000000000, 0.0000000000000000000 ) ) ;
#3587 = EDGE_LOOP ( 'NONE', ( #2174, #2577, #316, #1297, #3743, #1561, #2318, #2437 ) ) ;
#3588 = FACE_BOUND ( 'NONE', #1363, .T. ) ;
#3589 = MECHANICAL_DESIGN_GEOMETRIC_PRESENTATION_REPRESENTATION (  '', ( #3020 ), #9 ) ;
#3590 = SURFACE_STYLE_FILL_AREA ( #3436 ) ;
#3591 = DIRECTION ( 'NONE',  ( -1.000000000000000000, 0.0000000000000000000, 4.130293990420967400E-016 ) ) ;
#3592 = DIRECTION ( 'NONE',  ( 0.0000000000000000000, 0.0000000000000000000, 1.000000000000000000 ) ) ;
#3593 =( GEOMETRIC_REPRESENTATION_CONTEXT ( 3 ) GLOBAL_UNCERTAINTY_ASSIGNED_CONTEXT ( ( #3780 ) ) GLOBAL_UNIT_ASSIGNED_CONTEXT ( ( #1266, #3314, #1551 ) ) REPRESENTATION_CONTEXT ( 'NONE', 'WORKASPACE' ) );
#3594 =( NAMED_UNIT ( * ) SI_UNIT ( $, .STERADIAN. ) SOLID_ANGLE_UNIT ( ) );
#3595 = FACE_OUTER_BOUND ( 'NONE', #1746, .T. ) ;
#3596 = CARTESIAN_POINT ( 'NONE',  ( 0.8958472342562610000, 3.889999999999999700, -2.840045511593284600 ) ) ;
#3597 = ORIENTED_EDGE ( 'NONE', *, *, #2579, .F. ) ;
#3598 = SURFACE_STYLE_USAGE ( .BOTH. , #1553 ) ;
#3599 = ORIENTED_EDGE ( 'NONE', *, *, #2423, .F. ) ;
#3600 =( LENGTH_UNIT ( ) NAMED_UNIT ( * ) SI_UNIT ( .MILLI., .METRE. ) );
#3601 = LINE ( 'NONE', #141, #2935 ) ;
#3602 = VECTOR ( 'NONE', #374, 1000.000000000000000 ) ;
#3603 = SURFACE_SIDE_STYLE ('',( #1351 ) ) ;
#3604 = PRESENTATION_LAYER_ASSIGNMENT (  '', '', ( #3410 ) ) ;
#3605 = LINE ( 'NONE', #2005, #2065 ) ;
#3606 = EDGE_LOOP ( 'NONE', ( #2294, #2361, #66, #2287 ) ) ;
#3607 = VECTOR ( 'NONE', #3752, 1000.000000000000000 ) ;
#3608 = PRESENTATION_STYLE_ASSIGNMENT (( #985 ) ) ;
#3609 = MECHANICAL_DESIGN_GEOMETRIC_PRESENTATION_REPRESENTATION (  '', ( #3034 ), #21 ) ;
#3610 = VERTEX_POINT ( 'NONE', #625 ) ;
#3611 = DIRECTION ( 'NONE',  ( -1.000000000000000000, -0.0000000000000000000, -0.0000000000000000000 ) ) ;
#3612 = CARTESIAN_POINT ( 'NONE',  ( 0.7318947694675286300, 3.899999999999999900, -2.630428434128495600 ) ) ;
#3613 = LINE ( 'NONE', #542, #1288 ) ;
#3614 = EDGE_CURVE ( 'NONE', #2785, #2326, #3722, .T. ) ;
#3615 = SURFACE_SIDE_STYLE ('',( #3102 ) ) ;
#3616 = CARTESIAN_POINT ( 'NONE',  ( 0.9127690952813604100, 3.889999999999999700, 3.054704754562544100 ) ) ;
#3617 = PRESENTATION_LAYER_ASSIGNMENT (  '', '', ( #3234 ) ) ;
#3618 = ORIENTED_EDGE ( 'NONE', *, *, #3088, .F. ) ;
#3619 = EDGE_CURVE ( 'NONE', #1056, #1910, #702, .T. ) ;
#3620 = DIRECTION ( 'NONE',  ( 0.5707827724612920500, 0.0000000000000000000, 0.8211011062356455800 ) ) ;
#3621 = PLANE ( 'NONE',  #3147 ) ;
#3622 = ORIENTED_EDGE ( 'NONE', *, *, #2846, .T. ) ;
#3623 = CARTESIAN_POINT ( 'NONE',  ( -2.343589385462048600, 3.889999999999999700, -2.558355370748213600 ) ) ;
#3624 = ORIENTED_EDGE ( 'NONE', *, *, #1459, .F. ) ;
#3625 = STYLED_ITEM ( 'NONE', ( #3645 ), #548 ) ;
#3626 = DIRECTION ( 'NONE',  ( 0.7071067811865486800, -0.0000000000000000000, -0.7071067811865464600 ) ) ;
#3627 = CARTESIAN_POINT ( 'NONE',  ( -0.7238710756028941000, 3.889999999999999700, -2.840045511593284600 ) ) ;
#3628 = PRESENTATION_STYLE_ASSIGNMENT (( #1037 ) ) ;
#3629 = AXIS2_PLACEMENT_3D ( 'NONE', #1120, #3171, #1414 ) ;
#3630 = LINE ( 'NONE', #637, #1304 ) ;
#3631 = STYLED_ITEM ( 'NONE', ( #1046 ), #1415 ) ;
#3632 = COLOUR_RGB ( '',1.000000000000000000, 1.000000000000000000, 1.000000000000000000 ) ;
#3633 = DIRECTION ( 'NONE',  ( 0.0000000000000000000, -1.000000000000000000, -0.0000000000000000000 ) ) ;
#3634 = ORIENTED_EDGE ( 'NONE', *, *, #2218, .T. ) ;
#3635 = ORIENTED_EDGE ( 'NONE', *, *, #3011, .T. ) ;
#3636 = DIRECTION ( 'NONE',  ( -0.0000000000000000000, 0.0000000000000000000, -1.000000000000000000 ) ) ;
#3637 = CARTESIAN_POINT ( 'NONE',  ( 2.351613079326683800, 3.889999999999999700, -2.840045511593284600 ) ) ;
#3638 = DIRECTION ( 'NONE',  ( 0.5715618010866456700, 0.0000000000000000000, -0.8205590213620160800 ) ) ;
#3639 = SURFACE_STYLE_FILL_AREA ( #2922 ) ;
#3640 = PLANE ( 'NONE',  #3467 ) ;
#3641 = COLOUR_RGB ( '',0.8274509803921568100, 0.8392156862745098200, 0.8274509803921568100 ) ;
#3642 = CARTESIAN_POINT ( 'NONE',  ( 3.870279579551073800, 2.399999999999999500, -3.650431098567574800 ) ) ;
#3643 = CARTESIAN_POINT ( 'NONE',  ( 6.000769315822032700E-016, 2.899999999999999900, -4.900000000000001200 ) ) ;
#3644 = VECTOR ( 'NONE', #512, 1000.000000000000000 ) ;
#3645 = PRESENTATION_STYLE_ASSIGNMENT (( #1038 ) ) ;
#3646 =( LENGTH_UNIT ( ) NAMED_UNIT ( * ) SI_UNIT ( .MILLI., .METRE. ) );
#3647 =( NAMED_UNIT ( * ) SI_UNIT ( $, .STERADIAN. ) SOLID_ANGLE_UNIT ( ) );
#3648 = ORIENTED_EDGE ( 'NONE', *, *, #1144, .T. ) ;
#3649 = STYLED_ITEM ( 'NONE', ( #1567 ), #1965 ) ;
#3650 = VECTOR ( 'NONE', #3198, 1000.000000000000000 ) ;
#3651 = ORIENTED_EDGE ( 'NONE', *, *, #553, .F. ) ;
#3652 = ORIENTED_EDGE ( 'NONE', *, *, #647, .F. ) ;
#3653 =( NAMED_UNIT ( * ) SI_UNIT ( $, .STERADIAN. ) SOLID_ANGLE_UNIT ( ) );
#3654 = CARTESIAN_POINT ( 'NONE',  ( 0.3995884314393594600, 3.889999999999999700, -2.558355370748213600 ) ) ;
#3655 = LINE ( 'NONE', #2565, #1411 ) ;
#3656 = MECHANICAL_DESIGN_GEOMETRIC_PRESENTATION_REPRESENTATION (  '', ( #3083 ), #62 ) ;
#3657 = VECTOR ( 'NONE', #1967, 1000.000000000000000 ) ;
#3658 = CARTESIAN_POINT ( 'NONE',  ( 1.499999999999968900, 2.400000000000000400, -5.149999999999999500 ) ) ;
#3659 = UNCERTAINTY_MEASURE_WITH_UNIT (LENGTH_MEASURE( 1.000000000000000100E-005 ), #2838, 'distance_accuracy_value', 'NONE');
#3660 = AXIS2_PLACEMENT_3D ( 'NONE', #1670, #3721, #1973 ) ;
#3661 = CARTESIAN_POINT ( 'NONE',  ( -1.499999999999998400, -0.1000000000000000100, -3.949999999999998800 ) ) ;
#3662 = EDGE_CURVE ( 'NONE', #1255, #2213, #1570, .T. ) ;
#3663 = EDGE_CURVE ( 'NONE', #2636, #1464, #2190, .T. ) ;
#3664 = PLANE ( 'NONE',  #1303 ) ;
#3665 = ORIENTED_EDGE ( 'NONE', *, *, #1939, .T. ) ;
#3666 = DIRECTION ( 'NONE',  ( 0.0000000000000000000, 1.000000000000000000, 0.0000000000000000000 ) ) ;
#3667 = PRESENTATION_LAYER_ASSIGNMENT (  '', '', ( #3282 ) ) ;
#3668 = EDGE_LOOP ( 'NONE', ( #555, #10, #1434, #3233 ) ) ;
#3669 = VERTEX_POINT ( 'NONE', #2103 ) ;
#3670 = SURFACE_STYLE_USAGE ( .BOTH. , #2114 ) ;
#3671 = CARTESIAN_POINT ( 'NONE',  ( -1.180100623028498700, 3.889999999999999700, 0.5547047545625439800 ) ) ;
#3672 = CARTESIAN_POINT ( 'NONE',  ( 3.870279579551073800, 1.399999999999999900, -3.650431098567574800 ) ) ;
#3673 = VECTOR ( 'NONE', #1063, 1000.000000000000100 ) ;
#3674 = PRESENTATION_STYLE_ASSIGNMENT (( #3026 ) ) ;
#3675 = PRESENTATION_LAYER_ASSIGNMENT (  '', '', ( #3291 ) ) ;
#3676 = SURFACE_STYLE_FILL_AREA ( #2441 ) ;
#3677 = ORIENTED_EDGE ( 'NONE', *, *, #2626, .T. ) ;
#3678 = CARTESIAN_POINT ( 'NONE',  ( -2.349999999999996100, 2.400000000000000400, 5.149999999999999500 ) ) ;
#3679 =( GEOMETRIC_REPRESENTATION_CONTEXT ( 3 ) GLOBAL_UNCERTAINTY_ASSIGNED_CONTEXT ( ( #3318 ) ) GLOBAL_UNIT_ASSIGNED_CONTEXT ( ( #1449, #3490, #1743 ) ) REPRESENTATION_CONTEXT ( 'NONE', 'WORKASPACE' ) );
#3680 = UNCERTAINTY_MEASURE_WITH_UNIT (LENGTH_MEASURE( 1.000000000000000100E-005 ), #3474, 'distance_accuracy_value', 'NONE');
#3681 = VECTOR ( 'NONE', #885, 1000.000000000000000 ) ;
#3682 = AXIS2_PLACEMENT_3D ( 'NONE', #2458, #687, #2738 ) ;
#3683 = ORIENTED_EDGE ( 'NONE', *, *, #1341, .T. ) ;
#3684 = PRESENTATION_STYLE_ASSIGNMENT (( #1457 ) ) ;
#3685 = PLANE ( 'NONE',  #1962 ) ;
#3686 = FILL_AREA_STYLE_COLOUR ( '', #2440 ) ;
#3687 = EDGE_CURVE ( 'NONE', #178, #1910, #3630, .T. ) ;
#3688 =( LENGTH_UNIT ( ) NAMED_UNIT ( * ) SI_UNIT ( .MILLI., .METRE. ) );
#3689 =( NAMED_UNIT ( * ) PLANE_ANGLE_UNIT ( ) SI_UNIT ( $, .RADIAN. ) );
#3690 = LINE ( 'NONE', #2014, #573 ) ;
#3691 = AXIS2_PLACEMENT_3D ( 'NONE', #1423, #3470, #1719 ) ;
#3692 = LINE ( 'NONE', #2616, #2149 ) ;
#3693 = DIRECTION ( 'NONE',  ( 0.0000000000000000000, -1.000000000000000000, 0.0000000000000000000 ) ) ;
#3694 = ORIENTED_EDGE ( 'NONE', *, *, #3277, .T. ) ;
#3695 = ORIENTED_EDGE ( 'NONE', *, *, #1608, .T. ) ;
#3696 = LINE ( 'NONE', #3073, #675 ) ;
#3697 = LINE ( 'NONE', #1825, #1360 ) ;
#3698 = ORIENTED_EDGE ( 'NONE', *, *, #2310, .T. ) ;
#3699 = LINE ( 'NONE', #2581, #2160 ) ;
#3700 = VECTOR ( 'NONE', #1858, 1000.000000000000000 ) ;
#3701 = FILL_AREA_STYLE ('',( #1062 ) ) ;
#3702 = EDGE_LOOP ( 'NONE', ( #3597, #1010, #36, #3245 ) ) ;
#3703 = DIRECTION ( 'NONE',  ( -0.0000000000000000000, 1.000000000000000000, -0.0000000000000000000 ) ) ;
#3704 = FILL_AREA_STYLE ('',( #2863 ) ) ;
#3705 = LINE ( 'NONE', #738, #2946 ) ;
#3706 = STYLED_ITEM ( 'NONE', ( #2301 ), #2333 ) ;
#3707 = CARTESIAN_POINT ( 'NONE',  ( -0.8878235403916260300, 3.889999999999999700, -2.630428434128495600 ) ) ;
#3708 = DIRECTION ( 'NONE',  ( 0.4136819341461172600, 0.0000000000000000000, -0.9104214723748157400 ) ) ;
#3709 = PLANE ( 'NONE',  #642 ) ;
#3710 = ORIENTED_EDGE ( 'NONE', *, *, #3089, .F. ) ;
#3711 = CARTESIAN_POINT ( 'NONE',  ( -2.212097307997260100, 3.889999999999999700, -0.3752567791989179800 ) ) ;
#3712 = DIRECTION ( 'NONE',  ( -0.7071067811865464600, 0.0000000000000000000, -0.7071067811865486800 ) ) ;
#3713 = SURFACE_STYLE_USAGE ( .BOTH. , #1660 ) ;
#3714 = ORIENTED_EDGE ( 'NONE', *, *, #987, .F. ) ;
#3715 = ORIENTED_EDGE ( 'NONE', *, *, #1899, .T. ) ;
#3716 = ORIENTED_EDGE ( 'NONE', *, *, #3033, .T. ) ;
#3717 = STYLED_ITEM ( 'NONE', ( #2867 ), #1760 ) ;
#3718 =( NAMED_UNIT ( * ) SI_UNIT ( $, .STERADIAN. ) SOLID_ANGLE_UNIT ( ) );
#3719 =( LENGTH_UNIT ( ) NAMED_UNIT ( * ) SI_UNIT ( .MILLI., .METRE. ) );
#3720 = FILL_AREA_STYLE ('',( #1972 ) ) ;
#3721 = DIRECTION ( 'NONE',  ( -2.551063935259964600E-016, 1.000000000000000000, 0.0000000000000000000 ) ) ;
#3722 = LINE ( 'NONE', #2952, #2961 ) ;
#3723 = LINE ( 'NONE', #737, #616 ) ;
#3724 = LINE ( 'NONE', #3561, #1487 ) ;
#3725 = CARTESIAN_POINT ( 'NONE',  ( -0.7238710756028941000, 3.899999999999999900, -2.840045511593284600 ) ) ;
#3726 = ORIENTED_EDGE ( 'NONE', *, *, #2069, .T. ) ;
#3727 = VERTEX_POINT ( 'NONE', #2992 ) ;
#3728 = PRESENTATION_LAYER_ASSIGNMENT (  '', '', ( #3526 ) ) ;
#3729 = LINE ( 'NONE', #2036, #2285 ) ;
#3730 =( LENGTH_UNIT ( ) NAMED_UNIT ( * ) SI_UNIT ( .MILLI., .METRE. ) );
#3731 =( GEOMETRIC_REPRESENTATION_CONTEXT ( 3 ) GLOBAL_UNCERTAINTY_ASSIGNED_CONTEXT ( ( #2873 ) ) GLOBAL_UNIT_ASSIGNED_CONTEXT ( ( #3062, #1301, #3349 ) ) REPRESENTATION_CONTEXT ( 'NONE', 'WORKASPACE' ) );
#3732 = DIRECTION ( 'NONE',  ( 0.0000000000000000000, 0.0000000000000000000, 1.000000000000000000 ) ) ;
#3733 = SURFACE_STYLE_FILL_AREA ( #415 ) ;
#3734 = DIRECTION ( 'NONE',  ( -0.0000000000000000000, -0.0000000000000000000, 1.000000000000000000 ) ) ;
#3735 = EDGE_CURVE ( 'NONE', #1864, #1321, #3534, .T. ) ;
#3736 = SURFACE_SIDE_STYLE ('',( #3544 ) ) ;
#3737 = SURFACE_STYLE_USAGE ( .BOTH. , #1687 ) ;
#3738 = CARTESIAN_POINT ( 'NONE',  ( -0.1490706934510338500, 3.889999999999999700, 1.567578874280853900 ) ) ;
#3739 = AXIS2_PLACEMENT_3D ( 'NONE', #2043, #2916, #3199 ) ;
#3740 = ORIENTED_EDGE ( 'NONE', *, *, #2446, .T. ) ;
#3741 = PLANE ( 'NONE',  #3629 ) ;
#3742 = LINE ( 'NONE', #1456, #2107 ) ;
#3743 = ORIENTED_EDGE ( 'NONE', *, *, #1254, .T. ) ;
#3744 = SURFACE_STYLE_FILL_AREA ( #904 ) ;
#3745 = COLOUR_RGB ( '',0.7960784313725489700, 0.8235294117647058400, 0.9372549019607843100 ) ;
#3746 = PRESENTATION_STYLE_ASSIGNMENT (( #601 ) ) ;
#3747 = EDGE_LOOP ( 'NONE', ( #3527, #975, #194, #2870 ) ) ;
#3748 = DIRECTION ( 'NONE',  ( 1.000000000000000000, 0.0000000000000000000, -0.0000000000000000000 ) ) ;
#3749 = CARTESIAN_POINT ( 'NONE',  ( -0.5923789981381053500, 3.889999999999999700, -0.3752567791989179800 ) ) ;
#3750 = DIRECTION ( 'NONE',  ( -1.000000000000000000, 0.0000000000000000000, 0.0000000000000000000 ) ) ;
#3751 = PRESENTATION_LAYER_ASSIGNMENT (  '', '', ( #3364 ) ) ;
#3752 = DIRECTION ( 'NONE',  ( -0.5648689537908991900, 0.0000000000000000000, 0.8251806257075931000 ) ) ;
#3753 = DIRECTION ( 'NONE',  ( 1.700709290173340400E-016, 0.0000000000000000000, 1.000000000000000000 ) ) ;
#3754 = PRESENTATION_LAYER_ASSIGNMENT (  '', '', ( #3372 ) ) ;
#3755 = DIRECTION ( 'NONE',  ( 0.0000000000000000000, -1.000000000000000000, 0.0000000000000000000 ) ) ;
#3756 = ADVANCED_FACE ( 'NONE', ( #2089 ), #1220, .F. ) ;
#3757 = FILL_AREA_STYLE_COLOUR ( '', #470 ) ;
#3758 = STYLED_ITEM ( 'NONE', ( #632 ), #1476 ) ;
#3759 = DIRECTION ( 'NONE',  ( 1.000000000000000000, 0.0000000000000000000, 0.0000000000000000000 ) ) ;
#3760 = CARTESIAN_POINT ( 'NONE',  ( 5.099999999999999600, 0.0000000000000000000, -2.349999999999987200 ) ) ;
#3761 = PLANE ( 'NONE',  #2035 ) ;
#3762 = ORIENTED_EDGE ( 'NONE', *, *, #1387, .F. ) ;
#3763 = DIRECTION ( 'NONE',  ( 0.0000000000000000000, 0.0000000000000000000, -1.000000000000000000 ) ) ;
#3764 = DIRECTION ( 'NONE',  ( 0.0000000000000000000, -1.000000000000000000, 0.0000000000000000000 ) ) ;
#3765 = VERTEX_POINT ( 'NONE', #2693 ) ;
#3766 = DIRECTION ( 'NONE',  ( -0.0000000000000000000, 1.000000000000000000, -0.0000000000000000000 ) ) ;
#3767 = EDGE_CURVE ( 'NONE', #1575, #3142, #3269, .T. ) ;
#3768 = DIRECTION ( 'NONE',  ( -0.0000000000000000000, 1.000000000000000000, 0.0000000000000000000 ) ) ;
#3769 = CARTESIAN_POINT ( 'NONE',  ( -1.911151005180358600, 3.889999999999999700, -0.3752567791989179800 ) ) ;
#3770 = FACE_OUTER_BOUND ( 'NONE', #2040, .T. ) ;
#3771 = ORIENTED_EDGE ( 'NONE', *, *, #2464, .F. ) ;
#3772 = CARTESIAN_POINT ( 'NONE',  ( -1.500000000000000400, 0.0000000000000000000, 5.099999999999999600 ) ) ;
#3773 = ORIENTED_EDGE ( 'NONE', *, *, #2023, .T. ) ;
#3774 = PRESENTATION_LAYER_ASSIGNMENT (  '', '', ( #3390 ) ) ;
#3775 = DIRECTION ( 'NONE',  ( -0.0000000000000000000, 0.0000000000000000000, 1.000000000000000000 ) ) ;
#3776 = LINE ( 'NONE', #322, #3681 ) ;
#3777 = ADVANCED_FACE ( 'NONE', ( #1704 ), #2413, .T. ) ;
#3778 = CARTESIAN_POINT ( 'NONE',  ( 1.499999999999968900, 2.400000000000000400, -5.149999999999999500 ) ) ;
#3779 = LINE ( 'NONE', #1444, #1443 ) ;
#3780 = UNCERTAINTY_MEASURE_WITH_UNIT (LENGTH_MEASURE( 1.000000000000000100E-005 ), #1266, 'distance_accuracy_value', 'NONE');
#3781 =( NAMED_UNIT ( * ) SI_UNIT ( $, .STERADIAN. ) SOLID_ANGLE_UNIT ( ) );
#3782 = DIRECTION ( 'NONE',  ( 1.000000000000000000, 2.551063935259964600E-016, -1.752335333352409800E-014 ) ) ;
#3783 = CARTESIAN_POINT ( 'NONE',  ( 2.371213203435594600, 1.400000000000000100, -5.149497474683057500 ) ) ;
#3784 =( LENGTH_UNIT ( ) NAMED_UNIT ( * ) SI_UNIT ( .MILLI., .METRE. ) );
#3785 = EDGE_CURVE ( 'NONE', #3669, #1422, #160, .T. ) ;
ENDSEC;
END-ISO-10303-21;
