ISO-10303-21;
HEADER;
FILE_DESCRIPTION((''),'2;1');
FILE_NAME('901311092','2014-01-20T',('me'),(''),
'PRO/ENGINEER BY PARAMETRIC TECHNOLOGY CORPORATION, 2011490',
'PRO/ENGINEER BY PARAMETRIC TECHNOLOGY CORPORATION, 2011490','');
FILE_SCHEMA(('CONFIG_CONTROL_DESIGN'));
ENDSEC;
DATA;
#1=DIRECTION('',(0.E0,0.E0,-1.E0));
#2=VECTOR('',#1,6.2E-1);
#3=CARTESIAN_POINT('',(-1.428E1,-1.E0,1.58E0));
#4=LINE('',#3,#2);
#5=DIRECTION('',(1.E0,0.E0,0.E0));
#6=VECTOR('',#5,6.2E-1);
#7=CARTESIAN_POINT('',(-1.428E1,-1.E0,9.6E-1));
#8=LINE('',#7,#6);
#9=DIRECTION('',(0.E0,0.E0,-1.E0));
#10=VECTOR('',#9,6.2E-1);
#11=CARTESIAN_POINT('',(-1.366E1,-1.E0,1.58E0));
#12=LINE('',#11,#10);
#13=DIRECTION('',(1.E0,0.E0,0.E0));
#14=VECTOR('',#13,6.2E-1);
#15=CARTESIAN_POINT('',(-1.428E1,-1.E0,1.58E0));
#16=LINE('',#15,#14);
#17=DIRECTION('',(0.E0,0.E0,-1.E0));
#18=VECTOR('',#17,6.2E-1);
#19=CARTESIAN_POINT('',(-1.428E1,-1.E0,-9.6E-1));
#20=LINE('',#19,#18);
#21=DIRECTION('',(1.E0,0.E0,0.E0));
#22=VECTOR('',#21,6.2E-1);
#23=CARTESIAN_POINT('',(-1.428E1,-1.E0,-1.58E0));
#24=LINE('',#23,#22);
#25=DIRECTION('',(0.E0,0.E0,-1.E0));
#26=VECTOR('',#25,6.2E-1);
#27=CARTESIAN_POINT('',(-1.366E1,-1.E0,-9.6E-1));
#28=LINE('',#27,#26);
#29=DIRECTION('',(1.E0,0.E0,0.E0));
#30=VECTOR('',#29,6.2E-1);
#31=CARTESIAN_POINT('',(-1.428E1,-1.E0,-9.6E-1));
#32=LINE('',#31,#30);
#33=DIRECTION('',(0.E0,0.E0,-1.E0));
#34=VECTOR('',#33,6.2E-1);
#35=CARTESIAN_POINT('',(-1.174E1,-1.E0,1.58E0));
#36=LINE('',#35,#34);
#37=DIRECTION('',(1.E0,0.E0,0.E0));
#38=VECTOR('',#37,6.2E-1);
#39=CARTESIAN_POINT('',(-1.174E1,-1.E0,9.6E-1));
#40=LINE('',#39,#38);
#41=DIRECTION('',(0.E0,0.E0,-1.E0));
#42=VECTOR('',#41,6.2E-1);
#43=CARTESIAN_POINT('',(-1.112E1,-1.E0,1.58E0));
#44=LINE('',#43,#42);
#45=DIRECTION('',(1.E0,0.E0,0.E0));
#46=VECTOR('',#45,6.2E-1);
#47=CARTESIAN_POINT('',(-1.174E1,-1.E0,1.58E0));
#48=LINE('',#47,#46);
#49=DIRECTION('',(0.E0,0.E0,-1.E0));
#50=VECTOR('',#49,6.2E-1);
#51=CARTESIAN_POINT('',(-1.174E1,-1.E0,-9.6E-1));
#52=LINE('',#51,#50);
#53=DIRECTION('',(1.E0,0.E0,0.E0));
#54=VECTOR('',#53,6.2E-1);
#55=CARTESIAN_POINT('',(-1.174E1,-1.E0,-1.58E0));
#56=LINE('',#55,#54);
#57=DIRECTION('',(0.E0,0.E0,-1.E0));
#58=VECTOR('',#57,6.2E-1);
#59=CARTESIAN_POINT('',(-1.112E1,-1.E0,-9.6E-1));
#60=LINE('',#59,#58);
#61=DIRECTION('',(1.E0,0.E0,0.E0));
#62=VECTOR('',#61,6.2E-1);
#63=CARTESIAN_POINT('',(-1.174E1,-1.E0,-9.6E-1));
#64=LINE('',#63,#62);
#65=DIRECTION('',(0.E0,0.E0,-1.E0));
#66=VECTOR('',#65,6.2E-1);
#67=CARTESIAN_POINT('',(-9.2E0,-1.E0,1.58E0));
#68=LINE('',#67,#66);
#69=DIRECTION('',(1.E0,0.E0,0.E0));
#70=VECTOR('',#69,6.2E-1);
#71=CARTESIAN_POINT('',(-9.2E0,-1.E0,9.6E-1));
#72=LINE('',#71,#70);
#73=DIRECTION('',(0.E0,0.E0,-1.E0));
#74=VECTOR('',#73,6.2E-1);
#75=CARTESIAN_POINT('',(-8.58E0,-1.E0,1.58E0));
#76=LINE('',#75,#74);
#77=DIRECTION('',(1.E0,0.E0,0.E0));
#78=VECTOR('',#77,6.2E-1);
#79=CARTESIAN_POINT('',(-9.2E0,-1.E0,1.58E0));
#80=LINE('',#79,#78);
#81=DIRECTION('',(0.E0,0.E0,-1.E0));
#82=VECTOR('',#81,6.2E-1);
#83=CARTESIAN_POINT('',(-9.2E0,-1.E0,-9.6E-1));
#84=LINE('',#83,#82);
#85=DIRECTION('',(1.E0,0.E0,0.E0));
#86=VECTOR('',#85,6.2E-1);
#87=CARTESIAN_POINT('',(-9.2E0,-1.E0,-1.58E0));
#88=LINE('',#87,#86);
#89=DIRECTION('',(0.E0,0.E0,-1.E0));
#90=VECTOR('',#89,6.2E-1);
#91=CARTESIAN_POINT('',(-8.58E0,-1.E0,-9.6E-1));
#92=LINE('',#91,#90);
#93=DIRECTION('',(1.E0,0.E0,0.E0));
#94=VECTOR('',#93,6.2E-1);
#95=CARTESIAN_POINT('',(-9.2E0,-1.E0,-9.6E-1));
#96=LINE('',#95,#94);
#97=DIRECTION('',(0.E0,0.E0,-1.E0));
#98=VECTOR('',#97,6.2E-1);
#99=CARTESIAN_POINT('',(-6.66E0,-1.E0,1.58E0));
#100=LINE('',#99,#98);
#101=DIRECTION('',(1.E0,0.E0,0.E0));
#102=VECTOR('',#101,6.2E-1);
#103=CARTESIAN_POINT('',(-6.66E0,-1.E0,9.6E-1));
#104=LINE('',#103,#102);
#105=DIRECTION('',(0.E0,0.E0,-1.E0));
#106=VECTOR('',#105,6.2E-1);
#107=CARTESIAN_POINT('',(-6.04E0,-1.E0,1.58E0));
#108=LINE('',#107,#106);
#109=DIRECTION('',(1.E0,0.E0,0.E0));
#110=VECTOR('',#109,6.2E-1);
#111=CARTESIAN_POINT('',(-6.66E0,-1.E0,1.58E0));
#112=LINE('',#111,#110);
#113=DIRECTION('',(0.E0,0.E0,-1.E0));
#114=VECTOR('',#113,6.2E-1);
#115=CARTESIAN_POINT('',(-6.66E0,-1.E0,-9.6E-1));
#116=LINE('',#115,#114);
#117=DIRECTION('',(1.E0,0.E0,0.E0));
#118=VECTOR('',#117,6.2E-1);
#119=CARTESIAN_POINT('',(-6.66E0,-1.E0,-1.58E0));
#120=LINE('',#119,#118);
#121=DIRECTION('',(0.E0,0.E0,-1.E0));
#122=VECTOR('',#121,6.2E-1);
#123=CARTESIAN_POINT('',(-6.04E0,-1.E0,-9.6E-1));
#124=LINE('',#123,#122);
#125=DIRECTION('',(1.E0,0.E0,0.E0));
#126=VECTOR('',#125,6.2E-1);
#127=CARTESIAN_POINT('',(-6.66E0,-1.E0,-9.6E-1));
#128=LINE('',#127,#126);
#129=DIRECTION('',(0.E0,0.E0,-1.E0));
#130=VECTOR('',#129,6.2E-1);
#131=CARTESIAN_POINT('',(-4.12E0,-1.E0,1.58E0));
#132=LINE('',#131,#130);
#133=DIRECTION('',(1.E0,0.E0,0.E0));
#134=VECTOR('',#133,6.2E-1);
#135=CARTESIAN_POINT('',(-4.12E0,-1.E0,9.6E-1));
#136=LINE('',#135,#134);
#137=DIRECTION('',(0.E0,0.E0,-1.E0));
#138=VECTOR('',#137,6.2E-1);
#139=CARTESIAN_POINT('',(-3.5E0,-1.E0,1.58E0));
#140=LINE('',#139,#138);
#141=DIRECTION('',(1.E0,0.E0,0.E0));
#142=VECTOR('',#141,6.2E-1);
#143=CARTESIAN_POINT('',(-4.12E0,-1.E0,1.58E0));
#144=LINE('',#143,#142);
#145=DIRECTION('',(0.E0,0.E0,-1.E0));
#146=VECTOR('',#145,6.2E-1);
#147=CARTESIAN_POINT('',(-4.12E0,-1.E0,-9.6E-1));
#148=LINE('',#147,#146);
#149=DIRECTION('',(1.E0,0.E0,0.E0));
#150=VECTOR('',#149,6.2E-1);
#151=CARTESIAN_POINT('',(-4.12E0,-1.E0,-1.58E0));
#152=LINE('',#151,#150);
#153=DIRECTION('',(0.E0,0.E0,-1.E0));
#154=VECTOR('',#153,6.2E-1);
#155=CARTESIAN_POINT('',(-3.5E0,-1.E0,-9.6E-1));
#156=LINE('',#155,#154);
#157=DIRECTION('',(1.E0,0.E0,0.E0));
#158=VECTOR('',#157,6.2E-1);
#159=CARTESIAN_POINT('',(-4.12E0,-1.E0,-9.6E-1));
#160=LINE('',#159,#158);
#161=DIRECTION('',(0.E0,0.E0,-1.E0));
#162=VECTOR('',#161,6.2E-1);
#163=CARTESIAN_POINT('',(-1.58E0,-1.E0,1.58E0));
#164=LINE('',#163,#162);
#165=DIRECTION('',(1.E0,0.E0,0.E0));
#166=VECTOR('',#165,6.2E-1);
#167=CARTESIAN_POINT('',(-1.58E0,-1.E0,9.6E-1));
#168=LINE('',#167,#166);
#169=DIRECTION('',(0.E0,0.E0,-1.E0));
#170=VECTOR('',#169,6.2E-1);
#171=CARTESIAN_POINT('',(-9.6E-1,-1.E0,1.58E0));
#172=LINE('',#171,#170);
#173=DIRECTION('',(1.E0,0.E0,0.E0));
#174=VECTOR('',#173,6.2E-1);
#175=CARTESIAN_POINT('',(-1.58E0,-1.E0,1.58E0));
#176=LINE('',#175,#174);
#177=DIRECTION('',(0.E0,0.E0,-1.E0));
#178=VECTOR('',#177,6.2E-1);
#179=CARTESIAN_POINT('',(-1.58E0,-1.E0,-9.6E-1));
#180=LINE('',#179,#178);
#181=DIRECTION('',(1.E0,0.E0,0.E0));
#182=VECTOR('',#181,6.2E-1);
#183=CARTESIAN_POINT('',(-1.58E0,-1.E0,-1.58E0));
#184=LINE('',#183,#182);
#185=DIRECTION('',(0.E0,0.E0,-1.E0));
#186=VECTOR('',#185,6.2E-1);
#187=CARTESIAN_POINT('',(-9.6E-1,-1.E0,-9.6E-1));
#188=LINE('',#187,#186);
#189=DIRECTION('',(1.E0,0.E0,0.E0));
#190=VECTOR('',#189,6.2E-1);
#191=CARTESIAN_POINT('',(-1.58E0,-1.E0,-9.6E-1));
#192=LINE('',#191,#190);
#193=DIRECTION('',(0.E0,0.E0,-1.E0));
#194=VECTOR('',#193,6.2E-1);
#195=CARTESIAN_POINT('',(9.6E-1,-1.E0,1.58E0));
#196=LINE('',#195,#194);
#197=DIRECTION('',(1.E0,0.E0,0.E0));
#198=VECTOR('',#197,6.2E-1);
#199=CARTESIAN_POINT('',(9.6E-1,-1.E0,9.6E-1));
#200=LINE('',#199,#198);
#201=DIRECTION('',(0.E0,0.E0,-1.E0));
#202=VECTOR('',#201,6.2E-1);
#203=CARTESIAN_POINT('',(1.58E0,-1.E0,1.58E0));
#204=LINE('',#203,#202);
#205=DIRECTION('',(1.E0,0.E0,0.E0));
#206=VECTOR('',#205,6.2E-1);
#207=CARTESIAN_POINT('',(9.6E-1,-1.E0,1.58E0));
#208=LINE('',#207,#206);
#209=DIRECTION('',(0.E0,0.E0,-1.E0));
#210=VECTOR('',#209,6.2E-1);
#211=CARTESIAN_POINT('',(9.6E-1,-1.E0,-9.6E-1));
#212=LINE('',#211,#210);
#213=DIRECTION('',(1.E0,0.E0,0.E0));
#214=VECTOR('',#213,6.2E-1);
#215=CARTESIAN_POINT('',(9.6E-1,-1.E0,-1.58E0));
#216=LINE('',#215,#214);
#217=DIRECTION('',(0.E0,0.E0,-1.E0));
#218=VECTOR('',#217,6.2E-1);
#219=CARTESIAN_POINT('',(1.58E0,-1.E0,-9.6E-1));
#220=LINE('',#219,#218);
#221=DIRECTION('',(1.E0,0.E0,0.E0));
#222=VECTOR('',#221,6.2E-1);
#223=CARTESIAN_POINT('',(9.6E-1,-1.E0,-9.6E-1));
#224=LINE('',#223,#222);
#225=DIRECTION('',(0.E0,0.E0,-1.E0));
#226=VECTOR('',#225,6.2E-1);
#227=CARTESIAN_POINT('',(3.5E0,-1.E0,1.58E0));
#228=LINE('',#227,#226);
#229=DIRECTION('',(1.E0,0.E0,0.E0));
#230=VECTOR('',#229,6.2E-1);
#231=CARTESIAN_POINT('',(3.5E0,-1.E0,9.6E-1));
#232=LINE('',#231,#230);
#233=DIRECTION('',(0.E0,0.E0,-1.E0));
#234=VECTOR('',#233,6.2E-1);
#235=CARTESIAN_POINT('',(4.12E0,-1.E0,1.58E0));
#236=LINE('',#235,#234);
#237=DIRECTION('',(1.E0,0.E0,0.E0));
#238=VECTOR('',#237,6.2E-1);
#239=CARTESIAN_POINT('',(3.5E0,-1.E0,1.58E0));
#240=LINE('',#239,#238);
#241=DIRECTION('',(0.E0,0.E0,-1.E0));
#242=VECTOR('',#241,6.2E-1);
#243=CARTESIAN_POINT('',(3.5E0,-1.E0,-9.6E-1));
#244=LINE('',#243,#242);
#245=DIRECTION('',(1.E0,0.E0,0.E0));
#246=VECTOR('',#245,6.2E-1);
#247=CARTESIAN_POINT('',(3.5E0,-1.E0,-1.58E0));
#248=LINE('',#247,#246);
#249=DIRECTION('',(0.E0,0.E0,-1.E0));
#250=VECTOR('',#249,6.2E-1);
#251=CARTESIAN_POINT('',(4.12E0,-1.E0,-9.6E-1));
#252=LINE('',#251,#250);
#253=DIRECTION('',(1.E0,0.E0,0.E0));
#254=VECTOR('',#253,6.2E-1);
#255=CARTESIAN_POINT('',(3.5E0,-1.E0,-9.6E-1));
#256=LINE('',#255,#254);
#257=DIRECTION('',(0.E0,0.E0,-1.E0));
#258=VECTOR('',#257,6.2E-1);
#259=CARTESIAN_POINT('',(6.04E0,-1.E0,1.58E0));
#260=LINE('',#259,#258);
#261=DIRECTION('',(1.E0,0.E0,0.E0));
#262=VECTOR('',#261,6.2E-1);
#263=CARTESIAN_POINT('',(6.04E0,-1.E0,9.6E-1));
#264=LINE('',#263,#262);
#265=DIRECTION('',(0.E0,0.E0,-1.E0));
#266=VECTOR('',#265,6.2E-1);
#267=CARTESIAN_POINT('',(6.66E0,-1.E0,1.58E0));
#268=LINE('',#267,#266);
#269=DIRECTION('',(1.E0,0.E0,0.E0));
#270=VECTOR('',#269,6.2E-1);
#271=CARTESIAN_POINT('',(6.04E0,-1.E0,1.58E0));
#272=LINE('',#271,#270);
#273=DIRECTION('',(0.E0,0.E0,-1.E0));
#274=VECTOR('',#273,6.2E-1);
#275=CARTESIAN_POINT('',(6.04E0,-1.E0,-9.6E-1));
#276=LINE('',#275,#274);
#277=DIRECTION('',(1.E0,0.E0,0.E0));
#278=VECTOR('',#277,6.2E-1);
#279=CARTESIAN_POINT('',(6.04E0,-1.E0,-1.58E0));
#280=LINE('',#279,#278);
#281=DIRECTION('',(0.E0,0.E0,-1.E0));
#282=VECTOR('',#281,6.2E-1);
#283=CARTESIAN_POINT('',(6.66E0,-1.E0,-9.6E-1));
#284=LINE('',#283,#282);
#285=DIRECTION('',(1.E0,0.E0,0.E0));
#286=VECTOR('',#285,6.2E-1);
#287=CARTESIAN_POINT('',(6.04E0,-1.E0,-9.6E-1));
#288=LINE('',#287,#286);
#289=DIRECTION('',(0.E0,0.E0,-1.E0));
#290=VECTOR('',#289,6.2E-1);
#291=CARTESIAN_POINT('',(8.58E0,-1.E0,1.58E0));
#292=LINE('',#291,#290);
#293=DIRECTION('',(1.E0,0.E0,0.E0));
#294=VECTOR('',#293,6.2E-1);
#295=CARTESIAN_POINT('',(8.58E0,-1.E0,9.6E-1));
#296=LINE('',#295,#294);
#297=DIRECTION('',(0.E0,0.E0,-1.E0));
#298=VECTOR('',#297,6.2E-1);
#299=CARTESIAN_POINT('',(9.2E0,-1.E0,1.58E0));
#300=LINE('',#299,#298);
#301=DIRECTION('',(1.E0,0.E0,0.E0));
#302=VECTOR('',#301,6.2E-1);
#303=CARTESIAN_POINT('',(8.58E0,-1.E0,1.58E0));
#304=LINE('',#303,#302);
#305=DIRECTION('',(0.E0,0.E0,-1.E0));
#306=VECTOR('',#305,6.2E-1);
#307=CARTESIAN_POINT('',(8.58E0,-1.E0,-9.6E-1));
#308=LINE('',#307,#306);
#309=DIRECTION('',(1.E0,0.E0,0.E0));
#310=VECTOR('',#309,6.2E-1);
#311=CARTESIAN_POINT('',(8.58E0,-1.E0,-1.58E0));
#312=LINE('',#311,#310);
#313=DIRECTION('',(0.E0,0.E0,-1.E0));
#314=VECTOR('',#313,6.2E-1);
#315=CARTESIAN_POINT('',(9.2E0,-1.E0,-9.6E-1));
#316=LINE('',#315,#314);
#317=DIRECTION('',(1.E0,0.E0,0.E0));
#318=VECTOR('',#317,6.2E-1);
#319=CARTESIAN_POINT('',(8.58E0,-1.E0,-9.6E-1));
#320=LINE('',#319,#318);
#321=DIRECTION('',(0.E0,0.E0,-1.E0));
#322=VECTOR('',#321,6.2E-1);
#323=CARTESIAN_POINT('',(1.112E1,-1.E0,1.58E0));
#324=LINE('',#323,#322);
#325=DIRECTION('',(1.E0,0.E0,0.E0));
#326=VECTOR('',#325,6.2E-1);
#327=CARTESIAN_POINT('',(1.112E1,-1.E0,9.6E-1));
#328=LINE('',#327,#326);
#329=DIRECTION('',(0.E0,0.E0,-1.E0));
#330=VECTOR('',#329,6.2E-1);
#331=CARTESIAN_POINT('',(1.174E1,-1.E0,1.58E0));
#332=LINE('',#331,#330);
#333=DIRECTION('',(1.E0,0.E0,0.E0));
#334=VECTOR('',#333,6.2E-1);
#335=CARTESIAN_POINT('',(1.112E1,-1.E0,1.58E0));
#336=LINE('',#335,#334);
#337=DIRECTION('',(0.E0,0.E0,-1.E0));
#338=VECTOR('',#337,6.2E-1);
#339=CARTESIAN_POINT('',(1.112E1,-1.E0,-9.6E-1));
#340=LINE('',#339,#338);
#341=DIRECTION('',(1.E0,0.E0,0.E0));
#342=VECTOR('',#341,6.2E-1);
#343=CARTESIAN_POINT('',(1.112E1,-1.E0,-1.58E0));
#344=LINE('',#343,#342);
#345=DIRECTION('',(0.E0,0.E0,-1.E0));
#346=VECTOR('',#345,6.2E-1);
#347=CARTESIAN_POINT('',(1.174E1,-1.E0,-9.6E-1));
#348=LINE('',#347,#346);
#349=DIRECTION('',(1.E0,0.E0,0.E0));
#350=VECTOR('',#349,6.2E-1);
#351=CARTESIAN_POINT('',(1.112E1,-1.E0,-9.6E-1));
#352=LINE('',#351,#350);
#353=DIRECTION('',(0.E0,0.E0,-1.E0));
#354=VECTOR('',#353,6.2E-1);
#355=CARTESIAN_POINT('',(1.366E1,-1.E0,1.58E0));
#356=LINE('',#355,#354);
#357=DIRECTION('',(1.E0,0.E0,0.E0));
#358=VECTOR('',#357,6.2E-1);
#359=CARTESIAN_POINT('',(1.366E1,-1.E0,9.6E-1));
#360=LINE('',#359,#358);
#361=DIRECTION('',(0.E0,0.E0,-1.E0));
#362=VECTOR('',#361,6.2E-1);
#363=CARTESIAN_POINT('',(1.428E1,-1.E0,1.58E0));
#364=LINE('',#363,#362);
#365=DIRECTION('',(1.E0,0.E0,0.E0));
#366=VECTOR('',#365,6.2E-1);
#367=CARTESIAN_POINT('',(1.366E1,-1.E0,1.58E0));
#368=LINE('',#367,#366);
#369=DIRECTION('',(0.E0,0.E0,-1.E0));
#370=VECTOR('',#369,6.2E-1);
#371=CARTESIAN_POINT('',(1.366E1,-1.E0,-9.6E-1));
#372=LINE('',#371,#370);
#373=DIRECTION('',(1.E0,0.E0,0.E0));
#374=VECTOR('',#373,6.2E-1);
#375=CARTESIAN_POINT('',(1.366E1,-1.E0,-1.58E0));
#376=LINE('',#375,#374);
#377=DIRECTION('',(0.E0,0.E0,-1.E0));
#378=VECTOR('',#377,6.2E-1);
#379=CARTESIAN_POINT('',(1.428E1,-1.E0,-9.6E-1));
#380=LINE('',#379,#378);
#381=DIRECTION('',(1.E0,0.E0,0.E0));
#382=VECTOR('',#381,6.2E-1);
#383=CARTESIAN_POINT('',(1.366E1,-1.E0,-9.6E-1));
#384=LINE('',#383,#382);
#385=DIRECTION('',(1.736481776669E-1,0.E0,9.848077530122E-1));
#386=VECTOR('',#385,1.766842304681E0);
#387=CARTESIAN_POINT('',(1.239319105357E1,-1.E0,-2.54E0));
#388=LINE('',#387,#386);
#389=DIRECTION('',(-1.E0,0.E0,0.E0));
#390=VECTOR('',#389,1.926382107135E0);
#391=CARTESIAN_POINT('',(1.239319105357E1,-1.E0,-2.54E0));
#392=LINE('',#391,#390);
#393=DIRECTION('',(1.736481776669E-1,0.E0,-9.848077530122E-1));
#394=VECTOR('',#393,1.766842304681E0);
#395=CARTESIAN_POINT('',(1.016E1,-1.E0,-8.E-1));
#396=LINE('',#395,#394);
#397=DIRECTION('',(1.736481776669E-1,0.E0,9.848077530122E-1));
#398=VECTOR('',#397,1.766842304681E0);
#399=CARTESIAN_POINT('',(9.853191053567E0,-1.E0,-2.54E0));
#400=LINE('',#399,#398);
#401=DIRECTION('',(-1.E0,0.E0,0.E0));
#402=VECTOR('',#401,1.926382107135E0);
#403=CARTESIAN_POINT('',(9.853191053567E0,-1.E0,-2.54E0));
#404=LINE('',#403,#402);
#405=DIRECTION('',(1.736481776669E-1,0.E0,-9.848077530122E-1));
#406=VECTOR('',#405,1.766842304681E0);
#407=CARTESIAN_POINT('',(7.62E0,-1.E0,-8.E-1));
#408=LINE('',#407,#406);
#409=DIRECTION('',(1.736481776669E-1,0.E0,9.848077530122E-1));
#410=VECTOR('',#409,1.766842304681E0);
#411=CARTESIAN_POINT('',(7.313191053567E0,-1.E0,-2.54E0));
#412=LINE('',#411,#410);
#413=DIRECTION('',(-1.E0,0.E0,0.E0));
#414=VECTOR('',#413,1.926382107135E0);
#415=CARTESIAN_POINT('',(7.313191053567E0,-1.E0,-2.54E0));
#416=LINE('',#415,#414);
#417=DIRECTION('',(1.736481776669E-1,0.E0,-9.848077530122E-1));
#418=VECTOR('',#417,1.766842304681E0);
#419=CARTESIAN_POINT('',(5.08E0,-1.E0,-8.E-1));
#420=LINE('',#419,#418);
#421=DIRECTION('',(1.736481776669E-1,0.E0,9.848077530122E-1));
#422=VECTOR('',#421,1.766842304681E0);
#423=CARTESIAN_POINT('',(4.773191053567E0,-1.E0,-2.54E0));
#424=LINE('',#423,#422);
#425=DIRECTION('',(-1.E0,0.E0,0.E0));
#426=VECTOR('',#425,1.926382107135E0);
#427=CARTESIAN_POINT('',(4.773191053567E0,-1.E0,-2.54E0));
#428=LINE('',#427,#426);
#429=DIRECTION('',(1.736481776669E-1,0.E0,-9.848077530122E-1));
#430=VECTOR('',#429,1.766842304681E0);
#431=CARTESIAN_POINT('',(2.54E0,-1.E0,-8.E-1));
#432=LINE('',#431,#430);
#433=DIRECTION('',(1.736481776669E-1,0.E0,9.848077530122E-1));
#434=VECTOR('',#433,1.766842304681E0);
#435=CARTESIAN_POINT('',(2.233191053567E0,-1.E0,-2.54E0));
#436=LINE('',#435,#434);
#437=DIRECTION('',(-1.E0,0.E0,0.E0));
#438=VECTOR('',#437,1.926382107135E0);
#439=CARTESIAN_POINT('',(2.233191053567E0,-1.E0,-2.54E0));
#440=LINE('',#439,#438);
#441=DIRECTION('',(1.736481776669E-1,0.E0,-9.848077530122E-1));
#442=VECTOR('',#441,1.766842304681E0);
#443=CARTESIAN_POINT('',(0.E0,-1.E0,-8.E-1));
#444=LINE('',#443,#442);
#445=DIRECTION('',(1.736481776669E-1,0.E0,9.848077530122E-1));
#446=VECTOR('',#445,1.766842304681E0);
#447=CARTESIAN_POINT('',(-3.068089464327E-1,-1.E0,-2.54E0));
#448=LINE('',#447,#446);
#449=DIRECTION('',(-1.E0,0.E0,0.E0));
#450=VECTOR('',#449,1.926382107135E0);
#451=CARTESIAN_POINT('',(-3.068089464327E-1,-1.E0,-2.54E0));
#452=LINE('',#451,#450);
#453=DIRECTION('',(1.736481776669E-1,0.E0,-9.848077530122E-1));
#454=VECTOR('',#453,1.766842304681E0);
#455=CARTESIAN_POINT('',(-2.54E0,-1.E0,-8.E-1));
#456=LINE('',#455,#454);
#457=DIRECTION('',(1.736481776669E-1,0.E0,9.848077530122E-1));
#458=VECTOR('',#457,1.766842304681E0);
#459=CARTESIAN_POINT('',(-2.846808946433E0,-1.E0,-2.54E0));
#460=LINE('',#459,#458);
#461=DIRECTION('',(-1.E0,0.E0,0.E0));
#462=VECTOR('',#461,1.926382107135E0);
#463=CARTESIAN_POINT('',(-2.846808946433E0,-1.E0,-2.54E0));
#464=LINE('',#463,#462);
#465=DIRECTION('',(1.736481776669E-1,0.E0,-9.848077530122E-1));
#466=VECTOR('',#465,1.766842304681E0);
#467=CARTESIAN_POINT('',(-5.08E0,-1.E0,-8.E-1));
#468=LINE('',#467,#466);
#469=DIRECTION('',(1.736481776669E-1,0.E0,9.848077530122E-1));
#470=VECTOR('',#469,1.766842304681E0);
#471=CARTESIAN_POINT('',(-5.386808946433E0,-1.E0,-2.54E0));
#472=LINE('',#471,#470);
#473=DIRECTION('',(-1.E0,0.E0,0.E0));
#474=VECTOR('',#473,1.926382107135E0);
#475=CARTESIAN_POINT('',(-5.386808946433E0,-1.E0,-2.54E0));
#476=LINE('',#475,#474);
#477=DIRECTION('',(1.736481776669E-1,0.E0,-9.848077530122E-1));
#478=VECTOR('',#477,1.766842304681E0);
#479=CARTESIAN_POINT('',(-7.62E0,-1.E0,-8.E-1));
#480=LINE('',#479,#478);
#481=DIRECTION('',(1.736481776669E-1,0.E0,9.848077530122E-1));
#482=VECTOR('',#481,1.766842304681E0);
#483=CARTESIAN_POINT('',(-7.926808946433E0,-1.E0,-2.54E0));
#484=LINE('',#483,#482);
#485=DIRECTION('',(-1.E0,0.E0,0.E0));
#486=VECTOR('',#485,1.926382107135E0);
#487=CARTESIAN_POINT('',(-7.926808946433E0,-1.E0,-2.54E0));
#488=LINE('',#487,#486);
#489=DIRECTION('',(1.736481776669E-1,0.E0,-9.848077530122E-1));
#490=VECTOR('',#489,1.766842304681E0);
#491=CARTESIAN_POINT('',(-1.016E1,-1.E0,-8.E-1));
#492=LINE('',#491,#490);
#493=DIRECTION('',(1.736481776669E-1,0.E0,9.848077530122E-1));
#494=VECTOR('',#493,1.766842304681E0);
#495=CARTESIAN_POINT('',(-1.046680894643E1,-1.E0,-2.54E0));
#496=LINE('',#495,#494);
#497=DIRECTION('',(-1.E0,0.E0,0.E0));
#498=VECTOR('',#497,1.926382107135E0);
#499=CARTESIAN_POINT('',(-1.046680894643E1,-1.E0,-2.54E0));
#500=LINE('',#499,#498);
#501=DIRECTION('',(1.736481776669E-1,0.E0,-9.848077530122E-1));
#502=VECTOR('',#501,1.766842304681E0);
#503=CARTESIAN_POINT('',(-1.27E1,-1.E0,-8.E-1));
#504=LINE('',#503,#502);
#505=DIRECTION('',(1.736481776669E-1,0.E0,9.848077530122E-1));
#506=VECTOR('',#505,1.766842304681E0);
#507=CARTESIAN_POINT('',(-1.300680894643E1,-1.E0,-2.54E0));
#508=LINE('',#507,#506);
#509=DIRECTION('',(-1.E0,0.E0,0.E0));
#510=VECTOR('',#509,1.926382107135E0);
#511=CARTESIAN_POINT('',(-1.300680894643E1,-1.E0,-2.54E0));
#512=LINE('',#511,#510);
#513=DIRECTION('',(-1.736481776669E-1,0.E0,9.848077530122E-1));
#514=VECTOR('',#513,1.766842304681E0);
#515=CARTESIAN_POINT('',(-1.493319105357E1,-1.E0,-2.54E0));
#516=LINE('',#515,#514);
#517=DIRECTION('',(0.E0,0.E0,1.E0));
#518=VECTOR('',#517,1.6E0);
#519=CARTESIAN_POINT('',(-1.524E1,-1.E0,-8.E-1));
#520=LINE('',#519,#518);
#521=DIRECTION('',(1.736481776669E-1,0.E0,9.848077530122E-1));
#522=VECTOR('',#521,1.766842304681E0);
#523=CARTESIAN_POINT('',(-1.524E1,-1.E0,8.E-1));
#524=LINE('',#523,#522);
#525=DIRECTION('',(1.E0,0.E0,0.E0));
#526=VECTOR('',#525,1.926382107135E0);
#527=CARTESIAN_POINT('',(-1.493319105357E1,-1.E0,2.54E0));
#528=LINE('',#527,#526);
#529=DIRECTION('',(-1.736481776669E-1,0.E0,9.848077530122E-1));
#530=VECTOR('',#529,1.766842304681E0);
#531=CARTESIAN_POINT('',(-1.27E1,-1.E0,8.E-1));
#532=LINE('',#531,#530);
#533=DIRECTION('',(-1.736481776669E-1,0.E0,-9.848077530122E-1));
#534=VECTOR('',#533,1.766842304681E0);
#535=CARTESIAN_POINT('',(-1.239319105357E1,-1.E0,2.54E0));
#536=LINE('',#535,#534);
#537=DIRECTION('',(1.E0,0.E0,0.E0));
#538=VECTOR('',#537,1.926382107135E0);
#539=CARTESIAN_POINT('',(-1.239319105357E1,-1.E0,2.54E0));
#540=LINE('',#539,#538);
#541=DIRECTION('',(-1.736481776669E-1,0.E0,9.848077530122E-1));
#542=VECTOR('',#541,1.766842304681E0);
#543=CARTESIAN_POINT('',(-1.016E1,-1.E0,8.E-1));
#544=LINE('',#543,#542);
#545=DIRECTION('',(-1.736481776669E-1,0.E0,-9.848077530122E-1));
#546=VECTOR('',#545,1.766842304681E0);
#547=CARTESIAN_POINT('',(-9.853191053567E0,-1.E0,2.54E0));
#548=LINE('',#547,#546);
#549=DIRECTION('',(1.E0,0.E0,0.E0));
#550=VECTOR('',#549,1.926382107135E0);
#551=CARTESIAN_POINT('',(-9.853191053567E0,-1.E0,2.54E0));
#552=LINE('',#551,#550);
#553=DIRECTION('',(-1.736481776669E-1,0.E0,9.848077530122E-1));
#554=VECTOR('',#553,1.766842304681E0);
#555=CARTESIAN_POINT('',(-7.62E0,-1.E0,8.E-1));
#556=LINE('',#555,#554);
#557=DIRECTION('',(-1.736481776669E-1,0.E0,-9.848077530122E-1));
#558=VECTOR('',#557,1.766842304681E0);
#559=CARTESIAN_POINT('',(-7.313191053567E0,-1.E0,2.54E0));
#560=LINE('',#559,#558);
#561=DIRECTION('',(1.E0,0.E0,0.E0));
#562=VECTOR('',#561,1.926382107135E0);
#563=CARTESIAN_POINT('',(-7.313191053567E0,-1.E0,2.54E0));
#564=LINE('',#563,#562);
#565=DIRECTION('',(-1.736481776669E-1,0.E0,9.848077530122E-1));
#566=VECTOR('',#565,1.766842304681E0);
#567=CARTESIAN_POINT('',(-5.08E0,-1.E0,8.E-1));
#568=LINE('',#567,#566);
#569=DIRECTION('',(-1.736481776669E-1,0.E0,-9.848077530122E-1));
#570=VECTOR('',#569,1.766842304681E0);
#571=CARTESIAN_POINT('',(-4.773191053567E0,-1.E0,2.54E0));
#572=LINE('',#571,#570);
#573=DIRECTION('',(1.E0,0.E0,0.E0));
#574=VECTOR('',#573,1.926382107135E0);
#575=CARTESIAN_POINT('',(-4.773191053567E0,-1.E0,2.54E0));
#576=LINE('',#575,#574);
#577=DIRECTION('',(-1.736481776669E-1,0.E0,9.848077530122E-1));
#578=VECTOR('',#577,1.766842304681E0);
#579=CARTESIAN_POINT('',(-2.54E0,-1.E0,8.E-1));
#580=LINE('',#579,#578);
#581=DIRECTION('',(-1.736481776669E-1,0.E0,-9.848077530122E-1));
#582=VECTOR('',#581,1.766842304681E0);
#583=CARTESIAN_POINT('',(-2.233191053567E0,-1.E0,2.54E0));
#584=LINE('',#583,#582);
#585=DIRECTION('',(1.E0,0.E0,0.E0));
#586=VECTOR('',#585,1.926382107135E0);
#587=CARTESIAN_POINT('',(-2.233191053567E0,-1.E0,2.54E0));
#588=LINE('',#587,#586);
#589=DIRECTION('',(-1.736481776669E-1,0.E0,9.848077530122E-1));
#590=VECTOR('',#589,1.766842304681E0);
#591=CARTESIAN_POINT('',(0.E0,-1.E0,8.E-1));
#592=LINE('',#591,#590);
#593=DIRECTION('',(-1.736481776669E-1,0.E0,-9.848077530122E-1));
#594=VECTOR('',#593,1.766842304681E0);
#595=CARTESIAN_POINT('',(3.068089464327E-1,-1.E0,2.54E0));
#596=LINE('',#595,#594);
#597=DIRECTION('',(1.E0,0.E0,0.E0));
#598=VECTOR('',#597,1.926382107135E0);
#599=CARTESIAN_POINT('',(3.068089464327E-1,-1.E0,2.54E0));
#600=LINE('',#599,#598);
#601=DIRECTION('',(-1.736481776669E-1,0.E0,9.848077530122E-1));
#602=VECTOR('',#601,1.766842304681E0);
#603=CARTESIAN_POINT('',(2.54E0,-1.E0,8.E-1));
#604=LINE('',#603,#602);
#605=DIRECTION('',(-1.736481776669E-1,0.E0,-9.848077530122E-1));
#606=VECTOR('',#605,1.766842304681E0);
#607=CARTESIAN_POINT('',(2.846808946433E0,-1.E0,2.54E0));
#608=LINE('',#607,#606);
#609=DIRECTION('',(1.E0,0.E0,0.E0));
#610=VECTOR('',#609,1.926382107135E0);
#611=CARTESIAN_POINT('',(2.846808946433E0,-1.E0,2.54E0));
#612=LINE('',#611,#610);
#613=DIRECTION('',(-1.736481776669E-1,0.E0,9.848077530122E-1));
#614=VECTOR('',#613,1.766842304681E0);
#615=CARTESIAN_POINT('',(5.08E0,-1.E0,8.E-1));
#616=LINE('',#615,#614);
#617=DIRECTION('',(-1.736481776669E-1,0.E0,-9.848077530122E-1));
#618=VECTOR('',#617,1.766842304681E0);
#619=CARTESIAN_POINT('',(5.386808946433E0,-1.E0,2.54E0));
#620=LINE('',#619,#618);
#621=DIRECTION('',(1.E0,0.E0,0.E0));
#622=VECTOR('',#621,1.926382107135E0);
#623=CARTESIAN_POINT('',(5.386808946433E0,-1.E0,2.54E0));
#624=LINE('',#623,#622);
#625=DIRECTION('',(-1.736481776669E-1,0.E0,9.848077530122E-1));
#626=VECTOR('',#625,1.766842304681E0);
#627=CARTESIAN_POINT('',(7.62E0,-1.E0,8.E-1));
#628=LINE('',#627,#626);
#629=DIRECTION('',(-1.736481776669E-1,0.E0,-9.848077530122E-1));
#630=VECTOR('',#629,1.766842304681E0);
#631=CARTESIAN_POINT('',(7.926808946433E0,-1.E0,2.54E0));
#632=LINE('',#631,#630);
#633=DIRECTION('',(1.E0,0.E0,0.E0));
#634=VECTOR('',#633,1.926382107135E0);
#635=CARTESIAN_POINT('',(7.926808946433E0,-1.E0,2.54E0));
#636=LINE('',#635,#634);
#637=DIRECTION('',(-1.736481776669E-1,0.E0,9.848077530122E-1));
#638=VECTOR('',#637,1.766842304681E0);
#639=CARTESIAN_POINT('',(1.016E1,-1.E0,8.E-1));
#640=LINE('',#639,#638);
#641=DIRECTION('',(-1.736481776669E-1,0.E0,-9.848077530122E-1));
#642=VECTOR('',#641,1.766842304681E0);
#643=CARTESIAN_POINT('',(1.046680894643E1,-1.E0,2.54E0));
#644=LINE('',#643,#642);
#645=DIRECTION('',(1.E0,0.E0,0.E0));
#646=VECTOR('',#645,1.926382107135E0);
#647=CARTESIAN_POINT('',(1.046680894643E1,-1.E0,2.54E0));
#648=LINE('',#647,#646);
#649=DIRECTION('',(-1.736481776669E-1,0.E0,9.848077530122E-1));
#650=VECTOR('',#649,1.766842304681E0);
#651=CARTESIAN_POINT('',(1.27E1,-1.E0,8.E-1));
#652=LINE('',#651,#650);
#653=DIRECTION('',(-1.736481776669E-1,0.E0,-9.848077530122E-1));
#654=VECTOR('',#653,1.766842304681E0);
#655=CARTESIAN_POINT('',(1.300680894643E1,-1.E0,2.54E0));
#656=LINE('',#655,#654);
#657=DIRECTION('',(1.E0,0.E0,0.E0));
#658=VECTOR('',#657,1.926382107135E0);
#659=CARTESIAN_POINT('',(1.300680894643E1,-1.E0,2.54E0));
#660=LINE('',#659,#658);
#661=DIRECTION('',(1.736481776669E-1,0.E0,-9.848077530122E-1));
#662=VECTOR('',#661,1.766842304681E0);
#663=CARTESIAN_POINT('',(1.493319105357E1,-1.E0,2.54E0));
#664=LINE('',#663,#662);
#665=DIRECTION('',(0.E0,0.E0,-1.E0));
#666=VECTOR('',#665,1.6E0);
#667=CARTESIAN_POINT('',(1.524E1,-1.E0,8.E-1));
#668=LINE('',#667,#666);
#669=DIRECTION('',(-1.736481776669E-1,0.E0,-9.848077530122E-1));
#670=VECTOR('',#669,1.766842304681E0);
#671=CARTESIAN_POINT('',(1.524E1,-1.E0,-8.E-1));
#672=LINE('',#671,#670);
#673=DIRECTION('',(-1.E0,0.E0,0.E0));
#674=VECTOR('',#673,1.926382107135E0);
#675=CARTESIAN_POINT('',(1.493319105357E1,-1.E0,-2.54E0));
#676=LINE('',#675,#674);
#677=DIRECTION('',(1.736481776669E-1,0.E0,-9.848077530122E-1));
#678=VECTOR('',#677,1.766842304681E0);
#679=CARTESIAN_POINT('',(1.27E1,-1.E0,-8.E-1));
#680=LINE('',#679,#678);
#681=DIRECTION('',(0.E0,0.E0,-1.E0));
#682=VECTOR('',#681,6.2E-1);
#683=CARTESIAN_POINT('',(-1.428E1,3.6E0,1.58E0));
#684=LINE('',#683,#682);
#685=DIRECTION('',(0.E0,-1.E0,0.E0));
#686=VECTOR('',#685,2.6E0);
#687=CARTESIAN_POINT('',(-1.428E1,3.6E0,1.58E0));
#688=LINE('',#687,#686);
#689=DIRECTION('',(0.E0,1.E0,0.E0));
#690=VECTOR('',#689,2.6E0);
#691=CARTESIAN_POINT('',(-1.428E1,1.E0,9.6E-1));
#692=LINE('',#691,#690);
#693=DIRECTION('',(0.E0,0.E0,-1.E0));
#694=VECTOR('',#693,6.2E-1);
#695=CARTESIAN_POINT('',(-1.428E1,3.6E0,-9.6E-1));
#696=LINE('',#695,#694);
#697=DIRECTION('',(0.E0,-1.E0,0.E0));
#698=VECTOR('',#697,2.6E0);
#699=CARTESIAN_POINT('',(-1.428E1,3.6E0,-9.6E-1));
#700=LINE('',#699,#698);
#701=DIRECTION('',(0.E0,1.E0,0.E0));
#702=VECTOR('',#701,2.6E0);
#703=CARTESIAN_POINT('',(-1.428E1,1.E0,-1.58E0));
#704=LINE('',#703,#702);
#705=DIRECTION('',(0.E0,0.E0,1.E0));
#706=VECTOR('',#705,6.2E-1);
#707=CARTESIAN_POINT('',(-1.428E1,-6.95E0,-1.58E0));
#708=LINE('',#707,#706);
#709=DIRECTION('',(0.E0,1.E0,0.E0));
#710=VECTOR('',#709,5.95E0);
#711=CARTESIAN_POINT('',(-1.428E1,-6.95E0,-1.58E0));
#712=LINE('',#711,#710);
#713=DIRECTION('',(0.E0,-1.E0,0.E0));
#714=VECTOR('',#713,5.95E0);
#715=CARTESIAN_POINT('',(-1.428E1,-1.E0,-9.6E-1));
#716=LINE('',#715,#714);
#717=DIRECTION('',(0.E0,0.E0,1.E0));
#718=VECTOR('',#717,6.2E-1);
#719=CARTESIAN_POINT('',(-1.428E1,-6.95E0,9.6E-1));
#720=LINE('',#719,#718);
#721=DIRECTION('',(0.E0,1.E0,0.E0));
#722=VECTOR('',#721,5.95E0);
#723=CARTESIAN_POINT('',(-1.428E1,-6.95E0,9.6E-1));
#724=LINE('',#723,#722);
#725=DIRECTION('',(0.E0,-1.E0,0.E0));
#726=VECTOR('',#725,5.95E0);
#727=CARTESIAN_POINT('',(-1.428E1,-1.E0,1.58E0));
#728=LINE('',#727,#726);
#729=DIRECTION('',(-2.357022603955E-1,-9.428090415821E-1,-2.357022603955E-1));
#730=VECTOR('',#729,8.485281374239E-1);
#731=CARTESIAN_POINT('',(-1.408E1,4.4E0,1.16E0));
#732=LINE('',#731,#730);
#733=DIRECTION('',(2.357022603955E-1,-9.428090415821E-1,-2.357022603955E-1));
#734=VECTOR('',#733,8.485281374239E-1);
#735=CARTESIAN_POINT('',(-1.386E1,4.4E0,1.16E0));
#736=LINE('',#735,#734);
#737=DIRECTION('',(-1.E0,0.E0,0.E0));
#738=VECTOR('',#737,6.2E-1);
#739=CARTESIAN_POINT('',(-1.366E1,3.6E0,9.6E-1));
#740=LINE('',#739,#738);
#741=DIRECTION('',(-1.E0,0.E0,0.E0));
#742=VECTOR('',#741,6.2E-1);
#743=CARTESIAN_POINT('',(-1.366E1,-6.95E0,9.6E-1));
#744=LINE('',#743,#742);
#745=DIRECTION('',(1.E0,0.E0,0.E0));
#746=VECTOR('',#745,6.563269807084E-1);
#747=CARTESIAN_POINT('',(-1.507632698071E1,1.E0,-8.5E-1));
#748=LINE('',#747,#746);
#749=DIRECTION('',(0.E0,0.E0,-1.E0));
#750=VECTOR('',#749,1.E0);
#751=CARTESIAN_POINT('',(-1.442E1,1.E0,-8.5E-1));
#752=LINE('',#751,#750);
#753=DIRECTION('',(-1.E0,0.E0,0.E0));
#754=VECTOR('',#753,4.8E-1);
#755=CARTESIAN_POINT('',(-1.442E1,1.E0,-1.85E0));
#756=LINE('',#755,#754);
#757=DIRECTION('',(-1.736481776669E-1,0.E0,9.848077530122E-1));
#758=VECTOR('',#757,1.015426611886E0);
#759=CARTESIAN_POINT('',(-1.49E1,1.E0,-1.85E0));
#760=LINE('',#759,#758);
#761=DIRECTION('',(-1.736481776669E-1,0.E0,-9.848077530122E-1));
#762=VECTOR('',#761,1.015426611886E0);
#763=CARTESIAN_POINT('',(-1.286367301929E1,1.E0,-8.5E-1));
#764=LINE('',#763,#762);
#765=DIRECTION('',(-1.E0,0.E0,0.E0));
#766=VECTOR('',#765,4.8E-1);
#767=CARTESIAN_POINT('',(-1.304E1,1.E0,-1.85E0));
#768=LINE('',#767,#766);
#769=DIRECTION('',(0.E0,0.E0,1.E0));
#770=VECTOR('',#769,1.E0);
#771=CARTESIAN_POINT('',(-1.352E1,1.E0,-1.85E0));
#772=LINE('',#771,#770);
#773=DIRECTION('',(1.E0,0.E0,0.E0));
#774=VECTOR('',#773,6.563269807084E-1);
#775=CARTESIAN_POINT('',(-1.352E1,1.E0,-8.5E-1));
#776=LINE('',#775,#774);
#777=DIRECTION('',(-1.E0,0.E0,0.E0));
#778=VECTOR('',#777,6.563269807084E-1);
#779=CARTESIAN_POINT('',(-1.286367301929E1,1.E0,8.5E-1));
#780=LINE('',#779,#778);
#781=DIRECTION('',(0.E0,0.E0,1.E0));
#782=VECTOR('',#781,1.E0);
#783=CARTESIAN_POINT('',(-1.352E1,1.E0,8.5E-1));
#784=LINE('',#783,#782);
#785=DIRECTION('',(1.E0,0.E0,0.E0));
#786=VECTOR('',#785,4.8E-1);
#787=CARTESIAN_POINT('',(-1.352E1,1.E0,1.85E0));
#788=LINE('',#787,#786);
#789=DIRECTION('',(1.736481776669E-1,0.E0,-9.848077530122E-1));
#790=VECTOR('',#789,1.015426611886E0);
#791=CARTESIAN_POINT('',(-1.304E1,1.E0,1.85E0));
#792=LINE('',#791,#790);
#793=DIRECTION('',(1.736481776669E-1,0.E0,9.848077530122E-1));
#794=VECTOR('',#793,1.015426611886E0);
#795=CARTESIAN_POINT('',(-1.507632698071E1,1.E0,8.5E-1));
#796=LINE('',#795,#794);
#797=DIRECTION('',(1.E0,0.E0,0.E0));
#798=VECTOR('',#797,4.8E-1);
#799=CARTESIAN_POINT('',(-1.49E1,1.E0,1.85E0));
#800=LINE('',#799,#798);
#801=DIRECTION('',(0.E0,0.E0,-1.E0));
#802=VECTOR('',#801,1.E0);
#803=CARTESIAN_POINT('',(-1.442E1,1.E0,1.85E0));
#804=LINE('',#803,#802);
#805=DIRECTION('',(-1.E0,0.E0,0.E0));
#806=VECTOR('',#805,6.563269807084E-1);
#807=CARTESIAN_POINT('',(-1.442E1,1.E0,8.5E-1));
#808=LINE('',#807,#806);
#809=DIRECTION('',(1.E0,0.E0,0.E0));
#810=VECTOR('',#809,6.563269807084E-1);
#811=CARTESIAN_POINT('',(-1.253632698071E1,1.E0,-8.5E-1));
#812=LINE('',#811,#810);
#813=DIRECTION('',(0.E0,0.E0,-1.E0));
#814=VECTOR('',#813,1.E0);
#815=CARTESIAN_POINT('',(-1.188E1,1.E0,-8.5E-1));
#816=LINE('',#815,#814);
#817=DIRECTION('',(-1.E0,0.E0,0.E0));
#818=VECTOR('',#817,4.8E-1);
#819=CARTESIAN_POINT('',(-1.188E1,1.E0,-1.85E0));
#820=LINE('',#819,#818);
#821=DIRECTION('',(-1.736481776669E-1,0.E0,9.848077530122E-1));
#822=VECTOR('',#821,1.015426611886E0);
#823=CARTESIAN_POINT('',(-1.236E1,1.E0,-1.85E0));
#824=LINE('',#823,#822);
#825=DIRECTION('',(-1.736481776669E-1,0.E0,-9.848077530122E-1));
#826=VECTOR('',#825,1.015426611886E0);
#827=CARTESIAN_POINT('',(-1.032367301929E1,1.E0,-8.5E-1));
#828=LINE('',#827,#826);
#829=DIRECTION('',(-1.E0,0.E0,0.E0));
#830=VECTOR('',#829,4.8E-1);
#831=CARTESIAN_POINT('',(-1.05E1,1.E0,-1.85E0));
#832=LINE('',#831,#830);
#833=DIRECTION('',(0.E0,0.E0,1.E0));
#834=VECTOR('',#833,1.E0);
#835=CARTESIAN_POINT('',(-1.098E1,1.E0,-1.85E0));
#836=LINE('',#835,#834);
#837=DIRECTION('',(1.E0,0.E0,0.E0));
#838=VECTOR('',#837,6.563269807084E-1);
#839=CARTESIAN_POINT('',(-1.098E1,1.E0,-8.5E-1));
#840=LINE('',#839,#838);
#841=DIRECTION('',(-1.E0,0.E0,0.E0));
#842=VECTOR('',#841,6.563269807084E-1);
#843=CARTESIAN_POINT('',(-1.032367301929E1,1.E0,8.5E-1));
#844=LINE('',#843,#842);
#845=DIRECTION('',(0.E0,0.E0,1.E0));
#846=VECTOR('',#845,1.E0);
#847=CARTESIAN_POINT('',(-1.098E1,1.E0,8.5E-1));
#848=LINE('',#847,#846);
#849=DIRECTION('',(1.E0,0.E0,0.E0));
#850=VECTOR('',#849,4.8E-1);
#851=CARTESIAN_POINT('',(-1.098E1,1.E0,1.85E0));
#852=LINE('',#851,#850);
#853=DIRECTION('',(1.736481776669E-1,0.E0,-9.848077530122E-1));
#854=VECTOR('',#853,1.015426611886E0);
#855=CARTESIAN_POINT('',(-1.05E1,1.E0,1.85E0));
#856=LINE('',#855,#854);
#857=DIRECTION('',(1.736481776669E-1,0.E0,9.848077530122E-1));
#858=VECTOR('',#857,1.015426611886E0);
#859=CARTESIAN_POINT('',(-1.253632698071E1,1.E0,8.5E-1));
#860=LINE('',#859,#858);
#861=DIRECTION('',(1.E0,0.E0,0.E0));
#862=VECTOR('',#861,4.8E-1);
#863=CARTESIAN_POINT('',(-1.236E1,1.E0,1.85E0));
#864=LINE('',#863,#862);
#865=DIRECTION('',(0.E0,0.E0,-1.E0));
#866=VECTOR('',#865,1.E0);
#867=CARTESIAN_POINT('',(-1.188E1,1.E0,1.85E0));
#868=LINE('',#867,#866);
#869=DIRECTION('',(-1.E0,0.E0,0.E0));
#870=VECTOR('',#869,6.563269807084E-1);
#871=CARTESIAN_POINT('',(-1.188E1,1.E0,8.5E-1));
#872=LINE('',#871,#870);
#873=DIRECTION('',(1.E0,0.E0,0.E0));
#874=VECTOR('',#873,6.563269807085E-1);
#875=CARTESIAN_POINT('',(-9.996326980708E0,1.E0,-8.5E-1));
#876=LINE('',#875,#874);
#877=DIRECTION('',(0.E0,0.E0,-1.E0));
#878=VECTOR('',#877,1.E0);
#879=CARTESIAN_POINT('',(-9.34E0,1.E0,-8.5E-1));
#880=LINE('',#879,#878);
#881=DIRECTION('',(-1.E0,0.E0,0.E0));
#882=VECTOR('',#881,4.8E-1);
#883=CARTESIAN_POINT('',(-9.34E0,1.E0,-1.85E0));
#884=LINE('',#883,#882);
#885=DIRECTION('',(-1.736481776669E-1,0.E0,9.848077530122E-1));
#886=VECTOR('',#885,1.015426611886E0);
#887=CARTESIAN_POINT('',(-9.82E0,1.E0,-1.85E0));
#888=LINE('',#887,#886);
#889=DIRECTION('',(-1.736481776669E-1,0.E0,-9.848077530122E-1));
#890=VECTOR('',#889,1.015426611886E0);
#891=CARTESIAN_POINT('',(-7.783673019292E0,1.E0,-8.5E-1));
#892=LINE('',#891,#890);
#893=DIRECTION('',(-1.E0,0.E0,0.E0));
#894=VECTOR('',#893,4.8E-1);
#895=CARTESIAN_POINT('',(-7.96E0,1.E0,-1.85E0));
#896=LINE('',#895,#894);
#897=DIRECTION('',(0.E0,0.E0,1.E0));
#898=VECTOR('',#897,1.E0);
#899=CARTESIAN_POINT('',(-8.44E0,1.E0,-1.85E0));
#900=LINE('',#899,#898);
#901=DIRECTION('',(1.E0,0.E0,0.E0));
#902=VECTOR('',#901,6.563269807085E-1);
#903=CARTESIAN_POINT('',(-8.44E0,1.E0,-8.5E-1));
#904=LINE('',#903,#902);
#905=DIRECTION('',(-1.E0,0.E0,0.E0));
#906=VECTOR('',#905,6.563269807085E-1);
#907=CARTESIAN_POINT('',(-7.783673019292E0,1.E0,8.5E-1));
#908=LINE('',#907,#906);
#909=DIRECTION('',(0.E0,0.E0,1.E0));
#910=VECTOR('',#909,1.E0);
#911=CARTESIAN_POINT('',(-8.44E0,1.E0,8.5E-1));
#912=LINE('',#911,#910);
#913=DIRECTION('',(1.E0,0.E0,0.E0));
#914=VECTOR('',#913,4.8E-1);
#915=CARTESIAN_POINT('',(-8.44E0,1.E0,1.85E0));
#916=LINE('',#915,#914);
#917=DIRECTION('',(1.736481776669E-1,0.E0,-9.848077530122E-1));
#918=VECTOR('',#917,1.015426611886E0);
#919=CARTESIAN_POINT('',(-7.96E0,1.E0,1.85E0));
#920=LINE('',#919,#918);
#921=DIRECTION('',(1.736481776669E-1,0.E0,9.848077530122E-1));
#922=VECTOR('',#921,1.015426611886E0);
#923=CARTESIAN_POINT('',(-9.996326980708E0,1.E0,8.5E-1));
#924=LINE('',#923,#922);
#925=DIRECTION('',(1.E0,0.E0,0.E0));
#926=VECTOR('',#925,4.8E-1);
#927=CARTESIAN_POINT('',(-9.82E0,1.E0,1.85E0));
#928=LINE('',#927,#926);
#929=DIRECTION('',(0.E0,0.E0,-1.E0));
#930=VECTOR('',#929,1.E0);
#931=CARTESIAN_POINT('',(-9.34E0,1.E0,1.85E0));
#932=LINE('',#931,#930);
#933=DIRECTION('',(-1.E0,0.E0,0.E0));
#934=VECTOR('',#933,6.563269807085E-1);
#935=CARTESIAN_POINT('',(-9.34E0,1.E0,8.5E-1));
#936=LINE('',#935,#934);
#937=DIRECTION('',(1.E0,0.E0,0.E0));
#938=VECTOR('',#937,6.563269807084E-1);
#939=CARTESIAN_POINT('',(-7.456326980708E0,1.E0,-8.5E-1));
#940=LINE('',#939,#938);
#941=DIRECTION('',(0.E0,0.E0,-1.E0));
#942=VECTOR('',#941,1.E0);
#943=CARTESIAN_POINT('',(-6.8E0,1.E0,-8.5E-1));
#944=LINE('',#943,#942);
#945=DIRECTION('',(-1.E0,0.E0,0.E0));
#946=VECTOR('',#945,4.8E-1);
#947=CARTESIAN_POINT('',(-6.8E0,1.E0,-1.85E0));
#948=LINE('',#947,#946);
#949=DIRECTION('',(-1.736481776669E-1,0.E0,9.848077530122E-1));
#950=VECTOR('',#949,1.015426611886E0);
#951=CARTESIAN_POINT('',(-7.28E0,1.E0,-1.85E0));
#952=LINE('',#951,#950);
#953=DIRECTION('',(-1.736481776669E-1,0.E0,-9.848077530122E-1));
#954=VECTOR('',#953,1.015426611886E0);
#955=CARTESIAN_POINT('',(-5.243673019292E0,1.E0,-8.5E-1));
#956=LINE('',#955,#954);
#957=DIRECTION('',(-1.E0,0.E0,0.E0));
#958=VECTOR('',#957,4.8E-1);
#959=CARTESIAN_POINT('',(-5.42E0,1.E0,-1.85E0));
#960=LINE('',#959,#958);
#961=DIRECTION('',(0.E0,0.E0,1.E0));
#962=VECTOR('',#961,1.E0);
#963=CARTESIAN_POINT('',(-5.9E0,1.E0,-1.85E0));
#964=LINE('',#963,#962);
#965=DIRECTION('',(1.E0,0.E0,0.E0));
#966=VECTOR('',#965,6.563269807084E-1);
#967=CARTESIAN_POINT('',(-5.9E0,1.E0,-8.5E-1));
#968=LINE('',#967,#966);
#969=DIRECTION('',(-1.E0,0.E0,0.E0));
#970=VECTOR('',#969,6.563269807084E-1);
#971=CARTESIAN_POINT('',(-5.243673019292E0,1.E0,8.5E-1));
#972=LINE('',#971,#970);
#973=DIRECTION('',(0.E0,0.E0,1.E0));
#974=VECTOR('',#973,1.E0);
#975=CARTESIAN_POINT('',(-5.9E0,1.E0,8.5E-1));
#976=LINE('',#975,#974);
#977=DIRECTION('',(1.E0,0.E0,0.E0));
#978=VECTOR('',#977,4.8E-1);
#979=CARTESIAN_POINT('',(-5.9E0,1.E0,1.85E0));
#980=LINE('',#979,#978);
#981=DIRECTION('',(1.736481776669E-1,0.E0,-9.848077530122E-1));
#982=VECTOR('',#981,1.015426611886E0);
#983=CARTESIAN_POINT('',(-5.42E0,1.E0,1.85E0));
#984=LINE('',#983,#982);
#985=DIRECTION('',(1.736481776669E-1,0.E0,9.848077530122E-1));
#986=VECTOR('',#985,1.015426611886E0);
#987=CARTESIAN_POINT('',(-7.456326980708E0,1.E0,8.5E-1));
#988=LINE('',#987,#986);
#989=DIRECTION('',(1.E0,0.E0,0.E0));
#990=VECTOR('',#989,4.8E-1);
#991=CARTESIAN_POINT('',(-7.28E0,1.E0,1.85E0));
#992=LINE('',#991,#990);
#993=DIRECTION('',(0.E0,0.E0,-1.E0));
#994=VECTOR('',#993,1.E0);
#995=CARTESIAN_POINT('',(-6.8E0,1.E0,1.85E0));
#996=LINE('',#995,#994);
#997=DIRECTION('',(-1.E0,0.E0,0.E0));
#998=VECTOR('',#997,6.563269807084E-1);
#999=CARTESIAN_POINT('',(-6.8E0,1.E0,8.5E-1));
#1000=LINE('',#999,#998);
#1001=DIRECTION('',(1.E0,0.E0,0.E0));
#1002=VECTOR('',#1001,6.563269807085E-1);
#1003=CARTESIAN_POINT('',(-4.916326980708E0,1.E0,-8.5E-1));
#1004=LINE('',#1003,#1002);
#1005=DIRECTION('',(0.E0,0.E0,-1.E0));
#1006=VECTOR('',#1005,1.E0);
#1007=CARTESIAN_POINT('',(-4.26E0,1.E0,-8.5E-1));
#1008=LINE('',#1007,#1006);
#1009=DIRECTION('',(-1.E0,0.E0,0.E0));
#1010=VECTOR('',#1009,4.8E-1);
#1011=CARTESIAN_POINT('',(-4.26E0,1.E0,-1.85E0));
#1012=LINE('',#1011,#1010);
#1013=DIRECTION('',(-1.736481776669E-1,0.E0,9.848077530122E-1));
#1014=VECTOR('',#1013,1.015426611886E0);
#1015=CARTESIAN_POINT('',(-4.74E0,1.E0,-1.85E0));
#1016=LINE('',#1015,#1014);
#1017=DIRECTION('',(-1.736481776669E-1,0.E0,-9.848077530122E-1));
#1018=VECTOR('',#1017,1.015426611886E0);
#1019=CARTESIAN_POINT('',(-2.703673019292E0,1.E0,-8.5E-1));
#1020=LINE('',#1019,#1018);
#1021=DIRECTION('',(-1.E0,0.E0,0.E0));
#1022=VECTOR('',#1021,4.8E-1);
#1023=CARTESIAN_POINT('',(-2.88E0,1.E0,-1.85E0));
#1024=LINE('',#1023,#1022);
#1025=DIRECTION('',(0.E0,0.E0,1.E0));
#1026=VECTOR('',#1025,1.E0);
#1027=CARTESIAN_POINT('',(-3.36E0,1.E0,-1.85E0));
#1028=LINE('',#1027,#1026);
#1029=DIRECTION('',(1.E0,0.E0,0.E0));
#1030=VECTOR('',#1029,6.563269807084E-1);
#1031=CARTESIAN_POINT('',(-3.36E0,1.E0,-8.5E-1));
#1032=LINE('',#1031,#1030);
#1033=DIRECTION('',(-1.E0,0.E0,0.E0));
#1034=VECTOR('',#1033,6.563269807084E-1);
#1035=CARTESIAN_POINT('',(-2.703673019292E0,1.E0,8.5E-1));
#1036=LINE('',#1035,#1034);
#1037=DIRECTION('',(0.E0,0.E0,1.E0));
#1038=VECTOR('',#1037,1.E0);
#1039=CARTESIAN_POINT('',(-3.36E0,1.E0,8.5E-1));
#1040=LINE('',#1039,#1038);
#1041=DIRECTION('',(1.E0,0.E0,0.E0));
#1042=VECTOR('',#1041,4.8E-1);
#1043=CARTESIAN_POINT('',(-3.36E0,1.E0,1.85E0));
#1044=LINE('',#1043,#1042);
#1045=DIRECTION('',(1.736481776669E-1,0.E0,-9.848077530122E-1));
#1046=VECTOR('',#1045,1.015426611886E0);
#1047=CARTESIAN_POINT('',(-2.88E0,1.E0,1.85E0));
#1048=LINE('',#1047,#1046);
#1049=DIRECTION('',(1.736481776669E-1,0.E0,9.848077530122E-1));
#1050=VECTOR('',#1049,1.015426611886E0);
#1051=CARTESIAN_POINT('',(-4.916326980708E0,1.E0,8.5E-1));
#1052=LINE('',#1051,#1050);
#1053=DIRECTION('',(1.E0,0.E0,0.E0));
#1054=VECTOR('',#1053,4.8E-1);
#1055=CARTESIAN_POINT('',(-4.74E0,1.E0,1.85E0));
#1056=LINE('',#1055,#1054);
#1057=DIRECTION('',(0.E0,0.E0,-1.E0));
#1058=VECTOR('',#1057,1.E0);
#1059=CARTESIAN_POINT('',(-4.26E0,1.E0,1.85E0));
#1060=LINE('',#1059,#1058);
#1061=DIRECTION('',(-1.E0,0.E0,0.E0));
#1062=VECTOR('',#1061,6.563269807085E-1);
#1063=CARTESIAN_POINT('',(-4.26E0,1.E0,8.5E-1));
#1064=LINE('',#1063,#1062);
#1065=DIRECTION('',(1.E0,0.E0,0.E0));
#1066=VECTOR('',#1065,6.563269807084E-1);
#1067=CARTESIAN_POINT('',(-2.376326980708E0,1.E0,-8.5E-1));
#1068=LINE('',#1067,#1066);
#1069=DIRECTION('',(0.E0,0.E0,-1.E0));
#1070=VECTOR('',#1069,1.E0);
#1071=CARTESIAN_POINT('',(-1.72E0,1.E0,-8.5E-1));
#1072=LINE('',#1071,#1070);
#1073=DIRECTION('',(-1.E0,0.E0,0.E0));
#1074=VECTOR('',#1073,4.8E-1);
#1075=CARTESIAN_POINT('',(-1.72E0,1.E0,-1.85E0));
#1076=LINE('',#1075,#1074);
#1077=DIRECTION('',(-1.736481776669E-1,0.E0,9.848077530122E-1));
#1078=VECTOR('',#1077,1.015426611886E0);
#1079=CARTESIAN_POINT('',(-2.2E0,1.E0,-1.85E0));
#1080=LINE('',#1079,#1078);
#1081=DIRECTION('',(-1.736481776669E-1,0.E0,-9.848077530122E-1));
#1082=VECTOR('',#1081,1.015426611886E0);
#1083=CARTESIAN_POINT('',(-1.636730192916E-1,1.E0,-8.5E-1));
#1084=LINE('',#1083,#1082);
#1085=DIRECTION('',(-1.E0,0.E0,0.E0));
#1086=VECTOR('',#1085,4.8E-1);
#1087=CARTESIAN_POINT('',(-3.4E-1,1.E0,-1.85E0));
#1088=LINE('',#1087,#1086);
#1089=DIRECTION('',(0.E0,0.E0,1.E0));
#1090=VECTOR('',#1089,1.E0);
#1091=CARTESIAN_POINT('',(-8.2E-1,1.E0,-1.85E0));
#1092=LINE('',#1091,#1090);
#1093=DIRECTION('',(1.E0,0.E0,0.E0));
#1094=VECTOR('',#1093,6.563269807084E-1);
#1095=CARTESIAN_POINT('',(-8.2E-1,1.E0,-8.5E-1));
#1096=LINE('',#1095,#1094);
#1097=DIRECTION('',(-1.E0,0.E0,0.E0));
#1098=VECTOR('',#1097,6.563269807084E-1);
#1099=CARTESIAN_POINT('',(-1.636730192916E-1,1.E0,8.5E-1));
#1100=LINE('',#1099,#1098);
#1101=DIRECTION('',(0.E0,0.E0,1.E0));
#1102=VECTOR('',#1101,1.E0);
#1103=CARTESIAN_POINT('',(-8.2E-1,1.E0,8.5E-1));
#1104=LINE('',#1103,#1102);
#1105=DIRECTION('',(1.E0,0.E0,0.E0));
#1106=VECTOR('',#1105,4.8E-1);
#1107=CARTESIAN_POINT('',(-8.2E-1,1.E0,1.85E0));
#1108=LINE('',#1107,#1106);
#1109=DIRECTION('',(1.736481776669E-1,0.E0,-9.848077530122E-1));
#1110=VECTOR('',#1109,1.015426611886E0);
#1111=CARTESIAN_POINT('',(-3.4E-1,1.E0,1.85E0));
#1112=LINE('',#1111,#1110);
#1113=DIRECTION('',(1.736481776669E-1,0.E0,9.848077530122E-1));
#1114=VECTOR('',#1113,1.015426611886E0);
#1115=CARTESIAN_POINT('',(-2.376326980708E0,1.E0,8.5E-1));
#1116=LINE('',#1115,#1114);
#1117=DIRECTION('',(1.E0,0.E0,0.E0));
#1118=VECTOR('',#1117,4.8E-1);
#1119=CARTESIAN_POINT('',(-2.2E0,1.E0,1.85E0));
#1120=LINE('',#1119,#1118);
#1121=DIRECTION('',(0.E0,0.E0,-1.E0));
#1122=VECTOR('',#1121,1.E0);
#1123=CARTESIAN_POINT('',(-1.72E0,1.E0,1.85E0));
#1124=LINE('',#1123,#1122);
#1125=DIRECTION('',(-1.E0,0.E0,0.E0));
#1126=VECTOR('',#1125,6.563269807084E-1);
#1127=CARTESIAN_POINT('',(-1.72E0,1.E0,8.5E-1));
#1128=LINE('',#1127,#1126);
#1129=DIRECTION('',(1.E0,0.E0,0.E0));
#1130=VECTOR('',#1129,6.563269807084E-1);
#1131=CARTESIAN_POINT('',(1.636730192916E-1,1.E0,-8.5E-1));
#1132=LINE('',#1131,#1130);
#1133=DIRECTION('',(0.E0,0.E0,-1.E0));
#1134=VECTOR('',#1133,1.E0);
#1135=CARTESIAN_POINT('',(8.2E-1,1.E0,-8.5E-1));
#1136=LINE('',#1135,#1134);
#1137=DIRECTION('',(-1.E0,0.E0,0.E0));
#1138=VECTOR('',#1137,4.8E-1);
#1139=CARTESIAN_POINT('',(8.2E-1,1.E0,-1.85E0));
#1140=LINE('',#1139,#1138);
#1141=DIRECTION('',(-1.736481776669E-1,0.E0,9.848077530122E-1));
#1142=VECTOR('',#1141,1.015426611886E0);
#1143=CARTESIAN_POINT('',(3.4E-1,1.E0,-1.85E0));
#1144=LINE('',#1143,#1142);
#1145=DIRECTION('',(-1.736481776669E-1,0.E0,-9.848077530122E-1));
#1146=VECTOR('',#1145,1.015426611886E0);
#1147=CARTESIAN_POINT('',(2.376326980708E0,1.E0,-8.5E-1));
#1148=LINE('',#1147,#1146);
#1149=DIRECTION('',(-1.E0,0.E0,0.E0));
#1150=VECTOR('',#1149,4.8E-1);
#1151=CARTESIAN_POINT('',(2.2E0,1.E0,-1.85E0));
#1152=LINE('',#1151,#1150);
#1153=DIRECTION('',(0.E0,0.E0,1.E0));
#1154=VECTOR('',#1153,1.E0);
#1155=CARTESIAN_POINT('',(1.72E0,1.E0,-1.85E0));
#1156=LINE('',#1155,#1154);
#1157=DIRECTION('',(1.E0,0.E0,0.E0));
#1158=VECTOR('',#1157,6.563269807084E-1);
#1159=CARTESIAN_POINT('',(1.72E0,1.E0,-8.5E-1));
#1160=LINE('',#1159,#1158);
#1161=DIRECTION('',(-1.E0,0.E0,0.E0));
#1162=VECTOR('',#1161,6.563269807084E-1);
#1163=CARTESIAN_POINT('',(2.376326980708E0,1.E0,8.5E-1));
#1164=LINE('',#1163,#1162);
#1165=DIRECTION('',(0.E0,0.E0,1.E0));
#1166=VECTOR('',#1165,1.E0);
#1167=CARTESIAN_POINT('',(1.72E0,1.E0,8.5E-1));
#1168=LINE('',#1167,#1166);
#1169=DIRECTION('',(1.E0,0.E0,0.E0));
#1170=VECTOR('',#1169,4.8E-1);
#1171=CARTESIAN_POINT('',(1.72E0,1.E0,1.85E0));
#1172=LINE('',#1171,#1170);
#1173=DIRECTION('',(1.736481776669E-1,0.E0,-9.848077530122E-1));
#1174=VECTOR('',#1173,1.015426611886E0);
#1175=CARTESIAN_POINT('',(2.2E0,1.E0,1.85E0));
#1176=LINE('',#1175,#1174);
#1177=DIRECTION('',(1.736481776669E-1,0.E0,9.848077530122E-1));
#1178=VECTOR('',#1177,1.015426611886E0);
#1179=CARTESIAN_POINT('',(1.636730192916E-1,1.E0,8.5E-1));
#1180=LINE('',#1179,#1178);
#1181=DIRECTION('',(1.E0,0.E0,0.E0));
#1182=VECTOR('',#1181,4.8E-1);
#1183=CARTESIAN_POINT('',(3.4E-1,1.E0,1.85E0));
#1184=LINE('',#1183,#1182);
#1185=DIRECTION('',(0.E0,0.E0,-1.E0));
#1186=VECTOR('',#1185,1.E0);
#1187=CARTESIAN_POINT('',(8.2E-1,1.E0,1.85E0));
#1188=LINE('',#1187,#1186);
#1189=DIRECTION('',(-1.E0,0.E0,0.E0));
#1190=VECTOR('',#1189,6.563269807084E-1);
#1191=CARTESIAN_POINT('',(8.2E-1,1.E0,8.5E-1));
#1192=LINE('',#1191,#1190);
#1193=DIRECTION('',(1.E0,0.E0,0.E0));
#1194=VECTOR('',#1193,6.563269807084E-1);
#1195=CARTESIAN_POINT('',(2.703673019292E0,1.E0,-8.5E-1));
#1196=LINE('',#1195,#1194);
#1197=DIRECTION('',(0.E0,0.E0,-1.E0));
#1198=VECTOR('',#1197,1.E0);
#1199=CARTESIAN_POINT('',(3.36E0,1.E0,-8.5E-1));
#1200=LINE('',#1199,#1198);
#1201=DIRECTION('',(-1.E0,0.E0,0.E0));
#1202=VECTOR('',#1201,4.8E-1);
#1203=CARTESIAN_POINT('',(3.36E0,1.E0,-1.85E0));
#1204=LINE('',#1203,#1202);
#1205=DIRECTION('',(-1.736481776669E-1,0.E0,9.848077530122E-1));
#1206=VECTOR('',#1205,1.015426611886E0);
#1207=CARTESIAN_POINT('',(2.88E0,1.E0,-1.85E0));
#1208=LINE('',#1207,#1206);
#1209=DIRECTION('',(-1.736481776669E-1,0.E0,-9.848077530122E-1));
#1210=VECTOR('',#1209,1.015426611886E0);
#1211=CARTESIAN_POINT('',(4.916326980708E0,1.E0,-8.5E-1));
#1212=LINE('',#1211,#1210);
#1213=DIRECTION('',(-1.E0,0.E0,0.E0));
#1214=VECTOR('',#1213,4.8E-1);
#1215=CARTESIAN_POINT('',(4.74E0,1.E0,-1.85E0));
#1216=LINE('',#1215,#1214);
#1217=DIRECTION('',(0.E0,0.E0,1.E0));
#1218=VECTOR('',#1217,1.E0);
#1219=CARTESIAN_POINT('',(4.26E0,1.E0,-1.85E0));
#1220=LINE('',#1219,#1218);
#1221=DIRECTION('',(1.E0,0.E0,0.E0));
#1222=VECTOR('',#1221,6.563269807084E-1);
#1223=CARTESIAN_POINT('',(4.26E0,1.E0,-8.5E-1));
#1224=LINE('',#1223,#1222);
#1225=DIRECTION('',(-1.E0,0.E0,0.E0));
#1226=VECTOR('',#1225,6.563269807084E-1);
#1227=CARTESIAN_POINT('',(4.916326980708E0,1.E0,8.5E-1));
#1228=LINE('',#1227,#1226);
#1229=DIRECTION('',(0.E0,0.E0,1.E0));
#1230=VECTOR('',#1229,1.E0);
#1231=CARTESIAN_POINT('',(4.26E0,1.E0,8.5E-1));
#1232=LINE('',#1231,#1230);
#1233=DIRECTION('',(1.E0,0.E0,0.E0));
#1234=VECTOR('',#1233,4.8E-1);
#1235=CARTESIAN_POINT('',(4.26E0,1.E0,1.85E0));
#1236=LINE('',#1235,#1234);
#1237=DIRECTION('',(1.736481776669E-1,0.E0,-9.848077530122E-1));
#1238=VECTOR('',#1237,1.015426611886E0);
#1239=CARTESIAN_POINT('',(4.74E0,1.E0,1.85E0));
#1240=LINE('',#1239,#1238);
#1241=DIRECTION('',(1.736481776669E-1,0.E0,9.848077530122E-1));
#1242=VECTOR('',#1241,1.015426611886E0);
#1243=CARTESIAN_POINT('',(2.703673019292E0,1.E0,8.5E-1));
#1244=LINE('',#1243,#1242);
#1245=DIRECTION('',(1.E0,0.E0,0.E0));
#1246=VECTOR('',#1245,4.8E-1);
#1247=CARTESIAN_POINT('',(2.88E0,1.E0,1.85E0));
#1248=LINE('',#1247,#1246);
#1249=DIRECTION('',(0.E0,0.E0,-1.E0));
#1250=VECTOR('',#1249,1.E0);
#1251=CARTESIAN_POINT('',(3.36E0,1.E0,1.85E0));
#1252=LINE('',#1251,#1250);
#1253=DIRECTION('',(-1.E0,0.E0,0.E0));
#1254=VECTOR('',#1253,6.563269807084E-1);
#1255=CARTESIAN_POINT('',(3.36E0,1.E0,8.5E-1));
#1256=LINE('',#1255,#1254);
#1257=DIRECTION('',(1.E0,0.E0,0.E0));
#1258=VECTOR('',#1257,6.563269807084E-1);
#1259=CARTESIAN_POINT('',(5.243673019292E0,1.E0,-8.5E-1));
#1260=LINE('',#1259,#1258);
#1261=DIRECTION('',(0.E0,0.E0,-1.E0));
#1262=VECTOR('',#1261,1.E0);
#1263=CARTESIAN_POINT('',(5.9E0,1.E0,-8.5E-1));
#1264=LINE('',#1263,#1262);
#1265=DIRECTION('',(-1.E0,0.E0,0.E0));
#1266=VECTOR('',#1265,4.8E-1);
#1267=CARTESIAN_POINT('',(5.9E0,1.E0,-1.85E0));
#1268=LINE('',#1267,#1266);
#1269=DIRECTION('',(-1.736481776669E-1,0.E0,9.848077530122E-1));
#1270=VECTOR('',#1269,1.015426611886E0);
#1271=CARTESIAN_POINT('',(5.42E0,1.E0,-1.85E0));
#1272=LINE('',#1271,#1270);
#1273=DIRECTION('',(-1.736481776669E-1,0.E0,-9.848077530122E-1));
#1274=VECTOR('',#1273,1.015426611886E0);
#1275=CARTESIAN_POINT('',(7.456326980708E0,1.E0,-8.5E-1));
#1276=LINE('',#1275,#1274);
#1277=DIRECTION('',(-1.E0,0.E0,0.E0));
#1278=VECTOR('',#1277,4.8E-1);
#1279=CARTESIAN_POINT('',(7.28E0,1.E0,-1.85E0));
#1280=LINE('',#1279,#1278);
#1281=DIRECTION('',(0.E0,0.E0,1.E0));
#1282=VECTOR('',#1281,1.E0);
#1283=CARTESIAN_POINT('',(6.8E0,1.E0,-1.85E0));
#1284=LINE('',#1283,#1282);
#1285=DIRECTION('',(1.E0,0.E0,0.E0));
#1286=VECTOR('',#1285,6.563269807084E-1);
#1287=CARTESIAN_POINT('',(6.8E0,1.E0,-8.5E-1));
#1288=LINE('',#1287,#1286);
#1289=DIRECTION('',(-1.E0,0.E0,0.E0));
#1290=VECTOR('',#1289,6.563269807084E-1);
#1291=CARTESIAN_POINT('',(7.456326980708E0,1.E0,8.5E-1));
#1292=LINE('',#1291,#1290);
#1293=DIRECTION('',(0.E0,0.E0,1.E0));
#1294=VECTOR('',#1293,1.E0);
#1295=CARTESIAN_POINT('',(6.8E0,1.E0,8.5E-1));
#1296=LINE('',#1295,#1294);
#1297=DIRECTION('',(1.E0,0.E0,0.E0));
#1298=VECTOR('',#1297,4.8E-1);
#1299=CARTESIAN_POINT('',(6.8E0,1.E0,1.85E0));
#1300=LINE('',#1299,#1298);
#1301=DIRECTION('',(1.736481776669E-1,0.E0,-9.848077530122E-1));
#1302=VECTOR('',#1301,1.015426611886E0);
#1303=CARTESIAN_POINT('',(7.28E0,1.E0,1.85E0));
#1304=LINE('',#1303,#1302);
#1305=DIRECTION('',(1.736481776669E-1,0.E0,9.848077530122E-1));
#1306=VECTOR('',#1305,1.015426611886E0);
#1307=CARTESIAN_POINT('',(5.243673019292E0,1.E0,8.5E-1));
#1308=LINE('',#1307,#1306);
#1309=DIRECTION('',(1.E0,0.E0,0.E0));
#1310=VECTOR('',#1309,4.8E-1);
#1311=CARTESIAN_POINT('',(5.42E0,1.E0,1.85E0));
#1312=LINE('',#1311,#1310);
#1313=DIRECTION('',(0.E0,0.E0,-1.E0));
#1314=VECTOR('',#1313,1.E0);
#1315=CARTESIAN_POINT('',(5.9E0,1.E0,1.85E0));
#1316=LINE('',#1315,#1314);
#1317=DIRECTION('',(-1.E0,0.E0,0.E0));
#1318=VECTOR('',#1317,6.563269807084E-1);
#1319=CARTESIAN_POINT('',(5.9E0,1.E0,8.5E-1));
#1320=LINE('',#1319,#1318);
#1321=DIRECTION('',(1.E0,0.E0,0.E0));
#1322=VECTOR('',#1321,6.563269807084E-1);
#1323=CARTESIAN_POINT('',(7.783673019292E0,1.E0,-8.5E-1));
#1324=LINE('',#1323,#1322);
#1325=DIRECTION('',(0.E0,0.E0,-1.E0));
#1326=VECTOR('',#1325,1.E0);
#1327=CARTESIAN_POINT('',(8.44E0,1.E0,-8.5E-1));
#1328=LINE('',#1327,#1326);
#1329=DIRECTION('',(-1.E0,0.E0,0.E0));
#1330=VECTOR('',#1329,4.8E-1);
#1331=CARTESIAN_POINT('',(8.44E0,1.E0,-1.85E0));
#1332=LINE('',#1331,#1330);
#1333=DIRECTION('',(-1.736481776669E-1,0.E0,9.848077530122E-1));
#1334=VECTOR('',#1333,1.015426611886E0);
#1335=CARTESIAN_POINT('',(7.96E0,1.E0,-1.85E0));
#1336=LINE('',#1335,#1334);
#1337=DIRECTION('',(-1.736481776669E-1,0.E0,-9.848077530122E-1));
#1338=VECTOR('',#1337,1.015426611886E0);
#1339=CARTESIAN_POINT('',(9.996326980708E0,1.E0,-8.5E-1));
#1340=LINE('',#1339,#1338);
#1341=DIRECTION('',(-1.E0,0.E0,0.E0));
#1342=VECTOR('',#1341,4.8E-1);
#1343=CARTESIAN_POINT('',(9.82E0,1.E0,-1.85E0));
#1344=LINE('',#1343,#1342);
#1345=DIRECTION('',(0.E0,0.E0,1.E0));
#1346=VECTOR('',#1345,1.E0);
#1347=CARTESIAN_POINT('',(9.34E0,1.E0,-1.85E0));
#1348=LINE('',#1347,#1346);
#1349=DIRECTION('',(1.E0,0.E0,0.E0));
#1350=VECTOR('',#1349,6.563269807084E-1);
#1351=CARTESIAN_POINT('',(9.34E0,1.E0,-8.5E-1));
#1352=LINE('',#1351,#1350);
#1353=DIRECTION('',(-1.E0,0.E0,0.E0));
#1354=VECTOR('',#1353,6.563269807084E-1);
#1355=CARTESIAN_POINT('',(9.996326980708E0,1.E0,8.5E-1));
#1356=LINE('',#1355,#1354);
#1357=DIRECTION('',(0.E0,0.E0,1.E0));
#1358=VECTOR('',#1357,1.E0);
#1359=CARTESIAN_POINT('',(9.34E0,1.E0,8.5E-1));
#1360=LINE('',#1359,#1358);
#1361=DIRECTION('',(1.E0,0.E0,0.E0));
#1362=VECTOR('',#1361,4.8E-1);
#1363=CARTESIAN_POINT('',(9.34E0,1.E0,1.85E0));
#1364=LINE('',#1363,#1362);
#1365=DIRECTION('',(1.736481776669E-1,0.E0,-9.848077530122E-1));
#1366=VECTOR('',#1365,1.015426611886E0);
#1367=CARTESIAN_POINT('',(9.82E0,1.E0,1.85E0));
#1368=LINE('',#1367,#1366);
#1369=DIRECTION('',(1.736481776669E-1,0.E0,9.848077530122E-1));
#1370=VECTOR('',#1369,1.015426611886E0);
#1371=CARTESIAN_POINT('',(7.783673019292E0,1.E0,8.5E-1));
#1372=LINE('',#1371,#1370);
#1373=DIRECTION('',(1.E0,0.E0,0.E0));
#1374=VECTOR('',#1373,4.8E-1);
#1375=CARTESIAN_POINT('',(7.96E0,1.E0,1.85E0));
#1376=LINE('',#1375,#1374);
#1377=DIRECTION('',(0.E0,0.E0,-1.E0));
#1378=VECTOR('',#1377,1.E0);
#1379=CARTESIAN_POINT('',(8.44E0,1.E0,1.85E0));
#1380=LINE('',#1379,#1378);
#1381=DIRECTION('',(-1.E0,0.E0,0.E0));
#1382=VECTOR('',#1381,6.563269807084E-1);
#1383=CARTESIAN_POINT('',(8.44E0,1.E0,8.5E-1));
#1384=LINE('',#1383,#1382);
#1385=DIRECTION('',(1.E0,0.E0,0.E0));
#1386=VECTOR('',#1385,6.563269807084E-1);
#1387=CARTESIAN_POINT('',(1.032367301929E1,1.E0,-8.5E-1));
#1388=LINE('',#1387,#1386);
#1389=DIRECTION('',(0.E0,0.E0,-1.E0));
#1390=VECTOR('',#1389,1.E0);
#1391=CARTESIAN_POINT('',(1.098E1,1.E0,-8.5E-1));
#1392=LINE('',#1391,#1390);
#1393=DIRECTION('',(-1.E0,0.E0,0.E0));
#1394=VECTOR('',#1393,4.8E-1);
#1395=CARTESIAN_POINT('',(1.098E1,1.E0,-1.85E0));
#1396=LINE('',#1395,#1394);
#1397=DIRECTION('',(-1.736481776669E-1,0.E0,9.848077530122E-1));
#1398=VECTOR('',#1397,1.015426611886E0);
#1399=CARTESIAN_POINT('',(1.05E1,1.E0,-1.85E0));
#1400=LINE('',#1399,#1398);
#1401=DIRECTION('',(-1.736481776669E-1,0.E0,-9.848077530122E-1));
#1402=VECTOR('',#1401,1.015426611886E0);
#1403=CARTESIAN_POINT('',(1.253632698071E1,1.E0,-8.5E-1));
#1404=LINE('',#1403,#1402);
#1405=DIRECTION('',(-1.E0,0.E0,0.E0));
#1406=VECTOR('',#1405,4.8E-1);
#1407=CARTESIAN_POINT('',(1.236E1,1.E0,-1.85E0));
#1408=LINE('',#1407,#1406);
#1409=DIRECTION('',(0.E0,0.E0,1.E0));
#1410=VECTOR('',#1409,1.E0);
#1411=CARTESIAN_POINT('',(1.188E1,1.E0,-1.85E0));
#1412=LINE('',#1411,#1410);
#1413=DIRECTION('',(1.E0,0.E0,0.E0));
#1414=VECTOR('',#1413,6.563269807084E-1);
#1415=CARTESIAN_POINT('',(1.188E1,1.E0,-8.5E-1));
#1416=LINE('',#1415,#1414);
#1417=DIRECTION('',(-1.E0,0.E0,0.E0));
#1418=VECTOR('',#1417,6.563269807084E-1);
#1419=CARTESIAN_POINT('',(1.253632698071E1,1.E0,8.5E-1));
#1420=LINE('',#1419,#1418);
#1421=DIRECTION('',(0.E0,0.E0,1.E0));
#1422=VECTOR('',#1421,1.E0);
#1423=CARTESIAN_POINT('',(1.188E1,1.E0,8.5E-1));
#1424=LINE('',#1423,#1422);
#1425=DIRECTION('',(1.E0,0.E0,0.E0));
#1426=VECTOR('',#1425,4.8E-1);
#1427=CARTESIAN_POINT('',(1.188E1,1.E0,1.85E0));
#1428=LINE('',#1427,#1426);
#1429=DIRECTION('',(1.736481776669E-1,0.E0,-9.848077530122E-1));
#1430=VECTOR('',#1429,1.015426611886E0);
#1431=CARTESIAN_POINT('',(1.236E1,1.E0,1.85E0));
#1432=LINE('',#1431,#1430);
#1433=DIRECTION('',(1.736481776669E-1,0.E0,9.848077530122E-1));
#1434=VECTOR('',#1433,1.015426611886E0);
#1435=CARTESIAN_POINT('',(1.032367301929E1,1.E0,8.5E-1));
#1436=LINE('',#1435,#1434);
#1437=DIRECTION('',(1.E0,0.E0,0.E0));
#1438=VECTOR('',#1437,4.8E-1);
#1439=CARTESIAN_POINT('',(1.05E1,1.E0,1.85E0));
#1440=LINE('',#1439,#1438);
#1441=DIRECTION('',(0.E0,0.E0,-1.E0));
#1442=VECTOR('',#1441,1.E0);
#1443=CARTESIAN_POINT('',(1.098E1,1.E0,1.85E0));
#1444=LINE('',#1443,#1442);
#1445=DIRECTION('',(-1.E0,0.E0,0.E0));
#1446=VECTOR('',#1445,6.563269807084E-1);
#1447=CARTESIAN_POINT('',(1.098E1,1.E0,8.5E-1));
#1448=LINE('',#1447,#1446);
#1449=DIRECTION('',(1.E0,0.E0,0.E0));
#1450=VECTOR('',#1449,6.563269807084E-1);
#1451=CARTESIAN_POINT('',(1.286367301929E1,1.E0,-8.5E-1));
#1452=LINE('',#1451,#1450);
#1453=DIRECTION('',(0.E0,0.E0,-1.E0));
#1454=VECTOR('',#1453,1.E0);
#1455=CARTESIAN_POINT('',(1.352E1,1.E0,-8.5E-1));
#1456=LINE('',#1455,#1454);
#1457=DIRECTION('',(-1.E0,0.E0,0.E0));
#1458=VECTOR('',#1457,4.8E-1);
#1459=CARTESIAN_POINT('',(1.352E1,1.E0,-1.85E0));
#1460=LINE('',#1459,#1458);
#1461=DIRECTION('',(-1.736481776669E-1,0.E0,9.848077530122E-1));
#1462=VECTOR('',#1461,1.015426611886E0);
#1463=CARTESIAN_POINT('',(1.304E1,1.E0,-1.85E0));
#1464=LINE('',#1463,#1462);
#1465=DIRECTION('',(-1.736481776669E-1,0.E0,-9.848077530122E-1));
#1466=VECTOR('',#1465,1.015426611886E0);
#1467=CARTESIAN_POINT('',(1.507632698071E1,1.E0,-8.5E-1));
#1468=LINE('',#1467,#1466);
#1469=DIRECTION('',(-1.E0,0.E0,0.E0));
#1470=VECTOR('',#1469,4.8E-1);
#1471=CARTESIAN_POINT('',(1.49E1,1.E0,-1.85E0));
#1472=LINE('',#1471,#1470);
#1473=DIRECTION('',(0.E0,0.E0,1.E0));
#1474=VECTOR('',#1473,1.E0);
#1475=CARTESIAN_POINT('',(1.442E1,1.E0,-1.85E0));
#1476=LINE('',#1475,#1474);
#1477=DIRECTION('',(1.E0,0.E0,0.E0));
#1478=VECTOR('',#1477,6.563269807084E-1);
#1479=CARTESIAN_POINT('',(1.442E1,1.E0,-8.5E-1));
#1480=LINE('',#1479,#1478);
#1481=DIRECTION('',(-1.E0,0.E0,0.E0));
#1482=VECTOR('',#1481,6.563269807084E-1);
#1483=CARTESIAN_POINT('',(1.507632698071E1,1.E0,8.5E-1));
#1484=LINE('',#1483,#1482);
#1485=DIRECTION('',(0.E0,0.E0,1.E0));
#1486=VECTOR('',#1485,1.E0);
#1487=CARTESIAN_POINT('',(1.442E1,1.E0,8.5E-1));
#1488=LINE('',#1487,#1486);
#1489=DIRECTION('',(1.E0,0.E0,0.E0));
#1490=VECTOR('',#1489,4.8E-1);
#1491=CARTESIAN_POINT('',(1.442E1,1.E0,1.85E0));
#1492=LINE('',#1491,#1490);
#1493=DIRECTION('',(1.736481776669E-1,0.E0,-9.848077530122E-1));
#1494=VECTOR('',#1493,1.015426611886E0);
#1495=CARTESIAN_POINT('',(1.49E1,1.E0,1.85E0));
#1496=LINE('',#1495,#1494);
#1497=DIRECTION('',(1.736481776669E-1,0.E0,9.848077530122E-1));
#1498=VECTOR('',#1497,1.015426611886E0);
#1499=CARTESIAN_POINT('',(1.286367301929E1,1.E0,8.5E-1));
#1500=LINE('',#1499,#1498);
#1501=DIRECTION('',(1.E0,0.E0,0.E0));
#1502=VECTOR('',#1501,4.8E-1);
#1503=CARTESIAN_POINT('',(1.304E1,1.E0,1.85E0));
#1504=LINE('',#1503,#1502);
#1505=DIRECTION('',(0.E0,0.E0,-1.E0));
#1506=VECTOR('',#1505,1.E0);
#1507=CARTESIAN_POINT('',(1.352E1,1.E0,1.85E0));
#1508=LINE('',#1507,#1506);
#1509=DIRECTION('',(-1.E0,0.E0,0.E0));
#1510=VECTOR('',#1509,6.563269807084E-1);
#1511=CARTESIAN_POINT('',(1.352E1,1.E0,8.5E-1));
#1512=LINE('',#1511,#1510);
#1513=DIRECTION('',(0.E0,0.E0,-1.E0));
#1514=VECTOR('',#1513,6.2E-1);
#1515=CARTESIAN_POINT('',(-1.428E1,1.E0,1.58E0));
#1516=LINE('',#1515,#1514);
#1517=DIRECTION('',(1.E0,0.E0,0.E0));
#1518=VECTOR('',#1517,6.2E-1);
#1519=CARTESIAN_POINT('',(-1.428E1,1.E0,1.58E0));
#1520=LINE('',#1519,#1518);
#1521=DIRECTION('',(0.E0,0.E0,-1.E0));
#1522=VECTOR('',#1521,6.2E-1);
#1523=CARTESIAN_POINT('',(-1.366E1,1.E0,1.58E0));
#1524=LINE('',#1523,#1522);
#1525=DIRECTION('',(1.E0,0.E0,0.E0));
#1526=VECTOR('',#1525,6.2E-1);
#1527=CARTESIAN_POINT('',(-1.428E1,1.E0,9.6E-1));
#1528=LINE('',#1527,#1526);
#1529=DIRECTION('',(0.E0,0.E0,-1.E0));
#1530=VECTOR('',#1529,6.2E-1);
#1531=CARTESIAN_POINT('',(-1.428E1,1.E0,-9.6E-1));
#1532=LINE('',#1531,#1530);
#1533=DIRECTION('',(1.E0,0.E0,0.E0));
#1534=VECTOR('',#1533,6.2E-1);
#1535=CARTESIAN_POINT('',(-1.428E1,1.E0,-9.6E-1));
#1536=LINE('',#1535,#1534);
#1537=DIRECTION('',(0.E0,0.E0,-1.E0));
#1538=VECTOR('',#1537,6.2E-1);
#1539=CARTESIAN_POINT('',(-1.366E1,1.E0,-9.6E-1));
#1540=LINE('',#1539,#1538);
#1541=DIRECTION('',(1.E0,0.E0,0.E0));
#1542=VECTOR('',#1541,6.2E-1);
#1543=CARTESIAN_POINT('',(-1.428E1,1.E0,-1.58E0));
#1544=LINE('',#1543,#1542);
#1545=DIRECTION('',(0.E0,0.E0,-1.E0));
#1546=VECTOR('',#1545,6.2E-1);
#1547=CARTESIAN_POINT('',(-1.174E1,1.E0,1.58E0));
#1548=LINE('',#1547,#1546);
#1549=DIRECTION('',(1.E0,0.E0,0.E0));
#1550=VECTOR('',#1549,6.2E-1);
#1551=CARTESIAN_POINT('',(-1.174E1,1.E0,1.58E0));
#1552=LINE('',#1551,#1550);
#1553=DIRECTION('',(0.E0,0.E0,-1.E0));
#1554=VECTOR('',#1553,6.2E-1);
#1555=CARTESIAN_POINT('',(-1.112E1,1.E0,1.58E0));
#1556=LINE('',#1555,#1554);
#1557=DIRECTION('',(1.E0,0.E0,0.E0));
#1558=VECTOR('',#1557,6.2E-1);
#1559=CARTESIAN_POINT('',(-1.174E1,1.E0,9.6E-1));
#1560=LINE('',#1559,#1558);
#1561=DIRECTION('',(0.E0,0.E0,-1.E0));
#1562=VECTOR('',#1561,6.2E-1);
#1563=CARTESIAN_POINT('',(-1.174E1,1.E0,-9.6E-1));
#1564=LINE('',#1563,#1562);
#1565=DIRECTION('',(1.E0,0.E0,0.E0));
#1566=VECTOR('',#1565,6.2E-1);
#1567=CARTESIAN_POINT('',(-1.174E1,1.E0,-9.6E-1));
#1568=LINE('',#1567,#1566);
#1569=DIRECTION('',(0.E0,0.E0,-1.E0));
#1570=VECTOR('',#1569,6.2E-1);
#1571=CARTESIAN_POINT('',(-1.112E1,1.E0,-9.6E-1));
#1572=LINE('',#1571,#1570);
#1573=DIRECTION('',(1.E0,0.E0,0.E0));
#1574=VECTOR('',#1573,6.2E-1);
#1575=CARTESIAN_POINT('',(-1.174E1,1.E0,-1.58E0));
#1576=LINE('',#1575,#1574);
#1577=DIRECTION('',(0.E0,0.E0,-1.E0));
#1578=VECTOR('',#1577,6.2E-1);
#1579=CARTESIAN_POINT('',(-9.2E0,1.E0,1.58E0));
#1580=LINE('',#1579,#1578);
#1581=DIRECTION('',(1.E0,0.E0,0.E0));
#1582=VECTOR('',#1581,6.2E-1);
#1583=CARTESIAN_POINT('',(-9.2E0,1.E0,1.58E0));
#1584=LINE('',#1583,#1582);
#1585=DIRECTION('',(0.E0,0.E0,-1.E0));
#1586=VECTOR('',#1585,6.2E-1);
#1587=CARTESIAN_POINT('',(-8.58E0,1.E0,1.58E0));
#1588=LINE('',#1587,#1586);
#1589=DIRECTION('',(1.E0,0.E0,0.E0));
#1590=VECTOR('',#1589,6.2E-1);
#1591=CARTESIAN_POINT('',(-9.2E0,1.E0,9.6E-1));
#1592=LINE('',#1591,#1590);
#1593=DIRECTION('',(0.E0,0.E0,-1.E0));
#1594=VECTOR('',#1593,6.2E-1);
#1595=CARTESIAN_POINT('',(-9.2E0,1.E0,-9.6E-1));
#1596=LINE('',#1595,#1594);
#1597=DIRECTION('',(1.E0,0.E0,0.E0));
#1598=VECTOR('',#1597,6.2E-1);
#1599=CARTESIAN_POINT('',(-9.2E0,1.E0,-9.6E-1));
#1600=LINE('',#1599,#1598);
#1601=DIRECTION('',(0.E0,0.E0,-1.E0));
#1602=VECTOR('',#1601,6.2E-1);
#1603=CARTESIAN_POINT('',(-8.58E0,1.E0,-9.6E-1));
#1604=LINE('',#1603,#1602);
#1605=DIRECTION('',(1.E0,0.E0,0.E0));
#1606=VECTOR('',#1605,6.2E-1);
#1607=CARTESIAN_POINT('',(-9.2E0,1.E0,-1.58E0));
#1608=LINE('',#1607,#1606);
#1609=DIRECTION('',(0.E0,0.E0,-1.E0));
#1610=VECTOR('',#1609,6.2E-1);
#1611=CARTESIAN_POINT('',(-6.66E0,1.E0,1.58E0));
#1612=LINE('',#1611,#1610);
#1613=DIRECTION('',(1.E0,0.E0,0.E0));
#1614=VECTOR('',#1613,6.2E-1);
#1615=CARTESIAN_POINT('',(-6.66E0,1.E0,1.58E0));
#1616=LINE('',#1615,#1614);
#1617=DIRECTION('',(0.E0,0.E0,-1.E0));
#1618=VECTOR('',#1617,6.2E-1);
#1619=CARTESIAN_POINT('',(-6.04E0,1.E0,1.58E0));
#1620=LINE('',#1619,#1618);
#1621=DIRECTION('',(1.E0,0.E0,0.E0));
#1622=VECTOR('',#1621,6.2E-1);
#1623=CARTESIAN_POINT('',(-6.66E0,1.E0,9.6E-1));
#1624=LINE('',#1623,#1622);
#1625=DIRECTION('',(0.E0,0.E0,-1.E0));
#1626=VECTOR('',#1625,6.2E-1);
#1627=CARTESIAN_POINT('',(-6.66E0,1.E0,-9.6E-1));
#1628=LINE('',#1627,#1626);
#1629=DIRECTION('',(1.E0,0.E0,0.E0));
#1630=VECTOR('',#1629,6.2E-1);
#1631=CARTESIAN_POINT('',(-6.66E0,1.E0,-9.6E-1));
#1632=LINE('',#1631,#1630);
#1633=DIRECTION('',(0.E0,0.E0,-1.E0));
#1634=VECTOR('',#1633,6.2E-1);
#1635=CARTESIAN_POINT('',(-6.04E0,1.E0,-9.6E-1));
#1636=LINE('',#1635,#1634);
#1637=DIRECTION('',(1.E0,0.E0,0.E0));
#1638=VECTOR('',#1637,6.2E-1);
#1639=CARTESIAN_POINT('',(-6.66E0,1.E0,-1.58E0));
#1640=LINE('',#1639,#1638);
#1641=DIRECTION('',(0.E0,0.E0,-1.E0));
#1642=VECTOR('',#1641,6.2E-1);
#1643=CARTESIAN_POINT('',(-4.12E0,1.E0,1.58E0));
#1644=LINE('',#1643,#1642);
#1645=DIRECTION('',(1.E0,0.E0,0.E0));
#1646=VECTOR('',#1645,6.2E-1);
#1647=CARTESIAN_POINT('',(-4.12E0,1.E0,1.58E0));
#1648=LINE('',#1647,#1646);
#1649=DIRECTION('',(0.E0,0.E0,-1.E0));
#1650=VECTOR('',#1649,6.2E-1);
#1651=CARTESIAN_POINT('',(-3.5E0,1.E0,1.58E0));
#1652=LINE('',#1651,#1650);
#1653=DIRECTION('',(1.E0,0.E0,0.E0));
#1654=VECTOR('',#1653,6.2E-1);
#1655=CARTESIAN_POINT('',(-4.12E0,1.E0,9.6E-1));
#1656=LINE('',#1655,#1654);
#1657=DIRECTION('',(0.E0,0.E0,-1.E0));
#1658=VECTOR('',#1657,6.2E-1);
#1659=CARTESIAN_POINT('',(-4.12E0,1.E0,-9.6E-1));
#1660=LINE('',#1659,#1658);
#1661=DIRECTION('',(1.E0,0.E0,0.E0));
#1662=VECTOR('',#1661,6.2E-1);
#1663=CARTESIAN_POINT('',(-4.12E0,1.E0,-9.6E-1));
#1664=LINE('',#1663,#1662);
#1665=DIRECTION('',(0.E0,0.E0,-1.E0));
#1666=VECTOR('',#1665,6.2E-1);
#1667=CARTESIAN_POINT('',(-3.5E0,1.E0,-9.6E-1));
#1668=LINE('',#1667,#1666);
#1669=DIRECTION('',(1.E0,0.E0,0.E0));
#1670=VECTOR('',#1669,6.2E-1);
#1671=CARTESIAN_POINT('',(-4.12E0,1.E0,-1.58E0));
#1672=LINE('',#1671,#1670);
#1673=DIRECTION('',(0.E0,0.E0,-1.E0));
#1674=VECTOR('',#1673,6.2E-1);
#1675=CARTESIAN_POINT('',(-1.58E0,1.E0,1.58E0));
#1676=LINE('',#1675,#1674);
#1677=DIRECTION('',(1.E0,0.E0,0.E0));
#1678=VECTOR('',#1677,6.2E-1);
#1679=CARTESIAN_POINT('',(-1.58E0,1.E0,1.58E0));
#1680=LINE('',#1679,#1678);
#1681=DIRECTION('',(0.E0,0.E0,-1.E0));
#1682=VECTOR('',#1681,6.2E-1);
#1683=CARTESIAN_POINT('',(-9.6E-1,1.E0,1.58E0));
#1684=LINE('',#1683,#1682);
#1685=DIRECTION('',(1.E0,0.E0,0.E0));
#1686=VECTOR('',#1685,6.2E-1);
#1687=CARTESIAN_POINT('',(-1.58E0,1.E0,9.6E-1));
#1688=LINE('',#1687,#1686);
#1689=DIRECTION('',(0.E0,0.E0,-1.E0));
#1690=VECTOR('',#1689,6.2E-1);
#1691=CARTESIAN_POINT('',(-1.58E0,1.E0,-9.6E-1));
#1692=LINE('',#1691,#1690);
#1693=DIRECTION('',(1.E0,0.E0,0.E0));
#1694=VECTOR('',#1693,6.2E-1);
#1695=CARTESIAN_POINT('',(-1.58E0,1.E0,-9.6E-1));
#1696=LINE('',#1695,#1694);
#1697=DIRECTION('',(0.E0,0.E0,-1.E0));
#1698=VECTOR('',#1697,6.2E-1);
#1699=CARTESIAN_POINT('',(-9.6E-1,1.E0,-9.6E-1));
#1700=LINE('',#1699,#1698);
#1701=DIRECTION('',(1.E0,0.E0,0.E0));
#1702=VECTOR('',#1701,6.2E-1);
#1703=CARTESIAN_POINT('',(-1.58E0,1.E0,-1.58E0));
#1704=LINE('',#1703,#1702);
#1705=DIRECTION('',(0.E0,0.E0,-1.E0));
#1706=VECTOR('',#1705,6.2E-1);
#1707=CARTESIAN_POINT('',(9.6E-1,1.E0,1.58E0));
#1708=LINE('',#1707,#1706);
#1709=DIRECTION('',(1.E0,0.E0,0.E0));
#1710=VECTOR('',#1709,6.2E-1);
#1711=CARTESIAN_POINT('',(9.6E-1,1.E0,1.58E0));
#1712=LINE('',#1711,#1710);
#1713=DIRECTION('',(0.E0,0.E0,-1.E0));
#1714=VECTOR('',#1713,6.2E-1);
#1715=CARTESIAN_POINT('',(1.58E0,1.E0,1.58E0));
#1716=LINE('',#1715,#1714);
#1717=DIRECTION('',(1.E0,0.E0,0.E0));
#1718=VECTOR('',#1717,6.2E-1);
#1719=CARTESIAN_POINT('',(9.6E-1,1.E0,9.6E-1));
#1720=LINE('',#1719,#1718);
#1721=DIRECTION('',(0.E0,0.E0,-1.E0));
#1722=VECTOR('',#1721,6.2E-1);
#1723=CARTESIAN_POINT('',(9.6E-1,1.E0,-9.6E-1));
#1724=LINE('',#1723,#1722);
#1725=DIRECTION('',(1.E0,0.E0,0.E0));
#1726=VECTOR('',#1725,6.2E-1);
#1727=CARTESIAN_POINT('',(9.6E-1,1.E0,-9.6E-1));
#1728=LINE('',#1727,#1726);
#1729=DIRECTION('',(0.E0,0.E0,-1.E0));
#1730=VECTOR('',#1729,6.2E-1);
#1731=CARTESIAN_POINT('',(1.58E0,1.E0,-9.6E-1));
#1732=LINE('',#1731,#1730);
#1733=DIRECTION('',(1.E0,0.E0,0.E0));
#1734=VECTOR('',#1733,6.2E-1);
#1735=CARTESIAN_POINT('',(9.6E-1,1.E0,-1.58E0));
#1736=LINE('',#1735,#1734);
#1737=DIRECTION('',(0.E0,0.E0,-1.E0));
#1738=VECTOR('',#1737,6.2E-1);
#1739=CARTESIAN_POINT('',(3.5E0,1.E0,1.58E0));
#1740=LINE('',#1739,#1738);
#1741=DIRECTION('',(1.E0,0.E0,0.E0));
#1742=VECTOR('',#1741,6.2E-1);
#1743=CARTESIAN_POINT('',(3.5E0,1.E0,1.58E0));
#1744=LINE('',#1743,#1742);
#1745=DIRECTION('',(0.E0,0.E0,-1.E0));
#1746=VECTOR('',#1745,6.2E-1);
#1747=CARTESIAN_POINT('',(4.12E0,1.E0,1.58E0));
#1748=LINE('',#1747,#1746);
#1749=DIRECTION('',(1.E0,0.E0,0.E0));
#1750=VECTOR('',#1749,6.2E-1);
#1751=CARTESIAN_POINT('',(3.5E0,1.E0,9.6E-1));
#1752=LINE('',#1751,#1750);
#1753=DIRECTION('',(0.E0,0.E0,-1.E0));
#1754=VECTOR('',#1753,6.2E-1);
#1755=CARTESIAN_POINT('',(3.5E0,1.E0,-9.6E-1));
#1756=LINE('',#1755,#1754);
#1757=DIRECTION('',(1.E0,0.E0,0.E0));
#1758=VECTOR('',#1757,6.2E-1);
#1759=CARTESIAN_POINT('',(3.5E0,1.E0,-9.6E-1));
#1760=LINE('',#1759,#1758);
#1761=DIRECTION('',(0.E0,0.E0,-1.E0));
#1762=VECTOR('',#1761,6.2E-1);
#1763=CARTESIAN_POINT('',(4.12E0,1.E0,-9.6E-1));
#1764=LINE('',#1763,#1762);
#1765=DIRECTION('',(1.E0,0.E0,0.E0));
#1766=VECTOR('',#1765,6.2E-1);
#1767=CARTESIAN_POINT('',(3.5E0,1.E0,-1.58E0));
#1768=LINE('',#1767,#1766);
#1769=DIRECTION('',(0.E0,0.E0,-1.E0));
#1770=VECTOR('',#1769,6.2E-1);
#1771=CARTESIAN_POINT('',(6.04E0,1.E0,1.58E0));
#1772=LINE('',#1771,#1770);
#1773=DIRECTION('',(1.E0,0.E0,0.E0));
#1774=VECTOR('',#1773,6.2E-1);
#1775=CARTESIAN_POINT('',(6.04E0,1.E0,1.58E0));
#1776=LINE('',#1775,#1774);
#1777=DIRECTION('',(0.E0,0.E0,-1.E0));
#1778=VECTOR('',#1777,6.2E-1);
#1779=CARTESIAN_POINT('',(6.66E0,1.E0,1.58E0));
#1780=LINE('',#1779,#1778);
#1781=DIRECTION('',(1.E0,0.E0,0.E0));
#1782=VECTOR('',#1781,6.2E-1);
#1783=CARTESIAN_POINT('',(6.04E0,1.E0,9.6E-1));
#1784=LINE('',#1783,#1782);
#1785=DIRECTION('',(0.E0,0.E0,-1.E0));
#1786=VECTOR('',#1785,6.2E-1);
#1787=CARTESIAN_POINT('',(6.04E0,1.E0,-9.6E-1));
#1788=LINE('',#1787,#1786);
#1789=DIRECTION('',(1.E0,0.E0,0.E0));
#1790=VECTOR('',#1789,6.2E-1);
#1791=CARTESIAN_POINT('',(6.04E0,1.E0,-9.6E-1));
#1792=LINE('',#1791,#1790);
#1793=DIRECTION('',(0.E0,0.E0,-1.E0));
#1794=VECTOR('',#1793,6.2E-1);
#1795=CARTESIAN_POINT('',(6.66E0,1.E0,-9.6E-1));
#1796=LINE('',#1795,#1794);
#1797=DIRECTION('',(1.E0,0.E0,0.E0));
#1798=VECTOR('',#1797,6.2E-1);
#1799=CARTESIAN_POINT('',(6.04E0,1.E0,-1.58E0));
#1800=LINE('',#1799,#1798);
#1801=DIRECTION('',(0.E0,0.E0,-1.E0));
#1802=VECTOR('',#1801,6.2E-1);
#1803=CARTESIAN_POINT('',(8.58E0,1.E0,1.58E0));
#1804=LINE('',#1803,#1802);
#1805=DIRECTION('',(1.E0,0.E0,0.E0));
#1806=VECTOR('',#1805,6.2E-1);
#1807=CARTESIAN_POINT('',(8.58E0,1.E0,1.58E0));
#1808=LINE('',#1807,#1806);
#1809=DIRECTION('',(0.E0,0.E0,-1.E0));
#1810=VECTOR('',#1809,6.2E-1);
#1811=CARTESIAN_POINT('',(9.2E0,1.E0,1.58E0));
#1812=LINE('',#1811,#1810);
#1813=DIRECTION('',(1.E0,0.E0,0.E0));
#1814=VECTOR('',#1813,6.2E-1);
#1815=CARTESIAN_POINT('',(8.58E0,1.E0,9.6E-1));
#1816=LINE('',#1815,#1814);
#1817=DIRECTION('',(0.E0,0.E0,-1.E0));
#1818=VECTOR('',#1817,6.2E-1);
#1819=CARTESIAN_POINT('',(8.58E0,1.E0,-9.6E-1));
#1820=LINE('',#1819,#1818);
#1821=DIRECTION('',(1.E0,0.E0,0.E0));
#1822=VECTOR('',#1821,6.2E-1);
#1823=CARTESIAN_POINT('',(8.58E0,1.E0,-9.6E-1));
#1824=LINE('',#1823,#1822);
#1825=DIRECTION('',(0.E0,0.E0,-1.E0));
#1826=VECTOR('',#1825,6.2E-1);
#1827=CARTESIAN_POINT('',(9.2E0,1.E0,-9.6E-1));
#1828=LINE('',#1827,#1826);
#1829=DIRECTION('',(1.E0,0.E0,0.E0));
#1830=VECTOR('',#1829,6.2E-1);
#1831=CARTESIAN_POINT('',(8.58E0,1.E0,-1.58E0));
#1832=LINE('',#1831,#1830);
#1833=DIRECTION('',(0.E0,0.E0,-1.E0));
#1834=VECTOR('',#1833,6.2E-1);
#1835=CARTESIAN_POINT('',(1.112E1,1.E0,1.58E0));
#1836=LINE('',#1835,#1834);
#1837=DIRECTION('',(1.E0,0.E0,0.E0));
#1838=VECTOR('',#1837,6.2E-1);
#1839=CARTESIAN_POINT('',(1.112E1,1.E0,1.58E0));
#1840=LINE('',#1839,#1838);
#1841=DIRECTION('',(0.E0,0.E0,-1.E0));
#1842=VECTOR('',#1841,6.2E-1);
#1843=CARTESIAN_POINT('',(1.174E1,1.E0,1.58E0));
#1844=LINE('',#1843,#1842);
#1845=DIRECTION('',(1.E0,0.E0,0.E0));
#1846=VECTOR('',#1845,6.2E-1);
#1847=CARTESIAN_POINT('',(1.112E1,1.E0,9.6E-1));
#1848=LINE('',#1847,#1846);
#1849=DIRECTION('',(0.E0,0.E0,-1.E0));
#1850=VECTOR('',#1849,6.2E-1);
#1851=CARTESIAN_POINT('',(1.112E1,1.E0,-9.6E-1));
#1852=LINE('',#1851,#1850);
#1853=DIRECTION('',(1.E0,0.E0,0.E0));
#1854=VECTOR('',#1853,6.2E-1);
#1855=CARTESIAN_POINT('',(1.112E1,1.E0,-9.6E-1));
#1856=LINE('',#1855,#1854);
#1857=DIRECTION('',(0.E0,0.E0,-1.E0));
#1858=VECTOR('',#1857,6.2E-1);
#1859=CARTESIAN_POINT('',(1.174E1,1.E0,-9.6E-1));
#1860=LINE('',#1859,#1858);
#1861=DIRECTION('',(1.E0,0.E0,0.E0));
#1862=VECTOR('',#1861,6.2E-1);
#1863=CARTESIAN_POINT('',(1.112E1,1.E0,-1.58E0));
#1864=LINE('',#1863,#1862);
#1865=DIRECTION('',(0.E0,0.E0,-1.E0));
#1866=VECTOR('',#1865,6.2E-1);
#1867=CARTESIAN_POINT('',(1.366E1,1.E0,1.58E0));
#1868=LINE('',#1867,#1866);
#1869=DIRECTION('',(1.E0,0.E0,0.E0));
#1870=VECTOR('',#1869,6.2E-1);
#1871=CARTESIAN_POINT('',(1.366E1,1.E0,1.58E0));
#1872=LINE('',#1871,#1870);
#1873=DIRECTION('',(0.E0,0.E0,-1.E0));
#1874=VECTOR('',#1873,6.2E-1);
#1875=CARTESIAN_POINT('',(1.428E1,1.E0,1.58E0));
#1876=LINE('',#1875,#1874);
#1877=DIRECTION('',(1.E0,0.E0,0.E0));
#1878=VECTOR('',#1877,6.2E-1);
#1879=CARTESIAN_POINT('',(1.366E1,1.E0,9.6E-1));
#1880=LINE('',#1879,#1878);
#1881=DIRECTION('',(0.E0,0.E0,-1.E0));
#1882=VECTOR('',#1881,6.2E-1);
#1883=CARTESIAN_POINT('',(1.366E1,1.E0,-9.6E-1));
#1884=LINE('',#1883,#1882);
#1885=DIRECTION('',(1.E0,0.E0,0.E0));
#1886=VECTOR('',#1885,6.2E-1);
#1887=CARTESIAN_POINT('',(1.366E1,1.E0,-9.6E-1));
#1888=LINE('',#1887,#1886);
#1889=DIRECTION('',(0.E0,0.E0,-1.E0));
#1890=VECTOR('',#1889,6.2E-1);
#1891=CARTESIAN_POINT('',(1.428E1,1.E0,-9.6E-1));
#1892=LINE('',#1891,#1890);
#1893=DIRECTION('',(1.E0,0.E0,0.E0));
#1894=VECTOR('',#1893,6.2E-1);
#1895=CARTESIAN_POINT('',(1.366E1,1.E0,-1.58E0));
#1896=LINE('',#1895,#1894);
#1897=DIRECTION('',(1.736481776669E-1,0.E0,9.848077530122E-1));
#1898=VECTOR('',#1897,1.766842304681E0);
#1899=CARTESIAN_POINT('',(1.239319105357E1,1.E0,-2.54E0));
#1900=LINE('',#1899,#1898);
#1901=DIRECTION('',(1.736481776669E-1,0.E0,-9.848077530122E-1));
#1902=VECTOR('',#1901,1.766842304681E0);
#1903=CARTESIAN_POINT('',(1.27E1,1.E0,-8.E-1));
#1904=LINE('',#1903,#1902);
#1905=DIRECTION('',(-1.E0,0.E0,0.E0));
#1906=VECTOR('',#1905,1.926382107135E0);
#1907=CARTESIAN_POINT('',(1.493319105357E1,1.E0,-2.54E0));
#1908=LINE('',#1907,#1906);
#1909=DIRECTION('',(-1.736481776669E-1,0.E0,-9.848077530122E-1));
#1910=VECTOR('',#1909,1.766842304681E0);
#1911=CARTESIAN_POINT('',(1.524E1,1.E0,-8.E-1));
#1912=LINE('',#1911,#1910);
#1913=DIRECTION('',(0.E0,0.E0,-1.E0));
#1914=VECTOR('',#1913,1.6E0);
#1915=CARTESIAN_POINT('',(1.524E1,1.E0,8.E-1));
#1916=LINE('',#1915,#1914);
#1917=DIRECTION('',(1.736481776669E-1,0.E0,-9.848077530122E-1));
#1918=VECTOR('',#1917,1.766842304681E0);
#1919=CARTESIAN_POINT('',(1.493319105357E1,1.E0,2.54E0));
#1920=LINE('',#1919,#1918);
#1921=DIRECTION('',(1.E0,0.E0,0.E0));
#1922=VECTOR('',#1921,1.926382107135E0);
#1923=CARTESIAN_POINT('',(1.300680894643E1,1.E0,2.54E0));
#1924=LINE('',#1923,#1922);
#1925=DIRECTION('',(-1.736481776669E-1,0.E0,-9.848077530122E-1));
#1926=VECTOR('',#1925,1.766842304681E0);
#1927=CARTESIAN_POINT('',(1.300680894643E1,1.E0,2.54E0));
#1928=LINE('',#1927,#1926);
#1929=DIRECTION('',(-1.736481776669E-1,0.E0,9.848077530122E-1));
#1930=VECTOR('',#1929,1.766842304681E0);
#1931=CARTESIAN_POINT('',(1.27E1,1.E0,8.E-1));
#1932=LINE('',#1931,#1930);
#1933=DIRECTION('',(1.E0,0.E0,0.E0));
#1934=VECTOR('',#1933,1.926382107135E0);
#1935=CARTESIAN_POINT('',(1.046680894643E1,1.E0,2.54E0));
#1936=LINE('',#1935,#1934);
#1937=DIRECTION('',(-1.736481776669E-1,0.E0,-9.848077530122E-1));
#1938=VECTOR('',#1937,1.766842304681E0);
#1939=CARTESIAN_POINT('',(1.046680894643E1,1.E0,2.54E0));
#1940=LINE('',#1939,#1938);
#1941=DIRECTION('',(-1.736481776669E-1,0.E0,9.848077530122E-1));
#1942=VECTOR('',#1941,1.766842304681E0);
#1943=CARTESIAN_POINT('',(1.016E1,1.E0,8.E-1));
#1944=LINE('',#1943,#1942);
#1945=DIRECTION('',(1.E0,0.E0,0.E0));
#1946=VECTOR('',#1945,1.926382107135E0);
#1947=CARTESIAN_POINT('',(7.926808946433E0,1.E0,2.54E0));
#1948=LINE('',#1947,#1946);
#1949=DIRECTION('',(-1.736481776669E-1,0.E0,-9.848077530122E-1));
#1950=VECTOR('',#1949,1.766842304681E0);
#1951=CARTESIAN_POINT('',(7.926808946433E0,1.E0,2.54E0));
#1952=LINE('',#1951,#1950);
#1953=DIRECTION('',(-1.736481776669E-1,0.E0,9.848077530122E-1));
#1954=VECTOR('',#1953,1.766842304681E0);
#1955=CARTESIAN_POINT('',(7.62E0,1.E0,8.E-1));
#1956=LINE('',#1955,#1954);
#1957=DIRECTION('',(1.E0,0.E0,0.E0));
#1958=VECTOR('',#1957,1.926382107135E0);
#1959=CARTESIAN_POINT('',(5.386808946433E0,1.E0,2.54E0));
#1960=LINE('',#1959,#1958);
#1961=DIRECTION('',(-1.736481776669E-1,0.E0,-9.848077530122E-1));
#1962=VECTOR('',#1961,1.766842304681E0);
#1963=CARTESIAN_POINT('',(5.386808946433E0,1.E0,2.54E0));
#1964=LINE('',#1963,#1962);
#1965=DIRECTION('',(-1.736481776669E-1,0.E0,9.848077530122E-1));
#1966=VECTOR('',#1965,1.766842304681E0);
#1967=CARTESIAN_POINT('',(5.08E0,1.E0,8.E-1));
#1968=LINE('',#1967,#1966);
#1969=DIRECTION('',(1.E0,0.E0,0.E0));
#1970=VECTOR('',#1969,1.926382107135E0);
#1971=CARTESIAN_POINT('',(2.846808946433E0,1.E0,2.54E0));
#1972=LINE('',#1971,#1970);
#1973=DIRECTION('',(-1.736481776669E-1,0.E0,-9.848077530122E-1));
#1974=VECTOR('',#1973,1.766842304681E0);
#1975=CARTESIAN_POINT('',(2.846808946433E0,1.E0,2.54E0));
#1976=LINE('',#1975,#1974);
#1977=DIRECTION('',(-1.736481776669E-1,0.E0,9.848077530122E-1));
#1978=VECTOR('',#1977,1.766842304681E0);
#1979=CARTESIAN_POINT('',(2.54E0,1.E0,8.E-1));
#1980=LINE('',#1979,#1978);
#1981=DIRECTION('',(1.E0,0.E0,0.E0));
#1982=VECTOR('',#1981,1.926382107135E0);
#1983=CARTESIAN_POINT('',(3.068089464327E-1,1.E0,2.54E0));
#1984=LINE('',#1983,#1982);
#1985=DIRECTION('',(-1.736481776669E-1,0.E0,-9.848077530122E-1));
#1986=VECTOR('',#1985,1.766842304681E0);
#1987=CARTESIAN_POINT('',(3.068089464327E-1,1.E0,2.54E0));
#1988=LINE('',#1987,#1986);
#1989=DIRECTION('',(-1.736481776669E-1,0.E0,9.848077530122E-1));
#1990=VECTOR('',#1989,1.766842304681E0);
#1991=CARTESIAN_POINT('',(0.E0,1.E0,8.E-1));
#1992=LINE('',#1991,#1990);
#1993=DIRECTION('',(1.E0,0.E0,0.E0));
#1994=VECTOR('',#1993,1.926382107135E0);
#1995=CARTESIAN_POINT('',(-2.233191053567E0,1.E0,2.54E0));
#1996=LINE('',#1995,#1994);
#1997=DIRECTION('',(-1.736481776669E-1,0.E0,-9.848077530122E-1));
#1998=VECTOR('',#1997,1.766842304681E0);
#1999=CARTESIAN_POINT('',(-2.233191053567E0,1.E0,2.54E0));
#2000=LINE('',#1999,#1998);
#2001=DIRECTION('',(-1.736481776669E-1,0.E0,9.848077530122E-1));
#2002=VECTOR('',#2001,1.766842304681E0);
#2003=CARTESIAN_POINT('',(-2.54E0,1.E0,8.E-1));
#2004=LINE('',#2003,#2002);
#2005=DIRECTION('',(1.E0,0.E0,0.E0));
#2006=VECTOR('',#2005,1.926382107135E0);
#2007=CARTESIAN_POINT('',(-4.773191053567E0,1.E0,2.54E0));
#2008=LINE('',#2007,#2006);
#2009=DIRECTION('',(-1.736481776669E-1,0.E0,-9.848077530122E-1));
#2010=VECTOR('',#2009,1.766842304681E0);
#2011=CARTESIAN_POINT('',(-4.773191053567E0,1.E0,2.54E0));
#2012=LINE('',#2011,#2010);
#2013=DIRECTION('',(-1.736481776669E-1,0.E0,9.848077530122E-1));
#2014=VECTOR('',#2013,1.766842304681E0);
#2015=CARTESIAN_POINT('',(-5.08E0,1.E0,8.E-1));
#2016=LINE('',#2015,#2014);
#2017=DIRECTION('',(1.E0,0.E0,0.E0));
#2018=VECTOR('',#2017,1.926382107135E0);
#2019=CARTESIAN_POINT('',(-7.313191053567E0,1.E0,2.54E0));
#2020=LINE('',#2019,#2018);
#2021=DIRECTION('',(-1.736481776669E-1,0.E0,-9.848077530122E-1));
#2022=VECTOR('',#2021,1.766842304681E0);
#2023=CARTESIAN_POINT('',(-7.313191053567E0,1.E0,2.54E0));
#2024=LINE('',#2023,#2022);
#2025=DIRECTION('',(-1.736481776669E-1,0.E0,9.848077530122E-1));
#2026=VECTOR('',#2025,1.766842304681E0);
#2027=CARTESIAN_POINT('',(-7.62E0,1.E0,8.E-1));
#2028=LINE('',#2027,#2026);
#2029=DIRECTION('',(1.E0,0.E0,0.E0));
#2030=VECTOR('',#2029,1.926382107135E0);
#2031=CARTESIAN_POINT('',(-9.853191053567E0,1.E0,2.54E0));
#2032=LINE('',#2031,#2030);
#2033=DIRECTION('',(-1.736481776669E-1,0.E0,-9.848077530122E-1));
#2034=VECTOR('',#2033,1.766842304681E0);
#2035=CARTESIAN_POINT('',(-9.853191053567E0,1.E0,2.54E0));
#2036=LINE('',#2035,#2034);
#2037=DIRECTION('',(-1.736481776669E-1,0.E0,9.848077530122E-1));
#2038=VECTOR('',#2037,1.766842304681E0);
#2039=CARTESIAN_POINT('',(-1.016E1,1.E0,8.E-1));
#2040=LINE('',#2039,#2038);
#2041=DIRECTION('',(1.E0,0.E0,0.E0));
#2042=VECTOR('',#2041,1.926382107135E0);
#2043=CARTESIAN_POINT('',(-1.239319105357E1,1.E0,2.54E0));
#2044=LINE('',#2043,#2042);
#2045=DIRECTION('',(-1.736481776669E-1,0.E0,-9.848077530122E-1));
#2046=VECTOR('',#2045,1.766842304681E0);
#2047=CARTESIAN_POINT('',(-1.239319105357E1,1.E0,2.54E0));
#2048=LINE('',#2047,#2046);
#2049=DIRECTION('',(-1.736481776669E-1,0.E0,9.848077530122E-1));
#2050=VECTOR('',#2049,1.766842304681E0);
#2051=CARTESIAN_POINT('',(-1.27E1,1.E0,8.E-1));
#2052=LINE('',#2051,#2050);
#2053=DIRECTION('',(1.E0,0.E0,0.E0));
#2054=VECTOR('',#2053,1.926382107135E0);
#2055=CARTESIAN_POINT('',(-1.493319105357E1,1.E0,2.54E0));
#2056=LINE('',#2055,#2054);
#2057=DIRECTION('',(1.736481776669E-1,0.E0,9.848077530122E-1));
#2058=VECTOR('',#2057,1.766842304681E0);
#2059=CARTESIAN_POINT('',(-1.524E1,1.E0,8.E-1));
#2060=LINE('',#2059,#2058);
#2061=DIRECTION('',(0.E0,0.E0,1.E0));
#2062=VECTOR('',#2061,1.6E0);
#2063=CARTESIAN_POINT('',(-1.524E1,1.E0,-8.E-1));
#2064=LINE('',#2063,#2062);
#2065=DIRECTION('',(-1.736481776669E-1,0.E0,9.848077530122E-1));
#2066=VECTOR('',#2065,1.766842304681E0);
#2067=CARTESIAN_POINT('',(-1.493319105357E1,1.E0,-2.54E0));
#2068=LINE('',#2067,#2066);
#2069=DIRECTION('',(-1.E0,0.E0,0.E0));
#2070=VECTOR('',#2069,1.926382107135E0);
#2071=CARTESIAN_POINT('',(-1.300680894643E1,1.E0,-2.54E0));
#2072=LINE('',#2071,#2070);
#2073=DIRECTION('',(1.736481776669E-1,0.E0,9.848077530122E-1));
#2074=VECTOR('',#2073,1.766842304681E0);
#2075=CARTESIAN_POINT('',(-1.300680894643E1,1.E0,-2.54E0));
#2076=LINE('',#2075,#2074);
#2077=DIRECTION('',(1.736481776669E-1,0.E0,-9.848077530122E-1));
#2078=VECTOR('',#2077,1.766842304681E0);
#2079=CARTESIAN_POINT('',(-1.27E1,1.E0,-8.E-1));
#2080=LINE('',#2079,#2078);
#2081=DIRECTION('',(-1.E0,0.E0,0.E0));
#2082=VECTOR('',#2081,1.926382107135E0);
#2083=CARTESIAN_POINT('',(-1.046680894643E1,1.E0,-2.54E0));
#2084=LINE('',#2083,#2082);
#2085=DIRECTION('',(1.736481776669E-1,0.E0,9.848077530122E-1));
#2086=VECTOR('',#2085,1.766842304681E0);
#2087=CARTESIAN_POINT('',(-1.046680894643E1,1.E0,-2.54E0));
#2088=LINE('',#2087,#2086);
#2089=DIRECTION('',(1.736481776669E-1,0.E0,-9.848077530122E-1));
#2090=VECTOR('',#2089,1.766842304681E0);
#2091=CARTESIAN_POINT('',(-1.016E1,1.E0,-8.E-1));
#2092=LINE('',#2091,#2090);
#2093=DIRECTION('',(-1.E0,0.E0,0.E0));
#2094=VECTOR('',#2093,1.926382107135E0);
#2095=CARTESIAN_POINT('',(-7.926808946433E0,1.E0,-2.54E0));
#2096=LINE('',#2095,#2094);
#2097=DIRECTION('',(1.736481776669E-1,0.E0,9.848077530122E-1));
#2098=VECTOR('',#2097,1.766842304681E0);
#2099=CARTESIAN_POINT('',(-7.926808946433E0,1.E0,-2.54E0));
#2100=LINE('',#2099,#2098);
#2101=DIRECTION('',(1.736481776669E-1,0.E0,-9.848077530122E-1));
#2102=VECTOR('',#2101,1.766842304681E0);
#2103=CARTESIAN_POINT('',(-7.62E0,1.E0,-8.E-1));
#2104=LINE('',#2103,#2102);
#2105=DIRECTION('',(-1.E0,0.E0,0.E0));
#2106=VECTOR('',#2105,1.926382107135E0);
#2107=CARTESIAN_POINT('',(-5.386808946433E0,1.E0,-2.54E0));
#2108=LINE('',#2107,#2106);
#2109=DIRECTION('',(1.736481776669E-1,0.E0,9.848077530122E-1));
#2110=VECTOR('',#2109,1.766842304681E0);
#2111=CARTESIAN_POINT('',(-5.386808946433E0,1.E0,-2.54E0));
#2112=LINE('',#2111,#2110);
#2113=DIRECTION('',(1.736481776669E-1,0.E0,-9.848077530122E-1));
#2114=VECTOR('',#2113,1.766842304681E0);
#2115=CARTESIAN_POINT('',(-5.08E0,1.E0,-8.E-1));
#2116=LINE('',#2115,#2114);
#2117=DIRECTION('',(-1.E0,0.E0,0.E0));
#2118=VECTOR('',#2117,1.926382107135E0);
#2119=CARTESIAN_POINT('',(-2.846808946433E0,1.E0,-2.54E0));
#2120=LINE('',#2119,#2118);
#2121=DIRECTION('',(1.736481776669E-1,0.E0,9.848077530122E-1));
#2122=VECTOR('',#2121,1.766842304681E0);
#2123=CARTESIAN_POINT('',(-2.846808946433E0,1.E0,-2.54E0));
#2124=LINE('',#2123,#2122);
#2125=DIRECTION('',(1.736481776669E-1,0.E0,-9.848077530122E-1));
#2126=VECTOR('',#2125,1.766842304681E0);
#2127=CARTESIAN_POINT('',(-2.54E0,1.E0,-8.E-1));
#2128=LINE('',#2127,#2126);
#2129=DIRECTION('',(-1.E0,0.E0,0.E0));
#2130=VECTOR('',#2129,1.926382107135E0);
#2131=CARTESIAN_POINT('',(-3.068089464327E-1,1.E0,-2.54E0));
#2132=LINE('',#2131,#2130);
#2133=DIRECTION('',(1.736481776669E-1,0.E0,9.848077530122E-1));
#2134=VECTOR('',#2133,1.766842304681E0);
#2135=CARTESIAN_POINT('',(-3.068089464327E-1,1.E0,-2.54E0));
#2136=LINE('',#2135,#2134);
#2137=DIRECTION('',(1.736481776669E-1,0.E0,-9.848077530122E-1));
#2138=VECTOR('',#2137,1.766842304681E0);
#2139=CARTESIAN_POINT('',(0.E0,1.E0,-8.E-1));
#2140=LINE('',#2139,#2138);
#2141=DIRECTION('',(-1.E0,0.E0,0.E0));
#2142=VECTOR('',#2141,1.926382107135E0);
#2143=CARTESIAN_POINT('',(2.233191053567E0,1.E0,-2.54E0));
#2144=LINE('',#2143,#2142);
#2145=DIRECTION('',(1.736481776669E-1,0.E0,9.848077530122E-1));
#2146=VECTOR('',#2145,1.766842304681E0);
#2147=CARTESIAN_POINT('',(2.233191053567E0,1.E0,-2.54E0));
#2148=LINE('',#2147,#2146);
#2149=DIRECTION('',(1.736481776669E-1,0.E0,-9.848077530122E-1));
#2150=VECTOR('',#2149,1.766842304681E0);
#2151=CARTESIAN_POINT('',(2.54E0,1.E0,-8.E-1));
#2152=LINE('',#2151,#2150);
#2153=DIRECTION('',(-1.E0,0.E0,0.E0));
#2154=VECTOR('',#2153,1.926382107135E0);
#2155=CARTESIAN_POINT('',(4.773191053567E0,1.E0,-2.54E0));
#2156=LINE('',#2155,#2154);
#2157=DIRECTION('',(1.736481776669E-1,0.E0,9.848077530122E-1));
#2158=VECTOR('',#2157,1.766842304681E0);
#2159=CARTESIAN_POINT('',(4.773191053567E0,1.E0,-2.54E0));
#2160=LINE('',#2159,#2158);
#2161=DIRECTION('',(1.736481776669E-1,0.E0,-9.848077530122E-1));
#2162=VECTOR('',#2161,1.766842304681E0);
#2163=CARTESIAN_POINT('',(5.08E0,1.E0,-8.E-1));
#2164=LINE('',#2163,#2162);
#2165=DIRECTION('',(-1.E0,0.E0,0.E0));
#2166=VECTOR('',#2165,1.926382107135E0);
#2167=CARTESIAN_POINT('',(7.313191053567E0,1.E0,-2.54E0));
#2168=LINE('',#2167,#2166);
#2169=DIRECTION('',(1.736481776669E-1,0.E0,9.848077530122E-1));
#2170=VECTOR('',#2169,1.766842304681E0);
#2171=CARTESIAN_POINT('',(7.313191053567E0,1.E0,-2.54E0));
#2172=LINE('',#2171,#2170);
#2173=DIRECTION('',(1.736481776669E-1,0.E0,-9.848077530122E-1));
#2174=VECTOR('',#2173,1.766842304681E0);
#2175=CARTESIAN_POINT('',(7.62E0,1.E0,-8.E-1));
#2176=LINE('',#2175,#2174);
#2177=DIRECTION('',(-1.E0,0.E0,0.E0));
#2178=VECTOR('',#2177,1.926382107135E0);
#2179=CARTESIAN_POINT('',(9.853191053567E0,1.E0,-2.54E0));
#2180=LINE('',#2179,#2178);
#2181=DIRECTION('',(1.736481776669E-1,0.E0,9.848077530122E-1));
#2182=VECTOR('',#2181,1.766842304681E0);
#2183=CARTESIAN_POINT('',(9.853191053567E0,1.E0,-2.54E0));
#2184=LINE('',#2183,#2182);
#2185=DIRECTION('',(1.736481776669E-1,0.E0,-9.848077530122E-1));
#2186=VECTOR('',#2185,1.766842304681E0);
#2187=CARTESIAN_POINT('',(1.016E1,1.E0,-8.E-1));
#2188=LINE('',#2187,#2186);
#2189=DIRECTION('',(-1.E0,0.E0,0.E0));
#2190=VECTOR('',#2189,1.926382107135E0);
#2191=CARTESIAN_POINT('',(1.239319105357E1,1.E0,-2.54E0));
#2192=LINE('',#2191,#2190);
#2193=DIRECTION('',(0.E0,1.E0,0.E0));
#2194=VECTOR('',#2193,5.E-1);
#2195=CARTESIAN_POINT('',(-1.507632698071E1,1.E0,-8.5E-1));
#2196=LINE('',#2195,#2194);
#2197=DIRECTION('',(0.E0,1.E0,0.E0));
#2198=VECTOR('',#2197,5.E-1);
#2199=CARTESIAN_POINT('',(-1.49E1,1.E0,-1.85E0));
#2200=LINE('',#2199,#2198);
#2201=DIRECTION('',(0.E0,1.E0,0.E0));
#2202=VECTOR('',#2201,5.E-1);
#2203=CARTESIAN_POINT('',(-1.442E1,1.E0,-1.85E0));
#2204=LINE('',#2203,#2202);
#2205=DIRECTION('',(0.E0,1.E0,0.E0));
#2206=VECTOR('',#2205,5.E-1);
#2207=CARTESIAN_POINT('',(-1.442E1,1.E0,-8.5E-1));
#2208=LINE('',#2207,#2206);
#2209=DIRECTION('',(1.E0,0.E0,0.E0));
#2210=VECTOR('',#2209,6.563269807084E-1);
#2211=CARTESIAN_POINT('',(-1.507632698071E1,1.5E0,-8.5E-1));
#2212=LINE('',#2211,#2210);
#2213=DIRECTION('',(-1.736481776669E-1,0.E0,9.848077530122E-1));
#2214=VECTOR('',#2213,1.015426611886E0);
#2215=CARTESIAN_POINT('',(-1.49E1,1.5E0,-1.85E0));
#2216=LINE('',#2215,#2214);
#2217=DIRECTION('',(-1.E0,0.E0,0.E0));
#2218=VECTOR('',#2217,4.8E-1);
#2219=CARTESIAN_POINT('',(-1.442E1,1.5E0,-1.85E0));
#2220=LINE('',#2219,#2218);
#2221=DIRECTION('',(0.E0,0.E0,-1.E0));
#2222=VECTOR('',#2221,1.E0);
#2223=CARTESIAN_POINT('',(-1.442E1,1.5E0,-8.5E-1));
#2224=LINE('',#2223,#2222);
#2225=DIRECTION('',(-1.736481776669E-1,0.E0,-9.848077530122E-1));
#2226=VECTOR('',#2225,1.015426611886E0);
#2227=CARTESIAN_POINT('',(-1.286367301929E1,1.5E0,-8.5E-1));
#2228=LINE('',#2227,#2226);
#2229=DIRECTION('',(1.E0,0.E0,0.E0));
#2230=VECTOR('',#2229,6.563269807084E-1);
#2231=CARTESIAN_POINT('',(-1.352E1,1.5E0,-8.5E-1));
#2232=LINE('',#2231,#2230);
#2233=DIRECTION('',(0.E0,0.E0,1.E0));
#2234=VECTOR('',#2233,1.E0);
#2235=CARTESIAN_POINT('',(-1.352E1,1.5E0,-1.85E0));
#2236=LINE('',#2235,#2234);
#2237=DIRECTION('',(-1.E0,0.E0,0.E0));
#2238=VECTOR('',#2237,4.8E-1);
#2239=CARTESIAN_POINT('',(-1.304E1,1.5E0,-1.85E0));
#2240=LINE('',#2239,#2238);
#2241=DIRECTION('',(-1.E0,0.E0,0.E0));
#2242=VECTOR('',#2241,6.563269807084E-1);
#2243=CARTESIAN_POINT('',(-1.286367301929E1,1.5E0,8.5E-1));
#2244=LINE('',#2243,#2242);
#2245=DIRECTION('',(1.736481776669E-1,0.E0,-9.848077530122E-1));
#2246=VECTOR('',#2245,1.015426611886E0);
#2247=CARTESIAN_POINT('',(-1.304E1,1.5E0,1.85E0));
#2248=LINE('',#2247,#2246);
#2249=DIRECTION('',(1.E0,0.E0,0.E0));
#2250=VECTOR('',#2249,4.8E-1);
#2251=CARTESIAN_POINT('',(-1.352E1,1.5E0,1.85E0));
#2252=LINE('',#2251,#2250);
#2253=DIRECTION('',(0.E0,0.E0,1.E0));
#2254=VECTOR('',#2253,1.E0);
#2255=CARTESIAN_POINT('',(-1.352E1,1.5E0,8.5E-1));
#2256=LINE('',#2255,#2254);
#2257=DIRECTION('',(1.736481776669E-1,0.E0,9.848077530122E-1));
#2258=VECTOR('',#2257,1.015426611886E0);
#2259=CARTESIAN_POINT('',(-1.507632698071E1,1.5E0,8.5E-1));
#2260=LINE('',#2259,#2258);
#2261=DIRECTION('',(-1.E0,0.E0,0.E0));
#2262=VECTOR('',#2261,6.563269807084E-1);
#2263=CARTESIAN_POINT('',(-1.442E1,1.5E0,8.5E-1));
#2264=LINE('',#2263,#2262);
#2265=DIRECTION('',(0.E0,0.E0,-1.E0));
#2266=VECTOR('',#2265,1.E0);
#2267=CARTESIAN_POINT('',(-1.442E1,1.5E0,1.85E0));
#2268=LINE('',#2267,#2266);
#2269=DIRECTION('',(1.E0,0.E0,0.E0));
#2270=VECTOR('',#2269,4.8E-1);
#2271=CARTESIAN_POINT('',(-1.49E1,1.5E0,1.85E0));
#2272=LINE('',#2271,#2270);
#2273=DIRECTION('',(0.E0,1.E0,0.E0));
#2274=VECTOR('',#2273,5.E-1);
#2275=CARTESIAN_POINT('',(-1.286367301929E1,1.E0,-8.5E-1));
#2276=LINE('',#2275,#2274);
#2277=DIRECTION('',(0.E0,1.E0,0.E0));
#2278=VECTOR('',#2277,5.E-1);
#2279=CARTESIAN_POINT('',(-1.352E1,1.E0,-8.5E-1));
#2280=LINE('',#2279,#2278);
#2281=DIRECTION('',(0.E0,1.E0,0.E0));
#2282=VECTOR('',#2281,5.E-1);
#2283=CARTESIAN_POINT('',(-1.352E1,1.E0,-1.85E0));
#2284=LINE('',#2283,#2282);
#2285=DIRECTION('',(0.E0,1.E0,0.E0));
#2286=VECTOR('',#2285,5.E-1);
#2287=CARTESIAN_POINT('',(-1.304E1,1.E0,-1.85E0));
#2288=LINE('',#2287,#2286);
#2289=DIRECTION('',(0.E0,1.E0,0.E0));
#2290=VECTOR('',#2289,5.E-1);
#2291=CARTESIAN_POINT('',(-1.286367301929E1,1.E0,8.5E-1));
#2292=LINE('',#2291,#2290);
#2293=DIRECTION('',(0.E0,1.E0,0.E0));
#2294=VECTOR('',#2293,5.E-1);
#2295=CARTESIAN_POINT('',(-1.304E1,1.E0,1.85E0));
#2296=LINE('',#2295,#2294);
#2297=DIRECTION('',(0.E0,1.E0,0.E0));
#2298=VECTOR('',#2297,5.E-1);
#2299=CARTESIAN_POINT('',(-1.352E1,1.E0,1.85E0));
#2300=LINE('',#2299,#2298);
#2301=DIRECTION('',(0.E0,1.E0,0.E0));
#2302=VECTOR('',#2301,5.E-1);
#2303=CARTESIAN_POINT('',(-1.352E1,1.E0,8.5E-1));
#2304=LINE('',#2303,#2302);
#2305=DIRECTION('',(0.E0,1.E0,0.E0));
#2306=VECTOR('',#2305,5.E-1);
#2307=CARTESIAN_POINT('',(-1.507632698071E1,1.E0,8.5E-1));
#2308=LINE('',#2307,#2306);
#2309=DIRECTION('',(0.E0,1.E0,0.E0));
#2310=VECTOR('',#2309,5.E-1);
#2311=CARTESIAN_POINT('',(-1.442E1,1.E0,8.5E-1));
#2312=LINE('',#2311,#2310);
#2313=DIRECTION('',(0.E0,1.E0,0.E0));
#2314=VECTOR('',#2313,5.E-1);
#2315=CARTESIAN_POINT('',(-1.442E1,1.E0,1.85E0));
#2316=LINE('',#2315,#2314);
#2317=DIRECTION('',(0.E0,1.E0,0.E0));
#2318=VECTOR('',#2317,5.E-1);
#2319=CARTESIAN_POINT('',(-1.49E1,1.E0,1.85E0));
#2320=LINE('',#2319,#2318);
#2321=DIRECTION('',(0.E0,1.E0,0.E0));
#2322=VECTOR('',#2321,5.E-1);
#2323=CARTESIAN_POINT('',(-1.253632698071E1,1.E0,-8.5E-1));
#2324=LINE('',#2323,#2322);
#2325=DIRECTION('',(0.E0,1.E0,0.E0));
#2326=VECTOR('',#2325,5.E-1);
#2327=CARTESIAN_POINT('',(-1.236E1,1.E0,-1.85E0));
#2328=LINE('',#2327,#2326);
#2329=DIRECTION('',(0.E0,1.E0,0.E0));
#2330=VECTOR('',#2329,5.E-1);
#2331=CARTESIAN_POINT('',(-1.188E1,1.E0,-1.85E0));
#2332=LINE('',#2331,#2330);
#2333=DIRECTION('',(0.E0,1.E0,0.E0));
#2334=VECTOR('',#2333,5.E-1);
#2335=CARTESIAN_POINT('',(-1.188E1,1.E0,-8.5E-1));
#2336=LINE('',#2335,#2334);
#2337=DIRECTION('',(1.E0,0.E0,0.E0));
#2338=VECTOR('',#2337,6.563269807084E-1);
#2339=CARTESIAN_POINT('',(-1.253632698071E1,1.5E0,-8.5E-1));
#2340=LINE('',#2339,#2338);
#2341=DIRECTION('',(-1.736481776669E-1,0.E0,9.848077530122E-1));
#2342=VECTOR('',#2341,1.015426611886E0);
#2343=CARTESIAN_POINT('',(-1.236E1,1.5E0,-1.85E0));
#2344=LINE('',#2343,#2342);
#2345=DIRECTION('',(-1.E0,0.E0,0.E0));
#2346=VECTOR('',#2345,4.8E-1);
#2347=CARTESIAN_POINT('',(-1.188E1,1.5E0,-1.85E0));
#2348=LINE('',#2347,#2346);
#2349=DIRECTION('',(0.E0,0.E0,-1.E0));
#2350=VECTOR('',#2349,1.E0);
#2351=CARTESIAN_POINT('',(-1.188E1,1.5E0,-8.5E-1));
#2352=LINE('',#2351,#2350);
#2353=DIRECTION('',(-1.736481776669E-1,0.E0,-9.848077530122E-1));
#2354=VECTOR('',#2353,1.015426611886E0);
#2355=CARTESIAN_POINT('',(-1.032367301929E1,1.5E0,-8.5E-1));
#2356=LINE('',#2355,#2354);
#2357=DIRECTION('',(1.E0,0.E0,0.E0));
#2358=VECTOR('',#2357,6.563269807084E-1);
#2359=CARTESIAN_POINT('',(-1.098E1,1.5E0,-8.5E-1));
#2360=LINE('',#2359,#2358);
#2361=DIRECTION('',(0.E0,0.E0,1.E0));
#2362=VECTOR('',#2361,1.E0);
#2363=CARTESIAN_POINT('',(-1.098E1,1.5E0,-1.85E0));
#2364=LINE('',#2363,#2362);
#2365=DIRECTION('',(-1.E0,0.E0,0.E0));
#2366=VECTOR('',#2365,4.8E-1);
#2367=CARTESIAN_POINT('',(-1.05E1,1.5E0,-1.85E0));
#2368=LINE('',#2367,#2366);
#2369=DIRECTION('',(-1.E0,0.E0,0.E0));
#2370=VECTOR('',#2369,6.563269807084E-1);
#2371=CARTESIAN_POINT('',(-1.032367301929E1,1.5E0,8.5E-1));
#2372=LINE('',#2371,#2370);
#2373=DIRECTION('',(1.736481776669E-1,0.E0,-9.848077530122E-1));
#2374=VECTOR('',#2373,1.015426611886E0);
#2375=CARTESIAN_POINT('',(-1.05E1,1.5E0,1.85E0));
#2376=LINE('',#2375,#2374);
#2377=DIRECTION('',(1.E0,0.E0,0.E0));
#2378=VECTOR('',#2377,4.8E-1);
#2379=CARTESIAN_POINT('',(-1.098E1,1.5E0,1.85E0));
#2380=LINE('',#2379,#2378);
#2381=DIRECTION('',(0.E0,0.E0,1.E0));
#2382=VECTOR('',#2381,1.E0);
#2383=CARTESIAN_POINT('',(-1.098E1,1.5E0,8.5E-1));
#2384=LINE('',#2383,#2382);
#2385=DIRECTION('',(1.736481776669E-1,0.E0,9.848077530122E-1));
#2386=VECTOR('',#2385,1.015426611886E0);
#2387=CARTESIAN_POINT('',(-1.253632698071E1,1.5E0,8.5E-1));
#2388=LINE('',#2387,#2386);
#2389=DIRECTION('',(-1.E0,0.E0,0.E0));
#2390=VECTOR('',#2389,6.563269807084E-1);
#2391=CARTESIAN_POINT('',(-1.188E1,1.5E0,8.5E-1));
#2392=LINE('',#2391,#2390);
#2393=DIRECTION('',(0.E0,0.E0,-1.E0));
#2394=VECTOR('',#2393,1.E0);
#2395=CARTESIAN_POINT('',(-1.188E1,1.5E0,1.85E0));
#2396=LINE('',#2395,#2394);
#2397=DIRECTION('',(1.E0,0.E0,0.E0));
#2398=VECTOR('',#2397,4.8E-1);
#2399=CARTESIAN_POINT('',(-1.236E1,1.5E0,1.85E0));
#2400=LINE('',#2399,#2398);
#2401=DIRECTION('',(0.E0,1.E0,0.E0));
#2402=VECTOR('',#2401,5.E-1);
#2403=CARTESIAN_POINT('',(-1.032367301929E1,1.E0,-8.5E-1));
#2404=LINE('',#2403,#2402);
#2405=DIRECTION('',(0.E0,1.E0,0.E0));
#2406=VECTOR('',#2405,5.E-1);
#2407=CARTESIAN_POINT('',(-1.098E1,1.E0,-8.5E-1));
#2408=LINE('',#2407,#2406);
#2409=DIRECTION('',(0.E0,1.E0,0.E0));
#2410=VECTOR('',#2409,5.E-1);
#2411=CARTESIAN_POINT('',(-1.098E1,1.E0,-1.85E0));
#2412=LINE('',#2411,#2410);
#2413=DIRECTION('',(0.E0,1.E0,0.E0));
#2414=VECTOR('',#2413,5.E-1);
#2415=CARTESIAN_POINT('',(-1.05E1,1.E0,-1.85E0));
#2416=LINE('',#2415,#2414);
#2417=DIRECTION('',(0.E0,1.E0,0.E0));
#2418=VECTOR('',#2417,5.E-1);
#2419=CARTESIAN_POINT('',(-1.032367301929E1,1.E0,8.5E-1));
#2420=LINE('',#2419,#2418);
#2421=DIRECTION('',(0.E0,1.E0,0.E0));
#2422=VECTOR('',#2421,5.E-1);
#2423=CARTESIAN_POINT('',(-1.05E1,1.E0,1.85E0));
#2424=LINE('',#2423,#2422);
#2425=DIRECTION('',(0.E0,1.E0,0.E0));
#2426=VECTOR('',#2425,5.E-1);
#2427=CARTESIAN_POINT('',(-1.098E1,1.E0,1.85E0));
#2428=LINE('',#2427,#2426);
#2429=DIRECTION('',(0.E0,1.E0,0.E0));
#2430=VECTOR('',#2429,5.E-1);
#2431=CARTESIAN_POINT('',(-1.098E1,1.E0,8.5E-1));
#2432=LINE('',#2431,#2430);
#2433=DIRECTION('',(0.E0,1.E0,0.E0));
#2434=VECTOR('',#2433,5.E-1);
#2435=CARTESIAN_POINT('',(-1.253632698071E1,1.E0,8.5E-1));
#2436=LINE('',#2435,#2434);
#2437=DIRECTION('',(0.E0,1.E0,0.E0));
#2438=VECTOR('',#2437,5.E-1);
#2439=CARTESIAN_POINT('',(-1.188E1,1.E0,8.5E-1));
#2440=LINE('',#2439,#2438);
#2441=DIRECTION('',(0.E0,1.E0,0.E0));
#2442=VECTOR('',#2441,5.E-1);
#2443=CARTESIAN_POINT('',(-1.188E1,1.E0,1.85E0));
#2444=LINE('',#2443,#2442);
#2445=DIRECTION('',(0.E0,1.E0,0.E0));
#2446=VECTOR('',#2445,5.E-1);
#2447=CARTESIAN_POINT('',(-1.236E1,1.E0,1.85E0));
#2448=LINE('',#2447,#2446);
#2449=DIRECTION('',(0.E0,1.E0,0.E0));
#2450=VECTOR('',#2449,5.E-1);
#2451=CARTESIAN_POINT('',(-9.996326980708E0,1.E0,-8.5E-1));
#2452=LINE('',#2451,#2450);
#2453=DIRECTION('',(0.E0,1.E0,0.E0));
#2454=VECTOR('',#2453,5.E-1);
#2455=CARTESIAN_POINT('',(-9.82E0,1.E0,-1.85E0));
#2456=LINE('',#2455,#2454);
#2457=DIRECTION('',(0.E0,1.E0,0.E0));
#2458=VECTOR('',#2457,5.E-1);
#2459=CARTESIAN_POINT('',(-9.34E0,1.E0,-1.85E0));
#2460=LINE('',#2459,#2458);
#2461=DIRECTION('',(0.E0,1.E0,0.E0));
#2462=VECTOR('',#2461,5.E-1);
#2463=CARTESIAN_POINT('',(-9.34E0,1.E0,-8.5E-1));
#2464=LINE('',#2463,#2462);
#2465=DIRECTION('',(1.E0,0.E0,0.E0));
#2466=VECTOR('',#2465,6.563269807085E-1);
#2467=CARTESIAN_POINT('',(-9.996326980708E0,1.5E0,-8.5E-1));
#2468=LINE('',#2467,#2466);
#2469=DIRECTION('',(-1.736481776669E-1,0.E0,9.848077530122E-1));
#2470=VECTOR('',#2469,1.015426611886E0);
#2471=CARTESIAN_POINT('',(-9.82E0,1.5E0,-1.85E0));
#2472=LINE('',#2471,#2470);
#2473=DIRECTION('',(-1.E0,0.E0,0.E0));
#2474=VECTOR('',#2473,4.8E-1);
#2475=CARTESIAN_POINT('',(-9.34E0,1.5E0,-1.85E0));
#2476=LINE('',#2475,#2474);
#2477=DIRECTION('',(0.E0,0.E0,-1.E0));
#2478=VECTOR('',#2477,1.E0);
#2479=CARTESIAN_POINT('',(-9.34E0,1.5E0,-8.5E-1));
#2480=LINE('',#2479,#2478);
#2481=DIRECTION('',(-1.736481776669E-1,0.E0,-9.848077530122E-1));
#2482=VECTOR('',#2481,1.015426611886E0);
#2483=CARTESIAN_POINT('',(-7.783673019292E0,1.5E0,-8.5E-1));
#2484=LINE('',#2483,#2482);
#2485=DIRECTION('',(1.E0,0.E0,0.E0));
#2486=VECTOR('',#2485,6.563269807085E-1);
#2487=CARTESIAN_POINT('',(-8.44E0,1.5E0,-8.5E-1));
#2488=LINE('',#2487,#2486);
#2489=DIRECTION('',(0.E0,0.E0,1.E0));
#2490=VECTOR('',#2489,1.E0);
#2491=CARTESIAN_POINT('',(-8.44E0,1.5E0,-1.85E0));
#2492=LINE('',#2491,#2490);
#2493=DIRECTION('',(-1.E0,0.E0,0.E0));
#2494=VECTOR('',#2493,4.8E-1);
#2495=CARTESIAN_POINT('',(-7.96E0,1.5E0,-1.85E0));
#2496=LINE('',#2495,#2494);
#2497=DIRECTION('',(-1.E0,0.E0,0.E0));
#2498=VECTOR('',#2497,6.563269807085E-1);
#2499=CARTESIAN_POINT('',(-7.783673019292E0,1.5E0,8.5E-1));
#2500=LINE('',#2499,#2498);
#2501=DIRECTION('',(1.736481776669E-1,0.E0,-9.848077530122E-1));
#2502=VECTOR('',#2501,1.015426611886E0);
#2503=CARTESIAN_POINT('',(-7.96E0,1.5E0,1.85E0));
#2504=LINE('',#2503,#2502);
#2505=DIRECTION('',(1.E0,0.E0,0.E0));
#2506=VECTOR('',#2505,4.8E-1);
#2507=CARTESIAN_POINT('',(-8.44E0,1.5E0,1.85E0));
#2508=LINE('',#2507,#2506);
#2509=DIRECTION('',(0.E0,0.E0,1.E0));
#2510=VECTOR('',#2509,1.E0);
#2511=CARTESIAN_POINT('',(-8.44E0,1.5E0,8.5E-1));
#2512=LINE('',#2511,#2510);
#2513=DIRECTION('',(1.736481776669E-1,0.E0,9.848077530122E-1));
#2514=VECTOR('',#2513,1.015426611886E0);
#2515=CARTESIAN_POINT('',(-9.996326980708E0,1.5E0,8.5E-1));
#2516=LINE('',#2515,#2514);
#2517=DIRECTION('',(-1.E0,0.E0,0.E0));
#2518=VECTOR('',#2517,6.563269807085E-1);
#2519=CARTESIAN_POINT('',(-9.34E0,1.5E0,8.5E-1));
#2520=LINE('',#2519,#2518);
#2521=DIRECTION('',(0.E0,0.E0,-1.E0));
#2522=VECTOR('',#2521,1.E0);
#2523=CARTESIAN_POINT('',(-9.34E0,1.5E0,1.85E0));
#2524=LINE('',#2523,#2522);
#2525=DIRECTION('',(1.E0,0.E0,0.E0));
#2526=VECTOR('',#2525,4.8E-1);
#2527=CARTESIAN_POINT('',(-9.82E0,1.5E0,1.85E0));
#2528=LINE('',#2527,#2526);
#2529=DIRECTION('',(0.E0,1.E0,0.E0));
#2530=VECTOR('',#2529,5.E-1);
#2531=CARTESIAN_POINT('',(-7.783673019292E0,1.E0,-8.5E-1));
#2532=LINE('',#2531,#2530);
#2533=DIRECTION('',(0.E0,1.E0,0.E0));
#2534=VECTOR('',#2533,5.E-1);
#2535=CARTESIAN_POINT('',(-8.44E0,1.E0,-8.5E-1));
#2536=LINE('',#2535,#2534);
#2537=DIRECTION('',(0.E0,1.E0,0.E0));
#2538=VECTOR('',#2537,5.E-1);
#2539=CARTESIAN_POINT('',(-8.44E0,1.E0,-1.85E0));
#2540=LINE('',#2539,#2538);
#2541=DIRECTION('',(0.E0,1.E0,0.E0));
#2542=VECTOR('',#2541,5.E-1);
#2543=CARTESIAN_POINT('',(-7.96E0,1.E0,-1.85E0));
#2544=LINE('',#2543,#2542);
#2545=DIRECTION('',(0.E0,1.E0,0.E0));
#2546=VECTOR('',#2545,5.E-1);
#2547=CARTESIAN_POINT('',(-7.783673019292E0,1.E0,8.5E-1));
#2548=LINE('',#2547,#2546);
#2549=DIRECTION('',(0.E0,1.E0,0.E0));
#2550=VECTOR('',#2549,5.E-1);
#2551=CARTESIAN_POINT('',(-7.96E0,1.E0,1.85E0));
#2552=LINE('',#2551,#2550);
#2553=DIRECTION('',(0.E0,1.E0,0.E0));
#2554=VECTOR('',#2553,5.E-1);
#2555=CARTESIAN_POINT('',(-8.44E0,1.E0,1.85E0));
#2556=LINE('',#2555,#2554);
#2557=DIRECTION('',(0.E0,1.E0,0.E0));
#2558=VECTOR('',#2557,5.E-1);
#2559=CARTESIAN_POINT('',(-8.44E0,1.E0,8.5E-1));
#2560=LINE('',#2559,#2558);
#2561=DIRECTION('',(0.E0,1.E0,0.E0));
#2562=VECTOR('',#2561,5.E-1);
#2563=CARTESIAN_POINT('',(-9.996326980708E0,1.E0,8.5E-1));
#2564=LINE('',#2563,#2562);
#2565=DIRECTION('',(0.E0,1.E0,0.E0));
#2566=VECTOR('',#2565,5.E-1);
#2567=CARTESIAN_POINT('',(-9.34E0,1.E0,8.5E-1));
#2568=LINE('',#2567,#2566);
#2569=DIRECTION('',(0.E0,1.E0,0.E0));
#2570=VECTOR('',#2569,5.E-1);
#2571=CARTESIAN_POINT('',(-9.34E0,1.E0,1.85E0));
#2572=LINE('',#2571,#2570);
#2573=DIRECTION('',(0.E0,1.E0,0.E0));
#2574=VECTOR('',#2573,5.E-1);
#2575=CARTESIAN_POINT('',(-9.82E0,1.E0,1.85E0));
#2576=LINE('',#2575,#2574);
#2577=DIRECTION('',(0.E0,1.E0,0.E0));
#2578=VECTOR('',#2577,5.E-1);
#2579=CARTESIAN_POINT('',(-7.456326980708E0,1.E0,-8.5E-1));
#2580=LINE('',#2579,#2578);
#2581=DIRECTION('',(0.E0,1.E0,0.E0));
#2582=VECTOR('',#2581,5.E-1);
#2583=CARTESIAN_POINT('',(-7.28E0,1.E0,-1.85E0));
#2584=LINE('',#2583,#2582);
#2585=DIRECTION('',(0.E0,1.E0,0.E0));
#2586=VECTOR('',#2585,5.E-1);
#2587=CARTESIAN_POINT('',(-6.8E0,1.E0,-1.85E0));
#2588=LINE('',#2587,#2586);
#2589=DIRECTION('',(0.E0,1.E0,0.E0));
#2590=VECTOR('',#2589,5.E-1);
#2591=CARTESIAN_POINT('',(-6.8E0,1.E0,-8.5E-1));
#2592=LINE('',#2591,#2590);
#2593=DIRECTION('',(1.E0,0.E0,0.E0));
#2594=VECTOR('',#2593,6.563269807084E-1);
#2595=CARTESIAN_POINT('',(-7.456326980708E0,1.5E0,-8.5E-1));
#2596=LINE('',#2595,#2594);
#2597=DIRECTION('',(-1.736481776669E-1,0.E0,9.848077530122E-1));
#2598=VECTOR('',#2597,1.015426611886E0);
#2599=CARTESIAN_POINT('',(-7.28E0,1.5E0,-1.85E0));
#2600=LINE('',#2599,#2598);
#2601=DIRECTION('',(-1.E0,0.E0,0.E0));
#2602=VECTOR('',#2601,4.8E-1);
#2603=CARTESIAN_POINT('',(-6.8E0,1.5E0,-1.85E0));
#2604=LINE('',#2603,#2602);
#2605=DIRECTION('',(0.E0,0.E0,-1.E0));
#2606=VECTOR('',#2605,1.E0);
#2607=CARTESIAN_POINT('',(-6.8E0,1.5E0,-8.5E-1));
#2608=LINE('',#2607,#2606);
#2609=DIRECTION('',(-1.736481776669E-1,0.E0,-9.848077530122E-1));
#2610=VECTOR('',#2609,1.015426611886E0);
#2611=CARTESIAN_POINT('',(-5.243673019292E0,1.5E0,-8.5E-1));
#2612=LINE('',#2611,#2610);
#2613=DIRECTION('',(1.E0,0.E0,0.E0));
#2614=VECTOR('',#2613,6.563269807084E-1);
#2615=CARTESIAN_POINT('',(-5.9E0,1.5E0,-8.5E-1));
#2616=LINE('',#2615,#2614);
#2617=DIRECTION('',(0.E0,0.E0,1.E0));
#2618=VECTOR('',#2617,1.E0);
#2619=CARTESIAN_POINT('',(-5.9E0,1.5E0,-1.85E0));
#2620=LINE('',#2619,#2618);
#2621=DIRECTION('',(-1.E0,0.E0,0.E0));
#2622=VECTOR('',#2621,4.8E-1);
#2623=CARTESIAN_POINT('',(-5.42E0,1.5E0,-1.85E0));
#2624=LINE('',#2623,#2622);
#2625=DIRECTION('',(-1.E0,0.E0,0.E0));
#2626=VECTOR('',#2625,6.563269807084E-1);
#2627=CARTESIAN_POINT('',(-5.243673019292E0,1.5E0,8.5E-1));
#2628=LINE('',#2627,#2626);
#2629=DIRECTION('',(1.736481776669E-1,0.E0,-9.848077530122E-1));
#2630=VECTOR('',#2629,1.015426611886E0);
#2631=CARTESIAN_POINT('',(-5.42E0,1.5E0,1.85E0));
#2632=LINE('',#2631,#2630);
#2633=DIRECTION('',(1.E0,0.E0,0.E0));
#2634=VECTOR('',#2633,4.8E-1);
#2635=CARTESIAN_POINT('',(-5.9E0,1.5E0,1.85E0));
#2636=LINE('',#2635,#2634);
#2637=DIRECTION('',(0.E0,0.E0,1.E0));
#2638=VECTOR('',#2637,1.E0);
#2639=CARTESIAN_POINT('',(-5.9E0,1.5E0,8.5E-1));
#2640=LINE('',#2639,#2638);
#2641=DIRECTION('',(1.736481776669E-1,0.E0,9.848077530122E-1));
#2642=VECTOR('',#2641,1.015426611886E0);
#2643=CARTESIAN_POINT('',(-7.456326980708E0,1.5E0,8.5E-1));
#2644=LINE('',#2643,#2642);
#2645=DIRECTION('',(-1.E0,0.E0,0.E0));
#2646=VECTOR('',#2645,6.563269807084E-1);
#2647=CARTESIAN_POINT('',(-6.8E0,1.5E0,8.5E-1));
#2648=LINE('',#2647,#2646);
#2649=DIRECTION('',(0.E0,0.E0,-1.E0));
#2650=VECTOR('',#2649,1.E0);
#2651=CARTESIAN_POINT('',(-6.8E0,1.5E0,1.85E0));
#2652=LINE('',#2651,#2650);
#2653=DIRECTION('',(1.E0,0.E0,0.E0));
#2654=VECTOR('',#2653,4.8E-1);
#2655=CARTESIAN_POINT('',(-7.28E0,1.5E0,1.85E0));
#2656=LINE('',#2655,#2654);
#2657=DIRECTION('',(0.E0,1.E0,0.E0));
#2658=VECTOR('',#2657,5.E-1);
#2659=CARTESIAN_POINT('',(-5.243673019292E0,1.E0,-8.5E-1));
#2660=LINE('',#2659,#2658);
#2661=DIRECTION('',(0.E0,1.E0,0.E0));
#2662=VECTOR('',#2661,5.E-1);
#2663=CARTESIAN_POINT('',(-5.9E0,1.E0,-8.5E-1));
#2664=LINE('',#2663,#2662);
#2665=DIRECTION('',(0.E0,1.E0,0.E0));
#2666=VECTOR('',#2665,5.E-1);
#2667=CARTESIAN_POINT('',(-5.9E0,1.E0,-1.85E0));
#2668=LINE('',#2667,#2666);
#2669=DIRECTION('',(0.E0,1.E0,0.E0));
#2670=VECTOR('',#2669,5.E-1);
#2671=CARTESIAN_POINT('',(-5.42E0,1.E0,-1.85E0));
#2672=LINE('',#2671,#2670);
#2673=DIRECTION('',(0.E0,1.E0,0.E0));
#2674=VECTOR('',#2673,5.E-1);
#2675=CARTESIAN_POINT('',(-5.243673019292E0,1.E0,8.5E-1));
#2676=LINE('',#2675,#2674);
#2677=DIRECTION('',(0.E0,1.E0,0.E0));
#2678=VECTOR('',#2677,5.E-1);
#2679=CARTESIAN_POINT('',(-5.42E0,1.E0,1.85E0));
#2680=LINE('',#2679,#2678);
#2681=DIRECTION('',(0.E0,1.E0,0.E0));
#2682=VECTOR('',#2681,5.E-1);
#2683=CARTESIAN_POINT('',(-5.9E0,1.E0,1.85E0));
#2684=LINE('',#2683,#2682);
#2685=DIRECTION('',(0.E0,1.E0,0.E0));
#2686=VECTOR('',#2685,5.E-1);
#2687=CARTESIAN_POINT('',(-5.9E0,1.E0,8.5E-1));
#2688=LINE('',#2687,#2686);
#2689=DIRECTION('',(0.E0,1.E0,0.E0));
#2690=VECTOR('',#2689,5.E-1);
#2691=CARTESIAN_POINT('',(-7.456326980708E0,1.E0,8.5E-1));
#2692=LINE('',#2691,#2690);
#2693=DIRECTION('',(0.E0,1.E0,0.E0));
#2694=VECTOR('',#2693,5.E-1);
#2695=CARTESIAN_POINT('',(-6.8E0,1.E0,8.5E-1));
#2696=LINE('',#2695,#2694);
#2697=DIRECTION('',(0.E0,1.E0,0.E0));
#2698=VECTOR('',#2697,5.E-1);
#2699=CARTESIAN_POINT('',(-6.8E0,1.E0,1.85E0));
#2700=LINE('',#2699,#2698);
#2701=DIRECTION('',(0.E0,1.E0,0.E0));
#2702=VECTOR('',#2701,5.E-1);
#2703=CARTESIAN_POINT('',(-7.28E0,1.E0,1.85E0));
#2704=LINE('',#2703,#2702);
#2705=DIRECTION('',(0.E0,1.E0,0.E0));
#2706=VECTOR('',#2705,5.E-1);
#2707=CARTESIAN_POINT('',(-4.916326980708E0,1.E0,-8.5E-1));
#2708=LINE('',#2707,#2706);
#2709=DIRECTION('',(0.E0,1.E0,0.E0));
#2710=VECTOR('',#2709,5.E-1);
#2711=CARTESIAN_POINT('',(-4.74E0,1.E0,-1.85E0));
#2712=LINE('',#2711,#2710);
#2713=DIRECTION('',(0.E0,1.E0,0.E0));
#2714=VECTOR('',#2713,5.E-1);
#2715=CARTESIAN_POINT('',(-4.26E0,1.E0,-1.85E0));
#2716=LINE('',#2715,#2714);
#2717=DIRECTION('',(0.E0,1.E0,0.E0));
#2718=VECTOR('',#2717,5.E-1);
#2719=CARTESIAN_POINT('',(-4.26E0,1.E0,-8.5E-1));
#2720=LINE('',#2719,#2718);
#2721=DIRECTION('',(1.E0,0.E0,0.E0));
#2722=VECTOR('',#2721,6.563269807085E-1);
#2723=CARTESIAN_POINT('',(-4.916326980708E0,1.5E0,-8.5E-1));
#2724=LINE('',#2723,#2722);
#2725=DIRECTION('',(-1.736481776669E-1,0.E0,9.848077530122E-1));
#2726=VECTOR('',#2725,1.015426611886E0);
#2727=CARTESIAN_POINT('',(-4.74E0,1.5E0,-1.85E0));
#2728=LINE('',#2727,#2726);
#2729=DIRECTION('',(-1.E0,0.E0,0.E0));
#2730=VECTOR('',#2729,4.8E-1);
#2731=CARTESIAN_POINT('',(-4.26E0,1.5E0,-1.85E0));
#2732=LINE('',#2731,#2730);
#2733=DIRECTION('',(0.E0,0.E0,-1.E0));
#2734=VECTOR('',#2733,1.E0);
#2735=CARTESIAN_POINT('',(-4.26E0,1.5E0,-8.5E-1));
#2736=LINE('',#2735,#2734);
#2737=DIRECTION('',(-1.736481776669E-1,0.E0,-9.848077530122E-1));
#2738=VECTOR('',#2737,1.015426611886E0);
#2739=CARTESIAN_POINT('',(-2.703673019292E0,1.5E0,-8.5E-1));
#2740=LINE('',#2739,#2738);
#2741=DIRECTION('',(1.E0,0.E0,0.E0));
#2742=VECTOR('',#2741,6.563269807084E-1);
#2743=CARTESIAN_POINT('',(-3.36E0,1.5E0,-8.5E-1));
#2744=LINE('',#2743,#2742);
#2745=DIRECTION('',(0.E0,0.E0,1.E0));
#2746=VECTOR('',#2745,1.E0);
#2747=CARTESIAN_POINT('',(-3.36E0,1.5E0,-1.85E0));
#2748=LINE('',#2747,#2746);
#2749=DIRECTION('',(-1.E0,0.E0,0.E0));
#2750=VECTOR('',#2749,4.8E-1);
#2751=CARTESIAN_POINT('',(-2.88E0,1.5E0,-1.85E0));
#2752=LINE('',#2751,#2750);
#2753=DIRECTION('',(-1.E0,0.E0,0.E0));
#2754=VECTOR('',#2753,6.563269807084E-1);
#2755=CARTESIAN_POINT('',(-2.703673019292E0,1.5E0,8.5E-1));
#2756=LINE('',#2755,#2754);
#2757=DIRECTION('',(1.736481776669E-1,0.E0,-9.848077530122E-1));
#2758=VECTOR('',#2757,1.015426611886E0);
#2759=CARTESIAN_POINT('',(-2.88E0,1.5E0,1.85E0));
#2760=LINE('',#2759,#2758);
#2761=DIRECTION('',(1.E0,0.E0,0.E0));
#2762=VECTOR('',#2761,4.8E-1);
#2763=CARTESIAN_POINT('',(-3.36E0,1.5E0,1.85E0));
#2764=LINE('',#2763,#2762);
#2765=DIRECTION('',(0.E0,0.E0,1.E0));
#2766=VECTOR('',#2765,1.E0);
#2767=CARTESIAN_POINT('',(-3.36E0,1.5E0,8.5E-1));
#2768=LINE('',#2767,#2766);
#2769=DIRECTION('',(1.736481776669E-1,0.E0,9.848077530122E-1));
#2770=VECTOR('',#2769,1.015426611886E0);
#2771=CARTESIAN_POINT('',(-4.916326980708E0,1.5E0,8.5E-1));
#2772=LINE('',#2771,#2770);
#2773=DIRECTION('',(-1.E0,0.E0,0.E0));
#2774=VECTOR('',#2773,6.563269807085E-1);
#2775=CARTESIAN_POINT('',(-4.26E0,1.5E0,8.5E-1));
#2776=LINE('',#2775,#2774);
#2777=DIRECTION('',(0.E0,0.E0,-1.E0));
#2778=VECTOR('',#2777,1.E0);
#2779=CARTESIAN_POINT('',(-4.26E0,1.5E0,1.85E0));
#2780=LINE('',#2779,#2778);
#2781=DIRECTION('',(1.E0,0.E0,0.E0));
#2782=VECTOR('',#2781,4.8E-1);
#2783=CARTESIAN_POINT('',(-4.74E0,1.5E0,1.85E0));
#2784=LINE('',#2783,#2782);
#2785=DIRECTION('',(0.E0,1.E0,0.E0));
#2786=VECTOR('',#2785,5.E-1);
#2787=CARTESIAN_POINT('',(-2.703673019292E0,1.E0,-8.5E-1));
#2788=LINE('',#2787,#2786);
#2789=DIRECTION('',(0.E0,1.E0,0.E0));
#2790=VECTOR('',#2789,5.E-1);
#2791=CARTESIAN_POINT('',(-3.36E0,1.E0,-8.5E-1));
#2792=LINE('',#2791,#2790);
#2793=DIRECTION('',(0.E0,1.E0,0.E0));
#2794=VECTOR('',#2793,5.E-1);
#2795=CARTESIAN_POINT('',(-3.36E0,1.E0,-1.85E0));
#2796=LINE('',#2795,#2794);
#2797=DIRECTION('',(0.E0,1.E0,0.E0));
#2798=VECTOR('',#2797,5.E-1);
#2799=CARTESIAN_POINT('',(-2.88E0,1.E0,-1.85E0));
#2800=LINE('',#2799,#2798);
#2801=DIRECTION('',(0.E0,1.E0,0.E0));
#2802=VECTOR('',#2801,5.E-1);
#2803=CARTESIAN_POINT('',(-2.703673019292E0,1.E0,8.5E-1));
#2804=LINE('',#2803,#2802);
#2805=DIRECTION('',(0.E0,1.E0,0.E0));
#2806=VECTOR('',#2805,5.E-1);
#2807=CARTESIAN_POINT('',(-2.88E0,1.E0,1.85E0));
#2808=LINE('',#2807,#2806);
#2809=DIRECTION('',(0.E0,1.E0,0.E0));
#2810=VECTOR('',#2809,5.E-1);
#2811=CARTESIAN_POINT('',(-3.36E0,1.E0,1.85E0));
#2812=LINE('',#2811,#2810);
#2813=DIRECTION('',(0.E0,1.E0,0.E0));
#2814=VECTOR('',#2813,5.E-1);
#2815=CARTESIAN_POINT('',(-3.36E0,1.E0,8.5E-1));
#2816=LINE('',#2815,#2814);
#2817=DIRECTION('',(0.E0,1.E0,0.E0));
#2818=VECTOR('',#2817,5.E-1);
#2819=CARTESIAN_POINT('',(-4.916326980708E0,1.E0,8.5E-1));
#2820=LINE('',#2819,#2818);
#2821=DIRECTION('',(0.E0,1.E0,0.E0));
#2822=VECTOR('',#2821,5.E-1);
#2823=CARTESIAN_POINT('',(-4.26E0,1.E0,8.5E-1));
#2824=LINE('',#2823,#2822);
#2825=DIRECTION('',(0.E0,1.E0,0.E0));
#2826=VECTOR('',#2825,5.E-1);
#2827=CARTESIAN_POINT('',(-4.26E0,1.E0,1.85E0));
#2828=LINE('',#2827,#2826);
#2829=DIRECTION('',(0.E0,1.E0,0.E0));
#2830=VECTOR('',#2829,5.E-1);
#2831=CARTESIAN_POINT('',(-4.74E0,1.E0,1.85E0));
#2832=LINE('',#2831,#2830);
#2833=DIRECTION('',(0.E0,1.E0,0.E0));
#2834=VECTOR('',#2833,5.E-1);
#2835=CARTESIAN_POINT('',(-2.376326980708E0,1.E0,-8.5E-1));
#2836=LINE('',#2835,#2834);
#2837=DIRECTION('',(0.E0,1.E0,0.E0));
#2838=VECTOR('',#2837,5.E-1);
#2839=CARTESIAN_POINT('',(-2.2E0,1.E0,-1.85E0));
#2840=LINE('',#2839,#2838);
#2841=DIRECTION('',(0.E0,1.E0,0.E0));
#2842=VECTOR('',#2841,5.E-1);
#2843=CARTESIAN_POINT('',(-1.72E0,1.E0,-1.85E0));
#2844=LINE('',#2843,#2842);
#2845=DIRECTION('',(0.E0,1.E0,0.E0));
#2846=VECTOR('',#2845,5.E-1);
#2847=CARTESIAN_POINT('',(-1.72E0,1.E0,-8.5E-1));
#2848=LINE('',#2847,#2846);
#2849=DIRECTION('',(1.E0,0.E0,0.E0));
#2850=VECTOR('',#2849,6.563269807084E-1);
#2851=CARTESIAN_POINT('',(-2.376326980708E0,1.5E0,-8.5E-1));
#2852=LINE('',#2851,#2850);
#2853=DIRECTION('',(-1.736481776669E-1,0.E0,9.848077530122E-1));
#2854=VECTOR('',#2853,1.015426611886E0);
#2855=CARTESIAN_POINT('',(-2.2E0,1.5E0,-1.85E0));
#2856=LINE('',#2855,#2854);
#2857=DIRECTION('',(-1.E0,0.E0,0.E0));
#2858=VECTOR('',#2857,4.8E-1);
#2859=CARTESIAN_POINT('',(-1.72E0,1.5E0,-1.85E0));
#2860=LINE('',#2859,#2858);
#2861=DIRECTION('',(0.E0,0.E0,-1.E0));
#2862=VECTOR('',#2861,1.E0);
#2863=CARTESIAN_POINT('',(-1.72E0,1.5E0,-8.5E-1));
#2864=LINE('',#2863,#2862);
#2865=DIRECTION('',(-1.736481776669E-1,0.E0,-9.848077530122E-1));
#2866=VECTOR('',#2865,1.015426611886E0);
#2867=CARTESIAN_POINT('',(-1.636730192916E-1,1.5E0,-8.5E-1));
#2868=LINE('',#2867,#2866);
#2869=DIRECTION('',(1.E0,0.E0,0.E0));
#2870=VECTOR('',#2869,6.563269807084E-1);
#2871=CARTESIAN_POINT('',(-8.2E-1,1.5E0,-8.5E-1));
#2872=LINE('',#2871,#2870);
#2873=DIRECTION('',(0.E0,0.E0,1.E0));
#2874=VECTOR('',#2873,1.E0);
#2875=CARTESIAN_POINT('',(-8.2E-1,1.5E0,-1.85E0));
#2876=LINE('',#2875,#2874);
#2877=DIRECTION('',(-1.E0,0.E0,0.E0));
#2878=VECTOR('',#2877,4.8E-1);
#2879=CARTESIAN_POINT('',(-3.4E-1,1.5E0,-1.85E0));
#2880=LINE('',#2879,#2878);
#2881=DIRECTION('',(-1.E0,0.E0,0.E0));
#2882=VECTOR('',#2881,6.563269807084E-1);
#2883=CARTESIAN_POINT('',(-1.636730192916E-1,1.5E0,8.5E-1));
#2884=LINE('',#2883,#2882);
#2885=DIRECTION('',(1.736481776669E-1,0.E0,-9.848077530122E-1));
#2886=VECTOR('',#2885,1.015426611886E0);
#2887=CARTESIAN_POINT('',(-3.4E-1,1.5E0,1.85E0));
#2888=LINE('',#2887,#2886);
#2889=DIRECTION('',(1.E0,0.E0,0.E0));
#2890=VECTOR('',#2889,4.8E-1);
#2891=CARTESIAN_POINT('',(-8.2E-1,1.5E0,1.85E0));
#2892=LINE('',#2891,#2890);
#2893=DIRECTION('',(0.E0,0.E0,1.E0));
#2894=VECTOR('',#2893,1.E0);
#2895=CARTESIAN_POINT('',(-8.2E-1,1.5E0,8.5E-1));
#2896=LINE('',#2895,#2894);
#2897=DIRECTION('',(1.736481776669E-1,0.E0,9.848077530122E-1));
#2898=VECTOR('',#2897,1.015426611886E0);
#2899=CARTESIAN_POINT('',(-2.376326980708E0,1.5E0,8.5E-1));
#2900=LINE('',#2899,#2898);
#2901=DIRECTION('',(-1.E0,0.E0,0.E0));
#2902=VECTOR('',#2901,6.563269807084E-1);
#2903=CARTESIAN_POINT('',(-1.72E0,1.5E0,8.5E-1));
#2904=LINE('',#2903,#2902);
#2905=DIRECTION('',(0.E0,0.E0,-1.E0));
#2906=VECTOR('',#2905,1.E0);
#2907=CARTESIAN_POINT('',(-1.72E0,1.5E0,1.85E0));
#2908=LINE('',#2907,#2906);
#2909=DIRECTION('',(1.E0,0.E0,0.E0));
#2910=VECTOR('',#2909,4.8E-1);
#2911=CARTESIAN_POINT('',(-2.2E0,1.5E0,1.85E0));
#2912=LINE('',#2911,#2910);
#2913=DIRECTION('',(0.E0,1.E0,0.E0));
#2914=VECTOR('',#2913,5.E-1);
#2915=CARTESIAN_POINT('',(-1.636730192916E-1,1.E0,-8.5E-1));
#2916=LINE('',#2915,#2914);
#2917=DIRECTION('',(0.E0,1.E0,0.E0));
#2918=VECTOR('',#2917,5.E-1);
#2919=CARTESIAN_POINT('',(-8.2E-1,1.E0,-8.5E-1));
#2920=LINE('',#2919,#2918);
#2921=DIRECTION('',(0.E0,1.E0,0.E0));
#2922=VECTOR('',#2921,5.E-1);
#2923=CARTESIAN_POINT('',(-8.2E-1,1.E0,-1.85E0));
#2924=LINE('',#2923,#2922);
#2925=DIRECTION('',(0.E0,1.E0,0.E0));
#2926=VECTOR('',#2925,5.E-1);
#2927=CARTESIAN_POINT('',(-3.4E-1,1.E0,-1.85E0));
#2928=LINE('',#2927,#2926);
#2929=DIRECTION('',(0.E0,1.E0,0.E0));
#2930=VECTOR('',#2929,5.E-1);
#2931=CARTESIAN_POINT('',(-1.636730192916E-1,1.E0,8.5E-1));
#2932=LINE('',#2931,#2930);
#2933=DIRECTION('',(0.E0,1.E0,0.E0));
#2934=VECTOR('',#2933,5.E-1);
#2935=CARTESIAN_POINT('',(-3.4E-1,1.E0,1.85E0));
#2936=LINE('',#2935,#2934);
#2937=DIRECTION('',(0.E0,1.E0,0.E0));
#2938=VECTOR('',#2937,5.E-1);
#2939=CARTESIAN_POINT('',(-8.2E-1,1.E0,1.85E0));
#2940=LINE('',#2939,#2938);
#2941=DIRECTION('',(0.E0,1.E0,0.E0));
#2942=VECTOR('',#2941,5.E-1);
#2943=CARTESIAN_POINT('',(-8.2E-1,1.E0,8.5E-1));
#2944=LINE('',#2943,#2942);
#2945=DIRECTION('',(0.E0,1.E0,0.E0));
#2946=VECTOR('',#2945,5.E-1);
#2947=CARTESIAN_POINT('',(-2.376326980708E0,1.E0,8.5E-1));
#2948=LINE('',#2947,#2946);
#2949=DIRECTION('',(0.E0,1.E0,0.E0));
#2950=VECTOR('',#2949,5.E-1);
#2951=CARTESIAN_POINT('',(-1.72E0,1.E0,8.5E-1));
#2952=LINE('',#2951,#2950);
#2953=DIRECTION('',(0.E0,1.E0,0.E0));
#2954=VECTOR('',#2953,5.E-1);
#2955=CARTESIAN_POINT('',(-1.72E0,1.E0,1.85E0));
#2956=LINE('',#2955,#2954);
#2957=DIRECTION('',(0.E0,1.E0,0.E0));
#2958=VECTOR('',#2957,5.E-1);
#2959=CARTESIAN_POINT('',(-2.2E0,1.E0,1.85E0));
#2960=LINE('',#2959,#2958);
#2961=DIRECTION('',(0.E0,1.E0,0.E0));
#2962=VECTOR('',#2961,5.E-1);
#2963=CARTESIAN_POINT('',(1.636730192916E-1,1.E0,-8.5E-1));
#2964=LINE('',#2963,#2962);
#2965=DIRECTION('',(0.E0,1.E0,0.E0));
#2966=VECTOR('',#2965,5.E-1);
#2967=CARTESIAN_POINT('',(3.4E-1,1.E0,-1.85E0));
#2968=LINE('',#2967,#2966);
#2969=DIRECTION('',(0.E0,1.E0,0.E0));
#2970=VECTOR('',#2969,5.E-1);
#2971=CARTESIAN_POINT('',(8.2E-1,1.E0,-1.85E0));
#2972=LINE('',#2971,#2970);
#2973=DIRECTION('',(0.E0,1.E0,0.E0));
#2974=VECTOR('',#2973,5.E-1);
#2975=CARTESIAN_POINT('',(8.2E-1,1.E0,-8.5E-1));
#2976=LINE('',#2975,#2974);
#2977=DIRECTION('',(1.E0,0.E0,0.E0));
#2978=VECTOR('',#2977,6.563269807084E-1);
#2979=CARTESIAN_POINT('',(1.636730192916E-1,1.5E0,-8.5E-1));
#2980=LINE('',#2979,#2978);
#2981=DIRECTION('',(-1.736481776669E-1,0.E0,9.848077530122E-1));
#2982=VECTOR('',#2981,1.015426611886E0);
#2983=CARTESIAN_POINT('',(3.4E-1,1.5E0,-1.85E0));
#2984=LINE('',#2983,#2982);
#2985=DIRECTION('',(-1.E0,0.E0,0.E0));
#2986=VECTOR('',#2985,4.8E-1);
#2987=CARTESIAN_POINT('',(8.2E-1,1.5E0,-1.85E0));
#2988=LINE('',#2987,#2986);
#2989=DIRECTION('',(0.E0,0.E0,-1.E0));
#2990=VECTOR('',#2989,1.E0);
#2991=CARTESIAN_POINT('',(8.2E-1,1.5E0,-8.5E-1));
#2992=LINE('',#2991,#2990);
#2993=DIRECTION('',(-1.736481776669E-1,0.E0,-9.848077530122E-1));
#2994=VECTOR('',#2993,1.015426611886E0);
#2995=CARTESIAN_POINT('',(2.376326980708E0,1.5E0,-8.5E-1));
#2996=LINE('',#2995,#2994);
#2997=DIRECTION('',(1.E0,0.E0,0.E0));
#2998=VECTOR('',#2997,6.563269807084E-1);
#2999=CARTESIAN_POINT('',(1.72E0,1.5E0,-8.5E-1));
#3000=LINE('',#2999,#2998);
#3001=DIRECTION('',(0.E0,0.E0,1.E0));
#3002=VECTOR('',#3001,1.E0);
#3003=CARTESIAN_POINT('',(1.72E0,1.5E0,-1.85E0));
#3004=LINE('',#3003,#3002);
#3005=DIRECTION('',(-1.E0,0.E0,0.E0));
#3006=VECTOR('',#3005,4.8E-1);
#3007=CARTESIAN_POINT('',(2.2E0,1.5E0,-1.85E0));
#3008=LINE('',#3007,#3006);
#3009=DIRECTION('',(-1.E0,0.E0,0.E0));
#3010=VECTOR('',#3009,6.563269807084E-1);
#3011=CARTESIAN_POINT('',(2.376326980708E0,1.5E0,8.5E-1));
#3012=LINE('',#3011,#3010);
#3013=DIRECTION('',(1.736481776669E-1,0.E0,-9.848077530122E-1));
#3014=VECTOR('',#3013,1.015426611886E0);
#3015=CARTESIAN_POINT('',(2.2E0,1.5E0,1.85E0));
#3016=LINE('',#3015,#3014);
#3017=DIRECTION('',(1.E0,0.E0,0.E0));
#3018=VECTOR('',#3017,4.8E-1);
#3019=CARTESIAN_POINT('',(1.72E0,1.5E0,1.85E0));
#3020=LINE('',#3019,#3018);
#3021=DIRECTION('',(0.E0,0.E0,1.E0));
#3022=VECTOR('',#3021,1.E0);
#3023=CARTESIAN_POINT('',(1.72E0,1.5E0,8.5E-1));
#3024=LINE('',#3023,#3022);
#3025=DIRECTION('',(1.736481776669E-1,0.E0,9.848077530122E-1));
#3026=VECTOR('',#3025,1.015426611886E0);
#3027=CARTESIAN_POINT('',(1.636730192916E-1,1.5E0,8.5E-1));
#3028=LINE('',#3027,#3026);
#3029=DIRECTION('',(-1.E0,0.E0,0.E0));
#3030=VECTOR('',#3029,6.563269807084E-1);
#3031=CARTESIAN_POINT('',(8.2E-1,1.5E0,8.5E-1));
#3032=LINE('',#3031,#3030);
#3033=DIRECTION('',(0.E0,0.E0,-1.E0));
#3034=VECTOR('',#3033,1.E0);
#3035=CARTESIAN_POINT('',(8.2E-1,1.5E0,1.85E0));
#3036=LINE('',#3035,#3034);
#3037=DIRECTION('',(1.E0,0.E0,0.E0));
#3038=VECTOR('',#3037,4.8E-1);
#3039=CARTESIAN_POINT('',(3.4E-1,1.5E0,1.85E0));
#3040=LINE('',#3039,#3038);
#3041=DIRECTION('',(0.E0,1.E0,0.E0));
#3042=VECTOR('',#3041,5.E-1);
#3043=CARTESIAN_POINT('',(2.376326980708E0,1.E0,-8.5E-1));
#3044=LINE('',#3043,#3042);
#3045=DIRECTION('',(0.E0,1.E0,0.E0));
#3046=VECTOR('',#3045,5.E-1);
#3047=CARTESIAN_POINT('',(1.72E0,1.E0,-8.5E-1));
#3048=LINE('',#3047,#3046);
#3049=DIRECTION('',(0.E0,1.E0,0.E0));
#3050=VECTOR('',#3049,5.E-1);
#3051=CARTESIAN_POINT('',(1.72E0,1.E0,-1.85E0));
#3052=LINE('',#3051,#3050);
#3053=DIRECTION('',(0.E0,1.E0,0.E0));
#3054=VECTOR('',#3053,5.E-1);
#3055=CARTESIAN_POINT('',(2.2E0,1.E0,-1.85E0));
#3056=LINE('',#3055,#3054);
#3057=DIRECTION('',(0.E0,1.E0,0.E0));
#3058=VECTOR('',#3057,5.E-1);
#3059=CARTESIAN_POINT('',(2.376326980708E0,1.E0,8.5E-1));
#3060=LINE('',#3059,#3058);
#3061=DIRECTION('',(0.E0,1.E0,0.E0));
#3062=VECTOR('',#3061,5.E-1);
#3063=CARTESIAN_POINT('',(2.2E0,1.E0,1.85E0));
#3064=LINE('',#3063,#3062);
#3065=DIRECTION('',(0.E0,1.E0,0.E0));
#3066=VECTOR('',#3065,5.E-1);
#3067=CARTESIAN_POINT('',(1.72E0,1.E0,1.85E0));
#3068=LINE('',#3067,#3066);
#3069=DIRECTION('',(0.E0,1.E0,0.E0));
#3070=VECTOR('',#3069,5.E-1);
#3071=CARTESIAN_POINT('',(1.72E0,1.E0,8.5E-1));
#3072=LINE('',#3071,#3070);
#3073=DIRECTION('',(0.E0,1.E0,0.E0));
#3074=VECTOR('',#3073,5.E-1);
#3075=CARTESIAN_POINT('',(1.636730192916E-1,1.E0,8.5E-1));
#3076=LINE('',#3075,#3074);
#3077=DIRECTION('',(0.E0,1.E0,0.E0));
#3078=VECTOR('',#3077,5.E-1);
#3079=CARTESIAN_POINT('',(8.2E-1,1.E0,8.5E-1));
#3080=LINE('',#3079,#3078);
#3081=DIRECTION('',(0.E0,1.E0,0.E0));
#3082=VECTOR('',#3081,5.E-1);
#3083=CARTESIAN_POINT('',(8.2E-1,1.E0,1.85E0));
#3084=LINE('',#3083,#3082);
#3085=DIRECTION('',(0.E0,1.E0,0.E0));
#3086=VECTOR('',#3085,5.E-1);
#3087=CARTESIAN_POINT('',(3.4E-1,1.E0,1.85E0));
#3088=LINE('',#3087,#3086);
#3089=DIRECTION('',(0.E0,1.E0,0.E0));
#3090=VECTOR('',#3089,5.E-1);
#3091=CARTESIAN_POINT('',(2.703673019292E0,1.E0,-8.5E-1));
#3092=LINE('',#3091,#3090);
#3093=DIRECTION('',(0.E0,1.E0,0.E0));
#3094=VECTOR('',#3093,5.E-1);
#3095=CARTESIAN_POINT('',(2.88E0,1.E0,-1.85E0));
#3096=LINE('',#3095,#3094);
#3097=DIRECTION('',(0.E0,1.E0,0.E0));
#3098=VECTOR('',#3097,5.E-1);
#3099=CARTESIAN_POINT('',(3.36E0,1.E0,-1.85E0));
#3100=LINE('',#3099,#3098);
#3101=DIRECTION('',(0.E0,1.E0,0.E0));
#3102=VECTOR('',#3101,5.E-1);
#3103=CARTESIAN_POINT('',(3.36E0,1.E0,-8.5E-1));
#3104=LINE('',#3103,#3102);
#3105=DIRECTION('',(1.E0,0.E0,0.E0));
#3106=VECTOR('',#3105,6.563269807084E-1);
#3107=CARTESIAN_POINT('',(2.703673019292E0,1.5E0,-8.5E-1));
#3108=LINE('',#3107,#3106);
#3109=DIRECTION('',(-1.736481776669E-1,0.E0,9.848077530122E-1));
#3110=VECTOR('',#3109,1.015426611886E0);
#3111=CARTESIAN_POINT('',(2.88E0,1.5E0,-1.85E0));
#3112=LINE('',#3111,#3110);
#3113=DIRECTION('',(-1.E0,0.E0,0.E0));
#3114=VECTOR('',#3113,4.8E-1);
#3115=CARTESIAN_POINT('',(3.36E0,1.5E0,-1.85E0));
#3116=LINE('',#3115,#3114);
#3117=DIRECTION('',(0.E0,0.E0,-1.E0));
#3118=VECTOR('',#3117,1.E0);
#3119=CARTESIAN_POINT('',(3.36E0,1.5E0,-8.5E-1));
#3120=LINE('',#3119,#3118);
#3121=DIRECTION('',(-1.736481776669E-1,0.E0,-9.848077530122E-1));
#3122=VECTOR('',#3121,1.015426611886E0);
#3123=CARTESIAN_POINT('',(4.916326980708E0,1.5E0,-8.5E-1));
#3124=LINE('',#3123,#3122);
#3125=DIRECTION('',(1.E0,0.E0,0.E0));
#3126=VECTOR('',#3125,6.563269807084E-1);
#3127=CARTESIAN_POINT('',(4.26E0,1.5E0,-8.5E-1));
#3128=LINE('',#3127,#3126);
#3129=DIRECTION('',(0.E0,0.E0,1.E0));
#3130=VECTOR('',#3129,1.E0);
#3131=CARTESIAN_POINT('',(4.26E0,1.5E0,-1.85E0));
#3132=LINE('',#3131,#3130);
#3133=DIRECTION('',(-1.E0,0.E0,0.E0));
#3134=VECTOR('',#3133,4.8E-1);
#3135=CARTESIAN_POINT('',(4.74E0,1.5E0,-1.85E0));
#3136=LINE('',#3135,#3134);
#3137=DIRECTION('',(-1.E0,0.E0,0.E0));
#3138=VECTOR('',#3137,6.563269807084E-1);
#3139=CARTESIAN_POINT('',(4.916326980708E0,1.5E0,8.5E-1));
#3140=LINE('',#3139,#3138);
#3141=DIRECTION('',(1.736481776669E-1,0.E0,-9.848077530122E-1));
#3142=VECTOR('',#3141,1.015426611886E0);
#3143=CARTESIAN_POINT('',(4.74E0,1.5E0,1.85E0));
#3144=LINE('',#3143,#3142);
#3145=DIRECTION('',(1.E0,0.E0,0.E0));
#3146=VECTOR('',#3145,4.8E-1);
#3147=CARTESIAN_POINT('',(4.26E0,1.5E0,1.85E0));
#3148=LINE('',#3147,#3146);
#3149=DIRECTION('',(0.E0,0.E0,1.E0));
#3150=VECTOR('',#3149,1.E0);
#3151=CARTESIAN_POINT('',(4.26E0,1.5E0,8.5E-1));
#3152=LINE('',#3151,#3150);
#3153=DIRECTION('',(1.736481776669E-1,0.E0,9.848077530122E-1));
#3154=VECTOR('',#3153,1.015426611886E0);
#3155=CARTESIAN_POINT('',(2.703673019292E0,1.5E0,8.5E-1));
#3156=LINE('',#3155,#3154);
#3157=DIRECTION('',(-1.E0,0.E0,0.E0));
#3158=VECTOR('',#3157,6.563269807084E-1);
#3159=CARTESIAN_POINT('',(3.36E0,1.5E0,8.5E-1));
#3160=LINE('',#3159,#3158);
#3161=DIRECTION('',(0.E0,0.E0,-1.E0));
#3162=VECTOR('',#3161,1.E0);
#3163=CARTESIAN_POINT('',(3.36E0,1.5E0,1.85E0));
#3164=LINE('',#3163,#3162);
#3165=DIRECTION('',(1.E0,0.E0,0.E0));
#3166=VECTOR('',#3165,4.8E-1);
#3167=CARTESIAN_POINT('',(2.88E0,1.5E0,1.85E0));
#3168=LINE('',#3167,#3166);
#3169=DIRECTION('',(0.E0,1.E0,0.E0));
#3170=VECTOR('',#3169,5.E-1);
#3171=CARTESIAN_POINT('',(4.916326980708E0,1.E0,-8.5E-1));
#3172=LINE('',#3171,#3170);
#3173=DIRECTION('',(0.E0,1.E0,0.E0));
#3174=VECTOR('',#3173,5.E-1);
#3175=CARTESIAN_POINT('',(4.26E0,1.E0,-8.5E-1));
#3176=LINE('',#3175,#3174);
#3177=DIRECTION('',(0.E0,1.E0,0.E0));
#3178=VECTOR('',#3177,5.E-1);
#3179=CARTESIAN_POINT('',(4.26E0,1.E0,-1.85E0));
#3180=LINE('',#3179,#3178);
#3181=DIRECTION('',(0.E0,1.E0,0.E0));
#3182=VECTOR('',#3181,5.E-1);
#3183=CARTESIAN_POINT('',(4.74E0,1.E0,-1.85E0));
#3184=LINE('',#3183,#3182);
#3185=DIRECTION('',(0.E0,1.E0,0.E0));
#3186=VECTOR('',#3185,5.E-1);
#3187=CARTESIAN_POINT('',(4.916326980708E0,1.E0,8.5E-1));
#3188=LINE('',#3187,#3186);
#3189=DIRECTION('',(0.E0,1.E0,0.E0));
#3190=VECTOR('',#3189,5.E-1);
#3191=CARTESIAN_POINT('',(4.74E0,1.E0,1.85E0));
#3192=LINE('',#3191,#3190);
#3193=DIRECTION('',(0.E0,1.E0,0.E0));
#3194=VECTOR('',#3193,5.E-1);
#3195=CARTESIAN_POINT('',(4.26E0,1.E0,1.85E0));
#3196=LINE('',#3195,#3194);
#3197=DIRECTION('',(0.E0,1.E0,0.E0));
#3198=VECTOR('',#3197,5.E-1);
#3199=CARTESIAN_POINT('',(4.26E0,1.E0,8.5E-1));
#3200=LINE('',#3199,#3198);
#3201=DIRECTION('',(0.E0,1.E0,0.E0));
#3202=VECTOR('',#3201,5.E-1);
#3203=CARTESIAN_POINT('',(2.703673019292E0,1.E0,8.5E-1));
#3204=LINE('',#3203,#3202);
#3205=DIRECTION('',(0.E0,1.E0,0.E0));
#3206=VECTOR('',#3205,5.E-1);
#3207=CARTESIAN_POINT('',(3.36E0,1.E0,8.5E-1));
#3208=LINE('',#3207,#3206);
#3209=DIRECTION('',(0.E0,1.E0,0.E0));
#3210=VECTOR('',#3209,5.E-1);
#3211=CARTESIAN_POINT('',(3.36E0,1.E0,1.85E0));
#3212=LINE('',#3211,#3210);
#3213=DIRECTION('',(0.E0,1.E0,0.E0));
#3214=VECTOR('',#3213,5.E-1);
#3215=CARTESIAN_POINT('',(2.88E0,1.E0,1.85E0));
#3216=LINE('',#3215,#3214);
#3217=DIRECTION('',(0.E0,1.E0,0.E0));
#3218=VECTOR('',#3217,5.E-1);
#3219=CARTESIAN_POINT('',(5.243673019292E0,1.E0,-8.5E-1));
#3220=LINE('',#3219,#3218);
#3221=DIRECTION('',(0.E0,1.E0,0.E0));
#3222=VECTOR('',#3221,5.E-1);
#3223=CARTESIAN_POINT('',(5.42E0,1.E0,-1.85E0));
#3224=LINE('',#3223,#3222);
#3225=DIRECTION('',(0.E0,1.E0,0.E0));
#3226=VECTOR('',#3225,5.E-1);
#3227=CARTESIAN_POINT('',(5.9E0,1.E0,-1.85E0));
#3228=LINE('',#3227,#3226);
#3229=DIRECTION('',(0.E0,1.E0,0.E0));
#3230=VECTOR('',#3229,5.E-1);
#3231=CARTESIAN_POINT('',(5.9E0,1.E0,-8.5E-1));
#3232=LINE('',#3231,#3230);
#3233=DIRECTION('',(1.E0,0.E0,0.E0));
#3234=VECTOR('',#3233,6.563269807084E-1);
#3235=CARTESIAN_POINT('',(5.243673019292E0,1.5E0,-8.5E-1));
#3236=LINE('',#3235,#3234);
#3237=DIRECTION('',(-1.736481776669E-1,0.E0,9.848077530122E-1));
#3238=VECTOR('',#3237,1.015426611886E0);
#3239=CARTESIAN_POINT('',(5.42E0,1.5E0,-1.85E0));
#3240=LINE('',#3239,#3238);
#3241=DIRECTION('',(-1.E0,0.E0,0.E0));
#3242=VECTOR('',#3241,4.8E-1);
#3243=CARTESIAN_POINT('',(5.9E0,1.5E0,-1.85E0));
#3244=LINE('',#3243,#3242);
#3245=DIRECTION('',(0.E0,0.E0,-1.E0));
#3246=VECTOR('',#3245,1.E0);
#3247=CARTESIAN_POINT('',(5.9E0,1.5E0,-8.5E-1));
#3248=LINE('',#3247,#3246);
#3249=DIRECTION('',(-1.736481776669E-1,0.E0,-9.848077530122E-1));
#3250=VECTOR('',#3249,1.015426611886E0);
#3251=CARTESIAN_POINT('',(7.456326980708E0,1.5E0,-8.5E-1));
#3252=LINE('',#3251,#3250);
#3253=DIRECTION('',(1.E0,0.E0,0.E0));
#3254=VECTOR('',#3253,6.563269807084E-1);
#3255=CARTESIAN_POINT('',(6.8E0,1.5E0,-8.5E-1));
#3256=LINE('',#3255,#3254);
#3257=DIRECTION('',(0.E0,0.E0,1.E0));
#3258=VECTOR('',#3257,1.E0);
#3259=CARTESIAN_POINT('',(6.8E0,1.5E0,-1.85E0));
#3260=LINE('',#3259,#3258);
#3261=DIRECTION('',(-1.E0,0.E0,0.E0));
#3262=VECTOR('',#3261,4.8E-1);
#3263=CARTESIAN_POINT('',(7.28E0,1.5E0,-1.85E0));
#3264=LINE('',#3263,#3262);
#3265=DIRECTION('',(-1.E0,0.E0,0.E0));
#3266=VECTOR('',#3265,6.563269807084E-1);
#3267=CARTESIAN_POINT('',(7.456326980708E0,1.5E0,8.5E-1));
#3268=LINE('',#3267,#3266);
#3269=DIRECTION('',(1.736481776669E-1,0.E0,-9.848077530122E-1));
#3270=VECTOR('',#3269,1.015426611886E0);
#3271=CARTESIAN_POINT('',(7.28E0,1.5E0,1.85E0));
#3272=LINE('',#3271,#3270);
#3273=DIRECTION('',(1.E0,0.E0,0.E0));
#3274=VECTOR('',#3273,4.8E-1);
#3275=CARTESIAN_POINT('',(6.8E0,1.5E0,1.85E0));
#3276=LINE('',#3275,#3274);
#3277=DIRECTION('',(0.E0,0.E0,1.E0));
#3278=VECTOR('',#3277,1.E0);
#3279=CARTESIAN_POINT('',(6.8E0,1.5E0,8.5E-1));
#3280=LINE('',#3279,#3278);
#3281=DIRECTION('',(1.736481776669E-1,0.E0,9.848077530122E-1));
#3282=VECTOR('',#3281,1.015426611886E0);
#3283=CARTESIAN_POINT('',(5.243673019292E0,1.5E0,8.5E-1));
#3284=LINE('',#3283,#3282);
#3285=DIRECTION('',(-1.E0,0.E0,0.E0));
#3286=VECTOR('',#3285,6.563269807084E-1);
#3287=CARTESIAN_POINT('',(5.9E0,1.5E0,8.5E-1));
#3288=LINE('',#3287,#3286);
#3289=DIRECTION('',(0.E0,0.E0,-1.E0));
#3290=VECTOR('',#3289,1.E0);
#3291=CARTESIAN_POINT('',(5.9E0,1.5E0,1.85E0));
#3292=LINE('',#3291,#3290);
#3293=DIRECTION('',(1.E0,0.E0,0.E0));
#3294=VECTOR('',#3293,4.8E-1);
#3295=CARTESIAN_POINT('',(5.42E0,1.5E0,1.85E0));
#3296=LINE('',#3295,#3294);
#3297=DIRECTION('',(0.E0,1.E0,0.E0));
#3298=VECTOR('',#3297,5.E-1);
#3299=CARTESIAN_POINT('',(7.456326980708E0,1.E0,-8.5E-1));
#3300=LINE('',#3299,#3298);
#3301=DIRECTION('',(0.E0,1.E0,0.E0));
#3302=VECTOR('',#3301,5.E-1);
#3303=CARTESIAN_POINT('',(6.8E0,1.E0,-8.5E-1));
#3304=LINE('',#3303,#3302);
#3305=DIRECTION('',(0.E0,1.E0,0.E0));
#3306=VECTOR('',#3305,5.E-1);
#3307=CARTESIAN_POINT('',(6.8E0,1.E0,-1.85E0));
#3308=LINE('',#3307,#3306);
#3309=DIRECTION('',(0.E0,1.E0,0.E0));
#3310=VECTOR('',#3309,5.E-1);
#3311=CARTESIAN_POINT('',(7.28E0,1.E0,-1.85E0));
#3312=LINE('',#3311,#3310);
#3313=DIRECTION('',(0.E0,1.E0,0.E0));
#3314=VECTOR('',#3313,5.E-1);
#3315=CARTESIAN_POINT('',(7.456326980708E0,1.E0,8.5E-1));
#3316=LINE('',#3315,#3314);
#3317=DIRECTION('',(0.E0,1.E0,0.E0));
#3318=VECTOR('',#3317,5.E-1);
#3319=CARTESIAN_POINT('',(7.28E0,1.E0,1.85E0));
#3320=LINE('',#3319,#3318);
#3321=DIRECTION('',(0.E0,1.E0,0.E0));
#3322=VECTOR('',#3321,5.E-1);
#3323=CARTESIAN_POINT('',(6.8E0,1.E0,1.85E0));
#3324=LINE('',#3323,#3322);
#3325=DIRECTION('',(0.E0,1.E0,0.E0));
#3326=VECTOR('',#3325,5.E-1);
#3327=CARTESIAN_POINT('',(6.8E0,1.E0,8.5E-1));
#3328=LINE('',#3327,#3326);
#3329=DIRECTION('',(0.E0,1.E0,0.E0));
#3330=VECTOR('',#3329,5.E-1);
#3331=CARTESIAN_POINT('',(5.243673019292E0,1.E0,8.5E-1));
#3332=LINE('',#3331,#3330);
#3333=DIRECTION('',(0.E0,1.E0,0.E0));
#3334=VECTOR('',#3333,5.E-1);
#3335=CARTESIAN_POINT('',(5.9E0,1.E0,8.5E-1));
#3336=LINE('',#3335,#3334);
#3337=DIRECTION('',(0.E0,1.E0,0.E0));
#3338=VECTOR('',#3337,5.E-1);
#3339=CARTESIAN_POINT('',(5.9E0,1.E0,1.85E0));
#3340=LINE('',#3339,#3338);
#3341=DIRECTION('',(0.E0,1.E0,0.E0));
#3342=VECTOR('',#3341,5.E-1);
#3343=CARTESIAN_POINT('',(5.42E0,1.E0,1.85E0));
#3344=LINE('',#3343,#3342);
#3345=DIRECTION('',(0.E0,1.E0,0.E0));
#3346=VECTOR('',#3345,5.E-1);
#3347=CARTESIAN_POINT('',(7.783673019292E0,1.E0,-8.5E-1));
#3348=LINE('',#3347,#3346);
#3349=DIRECTION('',(0.E0,1.E0,0.E0));
#3350=VECTOR('',#3349,5.E-1);
#3351=CARTESIAN_POINT('',(7.96E0,1.E0,-1.85E0));
#3352=LINE('',#3351,#3350);
#3353=DIRECTION('',(0.E0,1.E0,0.E0));
#3354=VECTOR('',#3353,5.E-1);
#3355=CARTESIAN_POINT('',(8.44E0,1.E0,-1.85E0));
#3356=LINE('',#3355,#3354);
#3357=DIRECTION('',(0.E0,1.E0,0.E0));
#3358=VECTOR('',#3357,5.E-1);
#3359=CARTESIAN_POINT('',(8.44E0,1.E0,-8.5E-1));
#3360=LINE('',#3359,#3358);
#3361=DIRECTION('',(1.E0,0.E0,0.E0));
#3362=VECTOR('',#3361,6.563269807084E-1);
#3363=CARTESIAN_POINT('',(7.783673019292E0,1.5E0,-8.5E-1));
#3364=LINE('',#3363,#3362);
#3365=DIRECTION('',(-1.736481776669E-1,0.E0,9.848077530122E-1));
#3366=VECTOR('',#3365,1.015426611886E0);
#3367=CARTESIAN_POINT('',(7.96E0,1.5E0,-1.85E0));
#3368=LINE('',#3367,#3366);
#3369=DIRECTION('',(-1.E0,0.E0,0.E0));
#3370=VECTOR('',#3369,4.8E-1);
#3371=CARTESIAN_POINT('',(8.44E0,1.5E0,-1.85E0));
#3372=LINE('',#3371,#3370);
#3373=DIRECTION('',(0.E0,0.E0,-1.E0));
#3374=VECTOR('',#3373,1.E0);
#3375=CARTESIAN_POINT('',(8.44E0,1.5E0,-8.5E-1));
#3376=LINE('',#3375,#3374);
#3377=DIRECTION('',(-1.736481776669E-1,0.E0,-9.848077530122E-1));
#3378=VECTOR('',#3377,1.015426611886E0);
#3379=CARTESIAN_POINT('',(9.996326980708E0,1.5E0,-8.5E-1));
#3380=LINE('',#3379,#3378);
#3381=DIRECTION('',(1.E0,0.E0,0.E0));
#3382=VECTOR('',#3381,6.563269807084E-1);
#3383=CARTESIAN_POINT('',(9.34E0,1.5E0,-8.5E-1));
#3384=LINE('',#3383,#3382);
#3385=DIRECTION('',(0.E0,0.E0,1.E0));
#3386=VECTOR('',#3385,1.E0);
#3387=CARTESIAN_POINT('',(9.34E0,1.5E0,-1.85E0));
#3388=LINE('',#3387,#3386);
#3389=DIRECTION('',(-1.E0,0.E0,0.E0));
#3390=VECTOR('',#3389,4.8E-1);
#3391=CARTESIAN_POINT('',(9.82E0,1.5E0,-1.85E0));
#3392=LINE('',#3391,#3390);
#3393=DIRECTION('',(-1.E0,0.E0,0.E0));
#3394=VECTOR('',#3393,6.563269807084E-1);
#3395=CARTESIAN_POINT('',(9.996326980708E0,1.5E0,8.5E-1));
#3396=LINE('',#3395,#3394);
#3397=DIRECTION('',(1.736481776669E-1,0.E0,-9.848077530122E-1));
#3398=VECTOR('',#3397,1.015426611886E0);
#3399=CARTESIAN_POINT('',(9.82E0,1.5E0,1.85E0));
#3400=LINE('',#3399,#3398);
#3401=DIRECTION('',(1.E0,0.E0,0.E0));
#3402=VECTOR('',#3401,4.8E-1);
#3403=CARTESIAN_POINT('',(9.34E0,1.5E0,1.85E0));
#3404=LINE('',#3403,#3402);
#3405=DIRECTION('',(0.E0,0.E0,1.E0));
#3406=VECTOR('',#3405,1.E0);
#3407=CARTESIAN_POINT('',(9.34E0,1.5E0,8.5E-1));
#3408=LINE('',#3407,#3406);
#3409=DIRECTION('',(1.736481776669E-1,0.E0,9.848077530122E-1));
#3410=VECTOR('',#3409,1.015426611886E0);
#3411=CARTESIAN_POINT('',(7.783673019292E0,1.5E0,8.5E-1));
#3412=LINE('',#3411,#3410);
#3413=DIRECTION('',(-1.E0,0.E0,0.E0));
#3414=VECTOR('',#3413,6.563269807084E-1);
#3415=CARTESIAN_POINT('',(8.44E0,1.5E0,8.5E-1));
#3416=LINE('',#3415,#3414);
#3417=DIRECTION('',(0.E0,0.E0,-1.E0));
#3418=VECTOR('',#3417,1.E0);
#3419=CARTESIAN_POINT('',(8.44E0,1.5E0,1.85E0));
#3420=LINE('',#3419,#3418);
#3421=DIRECTION('',(1.E0,0.E0,0.E0));
#3422=VECTOR('',#3421,4.8E-1);
#3423=CARTESIAN_POINT('',(7.96E0,1.5E0,1.85E0));
#3424=LINE('',#3423,#3422);
#3425=DIRECTION('',(0.E0,1.E0,0.E0));
#3426=VECTOR('',#3425,5.E-1);
#3427=CARTESIAN_POINT('',(9.996326980708E0,1.E0,-8.5E-1));
#3428=LINE('',#3427,#3426);
#3429=DIRECTION('',(0.E0,1.E0,0.E0));
#3430=VECTOR('',#3429,5.E-1);
#3431=CARTESIAN_POINT('',(9.34E0,1.E0,-8.5E-1));
#3432=LINE('',#3431,#3430);
#3433=DIRECTION('',(0.E0,1.E0,0.E0));
#3434=VECTOR('',#3433,5.E-1);
#3435=CARTESIAN_POINT('',(9.34E0,1.E0,-1.85E0));
#3436=LINE('',#3435,#3434);
#3437=DIRECTION('',(0.E0,1.E0,0.E0));
#3438=VECTOR('',#3437,5.E-1);
#3439=CARTESIAN_POINT('',(9.82E0,1.E0,-1.85E0));
#3440=LINE('',#3439,#3438);
#3441=DIRECTION('',(0.E0,1.E0,0.E0));
#3442=VECTOR('',#3441,5.E-1);
#3443=CARTESIAN_POINT('',(9.996326980708E0,1.E0,8.5E-1));
#3444=LINE('',#3443,#3442);
#3445=DIRECTION('',(0.E0,1.E0,0.E0));
#3446=VECTOR('',#3445,5.E-1);
#3447=CARTESIAN_POINT('',(9.82E0,1.E0,1.85E0));
#3448=LINE('',#3447,#3446);
#3449=DIRECTION('',(0.E0,1.E0,0.E0));
#3450=VECTOR('',#3449,5.E-1);
#3451=CARTESIAN_POINT('',(9.34E0,1.E0,1.85E0));
#3452=LINE('',#3451,#3450);
#3453=DIRECTION('',(0.E0,1.E0,0.E0));
#3454=VECTOR('',#3453,5.E-1);
#3455=CARTESIAN_POINT('',(9.34E0,1.E0,8.5E-1));
#3456=LINE('',#3455,#3454);
#3457=DIRECTION('',(0.E0,1.E0,0.E0));
#3458=VECTOR('',#3457,5.E-1);
#3459=CARTESIAN_POINT('',(7.783673019292E0,1.E0,8.5E-1));
#3460=LINE('',#3459,#3458);
#3461=DIRECTION('',(0.E0,1.E0,0.E0));
#3462=VECTOR('',#3461,5.E-1);
#3463=CARTESIAN_POINT('',(8.44E0,1.E0,8.5E-1));
#3464=LINE('',#3463,#3462);
#3465=DIRECTION('',(0.E0,1.E0,0.E0));
#3466=VECTOR('',#3465,5.E-1);
#3467=CARTESIAN_POINT('',(8.44E0,1.E0,1.85E0));
#3468=LINE('',#3467,#3466);
#3469=DIRECTION('',(0.E0,1.E0,0.E0));
#3470=VECTOR('',#3469,5.E-1);
#3471=CARTESIAN_POINT('',(7.96E0,1.E0,1.85E0));
#3472=LINE('',#3471,#3470);
#3473=DIRECTION('',(0.E0,1.E0,0.E0));
#3474=VECTOR('',#3473,5.E-1);
#3475=CARTESIAN_POINT('',(1.032367301929E1,1.E0,-8.5E-1));
#3476=LINE('',#3475,#3474);
#3477=DIRECTION('',(0.E0,1.E0,0.E0));
#3478=VECTOR('',#3477,5.E-1);
#3479=CARTESIAN_POINT('',(1.05E1,1.E0,-1.85E0));
#3480=LINE('',#3479,#3478);
#3481=DIRECTION('',(0.E0,1.E0,0.E0));
#3482=VECTOR('',#3481,5.E-1);
#3483=CARTESIAN_POINT('',(1.098E1,1.E0,-1.85E0));
#3484=LINE('',#3483,#3482);
#3485=DIRECTION('',(0.E0,1.E0,0.E0));
#3486=VECTOR('',#3485,5.E-1);
#3487=CARTESIAN_POINT('',(1.098E1,1.E0,-8.5E-1));
#3488=LINE('',#3487,#3486);
#3489=DIRECTION('',(1.E0,0.E0,0.E0));
#3490=VECTOR('',#3489,6.563269807084E-1);
#3491=CARTESIAN_POINT('',(1.032367301929E1,1.5E0,-8.5E-1));
#3492=LINE('',#3491,#3490);
#3493=DIRECTION('',(-1.736481776669E-1,0.E0,9.848077530122E-1));
#3494=VECTOR('',#3493,1.015426611886E0);
#3495=CARTESIAN_POINT('',(1.05E1,1.5E0,-1.85E0));
#3496=LINE('',#3495,#3494);
#3497=DIRECTION('',(-1.E0,0.E0,0.E0));
#3498=VECTOR('',#3497,4.8E-1);
#3499=CARTESIAN_POINT('',(1.098E1,1.5E0,-1.85E0));
#3500=LINE('',#3499,#3498);
#3501=DIRECTION('',(0.E0,0.E0,-1.E0));
#3502=VECTOR('',#3501,1.E0);
#3503=CARTESIAN_POINT('',(1.098E1,1.5E0,-8.5E-1));
#3504=LINE('',#3503,#3502);
#3505=DIRECTION('',(-1.736481776669E-1,0.E0,-9.848077530122E-1));
#3506=VECTOR('',#3505,1.015426611886E0);
#3507=CARTESIAN_POINT('',(1.253632698071E1,1.5E0,-8.5E-1));
#3508=LINE('',#3507,#3506);
#3509=DIRECTION('',(1.E0,0.E0,0.E0));
#3510=VECTOR('',#3509,6.563269807084E-1);
#3511=CARTESIAN_POINT('',(1.188E1,1.5E0,-8.5E-1));
#3512=LINE('',#3511,#3510);
#3513=DIRECTION('',(0.E0,0.E0,1.E0));
#3514=VECTOR('',#3513,1.E0);
#3515=CARTESIAN_POINT('',(1.188E1,1.5E0,-1.85E0));
#3516=LINE('',#3515,#3514);
#3517=DIRECTION('',(-1.E0,0.E0,0.E0));
#3518=VECTOR('',#3517,4.8E-1);
#3519=CARTESIAN_POINT('',(1.236E1,1.5E0,-1.85E0));
#3520=LINE('',#3519,#3518);
#3521=DIRECTION('',(-1.E0,0.E0,0.E0));
#3522=VECTOR('',#3521,6.563269807084E-1);
#3523=CARTESIAN_POINT('',(1.253632698071E1,1.5E0,8.5E-1));
#3524=LINE('',#3523,#3522);
#3525=DIRECTION('',(1.736481776669E-1,0.E0,-9.848077530122E-1));
#3526=VECTOR('',#3525,1.015426611886E0);
#3527=CARTESIAN_POINT('',(1.236E1,1.5E0,1.85E0));
#3528=LINE('',#3527,#3526);
#3529=DIRECTION('',(1.E0,0.E0,0.E0));
#3530=VECTOR('',#3529,4.8E-1);
#3531=CARTESIAN_POINT('',(1.188E1,1.5E0,1.85E0));
#3532=LINE('',#3531,#3530);
#3533=DIRECTION('',(0.E0,0.E0,1.E0));
#3534=VECTOR('',#3533,1.E0);
#3535=CARTESIAN_POINT('',(1.188E1,1.5E0,8.5E-1));
#3536=LINE('',#3535,#3534);
#3537=DIRECTION('',(1.736481776669E-1,0.E0,9.848077530122E-1));
#3538=VECTOR('',#3537,1.015426611886E0);
#3539=CARTESIAN_POINT('',(1.032367301929E1,1.5E0,8.5E-1));
#3540=LINE('',#3539,#3538);
#3541=DIRECTION('',(-1.E0,0.E0,0.E0));
#3542=VECTOR('',#3541,6.563269807084E-1);
#3543=CARTESIAN_POINT('',(1.098E1,1.5E0,8.5E-1));
#3544=LINE('',#3543,#3542);
#3545=DIRECTION('',(0.E0,0.E0,-1.E0));
#3546=VECTOR('',#3545,1.E0);
#3547=CARTESIAN_POINT('',(1.098E1,1.5E0,1.85E0));
#3548=LINE('',#3547,#3546);
#3549=DIRECTION('',(1.E0,0.E0,0.E0));
#3550=VECTOR('',#3549,4.8E-1);
#3551=CARTESIAN_POINT('',(1.05E1,1.5E0,1.85E0));
#3552=LINE('',#3551,#3550);
#3553=DIRECTION('',(0.E0,1.E0,0.E0));
#3554=VECTOR('',#3553,5.E-1);
#3555=CARTESIAN_POINT('',(1.253632698071E1,1.E0,-8.5E-1));
#3556=LINE('',#3555,#3554);
#3557=DIRECTION('',(0.E0,1.E0,0.E0));
#3558=VECTOR('',#3557,5.E-1);
#3559=CARTESIAN_POINT('',(1.188E1,1.E0,-8.5E-1));
#3560=LINE('',#3559,#3558);
#3561=DIRECTION('',(0.E0,1.E0,0.E0));
#3562=VECTOR('',#3561,5.E-1);
#3563=CARTESIAN_POINT('',(1.188E1,1.E0,-1.85E0));
#3564=LINE('',#3563,#3562);
#3565=DIRECTION('',(0.E0,1.E0,0.E0));
#3566=VECTOR('',#3565,5.E-1);
#3567=CARTESIAN_POINT('',(1.236E1,1.E0,-1.85E0));
#3568=LINE('',#3567,#3566);
#3569=DIRECTION('',(0.E0,1.E0,0.E0));
#3570=VECTOR('',#3569,5.E-1);
#3571=CARTESIAN_POINT('',(1.253632698071E1,1.E0,8.5E-1));
#3572=LINE('',#3571,#3570);
#3573=DIRECTION('',(0.E0,1.E0,0.E0));
#3574=VECTOR('',#3573,5.E-1);
#3575=CARTESIAN_POINT('',(1.236E1,1.E0,1.85E0));
#3576=LINE('',#3575,#3574);
#3577=DIRECTION('',(0.E0,1.E0,0.E0));
#3578=VECTOR('',#3577,5.E-1);
#3579=CARTESIAN_POINT('',(1.188E1,1.E0,1.85E0));
#3580=LINE('',#3579,#3578);
#3581=DIRECTION('',(0.E0,1.E0,0.E0));
#3582=VECTOR('',#3581,5.E-1);
#3583=CARTESIAN_POINT('',(1.188E1,1.E0,8.5E-1));
#3584=LINE('',#3583,#3582);
#3585=DIRECTION('',(0.E0,1.E0,0.E0));
#3586=VECTOR('',#3585,5.E-1);
#3587=CARTESIAN_POINT('',(1.032367301929E1,1.E0,8.5E-1));
#3588=LINE('',#3587,#3586);
#3589=DIRECTION('',(0.E0,1.E0,0.E0));
#3590=VECTOR('',#3589,5.E-1);
#3591=CARTESIAN_POINT('',(1.098E1,1.E0,8.5E-1));
#3592=LINE('',#3591,#3590);
#3593=DIRECTION('',(0.E0,1.E0,0.E0));
#3594=VECTOR('',#3593,5.E-1);
#3595=CARTESIAN_POINT('',(1.098E1,1.E0,1.85E0));
#3596=LINE('',#3595,#3594);
#3597=DIRECTION('',(0.E0,1.E0,0.E0));
#3598=VECTOR('',#3597,5.E-1);
#3599=CARTESIAN_POINT('',(1.05E1,1.E0,1.85E0));
#3600=LINE('',#3599,#3598);
#3601=DIRECTION('',(0.E0,1.E0,0.E0));
#3602=VECTOR('',#3601,5.E-1);
#3603=CARTESIAN_POINT('',(1.286367301929E1,1.E0,-8.5E-1));
#3604=LINE('',#3603,#3602);
#3605=DIRECTION('',(0.E0,1.E0,0.E0));
#3606=VECTOR('',#3605,5.E-1);
#3607=CARTESIAN_POINT('',(1.304E1,1.E0,-1.85E0));
#3608=LINE('',#3607,#3606);
#3609=DIRECTION('',(0.E0,1.E0,0.E0));
#3610=VECTOR('',#3609,5.E-1);
#3611=CARTESIAN_POINT('',(1.352E1,1.E0,-1.85E0));
#3612=LINE('',#3611,#3610);
#3613=DIRECTION('',(0.E0,1.E0,0.E0));
#3614=VECTOR('',#3613,5.E-1);
#3615=CARTESIAN_POINT('',(1.352E1,1.E0,-8.5E-1));
#3616=LINE('',#3615,#3614);
#3617=DIRECTION('',(1.E0,0.E0,0.E0));
#3618=VECTOR('',#3617,6.563269807084E-1);
#3619=CARTESIAN_POINT('',(1.286367301929E1,1.5E0,-8.5E-1));
#3620=LINE('',#3619,#3618);
#3621=DIRECTION('',(-1.736481776669E-1,0.E0,9.848077530122E-1));
#3622=VECTOR('',#3621,1.015426611886E0);
#3623=CARTESIAN_POINT('',(1.304E1,1.5E0,-1.85E0));
#3624=LINE('',#3623,#3622);
#3625=DIRECTION('',(-1.E0,0.E0,0.E0));
#3626=VECTOR('',#3625,4.8E-1);
#3627=CARTESIAN_POINT('',(1.352E1,1.5E0,-1.85E0));
#3628=LINE('',#3627,#3626);
#3629=DIRECTION('',(0.E0,0.E0,-1.E0));
#3630=VECTOR('',#3629,1.E0);
#3631=CARTESIAN_POINT('',(1.352E1,1.5E0,-8.5E-1));
#3632=LINE('',#3631,#3630);
#3633=DIRECTION('',(-1.736481776669E-1,0.E0,-9.848077530122E-1));
#3634=VECTOR('',#3633,1.015426611886E0);
#3635=CARTESIAN_POINT('',(1.507632698071E1,1.5E0,-8.5E-1));
#3636=LINE('',#3635,#3634);
#3637=DIRECTION('',(1.E0,0.E0,0.E0));
#3638=VECTOR('',#3637,6.563269807084E-1);
#3639=CARTESIAN_POINT('',(1.442E1,1.5E0,-8.5E-1));
#3640=LINE('',#3639,#3638);
#3641=DIRECTION('',(0.E0,0.E0,1.E0));
#3642=VECTOR('',#3641,1.E0);
#3643=CARTESIAN_POINT('',(1.442E1,1.5E0,-1.85E0));
#3644=LINE('',#3643,#3642);
#3645=DIRECTION('',(-1.E0,0.E0,0.E0));
#3646=VECTOR('',#3645,4.8E-1);
#3647=CARTESIAN_POINT('',(1.49E1,1.5E0,-1.85E0));
#3648=LINE('',#3647,#3646);
#3649=DIRECTION('',(-1.E0,0.E0,0.E0));
#3650=VECTOR('',#3649,6.563269807084E-1);
#3651=CARTESIAN_POINT('',(1.507632698071E1,1.5E0,8.5E-1));
#3652=LINE('',#3651,#3650);
#3653=DIRECTION('',(1.736481776669E-1,0.E0,-9.848077530122E-1));
#3654=VECTOR('',#3653,1.015426611886E0);
#3655=CARTESIAN_POINT('',(1.49E1,1.5E0,1.85E0));
#3656=LINE('',#3655,#3654);
#3657=DIRECTION('',(1.E0,0.E0,0.E0));
#3658=VECTOR('',#3657,4.8E-1);
#3659=CARTESIAN_POINT('',(1.442E1,1.5E0,1.85E0));
#3660=LINE('',#3659,#3658);
#3661=DIRECTION('',(0.E0,0.E0,1.E0));
#3662=VECTOR('',#3661,1.E0);
#3663=CARTESIAN_POINT('',(1.442E1,1.5E0,8.5E-1));
#3664=LINE('',#3663,#3662);
#3665=DIRECTION('',(1.736481776669E-1,0.E0,9.848077530122E-1));
#3666=VECTOR('',#3665,1.015426611886E0);
#3667=CARTESIAN_POINT('',(1.286367301929E1,1.5E0,8.5E-1));
#3668=LINE('',#3667,#3666);
#3669=DIRECTION('',(-1.E0,0.E0,0.E0));
#3670=VECTOR('',#3669,6.563269807084E-1);
#3671=CARTESIAN_POINT('',(1.352E1,1.5E0,8.5E-1));
#3672=LINE('',#3671,#3670);
#3673=DIRECTION('',(0.E0,0.E0,-1.E0));
#3674=VECTOR('',#3673,1.E0);
#3675=CARTESIAN_POINT('',(1.352E1,1.5E0,1.85E0));
#3676=LINE('',#3675,#3674);
#3677=DIRECTION('',(1.E0,0.E0,0.E0));
#3678=VECTOR('',#3677,4.8E-1);
#3679=CARTESIAN_POINT('',(1.304E1,1.5E0,1.85E0));
#3680=LINE('',#3679,#3678);
#3681=DIRECTION('',(0.E0,1.E0,0.E0));
#3682=VECTOR('',#3681,5.E-1);
#3683=CARTESIAN_POINT('',(1.507632698071E1,1.E0,-8.5E-1));
#3684=LINE('',#3683,#3682);
#3685=DIRECTION('',(0.E0,1.E0,0.E0));
#3686=VECTOR('',#3685,5.E-1);
#3687=CARTESIAN_POINT('',(1.442E1,1.E0,-8.5E-1));
#3688=LINE('',#3687,#3686);
#3689=DIRECTION('',(0.E0,1.E0,0.E0));
#3690=VECTOR('',#3689,5.E-1);
#3691=CARTESIAN_POINT('',(1.442E1,1.E0,-1.85E0));
#3692=LINE('',#3691,#3690);
#3693=DIRECTION('',(0.E0,1.E0,0.E0));
#3694=VECTOR('',#3693,5.E-1);
#3695=CARTESIAN_POINT('',(1.49E1,1.E0,-1.85E0));
#3696=LINE('',#3695,#3694);
#3697=DIRECTION('',(0.E0,1.E0,0.E0));
#3698=VECTOR('',#3697,5.E-1);
#3699=CARTESIAN_POINT('',(1.507632698071E1,1.E0,8.5E-1));
#3700=LINE('',#3699,#3698);
#3701=DIRECTION('',(0.E0,1.E0,0.E0));
#3702=VECTOR('',#3701,5.E-1);
#3703=CARTESIAN_POINT('',(1.49E1,1.E0,1.85E0));
#3704=LINE('',#3703,#3702);
#3705=DIRECTION('',(0.E0,1.E0,0.E0));
#3706=VECTOR('',#3705,5.E-1);
#3707=CARTESIAN_POINT('',(1.442E1,1.E0,1.85E0));
#3708=LINE('',#3707,#3706);
#3709=DIRECTION('',(0.E0,1.E0,0.E0));
#3710=VECTOR('',#3709,5.E-1);
#3711=CARTESIAN_POINT('',(1.442E1,1.E0,8.5E-1));
#3712=LINE('',#3711,#3710);
#3713=DIRECTION('',(0.E0,1.E0,0.E0));
#3714=VECTOR('',#3713,5.E-1);
#3715=CARTESIAN_POINT('',(1.286367301929E1,1.E0,8.5E-1));
#3716=LINE('',#3715,#3714);
#3717=DIRECTION('',(0.E0,1.E0,0.E0));
#3718=VECTOR('',#3717,5.E-1);
#3719=CARTESIAN_POINT('',(1.352E1,1.E0,8.5E-1));
#3720=LINE('',#3719,#3718);
#3721=DIRECTION('',(0.E0,1.E0,0.E0));
#3722=VECTOR('',#3721,5.E-1);
#3723=CARTESIAN_POINT('',(1.352E1,1.E0,1.85E0));
#3724=LINE('',#3723,#3722);
#3725=DIRECTION('',(0.E0,1.E0,0.E0));
#3726=VECTOR('',#3725,5.E-1);
#3727=CARTESIAN_POINT('',(1.304E1,1.E0,1.85E0));
#3728=LINE('',#3727,#3726);
#3729=DIRECTION('',(-1.E0,0.E0,0.E0));
#3730=VECTOR('',#3729,6.2E-1);
#3731=CARTESIAN_POINT('',(-1.366E1,3.6E0,1.58E0));
#3732=LINE('',#3731,#3730);
#3733=DIRECTION('',(-1.E0,0.E0,0.E0));
#3734=VECTOR('',#3733,6.2E-1);
#3735=CARTESIAN_POINT('',(-1.366E1,-6.95E0,1.58E0));
#3736=LINE('',#3735,#3734);
#3737=DIRECTION('',(-2.357022603955E-1,-9.428090415821E-1,2.357022603955E-1));
#3738=VECTOR('',#3737,8.485281374239E-1);
#3739=CARTESIAN_POINT('',(-1.408E1,4.4E0,1.38E0));
#3740=LINE('',#3739,#3738);
#3741=DIRECTION('',(-1.E0,0.E0,0.E0));
#3742=VECTOR('',#3741,2.2E-1);
#3743=CARTESIAN_POINT('',(-1.386E1,4.4E0,1.38E0));
#3744=LINE('',#3743,#3742);
#3745=DIRECTION('',(0.E0,0.E0,-1.E0));
#3746=VECTOR('',#3745,2.2E-1);
#3747=CARTESIAN_POINT('',(-1.408E1,4.4E0,1.38E0));
#3748=LINE('',#3747,#3746);
#3749=DIRECTION('',(-1.E0,0.E0,0.E0));
#3750=VECTOR('',#3749,2.2E-1);
#3751=CARTESIAN_POINT('',(-1.386E1,4.4E0,1.16E0));
#3752=LINE('',#3751,#3750);
#3753=DIRECTION('',(0.E0,0.E0,1.E0));
#3754=VECTOR('',#3753,2.2E-1);
#3755=CARTESIAN_POINT('',(-1.386E1,4.4E0,1.16E0));
#3756=LINE('',#3755,#3754);
#3757=DIRECTION('',(2.357022603955E-1,-9.428090415821E-1,2.357022603955E-1));
#3758=VECTOR('',#3757,8.485281374239E-1);
#3759=CARTESIAN_POINT('',(-1.386E1,4.4E0,1.38E0));
#3760=LINE('',#3759,#3758);
#3761=DIRECTION('',(0.E0,0.E0,1.E0));
#3762=VECTOR('',#3761,6.2E-1);
#3763=CARTESIAN_POINT('',(-1.366E1,3.6E0,9.6E-1));
#3764=LINE('',#3763,#3762);
#3765=DIRECTION('',(0.E0,1.E0,0.E0));
#3766=VECTOR('',#3765,2.6E0);
#3767=CARTESIAN_POINT('',(-1.366E1,1.E0,9.6E-1));
#3768=LINE('',#3767,#3766);
#3769=DIRECTION('',(0.E0,-1.E0,0.E0));
#3770=VECTOR('',#3769,2.6E0);
#3771=CARTESIAN_POINT('',(-1.366E1,3.6E0,1.58E0));
#3772=LINE('',#3771,#3770);
#3773=DIRECTION('',(0.E0,0.E0,1.E0));
#3774=VECTOR('',#3773,6.2E-1);
#3775=CARTESIAN_POINT('',(-1.366E1,3.6E0,-1.58E0));
#3776=LINE('',#3775,#3774);
#3777=DIRECTION('',(0.E0,1.E0,0.E0));
#3778=VECTOR('',#3777,2.6E0);
#3779=CARTESIAN_POINT('',(-1.366E1,1.E0,-1.58E0));
#3780=LINE('',#3779,#3778);
#3781=DIRECTION('',(0.E0,-1.E0,0.E0));
#3782=VECTOR('',#3781,2.6E0);
#3783=CARTESIAN_POINT('',(-1.366E1,3.6E0,-9.6E-1));
#3784=LINE('',#3783,#3782);
#3785=DIRECTION('',(0.E0,0.E0,-1.E0));
#3786=VECTOR('',#3785,6.2E-1);
#3787=CARTESIAN_POINT('',(-1.366E1,-6.95E0,-9.6E-1));
#3788=LINE('',#3787,#3786);
#3789=DIRECTION('',(0.E0,-1.E0,0.E0));
#3790=VECTOR('',#3789,5.95E0);
#3791=CARTESIAN_POINT('',(-1.366E1,-1.E0,-9.6E-1));
#3792=LINE('',#3791,#3790);
#3793=DIRECTION('',(0.E0,1.E0,0.E0));
#3794=VECTOR('',#3793,5.95E0);
#3795=CARTESIAN_POINT('',(-1.366E1,-6.95E0,-1.58E0));
#3796=LINE('',#3795,#3794);
#3797=DIRECTION('',(0.E0,0.E0,-1.E0));
#3798=VECTOR('',#3797,6.2E-1);
#3799=CARTESIAN_POINT('',(-1.366E1,-6.95E0,1.58E0));
#3800=LINE('',#3799,#3798);
#3801=DIRECTION('',(0.E0,-1.E0,0.E0));
#3802=VECTOR('',#3801,5.95E0);
#3803=CARTESIAN_POINT('',(-1.366E1,-1.E0,1.58E0));
#3804=LINE('',#3803,#3802);
#3805=DIRECTION('',(0.E0,1.E0,0.E0));
#3806=VECTOR('',#3805,5.95E0);
#3807=CARTESIAN_POINT('',(-1.366E1,-6.95E0,9.6E-1));
#3808=LINE('',#3807,#3806);
#3809=DIRECTION('',(-1.E0,0.E0,0.E0));
#3810=VECTOR('',#3809,2.2E-1);
#3811=CARTESIAN_POINT('',(-1.386E1,4.4E0,-1.38E0));
#3812=LINE('',#3811,#3810);
#3813=DIRECTION('',(0.E0,0.E0,1.E0));
#3814=VECTOR('',#3813,2.2E-1);
#3815=CARTESIAN_POINT('',(-1.386E1,4.4E0,-1.38E0));
#3816=LINE('',#3815,#3814);
#3817=DIRECTION('',(-1.E0,0.E0,0.E0));
#3818=VECTOR('',#3817,2.2E-1);
#3819=CARTESIAN_POINT('',(-1.386E1,4.4E0,-1.16E0));
#3820=LINE('',#3819,#3818);
#3821=DIRECTION('',(0.E0,0.E0,-1.E0));
#3822=VECTOR('',#3821,2.2E-1);
#3823=CARTESIAN_POINT('',(-1.408E1,4.4E0,-1.16E0));
#3824=LINE('',#3823,#3822);
#3825=DIRECTION('',(2.357022603955E-1,9.428090415821E-1,2.357022603955E-1));
#3826=VECTOR('',#3825,8.485281374239E-1);
#3827=CARTESIAN_POINT('',(-1.428E1,3.6E0,-1.58E0));
#3828=LINE('',#3827,#3826);
#3829=DIRECTION('',(2.357022603955E-1,-9.428090415821E-1,-2.357022603955E-1));
#3830=VECTOR('',#3829,8.485281374239E-1);
#3831=CARTESIAN_POINT('',(-1.386E1,4.4E0,-1.38E0));
#3832=LINE('',#3831,#3830);
#3833=DIRECTION('',(-2.357022603955E-1,-9.428090415821E-1,2.357022603955E-1));
#3834=VECTOR('',#3833,8.485281374239E-1);
#3835=CARTESIAN_POINT('',(-1.408E1,4.4E0,-1.16E0));
#3836=LINE('',#3835,#3834);
#3837=DIRECTION('',(-2.357022603955E-1,9.428090415821E-1,-2.357022603955E-1));
#3838=VECTOR('',#3837,8.485281374239E-1);
#3839=CARTESIAN_POINT('',(-1.366E1,3.6E0,-9.6E-1));
#3840=LINE('',#3839,#3838);
#3841=DIRECTION('',(-1.E0,0.E0,0.E0));
#3842=VECTOR('',#3841,6.2E-1);
#3843=CARTESIAN_POINT('',(-1.366E1,3.6E0,-9.6E-1));
#3844=LINE('',#3843,#3842);
#3845=DIRECTION('',(-1.E0,0.E0,0.E0));
#3846=VECTOR('',#3845,6.2E-1);
#3847=CARTESIAN_POINT('',(-1.366E1,-6.95E0,-9.6E-1));
#3848=LINE('',#3847,#3846);
#3849=DIRECTION('',(2.357022603955E-1,9.428090415821E-1,2.357022603955E-1));
#3850=VECTOR('',#3849,8.485281374239E-1);
#3851=CARTESIAN_POINT('',(-1.386E1,-7.75E0,-1.16E0));
#3852=LINE('',#3851,#3850);
#3853=DIRECTION('',(-1.E0,0.E0,0.E0));
#3854=VECTOR('',#3853,2.2E-1);
#3855=CARTESIAN_POINT('',(-1.386E1,-7.75E0,-1.38E0));
#3856=LINE('',#3855,#3854);
#3857=DIRECTION('',(0.E0,0.E0,1.E0));
#3858=VECTOR('',#3857,2.2E-1);
#3859=CARTESIAN_POINT('',(-1.408E1,-7.75E0,-1.38E0));
#3860=LINE('',#3859,#3858);
#3861=DIRECTION('',(-1.E0,0.E0,0.E0));
#3862=VECTOR('',#3861,2.2E-1);
#3863=CARTESIAN_POINT('',(-1.386E1,-7.75E0,-1.16E0));
#3864=LINE('',#3863,#3862);
#3865=DIRECTION('',(0.E0,0.E0,-1.E0));
#3866=VECTOR('',#3865,2.2E-1);
#3867=CARTESIAN_POINT('',(-1.386E1,-7.75E0,-1.16E0));
#3868=LINE('',#3867,#3866);
#3869=DIRECTION('',(-2.357022603955E-1,9.428090415821E-1,-2.357022603955E-1));
#3870=VECTOR('',#3869,8.485281374239E-1);
#3871=CARTESIAN_POINT('',(-1.408E1,-7.75E0,-1.38E0));
#3872=LINE('',#3871,#3870);
#3873=DIRECTION('',(-2.357022603955E-1,-9.428090415821E-1,2.357022603955E-1));
#3874=VECTOR('',#3873,8.485281374239E-1);
#3875=CARTESIAN_POINT('',(-1.366E1,-6.95E0,-1.58E0));
#3876=LINE('',#3875,#3874);
#3877=DIRECTION('',(-1.E0,0.E0,0.E0));
#3878=VECTOR('',#3877,6.2E-1);
#3879=CARTESIAN_POINT('',(-1.366E1,3.6E0,-1.58E0));
#3880=LINE('',#3879,#3878);
#3881=DIRECTION('',(-1.E0,0.E0,0.E0));
#3882=VECTOR('',#3881,6.2E-1);
#3883=CARTESIAN_POINT('',(-1.366E1,-6.95E0,-1.58E0));
#3884=LINE('',#3883,#3882);
#3885=DIRECTION('',(-2.357022603955E-1,9.428090415821E-1,2.357022603955E-1));
#3886=VECTOR('',#3885,8.485281374239E-1);
#3887=CARTESIAN_POINT('',(-1.408E1,-7.75E0,-1.16E0));
#3888=LINE('',#3887,#3886);
#3889=DIRECTION('',(-1.E0,0.E0,0.E0));
#3890=VECTOR('',#3889,2.2E-1);
#3891=CARTESIAN_POINT('',(-1.386E1,-7.75E0,1.16E0));
#3892=LINE('',#3891,#3890);
#3893=DIRECTION('',(0.E0,0.E0,1.E0));
#3894=VECTOR('',#3893,2.2E-1);
#3895=CARTESIAN_POINT('',(-1.408E1,-7.75E0,1.16E0));
#3896=LINE('',#3895,#3894);
#3897=DIRECTION('',(-1.E0,0.E0,0.E0));
#3898=VECTOR('',#3897,2.2E-1);
#3899=CARTESIAN_POINT('',(-1.386E1,-7.75E0,1.38E0));
#3900=LINE('',#3899,#3898);
#3901=DIRECTION('',(0.E0,0.E0,-1.E0));
#3902=VECTOR('',#3901,2.2E-1);
#3903=CARTESIAN_POINT('',(-1.386E1,-7.75E0,1.38E0));
#3904=LINE('',#3903,#3902);
#3905=DIRECTION('',(-2.357022603955E-1,9.428090415821E-1,-2.357022603955E-1));
#3906=VECTOR('',#3905,8.485281374239E-1);
#3907=CARTESIAN_POINT('',(-1.408E1,-7.75E0,1.16E0));
#3908=LINE('',#3907,#3906);
#3909=DIRECTION('',(-2.357022603955E-1,-9.428090415821E-1,2.357022603955E-1));
#3910=VECTOR('',#3909,8.485281374239E-1);
#3911=CARTESIAN_POINT('',(-1.366E1,-6.95E0,9.6E-1));
#3912=LINE('',#3911,#3910);
#3913=DIRECTION('',(-2.357022603955E-1,9.428090415821E-1,2.357022603955E-1));
#3914=VECTOR('',#3913,8.485281374239E-1);
#3915=CARTESIAN_POINT('',(-1.408E1,-7.75E0,1.38E0));
#3916=LINE('',#3915,#3914);
#3917=DIRECTION('',(2.357022603955E-1,9.428090415821E-1,2.357022603955E-1));
#3918=VECTOR('',#3917,8.485281374239E-1);
#3919=CARTESIAN_POINT('',(-1.386E1,-7.75E0,1.38E0));
#3920=LINE('',#3919,#3918);
#3921=DIRECTION('',(0.E0,0.E0,-1.E0));
#3922=VECTOR('',#3921,6.2E-1);
#3923=CARTESIAN_POINT('',(-1.174E1,3.6E0,1.58E0));
#3924=LINE('',#3923,#3922);
#3925=DIRECTION('',(0.E0,-1.E0,0.E0));
#3926=VECTOR('',#3925,2.6E0);
#3927=CARTESIAN_POINT('',(-1.174E1,3.6E0,1.58E0));
#3928=LINE('',#3927,#3926);
#3929=DIRECTION('',(0.E0,1.E0,0.E0));
#3930=VECTOR('',#3929,2.6E0);
#3931=CARTESIAN_POINT('',(-1.174E1,1.E0,9.6E-1));
#3932=LINE('',#3931,#3930);
#3933=DIRECTION('',(0.E0,0.E0,-1.E0));
#3934=VECTOR('',#3933,6.2E-1);
#3935=CARTESIAN_POINT('',(-1.174E1,3.6E0,-9.6E-1));
#3936=LINE('',#3935,#3934);
#3937=DIRECTION('',(0.E0,-1.E0,0.E0));
#3938=VECTOR('',#3937,2.6E0);
#3939=CARTESIAN_POINT('',(-1.174E1,3.6E0,-9.6E-1));
#3940=LINE('',#3939,#3938);
#3941=DIRECTION('',(0.E0,1.E0,0.E0));
#3942=VECTOR('',#3941,2.6E0);
#3943=CARTESIAN_POINT('',(-1.174E1,1.E0,-1.58E0));
#3944=LINE('',#3943,#3942);
#3945=DIRECTION('',(0.E0,0.E0,1.E0));
#3946=VECTOR('',#3945,6.2E-1);
#3947=CARTESIAN_POINT('',(-1.174E1,-6.95E0,-1.58E0));
#3948=LINE('',#3947,#3946);
#3949=DIRECTION('',(0.E0,1.E0,0.E0));
#3950=VECTOR('',#3949,5.95E0);
#3951=CARTESIAN_POINT('',(-1.174E1,-6.95E0,-1.58E0));
#3952=LINE('',#3951,#3950);
#3953=DIRECTION('',(0.E0,-1.E0,0.E0));
#3954=VECTOR('',#3953,5.95E0);
#3955=CARTESIAN_POINT('',(-1.174E1,-1.E0,-9.6E-1));
#3956=LINE('',#3955,#3954);
#3957=DIRECTION('',(0.E0,0.E0,1.E0));
#3958=VECTOR('',#3957,6.2E-1);
#3959=CARTESIAN_POINT('',(-1.174E1,-6.95E0,9.6E-1));
#3960=LINE('',#3959,#3958);
#3961=DIRECTION('',(0.E0,1.E0,0.E0));
#3962=VECTOR('',#3961,5.95E0);
#3963=CARTESIAN_POINT('',(-1.174E1,-6.95E0,9.6E-1));
#3964=LINE('',#3963,#3962);
#3965=DIRECTION('',(0.E0,-1.E0,0.E0));
#3966=VECTOR('',#3965,5.95E0);
#3967=CARTESIAN_POINT('',(-1.174E1,-1.E0,1.58E0));
#3968=LINE('',#3967,#3966);
#3969=DIRECTION('',(-2.357022603955E-1,-9.428090415821E-1,-2.357022603955E-1));
#3970=VECTOR('',#3969,8.485281374239E-1);
#3971=CARTESIAN_POINT('',(-1.154E1,4.4E0,1.16E0));
#3972=LINE('',#3971,#3970);
#3973=DIRECTION('',(2.357022603955E-1,-9.428090415821E-1,-2.357022603955E-1));
#3974=VECTOR('',#3973,8.485281374239E-1);
#3975=CARTESIAN_POINT('',(-1.132E1,4.4E0,1.16E0));
#3976=LINE('',#3975,#3974);
#3977=DIRECTION('',(-1.E0,0.E0,0.E0));
#3978=VECTOR('',#3977,6.2E-1);
#3979=CARTESIAN_POINT('',(-1.112E1,3.6E0,9.6E-1));
#3980=LINE('',#3979,#3978);
#3981=DIRECTION('',(-1.E0,0.E0,0.E0));
#3982=VECTOR('',#3981,6.2E-1);
#3983=CARTESIAN_POINT('',(-1.112E1,-6.95E0,9.6E-1));
#3984=LINE('',#3983,#3982);
#3985=DIRECTION('',(0.E0,0.E0,1.E0));
#3986=VECTOR('',#3985,6.2E-1);
#3987=CARTESIAN_POINT('',(-1.112E1,3.6E0,9.6E-1));
#3988=LINE('',#3987,#3986);
#3989=DIRECTION('',(0.E0,1.E0,0.E0));
#3990=VECTOR('',#3989,2.6E0);
#3991=CARTESIAN_POINT('',(-1.112E1,1.E0,9.6E-1));
#3992=LINE('',#3991,#3990);
#3993=DIRECTION('',(0.E0,-1.E0,0.E0));
#3994=VECTOR('',#3993,2.6E0);
#3995=CARTESIAN_POINT('',(-1.112E1,3.6E0,1.58E0));
#3996=LINE('',#3995,#3994);
#3997=DIRECTION('',(0.E0,0.E0,1.E0));
#3998=VECTOR('',#3997,6.2E-1);
#3999=CARTESIAN_POINT('',(-1.112E1,3.6E0,-1.58E0));
#4000=LINE('',#3999,#3998);
#4001=DIRECTION('',(0.E0,1.E0,0.E0));
#4002=VECTOR('',#4001,2.6E0);
#4003=CARTESIAN_POINT('',(-1.112E1,1.E0,-1.58E0));
#4004=LINE('',#4003,#4002);
#4005=DIRECTION('',(0.E0,-1.E0,0.E0));
#4006=VECTOR('',#4005,2.6E0);
#4007=CARTESIAN_POINT('',(-1.112E1,3.6E0,-9.6E-1));
#4008=LINE('',#4007,#4006);
#4009=DIRECTION('',(0.E0,0.E0,-1.E0));
#4010=VECTOR('',#4009,6.2E-1);
#4011=CARTESIAN_POINT('',(-1.112E1,-6.95E0,-9.6E-1));
#4012=LINE('',#4011,#4010);
#4013=DIRECTION('',(0.E0,-1.E0,0.E0));
#4014=VECTOR('',#4013,5.95E0);
#4015=CARTESIAN_POINT('',(-1.112E1,-1.E0,-9.6E-1));
#4016=LINE('',#4015,#4014);
#4017=DIRECTION('',(0.E0,1.E0,0.E0));
#4018=VECTOR('',#4017,5.95E0);
#4019=CARTESIAN_POINT('',(-1.112E1,-6.95E0,-1.58E0));
#4020=LINE('',#4019,#4018);
#4021=DIRECTION('',(0.E0,0.E0,-1.E0));
#4022=VECTOR('',#4021,6.2E-1);
#4023=CARTESIAN_POINT('',(-1.112E1,-6.95E0,1.58E0));
#4024=LINE('',#4023,#4022);
#4025=DIRECTION('',(0.E0,-1.E0,0.E0));
#4026=VECTOR('',#4025,5.95E0);
#4027=CARTESIAN_POINT('',(-1.112E1,-1.E0,1.58E0));
#4028=LINE('',#4027,#4026);
#4029=DIRECTION('',(0.E0,1.E0,0.E0));
#4030=VECTOR('',#4029,5.95E0);
#4031=CARTESIAN_POINT('',(-1.112E1,-6.95E0,9.6E-1));
#4032=LINE('',#4031,#4030);
#4033=DIRECTION('',(2.357022603955E-1,-9.428090415821E-1,2.357022603955E-1));
#4034=VECTOR('',#4033,8.485281374239E-1);
#4035=CARTESIAN_POINT('',(-1.132E1,4.4E0,1.38E0));
#4036=LINE('',#4035,#4034);
#4037=DIRECTION('',(-1.E0,0.E0,0.E0));
#4038=VECTOR('',#4037,2.2E-1);
#4039=CARTESIAN_POINT('',(-1.132E1,4.4E0,1.38E0));
#4040=LINE('',#4039,#4038);
#4041=DIRECTION('',(0.E0,0.E0,-1.E0));
#4042=VECTOR('',#4041,2.2E-1);
#4043=CARTESIAN_POINT('',(-1.154E1,4.4E0,1.38E0));
#4044=LINE('',#4043,#4042);
#4045=DIRECTION('',(-1.E0,0.E0,0.E0));
#4046=VECTOR('',#4045,2.2E-1);
#4047=CARTESIAN_POINT('',(-1.132E1,4.4E0,1.16E0));
#4048=LINE('',#4047,#4046);
#4049=DIRECTION('',(0.E0,0.E0,1.E0));
#4050=VECTOR('',#4049,2.2E-1);
#4051=CARTESIAN_POINT('',(-1.132E1,4.4E0,1.16E0));
#4052=LINE('',#4051,#4050);
#4053=DIRECTION('',(-2.357022603955E-1,-9.428090415821E-1,2.357022603955E-1));
#4054=VECTOR('',#4053,8.485281374239E-1);
#4055=CARTESIAN_POINT('',(-1.154E1,4.4E0,1.38E0));
#4056=LINE('',#4055,#4054);
#4057=DIRECTION('',(-1.E0,0.E0,0.E0));
#4058=VECTOR('',#4057,6.2E-1);
#4059=CARTESIAN_POINT('',(-1.112E1,3.6E0,1.58E0));
#4060=LINE('',#4059,#4058);
#4061=DIRECTION('',(-1.E0,0.E0,0.E0));
#4062=VECTOR('',#4061,6.2E-1);
#4063=CARTESIAN_POINT('',(-1.112E1,-6.95E0,1.58E0));
#4064=LINE('',#4063,#4062);
#4065=DIRECTION('',(2.357022603955E-1,9.428090415821E-1,2.357022603955E-1));
#4066=VECTOR('',#4065,8.485281374239E-1);
#4067=CARTESIAN_POINT('',(-1.132E1,-7.75E0,1.38E0));
#4068=LINE('',#4067,#4066);
#4069=DIRECTION('',(-1.E0,0.E0,0.E0));
#4070=VECTOR('',#4069,2.2E-1);
#4071=CARTESIAN_POINT('',(-1.132E1,-7.75E0,1.16E0));
#4072=LINE('',#4071,#4070);
#4073=DIRECTION('',(0.E0,0.E0,1.E0));
#4074=VECTOR('',#4073,2.2E-1);
#4075=CARTESIAN_POINT('',(-1.154E1,-7.75E0,1.16E0));
#4076=LINE('',#4075,#4074);
#4077=DIRECTION('',(-1.E0,0.E0,0.E0));
#4078=VECTOR('',#4077,2.2E-1);
#4079=CARTESIAN_POINT('',(-1.132E1,-7.75E0,1.38E0));
#4080=LINE('',#4079,#4078);
#4081=DIRECTION('',(0.E0,0.E0,-1.E0));
#4082=VECTOR('',#4081,2.2E-1);
#4083=CARTESIAN_POINT('',(-1.132E1,-7.75E0,1.38E0));
#4084=LINE('',#4083,#4082);
#4085=DIRECTION('',(-2.357022603955E-1,9.428090415821E-1,-2.357022603955E-1));
#4086=VECTOR('',#4085,8.485281374239E-1);
#4087=CARTESIAN_POINT('',(-1.154E1,-7.75E0,1.16E0));
#4088=LINE('',#4087,#4086);
#4089=DIRECTION('',(-2.357022603955E-1,-9.428090415821E-1,2.357022603955E-1));
#4090=VECTOR('',#4089,8.485281374239E-1);
#4091=CARTESIAN_POINT('',(-1.112E1,-6.95E0,9.6E-1));
#4092=LINE('',#4091,#4090);
#4093=DIRECTION('',(-2.357022603955E-1,9.428090415821E-1,2.357022603955E-1));
#4094=VECTOR('',#4093,8.485281374239E-1);
#4095=CARTESIAN_POINT('',(-1.154E1,-7.75E0,1.38E0));
#4096=LINE('',#4095,#4094);
#4097=DIRECTION('',(-1.E0,0.E0,0.E0));
#4098=VECTOR('',#4097,2.2E-1);
#4099=CARTESIAN_POINT('',(-1.132E1,4.4E0,-1.38E0));
#4100=LINE('',#4099,#4098);
#4101=DIRECTION('',(0.E0,0.E0,1.E0));
#4102=VECTOR('',#4101,2.2E-1);
#4103=CARTESIAN_POINT('',(-1.132E1,4.4E0,-1.38E0));
#4104=LINE('',#4103,#4102);
#4105=DIRECTION('',(-1.E0,0.E0,0.E0));
#4106=VECTOR('',#4105,2.2E-1);
#4107=CARTESIAN_POINT('',(-1.132E1,4.4E0,-1.16E0));
#4108=LINE('',#4107,#4106);
#4109=DIRECTION('',(0.E0,0.E0,-1.E0));
#4110=VECTOR('',#4109,2.2E-1);
#4111=CARTESIAN_POINT('',(-1.154E1,4.4E0,-1.16E0));
#4112=LINE('',#4111,#4110);
#4113=DIRECTION('',(2.357022603955E-1,9.428090415821E-1,2.357022603955E-1));
#4114=VECTOR('',#4113,8.485281374239E-1);
#4115=CARTESIAN_POINT('',(-1.174E1,3.6E0,-1.58E0));
#4116=LINE('',#4115,#4114);
#4117=DIRECTION('',(2.357022603955E-1,-9.428090415821E-1,-2.357022603955E-1));
#4118=VECTOR('',#4117,8.485281374239E-1);
#4119=CARTESIAN_POINT('',(-1.132E1,4.4E0,-1.38E0));
#4120=LINE('',#4119,#4118);
#4121=DIRECTION('',(-2.357022603955E-1,-9.428090415821E-1,2.357022603955E-1));
#4122=VECTOR('',#4121,8.485281374239E-1);
#4123=CARTESIAN_POINT('',(-1.154E1,4.4E0,-1.16E0));
#4124=LINE('',#4123,#4122);
#4125=DIRECTION('',(-2.357022603955E-1,9.428090415821E-1,-2.357022603955E-1));
#4126=VECTOR('',#4125,8.485281374239E-1);
#4127=CARTESIAN_POINT('',(-1.112E1,3.6E0,-9.6E-1));
#4128=LINE('',#4127,#4126);
#4129=DIRECTION('',(-1.E0,0.E0,0.E0));
#4130=VECTOR('',#4129,6.2E-1);
#4131=CARTESIAN_POINT('',(-1.112E1,3.6E0,-9.6E-1));
#4132=LINE('',#4131,#4130);
#4133=DIRECTION('',(-1.E0,0.E0,0.E0));
#4134=VECTOR('',#4133,6.2E-1);
#4135=CARTESIAN_POINT('',(-1.112E1,-6.95E0,-9.6E-1));
#4136=LINE('',#4135,#4134);
#4137=DIRECTION('',(2.357022603955E-1,9.428090415821E-1,2.357022603955E-1));
#4138=VECTOR('',#4137,8.485281374239E-1);
#4139=CARTESIAN_POINT('',(-1.132E1,-7.75E0,-1.16E0));
#4140=LINE('',#4139,#4138);
#4141=DIRECTION('',(-1.E0,0.E0,0.E0));
#4142=VECTOR('',#4141,2.2E-1);
#4143=CARTESIAN_POINT('',(-1.132E1,-7.75E0,-1.38E0));
#4144=LINE('',#4143,#4142);
#4145=DIRECTION('',(0.E0,0.E0,1.E0));
#4146=VECTOR('',#4145,2.2E-1);
#4147=CARTESIAN_POINT('',(-1.154E1,-7.75E0,-1.38E0));
#4148=LINE('',#4147,#4146);
#4149=DIRECTION('',(-1.E0,0.E0,0.E0));
#4150=VECTOR('',#4149,2.2E-1);
#4151=CARTESIAN_POINT('',(-1.132E1,-7.75E0,-1.16E0));
#4152=LINE('',#4151,#4150);
#4153=DIRECTION('',(0.E0,0.E0,-1.E0));
#4154=VECTOR('',#4153,2.2E-1);
#4155=CARTESIAN_POINT('',(-1.132E1,-7.75E0,-1.16E0));
#4156=LINE('',#4155,#4154);
#4157=DIRECTION('',(-2.357022603955E-1,9.428090415821E-1,-2.357022603955E-1));
#4158=VECTOR('',#4157,8.485281374239E-1);
#4159=CARTESIAN_POINT('',(-1.154E1,-7.75E0,-1.38E0));
#4160=LINE('',#4159,#4158);
#4161=DIRECTION('',(-2.357022603955E-1,-9.428090415821E-1,2.357022603955E-1));
#4162=VECTOR('',#4161,8.485281374239E-1);
#4163=CARTESIAN_POINT('',(-1.112E1,-6.95E0,-1.58E0));
#4164=LINE('',#4163,#4162);
#4165=DIRECTION('',(-1.E0,0.E0,0.E0));
#4166=VECTOR('',#4165,6.2E-1);
#4167=CARTESIAN_POINT('',(-1.112E1,3.6E0,-1.58E0));
#4168=LINE('',#4167,#4166);
#4169=DIRECTION('',(-1.E0,0.E0,0.E0));
#4170=VECTOR('',#4169,6.2E-1);
#4171=CARTESIAN_POINT('',(-1.112E1,-6.95E0,-1.58E0));
#4172=LINE('',#4171,#4170);
#4173=DIRECTION('',(-2.357022603955E-1,9.428090415821E-1,2.357022603955E-1));
#4174=VECTOR('',#4173,8.485281374239E-1);
#4175=CARTESIAN_POINT('',(-1.154E1,-7.75E0,-1.16E0));
#4176=LINE('',#4175,#4174);
#4177=DIRECTION('',(0.E0,0.E0,-1.E0));
#4178=VECTOR('',#4177,6.2E-1);
#4179=CARTESIAN_POINT('',(-9.2E0,3.6E0,1.58E0));
#4180=LINE('',#4179,#4178);
#4181=DIRECTION('',(0.E0,-1.E0,0.E0));
#4182=VECTOR('',#4181,2.6E0);
#4183=CARTESIAN_POINT('',(-9.2E0,3.6E0,1.58E0));
#4184=LINE('',#4183,#4182);
#4185=DIRECTION('',(0.E0,1.E0,0.E0));
#4186=VECTOR('',#4185,2.6E0);
#4187=CARTESIAN_POINT('',(-9.2E0,1.E0,9.6E-1));
#4188=LINE('',#4187,#4186);
#4189=DIRECTION('',(0.E0,0.E0,-1.E0));
#4190=VECTOR('',#4189,6.2E-1);
#4191=CARTESIAN_POINT('',(-9.2E0,3.6E0,-9.6E-1));
#4192=LINE('',#4191,#4190);
#4193=DIRECTION('',(0.E0,-1.E0,0.E0));
#4194=VECTOR('',#4193,2.6E0);
#4195=CARTESIAN_POINT('',(-9.2E0,3.6E0,-9.6E-1));
#4196=LINE('',#4195,#4194);
#4197=DIRECTION('',(0.E0,1.E0,0.E0));
#4198=VECTOR('',#4197,2.6E0);
#4199=CARTESIAN_POINT('',(-9.2E0,1.E0,-1.58E0));
#4200=LINE('',#4199,#4198);
#4201=DIRECTION('',(0.E0,0.E0,1.E0));
#4202=VECTOR('',#4201,6.2E-1);
#4203=CARTESIAN_POINT('',(-9.2E0,-6.95E0,-1.58E0));
#4204=LINE('',#4203,#4202);
#4205=DIRECTION('',(0.E0,1.E0,0.E0));
#4206=VECTOR('',#4205,5.95E0);
#4207=CARTESIAN_POINT('',(-9.2E0,-6.95E0,-1.58E0));
#4208=LINE('',#4207,#4206);
#4209=DIRECTION('',(0.E0,-1.E0,0.E0));
#4210=VECTOR('',#4209,5.95E0);
#4211=CARTESIAN_POINT('',(-9.2E0,-1.E0,-9.6E-1));
#4212=LINE('',#4211,#4210);
#4213=DIRECTION('',(0.E0,0.E0,1.E0));
#4214=VECTOR('',#4213,6.2E-1);
#4215=CARTESIAN_POINT('',(-9.2E0,-6.95E0,9.6E-1));
#4216=LINE('',#4215,#4214);
#4217=DIRECTION('',(0.E0,1.E0,0.E0));
#4218=VECTOR('',#4217,5.95E0);
#4219=CARTESIAN_POINT('',(-9.2E0,-6.95E0,9.6E-1));
#4220=LINE('',#4219,#4218);
#4221=DIRECTION('',(0.E0,-1.E0,0.E0));
#4222=VECTOR('',#4221,5.95E0);
#4223=CARTESIAN_POINT('',(-9.2E0,-1.E0,1.58E0));
#4224=LINE('',#4223,#4222);
#4225=DIRECTION('',(-2.357022603955E-1,-9.428090415821E-1,-2.357022603955E-1));
#4226=VECTOR('',#4225,8.485281374239E-1);
#4227=CARTESIAN_POINT('',(-9.E0,4.4E0,1.16E0));
#4228=LINE('',#4227,#4226);
#4229=DIRECTION('',(2.357022603955E-1,-9.428090415821E-1,-2.357022603955E-1));
#4230=VECTOR('',#4229,8.485281374239E-1);
#4231=CARTESIAN_POINT('',(-8.78E0,4.4E0,1.16E0));
#4232=LINE('',#4231,#4230);
#4233=DIRECTION('',(-1.E0,0.E0,0.E0));
#4234=VECTOR('',#4233,6.2E-1);
#4235=CARTESIAN_POINT('',(-8.58E0,3.6E0,9.6E-1));
#4236=LINE('',#4235,#4234);
#4237=DIRECTION('',(-1.E0,0.E0,0.E0));
#4238=VECTOR('',#4237,6.2E-1);
#4239=CARTESIAN_POINT('',(-8.58E0,-6.95E0,9.6E-1));
#4240=LINE('',#4239,#4238);
#4241=DIRECTION('',(0.E0,0.E0,1.E0));
#4242=VECTOR('',#4241,6.2E-1);
#4243=CARTESIAN_POINT('',(-8.58E0,3.6E0,9.6E-1));
#4244=LINE('',#4243,#4242);
#4245=DIRECTION('',(0.E0,1.E0,0.E0));
#4246=VECTOR('',#4245,2.6E0);
#4247=CARTESIAN_POINT('',(-8.58E0,1.E0,9.6E-1));
#4248=LINE('',#4247,#4246);
#4249=DIRECTION('',(0.E0,-1.E0,0.E0));
#4250=VECTOR('',#4249,2.6E0);
#4251=CARTESIAN_POINT('',(-8.58E0,3.6E0,1.58E0));
#4252=LINE('',#4251,#4250);
#4253=DIRECTION('',(0.E0,0.E0,1.E0));
#4254=VECTOR('',#4253,6.2E-1);
#4255=CARTESIAN_POINT('',(-8.58E0,3.6E0,-1.58E0));
#4256=LINE('',#4255,#4254);
#4257=DIRECTION('',(0.E0,1.E0,0.E0));
#4258=VECTOR('',#4257,2.6E0);
#4259=CARTESIAN_POINT('',(-8.58E0,1.E0,-1.58E0));
#4260=LINE('',#4259,#4258);
#4261=DIRECTION('',(0.E0,-1.E0,0.E0));
#4262=VECTOR('',#4261,2.6E0);
#4263=CARTESIAN_POINT('',(-8.58E0,3.6E0,-9.6E-1));
#4264=LINE('',#4263,#4262);
#4265=DIRECTION('',(0.E0,0.E0,-1.E0));
#4266=VECTOR('',#4265,6.2E-1);
#4267=CARTESIAN_POINT('',(-8.58E0,-6.95E0,-9.6E-1));
#4268=LINE('',#4267,#4266);
#4269=DIRECTION('',(0.E0,-1.E0,0.E0));
#4270=VECTOR('',#4269,5.95E0);
#4271=CARTESIAN_POINT('',(-8.58E0,-1.E0,-9.6E-1));
#4272=LINE('',#4271,#4270);
#4273=DIRECTION('',(0.E0,1.E0,0.E0));
#4274=VECTOR('',#4273,5.95E0);
#4275=CARTESIAN_POINT('',(-8.58E0,-6.95E0,-1.58E0));
#4276=LINE('',#4275,#4274);
#4277=DIRECTION('',(0.E0,0.E0,-1.E0));
#4278=VECTOR('',#4277,6.2E-1);
#4279=CARTESIAN_POINT('',(-8.58E0,-6.95E0,1.58E0));
#4280=LINE('',#4279,#4278);
#4281=DIRECTION('',(0.E0,-1.E0,0.E0));
#4282=VECTOR('',#4281,5.95E0);
#4283=CARTESIAN_POINT('',(-8.58E0,-1.E0,1.58E0));
#4284=LINE('',#4283,#4282);
#4285=DIRECTION('',(0.E0,1.E0,0.E0));
#4286=VECTOR('',#4285,5.95E0);
#4287=CARTESIAN_POINT('',(-8.58E0,-6.95E0,9.6E-1));
#4288=LINE('',#4287,#4286);
#4289=DIRECTION('',(2.357022603955E-1,-9.428090415821E-1,2.357022603955E-1));
#4290=VECTOR('',#4289,8.485281374239E-1);
#4291=CARTESIAN_POINT('',(-8.78E0,4.4E0,1.38E0));
#4292=LINE('',#4291,#4290);
#4293=DIRECTION('',(-1.E0,0.E0,0.E0));
#4294=VECTOR('',#4293,2.2E-1);
#4295=CARTESIAN_POINT('',(-8.78E0,4.4E0,1.38E0));
#4296=LINE('',#4295,#4294);
#4297=DIRECTION('',(0.E0,0.E0,-1.E0));
#4298=VECTOR('',#4297,2.2E-1);
#4299=CARTESIAN_POINT('',(-9.E0,4.4E0,1.38E0));
#4300=LINE('',#4299,#4298);
#4301=DIRECTION('',(-1.E0,0.E0,0.E0));
#4302=VECTOR('',#4301,2.2E-1);
#4303=CARTESIAN_POINT('',(-8.78E0,4.4E0,1.16E0));
#4304=LINE('',#4303,#4302);
#4305=DIRECTION('',(0.E0,0.E0,1.E0));
#4306=VECTOR('',#4305,2.2E-1);
#4307=CARTESIAN_POINT('',(-8.78E0,4.4E0,1.16E0));
#4308=LINE('',#4307,#4306);
#4309=DIRECTION('',(-2.357022603955E-1,-9.428090415821E-1,2.357022603955E-1));
#4310=VECTOR('',#4309,8.485281374239E-1);
#4311=CARTESIAN_POINT('',(-9.E0,4.4E0,1.38E0));
#4312=LINE('',#4311,#4310);
#4313=DIRECTION('',(-1.E0,0.E0,0.E0));
#4314=VECTOR('',#4313,6.2E-1);
#4315=CARTESIAN_POINT('',(-8.58E0,3.6E0,1.58E0));
#4316=LINE('',#4315,#4314);
#4317=DIRECTION('',(-1.E0,0.E0,0.E0));
#4318=VECTOR('',#4317,6.2E-1);
#4319=CARTESIAN_POINT('',(-8.58E0,-6.95E0,1.58E0));
#4320=LINE('',#4319,#4318);
#4321=DIRECTION('',(2.357022603955E-1,9.428090415821E-1,2.357022603955E-1));
#4322=VECTOR('',#4321,8.485281374239E-1);
#4323=CARTESIAN_POINT('',(-8.78E0,-7.75E0,1.38E0));
#4324=LINE('',#4323,#4322);
#4325=DIRECTION('',(-1.E0,0.E0,0.E0));
#4326=VECTOR('',#4325,2.2E-1);
#4327=CARTESIAN_POINT('',(-8.78E0,-7.75E0,1.16E0));
#4328=LINE('',#4327,#4326);
#4329=DIRECTION('',(0.E0,0.E0,1.E0));
#4330=VECTOR('',#4329,2.2E-1);
#4331=CARTESIAN_POINT('',(-9.E0,-7.75E0,1.16E0));
#4332=LINE('',#4331,#4330);
#4333=DIRECTION('',(-1.E0,0.E0,0.E0));
#4334=VECTOR('',#4333,2.2E-1);
#4335=CARTESIAN_POINT('',(-8.78E0,-7.75E0,1.38E0));
#4336=LINE('',#4335,#4334);
#4337=DIRECTION('',(0.E0,0.E0,-1.E0));
#4338=VECTOR('',#4337,2.2E-1);
#4339=CARTESIAN_POINT('',(-8.78E0,-7.75E0,1.38E0));
#4340=LINE('',#4339,#4338);
#4341=DIRECTION('',(-2.357022603955E-1,9.428090415821E-1,-2.357022603955E-1));
#4342=VECTOR('',#4341,8.485281374239E-1);
#4343=CARTESIAN_POINT('',(-9.E0,-7.75E0,1.16E0));
#4344=LINE('',#4343,#4342);
#4345=DIRECTION('',(-2.357022603955E-1,-9.428090415821E-1,2.357022603955E-1));
#4346=VECTOR('',#4345,8.485281374239E-1);
#4347=CARTESIAN_POINT('',(-8.58E0,-6.95E0,9.6E-1));
#4348=LINE('',#4347,#4346);
#4349=DIRECTION('',(-2.357022603955E-1,9.428090415821E-1,2.357022603955E-1));
#4350=VECTOR('',#4349,8.485281374239E-1);
#4351=CARTESIAN_POINT('',(-9.E0,-7.75E0,1.38E0));
#4352=LINE('',#4351,#4350);
#4353=DIRECTION('',(-1.E0,0.E0,0.E0));
#4354=VECTOR('',#4353,2.2E-1);
#4355=CARTESIAN_POINT('',(-8.78E0,4.4E0,-1.38E0));
#4356=LINE('',#4355,#4354);
#4357=DIRECTION('',(0.E0,0.E0,1.E0));
#4358=VECTOR('',#4357,2.2E-1);
#4359=CARTESIAN_POINT('',(-8.78E0,4.4E0,-1.38E0));
#4360=LINE('',#4359,#4358);
#4361=DIRECTION('',(-1.E0,0.E0,0.E0));
#4362=VECTOR('',#4361,2.2E-1);
#4363=CARTESIAN_POINT('',(-8.78E0,4.4E0,-1.16E0));
#4364=LINE('',#4363,#4362);
#4365=DIRECTION('',(0.E0,0.E0,-1.E0));
#4366=VECTOR('',#4365,2.2E-1);
#4367=CARTESIAN_POINT('',(-9.E0,4.4E0,-1.16E0));
#4368=LINE('',#4367,#4366);
#4369=DIRECTION('',(2.357022603955E-1,9.428090415821E-1,2.357022603955E-1));
#4370=VECTOR('',#4369,8.485281374239E-1);
#4371=CARTESIAN_POINT('',(-9.2E0,3.6E0,-1.58E0));
#4372=LINE('',#4371,#4370);
#4373=DIRECTION('',(2.357022603955E-1,-9.428090415821E-1,-2.357022603955E-1));
#4374=VECTOR('',#4373,8.485281374239E-1);
#4375=CARTESIAN_POINT('',(-8.78E0,4.4E0,-1.38E0));
#4376=LINE('',#4375,#4374);
#4377=DIRECTION('',(-2.357022603955E-1,-9.428090415821E-1,2.357022603955E-1));
#4378=VECTOR('',#4377,8.485281374239E-1);
#4379=CARTESIAN_POINT('',(-9.E0,4.4E0,-1.16E0));
#4380=LINE('',#4379,#4378);
#4381=DIRECTION('',(-2.357022603955E-1,9.428090415821E-1,-2.357022603955E-1));
#4382=VECTOR('',#4381,8.485281374239E-1);
#4383=CARTESIAN_POINT('',(-8.58E0,3.6E0,-9.6E-1));
#4384=LINE('',#4383,#4382);
#4385=DIRECTION('',(-1.E0,0.E0,0.E0));
#4386=VECTOR('',#4385,6.2E-1);
#4387=CARTESIAN_POINT('',(-8.58E0,3.6E0,-9.6E-1));
#4388=LINE('',#4387,#4386);
#4389=DIRECTION('',(-1.E0,0.E0,0.E0));
#4390=VECTOR('',#4389,6.2E-1);
#4391=CARTESIAN_POINT('',(-8.58E0,-6.95E0,-9.6E-1));
#4392=LINE('',#4391,#4390);
#4393=DIRECTION('',(2.357022603955E-1,9.428090415821E-1,2.357022603955E-1));
#4394=VECTOR('',#4393,8.485281374239E-1);
#4395=CARTESIAN_POINT('',(-8.78E0,-7.75E0,-1.16E0));
#4396=LINE('',#4395,#4394);
#4397=DIRECTION('',(-1.E0,0.E0,0.E0));
#4398=VECTOR('',#4397,2.2E-1);
#4399=CARTESIAN_POINT('',(-8.78E0,-7.75E0,-1.38E0));
#4400=LINE('',#4399,#4398);
#4401=DIRECTION('',(0.E0,0.E0,1.E0));
#4402=VECTOR('',#4401,2.2E-1);
#4403=CARTESIAN_POINT('',(-9.E0,-7.75E0,-1.38E0));
#4404=LINE('',#4403,#4402);
#4405=DIRECTION('',(-1.E0,0.E0,0.E0));
#4406=VECTOR('',#4405,2.2E-1);
#4407=CARTESIAN_POINT('',(-8.78E0,-7.75E0,-1.16E0));
#4408=LINE('',#4407,#4406);
#4409=DIRECTION('',(0.E0,0.E0,-1.E0));
#4410=VECTOR('',#4409,2.2E-1);
#4411=CARTESIAN_POINT('',(-8.78E0,-7.75E0,-1.16E0));
#4412=LINE('',#4411,#4410);
#4413=DIRECTION('',(-2.357022603955E-1,9.428090415821E-1,-2.357022603955E-1));
#4414=VECTOR('',#4413,8.485281374239E-1);
#4415=CARTESIAN_POINT('',(-9.E0,-7.75E0,-1.38E0));
#4416=LINE('',#4415,#4414);
#4417=DIRECTION('',(-2.357022603955E-1,-9.428090415821E-1,2.357022603955E-1));
#4418=VECTOR('',#4417,8.485281374239E-1);
#4419=CARTESIAN_POINT('',(-8.58E0,-6.95E0,-1.58E0));
#4420=LINE('',#4419,#4418);
#4421=DIRECTION('',(-1.E0,0.E0,0.E0));
#4422=VECTOR('',#4421,6.2E-1);
#4423=CARTESIAN_POINT('',(-8.58E0,3.6E0,-1.58E0));
#4424=LINE('',#4423,#4422);
#4425=DIRECTION('',(-1.E0,0.E0,0.E0));
#4426=VECTOR('',#4425,6.2E-1);
#4427=CARTESIAN_POINT('',(-8.58E0,-6.95E0,-1.58E0));
#4428=LINE('',#4427,#4426);
#4429=DIRECTION('',(-2.357022603955E-1,9.428090415821E-1,2.357022603955E-1));
#4430=VECTOR('',#4429,8.485281374239E-1);
#4431=CARTESIAN_POINT('',(-9.E0,-7.75E0,-1.16E0));
#4432=LINE('',#4431,#4430);
#4433=DIRECTION('',(0.E0,0.E0,-1.E0));
#4434=VECTOR('',#4433,6.2E-1);
#4435=CARTESIAN_POINT('',(-6.66E0,3.6E0,1.58E0));
#4436=LINE('',#4435,#4434);
#4437=DIRECTION('',(0.E0,-1.E0,0.E0));
#4438=VECTOR('',#4437,2.6E0);
#4439=CARTESIAN_POINT('',(-6.66E0,3.6E0,1.58E0));
#4440=LINE('',#4439,#4438);
#4441=DIRECTION('',(0.E0,1.E0,0.E0));
#4442=VECTOR('',#4441,2.6E0);
#4443=CARTESIAN_POINT('',(-6.66E0,1.E0,9.6E-1));
#4444=LINE('',#4443,#4442);
#4445=DIRECTION('',(0.E0,0.E0,-1.E0));
#4446=VECTOR('',#4445,6.2E-1);
#4447=CARTESIAN_POINT('',(-6.66E0,3.6E0,-9.6E-1));
#4448=LINE('',#4447,#4446);
#4449=DIRECTION('',(0.E0,-1.E0,0.E0));
#4450=VECTOR('',#4449,2.6E0);
#4451=CARTESIAN_POINT('',(-6.66E0,3.6E0,-9.6E-1));
#4452=LINE('',#4451,#4450);
#4453=DIRECTION('',(0.E0,1.E0,0.E0));
#4454=VECTOR('',#4453,2.6E0);
#4455=CARTESIAN_POINT('',(-6.66E0,1.E0,-1.58E0));
#4456=LINE('',#4455,#4454);
#4457=DIRECTION('',(0.E0,0.E0,1.E0));
#4458=VECTOR('',#4457,6.2E-1);
#4459=CARTESIAN_POINT('',(-6.66E0,-6.95E0,-1.58E0));
#4460=LINE('',#4459,#4458);
#4461=DIRECTION('',(0.E0,1.E0,0.E0));
#4462=VECTOR('',#4461,5.95E0);
#4463=CARTESIAN_POINT('',(-6.66E0,-6.95E0,-1.58E0));
#4464=LINE('',#4463,#4462);
#4465=DIRECTION('',(0.E0,-1.E0,0.E0));
#4466=VECTOR('',#4465,5.95E0);
#4467=CARTESIAN_POINT('',(-6.66E0,-1.E0,-9.6E-1));
#4468=LINE('',#4467,#4466);
#4469=DIRECTION('',(0.E0,0.E0,1.E0));
#4470=VECTOR('',#4469,6.2E-1);
#4471=CARTESIAN_POINT('',(-6.66E0,-6.95E0,9.6E-1));
#4472=LINE('',#4471,#4470);
#4473=DIRECTION('',(0.E0,1.E0,0.E0));
#4474=VECTOR('',#4473,5.95E0);
#4475=CARTESIAN_POINT('',(-6.66E0,-6.95E0,9.6E-1));
#4476=LINE('',#4475,#4474);
#4477=DIRECTION('',(0.E0,-1.E0,0.E0));
#4478=VECTOR('',#4477,5.95E0);
#4479=CARTESIAN_POINT('',(-6.66E0,-1.E0,1.58E0));
#4480=LINE('',#4479,#4478);
#4481=DIRECTION('',(-2.357022603955E-1,-9.428090415821E-1,-2.357022603955E-1));
#4482=VECTOR('',#4481,8.485281374239E-1);
#4483=CARTESIAN_POINT('',(-6.46E0,4.4E0,1.16E0));
#4484=LINE('',#4483,#4482);
#4485=DIRECTION('',(2.357022603955E-1,-9.428090415821E-1,-2.357022603955E-1));
#4486=VECTOR('',#4485,8.485281374239E-1);
#4487=CARTESIAN_POINT('',(-6.24E0,4.4E0,1.16E0));
#4488=LINE('',#4487,#4486);
#4489=DIRECTION('',(-1.E0,0.E0,0.E0));
#4490=VECTOR('',#4489,6.2E-1);
#4491=CARTESIAN_POINT('',(-6.04E0,3.6E0,9.6E-1));
#4492=LINE('',#4491,#4490);
#4493=DIRECTION('',(-1.E0,0.E0,0.E0));
#4494=VECTOR('',#4493,6.2E-1);
#4495=CARTESIAN_POINT('',(-6.04E0,-6.95E0,9.6E-1));
#4496=LINE('',#4495,#4494);
#4497=DIRECTION('',(0.E0,0.E0,1.E0));
#4498=VECTOR('',#4497,6.2E-1);
#4499=CARTESIAN_POINT('',(-6.04E0,3.6E0,9.6E-1));
#4500=LINE('',#4499,#4498);
#4501=DIRECTION('',(0.E0,1.E0,0.E0));
#4502=VECTOR('',#4501,2.6E0);
#4503=CARTESIAN_POINT('',(-6.04E0,1.E0,9.6E-1));
#4504=LINE('',#4503,#4502);
#4505=DIRECTION('',(0.E0,-1.E0,0.E0));
#4506=VECTOR('',#4505,2.6E0);
#4507=CARTESIAN_POINT('',(-6.04E0,3.6E0,1.58E0));
#4508=LINE('',#4507,#4506);
#4509=DIRECTION('',(0.E0,0.E0,1.E0));
#4510=VECTOR('',#4509,6.2E-1);
#4511=CARTESIAN_POINT('',(-6.04E0,3.6E0,-1.58E0));
#4512=LINE('',#4511,#4510);
#4513=DIRECTION('',(0.E0,1.E0,0.E0));
#4514=VECTOR('',#4513,2.6E0);
#4515=CARTESIAN_POINT('',(-6.04E0,1.E0,-1.58E0));
#4516=LINE('',#4515,#4514);
#4517=DIRECTION('',(0.E0,-1.E0,0.E0));
#4518=VECTOR('',#4517,2.6E0);
#4519=CARTESIAN_POINT('',(-6.04E0,3.6E0,-9.6E-1));
#4520=LINE('',#4519,#4518);
#4521=DIRECTION('',(0.E0,0.E0,-1.E0));
#4522=VECTOR('',#4521,6.2E-1);
#4523=CARTESIAN_POINT('',(-6.04E0,-6.95E0,-9.6E-1));
#4524=LINE('',#4523,#4522);
#4525=DIRECTION('',(0.E0,-1.E0,0.E0));
#4526=VECTOR('',#4525,5.95E0);
#4527=CARTESIAN_POINT('',(-6.04E0,-1.E0,-9.6E-1));
#4528=LINE('',#4527,#4526);
#4529=DIRECTION('',(0.E0,1.E0,0.E0));
#4530=VECTOR('',#4529,5.95E0);
#4531=CARTESIAN_POINT('',(-6.04E0,-6.95E0,-1.58E0));
#4532=LINE('',#4531,#4530);
#4533=DIRECTION('',(0.E0,0.E0,-1.E0));
#4534=VECTOR('',#4533,6.2E-1);
#4535=CARTESIAN_POINT('',(-6.04E0,-6.95E0,1.58E0));
#4536=LINE('',#4535,#4534);
#4537=DIRECTION('',(0.E0,-1.E0,0.E0));
#4538=VECTOR('',#4537,5.95E0);
#4539=CARTESIAN_POINT('',(-6.04E0,-1.E0,1.58E0));
#4540=LINE('',#4539,#4538);
#4541=DIRECTION('',(0.E0,1.E0,0.E0));
#4542=VECTOR('',#4541,5.95E0);
#4543=CARTESIAN_POINT('',(-6.04E0,-6.95E0,9.6E-1));
#4544=LINE('',#4543,#4542);
#4545=DIRECTION('',(2.357022603955E-1,-9.428090415821E-1,2.357022603955E-1));
#4546=VECTOR('',#4545,8.485281374239E-1);
#4547=CARTESIAN_POINT('',(-6.24E0,4.4E0,1.38E0));
#4548=LINE('',#4547,#4546);
#4549=DIRECTION('',(-1.E0,0.E0,0.E0));
#4550=VECTOR('',#4549,2.2E-1);
#4551=CARTESIAN_POINT('',(-6.24E0,4.4E0,1.38E0));
#4552=LINE('',#4551,#4550);
#4553=DIRECTION('',(0.E0,0.E0,-1.E0));
#4554=VECTOR('',#4553,2.2E-1);
#4555=CARTESIAN_POINT('',(-6.46E0,4.4E0,1.38E0));
#4556=LINE('',#4555,#4554);
#4557=DIRECTION('',(-1.E0,0.E0,0.E0));
#4558=VECTOR('',#4557,2.2E-1);
#4559=CARTESIAN_POINT('',(-6.24E0,4.4E0,1.16E0));
#4560=LINE('',#4559,#4558);
#4561=DIRECTION('',(0.E0,0.E0,1.E0));
#4562=VECTOR('',#4561,2.2E-1);
#4563=CARTESIAN_POINT('',(-6.24E0,4.4E0,1.16E0));
#4564=LINE('',#4563,#4562);
#4565=DIRECTION('',(-2.357022603955E-1,-9.428090415821E-1,2.357022603955E-1));
#4566=VECTOR('',#4565,8.485281374239E-1);
#4567=CARTESIAN_POINT('',(-6.46E0,4.4E0,1.38E0));
#4568=LINE('',#4567,#4566);
#4569=DIRECTION('',(-1.E0,0.E0,0.E0));
#4570=VECTOR('',#4569,6.2E-1);
#4571=CARTESIAN_POINT('',(-6.04E0,3.6E0,1.58E0));
#4572=LINE('',#4571,#4570);
#4573=DIRECTION('',(-1.E0,0.E0,0.E0));
#4574=VECTOR('',#4573,6.2E-1);
#4575=CARTESIAN_POINT('',(-6.04E0,-6.95E0,1.58E0));
#4576=LINE('',#4575,#4574);
#4577=DIRECTION('',(2.357022603955E-1,9.428090415821E-1,2.357022603955E-1));
#4578=VECTOR('',#4577,8.485281374239E-1);
#4579=CARTESIAN_POINT('',(-6.24E0,-7.75E0,1.38E0));
#4580=LINE('',#4579,#4578);
#4581=DIRECTION('',(-1.E0,0.E0,0.E0));
#4582=VECTOR('',#4581,2.2E-1);
#4583=CARTESIAN_POINT('',(-6.24E0,-7.75E0,1.16E0));
#4584=LINE('',#4583,#4582);
#4585=DIRECTION('',(0.E0,0.E0,1.E0));
#4586=VECTOR('',#4585,2.2E-1);
#4587=CARTESIAN_POINT('',(-6.46E0,-7.75E0,1.16E0));
#4588=LINE('',#4587,#4586);
#4589=DIRECTION('',(-1.E0,0.E0,0.E0));
#4590=VECTOR('',#4589,2.2E-1);
#4591=CARTESIAN_POINT('',(-6.24E0,-7.75E0,1.38E0));
#4592=LINE('',#4591,#4590);
#4593=DIRECTION('',(0.E0,0.E0,-1.E0));
#4594=VECTOR('',#4593,2.2E-1);
#4595=CARTESIAN_POINT('',(-6.24E0,-7.75E0,1.38E0));
#4596=LINE('',#4595,#4594);
#4597=DIRECTION('',(-2.357022603955E-1,9.428090415821E-1,-2.357022603955E-1));
#4598=VECTOR('',#4597,8.485281374239E-1);
#4599=CARTESIAN_POINT('',(-6.46E0,-7.75E0,1.16E0));
#4600=LINE('',#4599,#4598);
#4601=DIRECTION('',(-2.357022603955E-1,-9.428090415821E-1,2.357022603955E-1));
#4602=VECTOR('',#4601,8.485281374239E-1);
#4603=CARTESIAN_POINT('',(-6.04E0,-6.95E0,9.6E-1));
#4604=LINE('',#4603,#4602);
#4605=DIRECTION('',(-2.357022603955E-1,9.428090415821E-1,2.357022603955E-1));
#4606=VECTOR('',#4605,8.485281374239E-1);
#4607=CARTESIAN_POINT('',(-6.46E0,-7.75E0,1.38E0));
#4608=LINE('',#4607,#4606);
#4609=DIRECTION('',(-1.E0,0.E0,0.E0));
#4610=VECTOR('',#4609,2.2E-1);
#4611=CARTESIAN_POINT('',(-6.24E0,4.4E0,-1.38E0));
#4612=LINE('',#4611,#4610);
#4613=DIRECTION('',(0.E0,0.E0,1.E0));
#4614=VECTOR('',#4613,2.2E-1);
#4615=CARTESIAN_POINT('',(-6.24E0,4.4E0,-1.38E0));
#4616=LINE('',#4615,#4614);
#4617=DIRECTION('',(-1.E0,0.E0,0.E0));
#4618=VECTOR('',#4617,2.2E-1);
#4619=CARTESIAN_POINT('',(-6.24E0,4.4E0,-1.16E0));
#4620=LINE('',#4619,#4618);
#4621=DIRECTION('',(0.E0,0.E0,-1.E0));
#4622=VECTOR('',#4621,2.2E-1);
#4623=CARTESIAN_POINT('',(-6.46E0,4.4E0,-1.16E0));
#4624=LINE('',#4623,#4622);
#4625=DIRECTION('',(2.357022603955E-1,9.428090415821E-1,2.357022603955E-1));
#4626=VECTOR('',#4625,8.485281374239E-1);
#4627=CARTESIAN_POINT('',(-6.66E0,3.6E0,-1.58E0));
#4628=LINE('',#4627,#4626);
#4629=DIRECTION('',(2.357022603955E-1,-9.428090415821E-1,-2.357022603955E-1));
#4630=VECTOR('',#4629,8.485281374239E-1);
#4631=CARTESIAN_POINT('',(-6.24E0,4.4E0,-1.38E0));
#4632=LINE('',#4631,#4630);
#4633=DIRECTION('',(-2.357022603955E-1,-9.428090415821E-1,2.357022603955E-1));
#4634=VECTOR('',#4633,8.485281374239E-1);
#4635=CARTESIAN_POINT('',(-6.46E0,4.4E0,-1.16E0));
#4636=LINE('',#4635,#4634);
#4637=DIRECTION('',(-2.357022603955E-1,9.428090415821E-1,-2.357022603955E-1));
#4638=VECTOR('',#4637,8.485281374239E-1);
#4639=CARTESIAN_POINT('',(-6.04E0,3.6E0,-9.6E-1));
#4640=LINE('',#4639,#4638);
#4641=DIRECTION('',(-1.E0,0.E0,0.E0));
#4642=VECTOR('',#4641,6.2E-1);
#4643=CARTESIAN_POINT('',(-6.04E0,3.6E0,-9.6E-1));
#4644=LINE('',#4643,#4642);
#4645=DIRECTION('',(-1.E0,0.E0,0.E0));
#4646=VECTOR('',#4645,6.2E-1);
#4647=CARTESIAN_POINT('',(-6.04E0,-6.95E0,-9.6E-1));
#4648=LINE('',#4647,#4646);
#4649=DIRECTION('',(2.357022603955E-1,9.428090415821E-1,2.357022603955E-1));
#4650=VECTOR('',#4649,8.485281374239E-1);
#4651=CARTESIAN_POINT('',(-6.24E0,-7.75E0,-1.16E0));
#4652=LINE('',#4651,#4650);
#4653=DIRECTION('',(-1.E0,0.E0,0.E0));
#4654=VECTOR('',#4653,2.2E-1);
#4655=CARTESIAN_POINT('',(-6.24E0,-7.75E0,-1.38E0));
#4656=LINE('',#4655,#4654);
#4657=DIRECTION('',(0.E0,0.E0,1.E0));
#4658=VECTOR('',#4657,2.2E-1);
#4659=CARTESIAN_POINT('',(-6.46E0,-7.75E0,-1.38E0));
#4660=LINE('',#4659,#4658);
#4661=DIRECTION('',(-1.E0,0.E0,0.E0));
#4662=VECTOR('',#4661,2.2E-1);
#4663=CARTESIAN_POINT('',(-6.24E0,-7.75E0,-1.16E0));
#4664=LINE('',#4663,#4662);
#4665=DIRECTION('',(0.E0,0.E0,-1.E0));
#4666=VECTOR('',#4665,2.2E-1);
#4667=CARTESIAN_POINT('',(-6.24E0,-7.75E0,-1.16E0));
#4668=LINE('',#4667,#4666);
#4669=DIRECTION('',(-2.357022603955E-1,9.428090415821E-1,-2.357022603955E-1));
#4670=VECTOR('',#4669,8.485281374239E-1);
#4671=CARTESIAN_POINT('',(-6.46E0,-7.75E0,-1.38E0));
#4672=LINE('',#4671,#4670);
#4673=DIRECTION('',(-2.357022603955E-1,-9.428090415821E-1,2.357022603955E-1));
#4674=VECTOR('',#4673,8.485281374239E-1);
#4675=CARTESIAN_POINT('',(-6.04E0,-6.95E0,-1.58E0));
#4676=LINE('',#4675,#4674);
#4677=DIRECTION('',(-1.E0,0.E0,0.E0));
#4678=VECTOR('',#4677,6.2E-1);
#4679=CARTESIAN_POINT('',(-6.04E0,3.6E0,-1.58E0));
#4680=LINE('',#4679,#4678);
#4681=DIRECTION('',(-1.E0,0.E0,0.E0));
#4682=VECTOR('',#4681,6.2E-1);
#4683=CARTESIAN_POINT('',(-6.04E0,-6.95E0,-1.58E0));
#4684=LINE('',#4683,#4682);
#4685=DIRECTION('',(-2.357022603955E-1,9.428090415821E-1,2.357022603955E-1));
#4686=VECTOR('',#4685,8.485281374239E-1);
#4687=CARTESIAN_POINT('',(-6.46E0,-7.75E0,-1.16E0));
#4688=LINE('',#4687,#4686);
#4689=DIRECTION('',(0.E0,0.E0,-1.E0));
#4690=VECTOR('',#4689,6.2E-1);
#4691=CARTESIAN_POINT('',(-4.12E0,3.6E0,1.58E0));
#4692=LINE('',#4691,#4690);
#4693=DIRECTION('',(0.E0,-1.E0,0.E0));
#4694=VECTOR('',#4693,2.6E0);
#4695=CARTESIAN_POINT('',(-4.12E0,3.6E0,1.58E0));
#4696=LINE('',#4695,#4694);
#4697=DIRECTION('',(0.E0,1.E0,0.E0));
#4698=VECTOR('',#4697,2.6E0);
#4699=CARTESIAN_POINT('',(-4.12E0,1.E0,9.6E-1));
#4700=LINE('',#4699,#4698);
#4701=DIRECTION('',(0.E0,0.E0,-1.E0));
#4702=VECTOR('',#4701,6.2E-1);
#4703=CARTESIAN_POINT('',(-4.12E0,3.6E0,-9.6E-1));
#4704=LINE('',#4703,#4702);
#4705=DIRECTION('',(0.E0,-1.E0,0.E0));
#4706=VECTOR('',#4705,2.6E0);
#4707=CARTESIAN_POINT('',(-4.12E0,3.6E0,-9.6E-1));
#4708=LINE('',#4707,#4706);
#4709=DIRECTION('',(0.E0,1.E0,0.E0));
#4710=VECTOR('',#4709,2.6E0);
#4711=CARTESIAN_POINT('',(-4.12E0,1.E0,-1.58E0));
#4712=LINE('',#4711,#4710);
#4713=DIRECTION('',(0.E0,0.E0,1.E0));
#4714=VECTOR('',#4713,6.2E-1);
#4715=CARTESIAN_POINT('',(-4.12E0,-6.95E0,-1.58E0));
#4716=LINE('',#4715,#4714);
#4717=DIRECTION('',(0.E0,1.E0,0.E0));
#4718=VECTOR('',#4717,5.95E0);
#4719=CARTESIAN_POINT('',(-4.12E0,-6.95E0,-1.58E0));
#4720=LINE('',#4719,#4718);
#4721=DIRECTION('',(0.E0,-1.E0,0.E0));
#4722=VECTOR('',#4721,5.95E0);
#4723=CARTESIAN_POINT('',(-4.12E0,-1.E0,-9.6E-1));
#4724=LINE('',#4723,#4722);
#4725=DIRECTION('',(0.E0,0.E0,1.E0));
#4726=VECTOR('',#4725,6.2E-1);
#4727=CARTESIAN_POINT('',(-4.12E0,-6.95E0,9.6E-1));
#4728=LINE('',#4727,#4726);
#4729=DIRECTION('',(0.E0,1.E0,0.E0));
#4730=VECTOR('',#4729,5.95E0);
#4731=CARTESIAN_POINT('',(-4.12E0,-6.95E0,9.6E-1));
#4732=LINE('',#4731,#4730);
#4733=DIRECTION('',(0.E0,-1.E0,0.E0));
#4734=VECTOR('',#4733,5.95E0);
#4735=CARTESIAN_POINT('',(-4.12E0,-1.E0,1.58E0));
#4736=LINE('',#4735,#4734);
#4737=DIRECTION('',(-2.357022603955E-1,-9.428090415821E-1,-2.357022603955E-1));
#4738=VECTOR('',#4737,8.485281374239E-1);
#4739=CARTESIAN_POINT('',(-3.92E0,4.4E0,1.16E0));
#4740=LINE('',#4739,#4738);
#4741=DIRECTION('',(2.357022603955E-1,-9.428090415821E-1,-2.357022603955E-1));
#4742=VECTOR('',#4741,8.485281374239E-1);
#4743=CARTESIAN_POINT('',(-3.7E0,4.4E0,1.16E0));
#4744=LINE('',#4743,#4742);
#4745=DIRECTION('',(-1.E0,0.E0,0.E0));
#4746=VECTOR('',#4745,6.2E-1);
#4747=CARTESIAN_POINT('',(-3.5E0,3.6E0,9.6E-1));
#4748=LINE('',#4747,#4746);
#4749=DIRECTION('',(-1.E0,0.E0,0.E0));
#4750=VECTOR('',#4749,6.2E-1);
#4751=CARTESIAN_POINT('',(-3.5E0,-6.95E0,9.6E-1));
#4752=LINE('',#4751,#4750);
#4753=DIRECTION('',(0.E0,0.E0,1.E0));
#4754=VECTOR('',#4753,6.2E-1);
#4755=CARTESIAN_POINT('',(-3.5E0,3.6E0,9.6E-1));
#4756=LINE('',#4755,#4754);
#4757=DIRECTION('',(0.E0,1.E0,0.E0));
#4758=VECTOR('',#4757,2.6E0);
#4759=CARTESIAN_POINT('',(-3.5E0,1.E0,9.6E-1));
#4760=LINE('',#4759,#4758);
#4761=DIRECTION('',(0.E0,-1.E0,0.E0));
#4762=VECTOR('',#4761,2.6E0);
#4763=CARTESIAN_POINT('',(-3.5E0,3.6E0,1.58E0));
#4764=LINE('',#4763,#4762);
#4765=DIRECTION('',(0.E0,0.E0,1.E0));
#4766=VECTOR('',#4765,6.2E-1);
#4767=CARTESIAN_POINT('',(-3.5E0,3.6E0,-1.58E0));
#4768=LINE('',#4767,#4766);
#4769=DIRECTION('',(0.E0,1.E0,0.E0));
#4770=VECTOR('',#4769,2.6E0);
#4771=CARTESIAN_POINT('',(-3.5E0,1.E0,-1.58E0));
#4772=LINE('',#4771,#4770);
#4773=DIRECTION('',(0.E0,-1.E0,0.E0));
#4774=VECTOR('',#4773,2.6E0);
#4775=CARTESIAN_POINT('',(-3.5E0,3.6E0,-9.6E-1));
#4776=LINE('',#4775,#4774);
#4777=DIRECTION('',(0.E0,0.E0,-1.E0));
#4778=VECTOR('',#4777,6.2E-1);
#4779=CARTESIAN_POINT('',(-3.5E0,-6.95E0,-9.6E-1));
#4780=LINE('',#4779,#4778);
#4781=DIRECTION('',(0.E0,-1.E0,0.E0));
#4782=VECTOR('',#4781,5.95E0);
#4783=CARTESIAN_POINT('',(-3.5E0,-1.E0,-9.6E-1));
#4784=LINE('',#4783,#4782);
#4785=DIRECTION('',(0.E0,1.E0,0.E0));
#4786=VECTOR('',#4785,5.95E0);
#4787=CARTESIAN_POINT('',(-3.5E0,-6.95E0,-1.58E0));
#4788=LINE('',#4787,#4786);
#4789=DIRECTION('',(0.E0,0.E0,-1.E0));
#4790=VECTOR('',#4789,6.2E-1);
#4791=CARTESIAN_POINT('',(-3.5E0,-6.95E0,1.58E0));
#4792=LINE('',#4791,#4790);
#4793=DIRECTION('',(0.E0,-1.E0,0.E0));
#4794=VECTOR('',#4793,5.95E0);
#4795=CARTESIAN_POINT('',(-3.5E0,-1.E0,1.58E0));
#4796=LINE('',#4795,#4794);
#4797=DIRECTION('',(0.E0,1.E0,0.E0));
#4798=VECTOR('',#4797,5.95E0);
#4799=CARTESIAN_POINT('',(-3.5E0,-6.95E0,9.6E-1));
#4800=LINE('',#4799,#4798);
#4801=DIRECTION('',(2.357022603955E-1,-9.428090415821E-1,2.357022603955E-1));
#4802=VECTOR('',#4801,8.485281374239E-1);
#4803=CARTESIAN_POINT('',(-3.7E0,4.4E0,1.38E0));
#4804=LINE('',#4803,#4802);
#4805=DIRECTION('',(-1.E0,0.E0,0.E0));
#4806=VECTOR('',#4805,2.2E-1);
#4807=CARTESIAN_POINT('',(-3.7E0,4.4E0,1.38E0));
#4808=LINE('',#4807,#4806);
#4809=DIRECTION('',(0.E0,0.E0,-1.E0));
#4810=VECTOR('',#4809,2.2E-1);
#4811=CARTESIAN_POINT('',(-3.92E0,4.4E0,1.38E0));
#4812=LINE('',#4811,#4810);
#4813=DIRECTION('',(-1.E0,0.E0,0.E0));
#4814=VECTOR('',#4813,2.2E-1);
#4815=CARTESIAN_POINT('',(-3.7E0,4.4E0,1.16E0));
#4816=LINE('',#4815,#4814);
#4817=DIRECTION('',(0.E0,0.E0,1.E0));
#4818=VECTOR('',#4817,2.2E-1);
#4819=CARTESIAN_POINT('',(-3.7E0,4.4E0,1.16E0));
#4820=LINE('',#4819,#4818);
#4821=DIRECTION('',(-2.357022603955E-1,-9.428090415821E-1,2.357022603955E-1));
#4822=VECTOR('',#4821,8.485281374239E-1);
#4823=CARTESIAN_POINT('',(-3.92E0,4.4E0,1.38E0));
#4824=LINE('',#4823,#4822);
#4825=DIRECTION('',(-1.E0,0.E0,0.E0));
#4826=VECTOR('',#4825,6.2E-1);
#4827=CARTESIAN_POINT('',(-3.5E0,3.6E0,1.58E0));
#4828=LINE('',#4827,#4826);
#4829=DIRECTION('',(-1.E0,0.E0,0.E0));
#4830=VECTOR('',#4829,6.2E-1);
#4831=CARTESIAN_POINT('',(-3.5E0,-6.95E0,1.58E0));
#4832=LINE('',#4831,#4830);
#4833=DIRECTION('',(2.357022603955E-1,9.428090415821E-1,2.357022603955E-1));
#4834=VECTOR('',#4833,8.485281374239E-1);
#4835=CARTESIAN_POINT('',(-3.7E0,-7.75E0,1.38E0));
#4836=LINE('',#4835,#4834);
#4837=DIRECTION('',(-1.E0,0.E0,0.E0));
#4838=VECTOR('',#4837,2.2E-1);
#4839=CARTESIAN_POINT('',(-3.7E0,-7.75E0,1.16E0));
#4840=LINE('',#4839,#4838);
#4841=DIRECTION('',(0.E0,0.E0,1.E0));
#4842=VECTOR('',#4841,2.2E-1);
#4843=CARTESIAN_POINT('',(-3.92E0,-7.75E0,1.16E0));
#4844=LINE('',#4843,#4842);
#4845=DIRECTION('',(-1.E0,0.E0,0.E0));
#4846=VECTOR('',#4845,2.2E-1);
#4847=CARTESIAN_POINT('',(-3.7E0,-7.75E0,1.38E0));
#4848=LINE('',#4847,#4846);
#4849=DIRECTION('',(0.E0,0.E0,-1.E0));
#4850=VECTOR('',#4849,2.2E-1);
#4851=CARTESIAN_POINT('',(-3.7E0,-7.75E0,1.38E0));
#4852=LINE('',#4851,#4850);
#4853=DIRECTION('',(-2.357022603955E-1,9.428090415821E-1,-2.357022603955E-1));
#4854=VECTOR('',#4853,8.485281374239E-1);
#4855=CARTESIAN_POINT('',(-3.92E0,-7.75E0,1.16E0));
#4856=LINE('',#4855,#4854);
#4857=DIRECTION('',(-2.357022603955E-1,-9.428090415821E-1,2.357022603955E-1));
#4858=VECTOR('',#4857,8.485281374239E-1);
#4859=CARTESIAN_POINT('',(-3.5E0,-6.95E0,9.6E-1));
#4860=LINE('',#4859,#4858);
#4861=DIRECTION('',(-2.357022603955E-1,9.428090415821E-1,2.357022603955E-1));
#4862=VECTOR('',#4861,8.485281374239E-1);
#4863=CARTESIAN_POINT('',(-3.92E0,-7.75E0,1.38E0));
#4864=LINE('',#4863,#4862);
#4865=DIRECTION('',(-1.E0,0.E0,0.E0));
#4866=VECTOR('',#4865,2.2E-1);
#4867=CARTESIAN_POINT('',(-3.7E0,4.4E0,-1.38E0));
#4868=LINE('',#4867,#4866);
#4869=DIRECTION('',(0.E0,0.E0,1.E0));
#4870=VECTOR('',#4869,2.2E-1);
#4871=CARTESIAN_POINT('',(-3.7E0,4.4E0,-1.38E0));
#4872=LINE('',#4871,#4870);
#4873=DIRECTION('',(-1.E0,0.E0,0.E0));
#4874=VECTOR('',#4873,2.2E-1);
#4875=CARTESIAN_POINT('',(-3.7E0,4.4E0,-1.16E0));
#4876=LINE('',#4875,#4874);
#4877=DIRECTION('',(0.E0,0.E0,-1.E0));
#4878=VECTOR('',#4877,2.2E-1);
#4879=CARTESIAN_POINT('',(-3.92E0,4.4E0,-1.16E0));
#4880=LINE('',#4879,#4878);
#4881=DIRECTION('',(2.357022603955E-1,9.428090415821E-1,2.357022603955E-1));
#4882=VECTOR('',#4881,8.485281374239E-1);
#4883=CARTESIAN_POINT('',(-4.12E0,3.6E0,-1.58E0));
#4884=LINE('',#4883,#4882);
#4885=DIRECTION('',(2.357022603955E-1,-9.428090415821E-1,-2.357022603955E-1));
#4886=VECTOR('',#4885,8.485281374239E-1);
#4887=CARTESIAN_POINT('',(-3.7E0,4.4E0,-1.38E0));
#4888=LINE('',#4887,#4886);
#4889=DIRECTION('',(-2.357022603955E-1,-9.428090415821E-1,2.357022603955E-1));
#4890=VECTOR('',#4889,8.485281374239E-1);
#4891=CARTESIAN_POINT('',(-3.92E0,4.4E0,-1.16E0));
#4892=LINE('',#4891,#4890);
#4893=DIRECTION('',(-2.357022603955E-1,9.428090415821E-1,-2.357022603955E-1));
#4894=VECTOR('',#4893,8.485281374239E-1);
#4895=CARTESIAN_POINT('',(-3.5E0,3.6E0,-9.6E-1));
#4896=LINE('',#4895,#4894);
#4897=DIRECTION('',(-1.E0,0.E0,0.E0));
#4898=VECTOR('',#4897,6.2E-1);
#4899=CARTESIAN_POINT('',(-3.5E0,3.6E0,-9.6E-1));
#4900=LINE('',#4899,#4898);
#4901=DIRECTION('',(-1.E0,0.E0,0.E0));
#4902=VECTOR('',#4901,6.2E-1);
#4903=CARTESIAN_POINT('',(-3.5E0,-6.95E0,-9.6E-1));
#4904=LINE('',#4903,#4902);
#4905=DIRECTION('',(2.357022603955E-1,9.428090415821E-1,2.357022603955E-1));
#4906=VECTOR('',#4905,8.485281374239E-1);
#4907=CARTESIAN_POINT('',(-3.7E0,-7.75E0,-1.16E0));
#4908=LINE('',#4907,#4906);
#4909=DIRECTION('',(-1.E0,0.E0,0.E0));
#4910=VECTOR('',#4909,2.2E-1);
#4911=CARTESIAN_POINT('',(-3.7E0,-7.75E0,-1.38E0));
#4912=LINE('',#4911,#4910);
#4913=DIRECTION('',(0.E0,0.E0,1.E0));
#4914=VECTOR('',#4913,2.2E-1);
#4915=CARTESIAN_POINT('',(-3.92E0,-7.75E0,-1.38E0));
#4916=LINE('',#4915,#4914);
#4917=DIRECTION('',(-1.E0,0.E0,0.E0));
#4918=VECTOR('',#4917,2.2E-1);
#4919=CARTESIAN_POINT('',(-3.7E0,-7.75E0,-1.16E0));
#4920=LINE('',#4919,#4918);
#4921=DIRECTION('',(0.E0,0.E0,-1.E0));
#4922=VECTOR('',#4921,2.2E-1);
#4923=CARTESIAN_POINT('',(-3.7E0,-7.75E0,-1.16E0));
#4924=LINE('',#4923,#4922);
#4925=DIRECTION('',(-2.357022603955E-1,9.428090415821E-1,-2.357022603955E-1));
#4926=VECTOR('',#4925,8.485281374239E-1);
#4927=CARTESIAN_POINT('',(-3.92E0,-7.75E0,-1.38E0));
#4928=LINE('',#4927,#4926);
#4929=DIRECTION('',(-2.357022603955E-1,-9.428090415821E-1,2.357022603955E-1));
#4930=VECTOR('',#4929,8.485281374239E-1);
#4931=CARTESIAN_POINT('',(-3.5E0,-6.95E0,-1.58E0));
#4932=LINE('',#4931,#4930);
#4933=DIRECTION('',(-1.E0,0.E0,0.E0));
#4934=VECTOR('',#4933,6.2E-1);
#4935=CARTESIAN_POINT('',(-3.5E0,3.6E0,-1.58E0));
#4936=LINE('',#4935,#4934);
#4937=DIRECTION('',(-1.E0,0.E0,0.E0));
#4938=VECTOR('',#4937,6.2E-1);
#4939=CARTESIAN_POINT('',(-3.5E0,-6.95E0,-1.58E0));
#4940=LINE('',#4939,#4938);
#4941=DIRECTION('',(-2.357022603955E-1,9.428090415821E-1,2.357022603955E-1));
#4942=VECTOR('',#4941,8.485281374239E-1);
#4943=CARTESIAN_POINT('',(-3.92E0,-7.75E0,-1.16E0));
#4944=LINE('',#4943,#4942);
#4945=DIRECTION('',(0.E0,0.E0,-1.E0));
#4946=VECTOR('',#4945,6.2E-1);
#4947=CARTESIAN_POINT('',(-1.58E0,3.6E0,1.58E0));
#4948=LINE('',#4947,#4946);
#4949=DIRECTION('',(0.E0,-1.E0,0.E0));
#4950=VECTOR('',#4949,2.6E0);
#4951=CARTESIAN_POINT('',(-1.58E0,3.6E0,1.58E0));
#4952=LINE('',#4951,#4950);
#4953=DIRECTION('',(0.E0,1.E0,0.E0));
#4954=VECTOR('',#4953,2.6E0);
#4955=CARTESIAN_POINT('',(-1.58E0,1.E0,9.6E-1));
#4956=LINE('',#4955,#4954);
#4957=DIRECTION('',(0.E0,0.E0,-1.E0));
#4958=VECTOR('',#4957,6.2E-1);
#4959=CARTESIAN_POINT('',(-1.58E0,3.6E0,-9.6E-1));
#4960=LINE('',#4959,#4958);
#4961=DIRECTION('',(0.E0,-1.E0,0.E0));
#4962=VECTOR('',#4961,2.6E0);
#4963=CARTESIAN_POINT('',(-1.58E0,3.6E0,-9.6E-1));
#4964=LINE('',#4963,#4962);
#4965=DIRECTION('',(0.E0,1.E0,0.E0));
#4966=VECTOR('',#4965,2.6E0);
#4967=CARTESIAN_POINT('',(-1.58E0,1.E0,-1.58E0));
#4968=LINE('',#4967,#4966);
#4969=DIRECTION('',(0.E0,0.E0,1.E0));
#4970=VECTOR('',#4969,6.2E-1);
#4971=CARTESIAN_POINT('',(-1.58E0,-6.95E0,-1.58E0));
#4972=LINE('',#4971,#4970);
#4973=DIRECTION('',(0.E0,1.E0,0.E0));
#4974=VECTOR('',#4973,5.95E0);
#4975=CARTESIAN_POINT('',(-1.58E0,-6.95E0,-1.58E0));
#4976=LINE('',#4975,#4974);
#4977=DIRECTION('',(0.E0,-1.E0,0.E0));
#4978=VECTOR('',#4977,5.95E0);
#4979=CARTESIAN_POINT('',(-1.58E0,-1.E0,-9.6E-1));
#4980=LINE('',#4979,#4978);
#4981=DIRECTION('',(0.E0,0.E0,1.E0));
#4982=VECTOR('',#4981,6.2E-1);
#4983=CARTESIAN_POINT('',(-1.58E0,-6.95E0,9.6E-1));
#4984=LINE('',#4983,#4982);
#4985=DIRECTION('',(0.E0,1.E0,0.E0));
#4986=VECTOR('',#4985,5.95E0);
#4987=CARTESIAN_POINT('',(-1.58E0,-6.95E0,9.6E-1));
#4988=LINE('',#4987,#4986);
#4989=DIRECTION('',(0.E0,-1.E0,0.E0));
#4990=VECTOR('',#4989,5.95E0);
#4991=CARTESIAN_POINT('',(-1.58E0,-1.E0,1.58E0));
#4992=LINE('',#4991,#4990);
#4993=DIRECTION('',(-2.357022603955E-1,-9.428090415821E-1,-2.357022603955E-1));
#4994=VECTOR('',#4993,8.485281374239E-1);
#4995=CARTESIAN_POINT('',(-1.38E0,4.4E0,1.16E0));
#4996=LINE('',#4995,#4994);
#4997=DIRECTION('',(2.357022603955E-1,-9.428090415821E-1,-2.357022603955E-1));
#4998=VECTOR('',#4997,8.485281374239E-1);
#4999=CARTESIAN_POINT('',(-1.16E0,4.4E0,1.16E0));
#5000=LINE('',#4999,#4998);
#5001=DIRECTION('',(-1.E0,0.E0,0.E0));
#5002=VECTOR('',#5001,6.2E-1);
#5003=CARTESIAN_POINT('',(-9.6E-1,3.6E0,9.6E-1));
#5004=LINE('',#5003,#5002);
#5005=DIRECTION('',(-1.E0,0.E0,0.E0));
#5006=VECTOR('',#5005,6.2E-1);
#5007=CARTESIAN_POINT('',(-9.6E-1,-6.95E0,9.6E-1));
#5008=LINE('',#5007,#5006);
#5009=DIRECTION('',(0.E0,0.E0,1.E0));
#5010=VECTOR('',#5009,6.2E-1);
#5011=CARTESIAN_POINT('',(-9.6E-1,3.6E0,9.6E-1));
#5012=LINE('',#5011,#5010);
#5013=DIRECTION('',(0.E0,1.E0,0.E0));
#5014=VECTOR('',#5013,2.6E0);
#5015=CARTESIAN_POINT('',(-9.6E-1,1.E0,9.6E-1));
#5016=LINE('',#5015,#5014);
#5017=DIRECTION('',(0.E0,-1.E0,0.E0));
#5018=VECTOR('',#5017,2.6E0);
#5019=CARTESIAN_POINT('',(-9.6E-1,3.6E0,1.58E0));
#5020=LINE('',#5019,#5018);
#5021=DIRECTION('',(0.E0,0.E0,1.E0));
#5022=VECTOR('',#5021,6.2E-1);
#5023=CARTESIAN_POINT('',(-9.6E-1,3.6E0,-1.58E0));
#5024=LINE('',#5023,#5022);
#5025=DIRECTION('',(0.E0,1.E0,0.E0));
#5026=VECTOR('',#5025,2.6E0);
#5027=CARTESIAN_POINT('',(-9.6E-1,1.E0,-1.58E0));
#5028=LINE('',#5027,#5026);
#5029=DIRECTION('',(0.E0,-1.E0,0.E0));
#5030=VECTOR('',#5029,2.6E0);
#5031=CARTESIAN_POINT('',(-9.6E-1,3.6E0,-9.6E-1));
#5032=LINE('',#5031,#5030);
#5033=DIRECTION('',(0.E0,0.E0,-1.E0));
#5034=VECTOR('',#5033,6.2E-1);
#5035=CARTESIAN_POINT('',(-9.6E-1,-6.95E0,-9.6E-1));
#5036=LINE('',#5035,#5034);
#5037=DIRECTION('',(0.E0,-1.E0,0.E0));
#5038=VECTOR('',#5037,5.95E0);
#5039=CARTESIAN_POINT('',(-9.6E-1,-1.E0,-9.6E-1));
#5040=LINE('',#5039,#5038);
#5041=DIRECTION('',(0.E0,1.E0,0.E0));
#5042=VECTOR('',#5041,5.95E0);
#5043=CARTESIAN_POINT('',(-9.6E-1,-6.95E0,-1.58E0));
#5044=LINE('',#5043,#5042);
#5045=DIRECTION('',(0.E0,0.E0,-1.E0));
#5046=VECTOR('',#5045,6.2E-1);
#5047=CARTESIAN_POINT('',(-9.6E-1,-6.95E0,1.58E0));
#5048=LINE('',#5047,#5046);
#5049=DIRECTION('',(0.E0,-1.E0,0.E0));
#5050=VECTOR('',#5049,5.95E0);
#5051=CARTESIAN_POINT('',(-9.6E-1,-1.E0,1.58E0));
#5052=LINE('',#5051,#5050);
#5053=DIRECTION('',(0.E0,1.E0,0.E0));
#5054=VECTOR('',#5053,5.95E0);
#5055=CARTESIAN_POINT('',(-9.6E-1,-6.95E0,9.6E-1));
#5056=LINE('',#5055,#5054);
#5057=DIRECTION('',(2.357022603955E-1,-9.428090415821E-1,2.357022603955E-1));
#5058=VECTOR('',#5057,8.485281374239E-1);
#5059=CARTESIAN_POINT('',(-1.16E0,4.4E0,1.38E0));
#5060=LINE('',#5059,#5058);
#5061=DIRECTION('',(-1.E0,0.E0,0.E0));
#5062=VECTOR('',#5061,2.2E-1);
#5063=CARTESIAN_POINT('',(-1.16E0,4.4E0,1.38E0));
#5064=LINE('',#5063,#5062);
#5065=DIRECTION('',(0.E0,0.E0,-1.E0));
#5066=VECTOR('',#5065,2.2E-1);
#5067=CARTESIAN_POINT('',(-1.38E0,4.4E0,1.38E0));
#5068=LINE('',#5067,#5066);
#5069=DIRECTION('',(-1.E0,0.E0,0.E0));
#5070=VECTOR('',#5069,2.2E-1);
#5071=CARTESIAN_POINT('',(-1.16E0,4.4E0,1.16E0));
#5072=LINE('',#5071,#5070);
#5073=DIRECTION('',(0.E0,0.E0,1.E0));
#5074=VECTOR('',#5073,2.2E-1);
#5075=CARTESIAN_POINT('',(-1.16E0,4.4E0,1.16E0));
#5076=LINE('',#5075,#5074);
#5077=DIRECTION('',(-2.357022603955E-1,-9.428090415821E-1,2.357022603955E-1));
#5078=VECTOR('',#5077,8.485281374239E-1);
#5079=CARTESIAN_POINT('',(-1.38E0,4.4E0,1.38E0));
#5080=LINE('',#5079,#5078);
#5081=DIRECTION('',(-1.E0,0.E0,0.E0));
#5082=VECTOR('',#5081,6.2E-1);
#5083=CARTESIAN_POINT('',(-9.6E-1,3.6E0,1.58E0));
#5084=LINE('',#5083,#5082);
#5085=DIRECTION('',(-1.E0,0.E0,0.E0));
#5086=VECTOR('',#5085,6.2E-1);
#5087=CARTESIAN_POINT('',(-9.6E-1,-6.95E0,1.58E0));
#5088=LINE('',#5087,#5086);
#5089=DIRECTION('',(2.357022603955E-1,9.428090415821E-1,2.357022603955E-1));
#5090=VECTOR('',#5089,8.485281374239E-1);
#5091=CARTESIAN_POINT('',(-1.16E0,-7.75E0,1.38E0));
#5092=LINE('',#5091,#5090);
#5093=DIRECTION('',(-1.E0,0.E0,0.E0));
#5094=VECTOR('',#5093,2.2E-1);
#5095=CARTESIAN_POINT('',(-1.16E0,-7.75E0,1.16E0));
#5096=LINE('',#5095,#5094);
#5097=DIRECTION('',(0.E0,0.E0,1.E0));
#5098=VECTOR('',#5097,2.2E-1);
#5099=CARTESIAN_POINT('',(-1.38E0,-7.75E0,1.16E0));
#5100=LINE('',#5099,#5098);
#5101=DIRECTION('',(-1.E0,0.E0,0.E0));
#5102=VECTOR('',#5101,2.2E-1);
#5103=CARTESIAN_POINT('',(-1.16E0,-7.75E0,1.38E0));
#5104=LINE('',#5103,#5102);
#5105=DIRECTION('',(0.E0,0.E0,-1.E0));
#5106=VECTOR('',#5105,2.2E-1);
#5107=CARTESIAN_POINT('',(-1.16E0,-7.75E0,1.38E0));
#5108=LINE('',#5107,#5106);
#5109=DIRECTION('',(-2.357022603955E-1,9.428090415821E-1,-2.357022603955E-1));
#5110=VECTOR('',#5109,8.485281374239E-1);
#5111=CARTESIAN_POINT('',(-1.38E0,-7.75E0,1.16E0));
#5112=LINE('',#5111,#5110);
#5113=DIRECTION('',(-2.357022603955E-1,-9.428090415821E-1,2.357022603955E-1));
#5114=VECTOR('',#5113,8.485281374239E-1);
#5115=CARTESIAN_POINT('',(-9.6E-1,-6.95E0,9.6E-1));
#5116=LINE('',#5115,#5114);
#5117=DIRECTION('',(-2.357022603955E-1,9.428090415821E-1,2.357022603955E-1));
#5118=VECTOR('',#5117,8.485281374239E-1);
#5119=CARTESIAN_POINT('',(-1.38E0,-7.75E0,1.38E0));
#5120=LINE('',#5119,#5118);
#5121=DIRECTION('',(-1.E0,0.E0,0.E0));
#5122=VECTOR('',#5121,2.2E-1);
#5123=CARTESIAN_POINT('',(-1.16E0,4.4E0,-1.38E0));
#5124=LINE('',#5123,#5122);
#5125=DIRECTION('',(0.E0,0.E0,1.E0));
#5126=VECTOR('',#5125,2.2E-1);
#5127=CARTESIAN_POINT('',(-1.16E0,4.4E0,-1.38E0));
#5128=LINE('',#5127,#5126);
#5129=DIRECTION('',(-1.E0,0.E0,0.E0));
#5130=VECTOR('',#5129,2.2E-1);
#5131=CARTESIAN_POINT('',(-1.16E0,4.4E0,-1.16E0));
#5132=LINE('',#5131,#5130);
#5133=DIRECTION('',(0.E0,0.E0,-1.E0));
#5134=VECTOR('',#5133,2.2E-1);
#5135=CARTESIAN_POINT('',(-1.38E0,4.4E0,-1.16E0));
#5136=LINE('',#5135,#5134);
#5137=DIRECTION('',(2.357022603955E-1,9.428090415821E-1,2.357022603955E-1));
#5138=VECTOR('',#5137,8.485281374239E-1);
#5139=CARTESIAN_POINT('',(-1.58E0,3.6E0,-1.58E0));
#5140=LINE('',#5139,#5138);
#5141=DIRECTION('',(2.357022603955E-1,-9.428090415821E-1,-2.357022603955E-1));
#5142=VECTOR('',#5141,8.485281374239E-1);
#5143=CARTESIAN_POINT('',(-1.16E0,4.4E0,-1.38E0));
#5144=LINE('',#5143,#5142);
#5145=DIRECTION('',(-2.357022603955E-1,-9.428090415821E-1,2.357022603955E-1));
#5146=VECTOR('',#5145,8.485281374239E-1);
#5147=CARTESIAN_POINT('',(-1.38E0,4.4E0,-1.16E0));
#5148=LINE('',#5147,#5146);
#5149=DIRECTION('',(-2.357022603955E-1,9.428090415821E-1,-2.357022603955E-1));
#5150=VECTOR('',#5149,8.485281374239E-1);
#5151=CARTESIAN_POINT('',(-9.6E-1,3.6E0,-9.6E-1));
#5152=LINE('',#5151,#5150);
#5153=DIRECTION('',(-1.E0,0.E0,0.E0));
#5154=VECTOR('',#5153,6.2E-1);
#5155=CARTESIAN_POINT('',(-9.6E-1,3.6E0,-9.6E-1));
#5156=LINE('',#5155,#5154);
#5157=DIRECTION('',(-1.E0,0.E0,0.E0));
#5158=VECTOR('',#5157,6.2E-1);
#5159=CARTESIAN_POINT('',(-9.6E-1,-6.95E0,-9.6E-1));
#5160=LINE('',#5159,#5158);
#5161=DIRECTION('',(2.357022603955E-1,9.428090415821E-1,2.357022603955E-1));
#5162=VECTOR('',#5161,8.485281374239E-1);
#5163=CARTESIAN_POINT('',(-1.16E0,-7.75E0,-1.16E0));
#5164=LINE('',#5163,#5162);
#5165=DIRECTION('',(-1.E0,0.E0,0.E0));
#5166=VECTOR('',#5165,2.2E-1);
#5167=CARTESIAN_POINT('',(-1.16E0,-7.75E0,-1.38E0));
#5168=LINE('',#5167,#5166);
#5169=DIRECTION('',(0.E0,0.E0,1.E0));
#5170=VECTOR('',#5169,2.2E-1);
#5171=CARTESIAN_POINT('',(-1.38E0,-7.75E0,-1.38E0));
#5172=LINE('',#5171,#5170);
#5173=DIRECTION('',(-1.E0,0.E0,0.E0));
#5174=VECTOR('',#5173,2.2E-1);
#5175=CARTESIAN_POINT('',(-1.16E0,-7.75E0,-1.16E0));
#5176=LINE('',#5175,#5174);
#5177=DIRECTION('',(0.E0,0.E0,-1.E0));
#5178=VECTOR('',#5177,2.2E-1);
#5179=CARTESIAN_POINT('',(-1.16E0,-7.75E0,-1.16E0));
#5180=LINE('',#5179,#5178);
#5181=DIRECTION('',(-2.357022603955E-1,9.428090415821E-1,-2.357022603955E-1));
#5182=VECTOR('',#5181,8.485281374239E-1);
#5183=CARTESIAN_POINT('',(-1.38E0,-7.75E0,-1.38E0));
#5184=LINE('',#5183,#5182);
#5185=DIRECTION('',(-2.357022603955E-1,-9.428090415821E-1,2.357022603955E-1));
#5186=VECTOR('',#5185,8.485281374239E-1);
#5187=CARTESIAN_POINT('',(-9.6E-1,-6.95E0,-1.58E0));
#5188=LINE('',#5187,#5186);
#5189=DIRECTION('',(-1.E0,0.E0,0.E0));
#5190=VECTOR('',#5189,6.2E-1);
#5191=CARTESIAN_POINT('',(-9.6E-1,3.6E0,-1.58E0));
#5192=LINE('',#5191,#5190);
#5193=DIRECTION('',(-1.E0,0.E0,0.E0));
#5194=VECTOR('',#5193,6.2E-1);
#5195=CARTESIAN_POINT('',(-9.6E-1,-6.95E0,-1.58E0));
#5196=LINE('',#5195,#5194);
#5197=DIRECTION('',(-2.357022603955E-1,9.428090415821E-1,2.357022603955E-1));
#5198=VECTOR('',#5197,8.485281374239E-1);
#5199=CARTESIAN_POINT('',(-1.38E0,-7.75E0,-1.16E0));
#5200=LINE('',#5199,#5198);
#5201=DIRECTION('',(0.E0,0.E0,-1.E0));
#5202=VECTOR('',#5201,6.2E-1);
#5203=CARTESIAN_POINT('',(9.6E-1,3.6E0,1.58E0));
#5204=LINE('',#5203,#5202);
#5205=DIRECTION('',(0.E0,-1.E0,0.E0));
#5206=VECTOR('',#5205,2.6E0);
#5207=CARTESIAN_POINT('',(9.6E-1,3.6E0,1.58E0));
#5208=LINE('',#5207,#5206);
#5209=DIRECTION('',(0.E0,1.E0,0.E0));
#5210=VECTOR('',#5209,2.6E0);
#5211=CARTESIAN_POINT('',(9.6E-1,1.E0,9.6E-1));
#5212=LINE('',#5211,#5210);
#5213=DIRECTION('',(0.E0,0.E0,-1.E0));
#5214=VECTOR('',#5213,6.2E-1);
#5215=CARTESIAN_POINT('',(9.6E-1,3.6E0,-9.6E-1));
#5216=LINE('',#5215,#5214);
#5217=DIRECTION('',(0.E0,-1.E0,0.E0));
#5218=VECTOR('',#5217,2.6E0);
#5219=CARTESIAN_POINT('',(9.6E-1,3.6E0,-9.6E-1));
#5220=LINE('',#5219,#5218);
#5221=DIRECTION('',(0.E0,1.E0,0.E0));
#5222=VECTOR('',#5221,2.6E0);
#5223=CARTESIAN_POINT('',(9.6E-1,1.E0,-1.58E0));
#5224=LINE('',#5223,#5222);
#5225=DIRECTION('',(0.E0,0.E0,1.E0));
#5226=VECTOR('',#5225,6.2E-1);
#5227=CARTESIAN_POINT('',(9.6E-1,-6.95E0,-1.58E0));
#5228=LINE('',#5227,#5226);
#5229=DIRECTION('',(0.E0,1.E0,0.E0));
#5230=VECTOR('',#5229,5.95E0);
#5231=CARTESIAN_POINT('',(9.6E-1,-6.95E0,-1.58E0));
#5232=LINE('',#5231,#5230);
#5233=DIRECTION('',(0.E0,-1.E0,0.E0));
#5234=VECTOR('',#5233,5.95E0);
#5235=CARTESIAN_POINT('',(9.6E-1,-1.E0,-9.6E-1));
#5236=LINE('',#5235,#5234);
#5237=DIRECTION('',(0.E0,0.E0,1.E0));
#5238=VECTOR('',#5237,6.2E-1);
#5239=CARTESIAN_POINT('',(9.6E-1,-6.95E0,9.6E-1));
#5240=LINE('',#5239,#5238);
#5241=DIRECTION('',(0.E0,1.E0,0.E0));
#5242=VECTOR('',#5241,5.95E0);
#5243=CARTESIAN_POINT('',(9.6E-1,-6.95E0,9.6E-1));
#5244=LINE('',#5243,#5242);
#5245=DIRECTION('',(0.E0,-1.E0,0.E0));
#5246=VECTOR('',#5245,5.95E0);
#5247=CARTESIAN_POINT('',(9.6E-1,-1.E0,1.58E0));
#5248=LINE('',#5247,#5246);
#5249=DIRECTION('',(-2.357022603955E-1,-9.428090415821E-1,-2.357022603955E-1));
#5250=VECTOR('',#5249,8.485281374239E-1);
#5251=CARTESIAN_POINT('',(1.16E0,4.4E0,1.16E0));
#5252=LINE('',#5251,#5250);
#5253=DIRECTION('',(2.357022603955E-1,-9.428090415821E-1,-2.357022603955E-1));
#5254=VECTOR('',#5253,8.485281374239E-1);
#5255=CARTESIAN_POINT('',(1.38E0,4.4E0,1.16E0));
#5256=LINE('',#5255,#5254);
#5257=DIRECTION('',(-1.E0,0.E0,0.E0));
#5258=VECTOR('',#5257,6.2E-1);
#5259=CARTESIAN_POINT('',(1.58E0,3.6E0,9.6E-1));
#5260=LINE('',#5259,#5258);
#5261=DIRECTION('',(-1.E0,0.E0,0.E0));
#5262=VECTOR('',#5261,6.2E-1);
#5263=CARTESIAN_POINT('',(1.58E0,-6.95E0,9.6E-1));
#5264=LINE('',#5263,#5262);
#5265=DIRECTION('',(0.E0,0.E0,1.E0));
#5266=VECTOR('',#5265,6.2E-1);
#5267=CARTESIAN_POINT('',(1.58E0,3.6E0,9.6E-1));
#5268=LINE('',#5267,#5266);
#5269=DIRECTION('',(0.E0,1.E0,0.E0));
#5270=VECTOR('',#5269,2.6E0);
#5271=CARTESIAN_POINT('',(1.58E0,1.E0,9.6E-1));
#5272=LINE('',#5271,#5270);
#5273=DIRECTION('',(0.E0,-1.E0,0.E0));
#5274=VECTOR('',#5273,2.6E0);
#5275=CARTESIAN_POINT('',(1.58E0,3.6E0,1.58E0));
#5276=LINE('',#5275,#5274);
#5277=DIRECTION('',(0.E0,0.E0,1.E0));
#5278=VECTOR('',#5277,6.2E-1);
#5279=CARTESIAN_POINT('',(1.58E0,3.6E0,-1.58E0));
#5280=LINE('',#5279,#5278);
#5281=DIRECTION('',(0.E0,1.E0,0.E0));
#5282=VECTOR('',#5281,2.6E0);
#5283=CARTESIAN_POINT('',(1.58E0,1.E0,-1.58E0));
#5284=LINE('',#5283,#5282);
#5285=DIRECTION('',(0.E0,-1.E0,0.E0));
#5286=VECTOR('',#5285,2.6E0);
#5287=CARTESIAN_POINT('',(1.58E0,3.6E0,-9.6E-1));
#5288=LINE('',#5287,#5286);
#5289=DIRECTION('',(0.E0,0.E0,-1.E0));
#5290=VECTOR('',#5289,6.2E-1);
#5291=CARTESIAN_POINT('',(1.58E0,-6.95E0,-9.6E-1));
#5292=LINE('',#5291,#5290);
#5293=DIRECTION('',(0.E0,-1.E0,0.E0));
#5294=VECTOR('',#5293,5.95E0);
#5295=CARTESIAN_POINT('',(1.58E0,-1.E0,-9.6E-1));
#5296=LINE('',#5295,#5294);
#5297=DIRECTION('',(0.E0,1.E0,0.E0));
#5298=VECTOR('',#5297,5.95E0);
#5299=CARTESIAN_POINT('',(1.58E0,-6.95E0,-1.58E0));
#5300=LINE('',#5299,#5298);
#5301=DIRECTION('',(0.E0,0.E0,-1.E0));
#5302=VECTOR('',#5301,6.2E-1);
#5303=CARTESIAN_POINT('',(1.58E0,-6.95E0,1.58E0));
#5304=LINE('',#5303,#5302);
#5305=DIRECTION('',(0.E0,-1.E0,0.E0));
#5306=VECTOR('',#5305,5.95E0);
#5307=CARTESIAN_POINT('',(1.58E0,-1.E0,1.58E0));
#5308=LINE('',#5307,#5306);
#5309=DIRECTION('',(0.E0,1.E0,0.E0));
#5310=VECTOR('',#5309,5.95E0);
#5311=CARTESIAN_POINT('',(1.58E0,-6.95E0,9.6E-1));
#5312=LINE('',#5311,#5310);
#5313=DIRECTION('',(2.357022603955E-1,-9.428090415821E-1,2.357022603955E-1));
#5314=VECTOR('',#5313,8.485281374239E-1);
#5315=CARTESIAN_POINT('',(1.38E0,4.4E0,1.38E0));
#5316=LINE('',#5315,#5314);
#5317=DIRECTION('',(-1.E0,0.E0,0.E0));
#5318=VECTOR('',#5317,2.2E-1);
#5319=CARTESIAN_POINT('',(1.38E0,4.4E0,1.38E0));
#5320=LINE('',#5319,#5318);
#5321=DIRECTION('',(0.E0,0.E0,-1.E0));
#5322=VECTOR('',#5321,2.2E-1);
#5323=CARTESIAN_POINT('',(1.16E0,4.4E0,1.38E0));
#5324=LINE('',#5323,#5322);
#5325=DIRECTION('',(-1.E0,0.E0,0.E0));
#5326=VECTOR('',#5325,2.2E-1);
#5327=CARTESIAN_POINT('',(1.38E0,4.4E0,1.16E0));
#5328=LINE('',#5327,#5326);
#5329=DIRECTION('',(0.E0,0.E0,1.E0));
#5330=VECTOR('',#5329,2.2E-1);
#5331=CARTESIAN_POINT('',(1.38E0,4.4E0,1.16E0));
#5332=LINE('',#5331,#5330);
#5333=DIRECTION('',(-2.357022603955E-1,-9.428090415821E-1,2.357022603955E-1));
#5334=VECTOR('',#5333,8.485281374239E-1);
#5335=CARTESIAN_POINT('',(1.16E0,4.4E0,1.38E0));
#5336=LINE('',#5335,#5334);
#5337=DIRECTION('',(-1.E0,0.E0,0.E0));
#5338=VECTOR('',#5337,6.2E-1);
#5339=CARTESIAN_POINT('',(1.58E0,3.6E0,1.58E0));
#5340=LINE('',#5339,#5338);
#5341=DIRECTION('',(-1.E0,0.E0,0.E0));
#5342=VECTOR('',#5341,6.2E-1);
#5343=CARTESIAN_POINT('',(1.58E0,-6.95E0,1.58E0));
#5344=LINE('',#5343,#5342);
#5345=DIRECTION('',(2.357022603955E-1,9.428090415821E-1,2.357022603955E-1));
#5346=VECTOR('',#5345,8.485281374239E-1);
#5347=CARTESIAN_POINT('',(1.38E0,-7.75E0,1.38E0));
#5348=LINE('',#5347,#5346);
#5349=DIRECTION('',(-1.E0,0.E0,0.E0));
#5350=VECTOR('',#5349,2.2E-1);
#5351=CARTESIAN_POINT('',(1.38E0,-7.75E0,1.16E0));
#5352=LINE('',#5351,#5350);
#5353=DIRECTION('',(0.E0,0.E0,1.E0));
#5354=VECTOR('',#5353,2.2E-1);
#5355=CARTESIAN_POINT('',(1.16E0,-7.75E0,1.16E0));
#5356=LINE('',#5355,#5354);
#5357=DIRECTION('',(-1.E0,0.E0,0.E0));
#5358=VECTOR('',#5357,2.2E-1);
#5359=CARTESIAN_POINT('',(1.38E0,-7.75E0,1.38E0));
#5360=LINE('',#5359,#5358);
#5361=DIRECTION('',(0.E0,0.E0,-1.E0));
#5362=VECTOR('',#5361,2.2E-1);
#5363=CARTESIAN_POINT('',(1.38E0,-7.75E0,1.38E0));
#5364=LINE('',#5363,#5362);
#5365=DIRECTION('',(-2.357022603955E-1,9.428090415821E-1,-2.357022603955E-1));
#5366=VECTOR('',#5365,8.485281374239E-1);
#5367=CARTESIAN_POINT('',(1.16E0,-7.75E0,1.16E0));
#5368=LINE('',#5367,#5366);
#5369=DIRECTION('',(-2.357022603955E-1,-9.428090415821E-1,2.357022603955E-1));
#5370=VECTOR('',#5369,8.485281374239E-1);
#5371=CARTESIAN_POINT('',(1.58E0,-6.95E0,9.6E-1));
#5372=LINE('',#5371,#5370);
#5373=DIRECTION('',(-2.357022603955E-1,9.428090415821E-1,2.357022603955E-1));
#5374=VECTOR('',#5373,8.485281374239E-1);
#5375=CARTESIAN_POINT('',(1.16E0,-7.75E0,1.38E0));
#5376=LINE('',#5375,#5374);
#5377=DIRECTION('',(-1.E0,0.E0,0.E0));
#5378=VECTOR('',#5377,2.2E-1);
#5379=CARTESIAN_POINT('',(1.38E0,4.4E0,-1.38E0));
#5380=LINE('',#5379,#5378);
#5381=DIRECTION('',(0.E0,0.E0,1.E0));
#5382=VECTOR('',#5381,2.2E-1);
#5383=CARTESIAN_POINT('',(1.38E0,4.4E0,-1.38E0));
#5384=LINE('',#5383,#5382);
#5385=DIRECTION('',(-1.E0,0.E0,0.E0));
#5386=VECTOR('',#5385,2.2E-1);
#5387=CARTESIAN_POINT('',(1.38E0,4.4E0,-1.16E0));
#5388=LINE('',#5387,#5386);
#5389=DIRECTION('',(0.E0,0.E0,-1.E0));
#5390=VECTOR('',#5389,2.2E-1);
#5391=CARTESIAN_POINT('',(1.16E0,4.4E0,-1.16E0));
#5392=LINE('',#5391,#5390);
#5393=DIRECTION('',(2.357022603955E-1,9.428090415821E-1,2.357022603955E-1));
#5394=VECTOR('',#5393,8.485281374239E-1);
#5395=CARTESIAN_POINT('',(9.6E-1,3.6E0,-1.58E0));
#5396=LINE('',#5395,#5394);
#5397=DIRECTION('',(2.357022603955E-1,-9.428090415821E-1,-2.357022603955E-1));
#5398=VECTOR('',#5397,8.485281374239E-1);
#5399=CARTESIAN_POINT('',(1.38E0,4.4E0,-1.38E0));
#5400=LINE('',#5399,#5398);
#5401=DIRECTION('',(-2.357022603955E-1,-9.428090415821E-1,2.357022603955E-1));
#5402=VECTOR('',#5401,8.485281374239E-1);
#5403=CARTESIAN_POINT('',(1.16E0,4.4E0,-1.16E0));
#5404=LINE('',#5403,#5402);
#5405=DIRECTION('',(-2.357022603955E-1,9.428090415821E-1,-2.357022603955E-1));
#5406=VECTOR('',#5405,8.485281374239E-1);
#5407=CARTESIAN_POINT('',(1.58E0,3.6E0,-9.6E-1));
#5408=LINE('',#5407,#5406);
#5409=DIRECTION('',(-1.E0,0.E0,0.E0));
#5410=VECTOR('',#5409,6.2E-1);
#5411=CARTESIAN_POINT('',(1.58E0,3.6E0,-9.6E-1));
#5412=LINE('',#5411,#5410);
#5413=DIRECTION('',(-1.E0,0.E0,0.E0));
#5414=VECTOR('',#5413,6.2E-1);
#5415=CARTESIAN_POINT('',(1.58E0,-6.95E0,-9.6E-1));
#5416=LINE('',#5415,#5414);
#5417=DIRECTION('',(2.357022603955E-1,9.428090415821E-1,2.357022603955E-1));
#5418=VECTOR('',#5417,8.485281374239E-1);
#5419=CARTESIAN_POINT('',(1.38E0,-7.75E0,-1.16E0));
#5420=LINE('',#5419,#5418);
#5421=DIRECTION('',(-1.E0,0.E0,0.E0));
#5422=VECTOR('',#5421,2.2E-1);
#5423=CARTESIAN_POINT('',(1.38E0,-7.75E0,-1.38E0));
#5424=LINE('',#5423,#5422);
#5425=DIRECTION('',(0.E0,0.E0,1.E0));
#5426=VECTOR('',#5425,2.2E-1);
#5427=CARTESIAN_POINT('',(1.16E0,-7.75E0,-1.38E0));
#5428=LINE('',#5427,#5426);
#5429=DIRECTION('',(-1.E0,0.E0,0.E0));
#5430=VECTOR('',#5429,2.2E-1);
#5431=CARTESIAN_POINT('',(1.38E0,-7.75E0,-1.16E0));
#5432=LINE('',#5431,#5430);
#5433=DIRECTION('',(0.E0,0.E0,-1.E0));
#5434=VECTOR('',#5433,2.2E-1);
#5435=CARTESIAN_POINT('',(1.38E0,-7.75E0,-1.16E0));
#5436=LINE('',#5435,#5434);
#5437=DIRECTION('',(-2.357022603955E-1,9.428090415821E-1,-2.357022603955E-1));
#5438=VECTOR('',#5437,8.485281374239E-1);
#5439=CARTESIAN_POINT('',(1.16E0,-7.75E0,-1.38E0));
#5440=LINE('',#5439,#5438);
#5441=DIRECTION('',(-2.357022603955E-1,-9.428090415821E-1,2.357022603955E-1));
#5442=VECTOR('',#5441,8.485281374239E-1);
#5443=CARTESIAN_POINT('',(1.58E0,-6.95E0,-1.58E0));
#5444=LINE('',#5443,#5442);
#5445=DIRECTION('',(-1.E0,0.E0,0.E0));
#5446=VECTOR('',#5445,6.2E-1);
#5447=CARTESIAN_POINT('',(1.58E0,3.6E0,-1.58E0));
#5448=LINE('',#5447,#5446);
#5449=DIRECTION('',(-1.E0,0.E0,0.E0));
#5450=VECTOR('',#5449,6.2E-1);
#5451=CARTESIAN_POINT('',(1.58E0,-6.95E0,-1.58E0));
#5452=LINE('',#5451,#5450);
#5453=DIRECTION('',(-2.357022603955E-1,9.428090415821E-1,2.357022603955E-1));
#5454=VECTOR('',#5453,8.485281374239E-1);
#5455=CARTESIAN_POINT('',(1.16E0,-7.75E0,-1.16E0));
#5456=LINE('',#5455,#5454);
#5457=DIRECTION('',(0.E0,0.E0,-1.E0));
#5458=VECTOR('',#5457,6.2E-1);
#5459=CARTESIAN_POINT('',(3.5E0,3.6E0,1.58E0));
#5460=LINE('',#5459,#5458);
#5461=DIRECTION('',(0.E0,-1.E0,0.E0));
#5462=VECTOR('',#5461,2.6E0);
#5463=CARTESIAN_POINT('',(3.5E0,3.6E0,1.58E0));
#5464=LINE('',#5463,#5462);
#5465=DIRECTION('',(0.E0,1.E0,0.E0));
#5466=VECTOR('',#5465,2.6E0);
#5467=CARTESIAN_POINT('',(3.5E0,1.E0,9.6E-1));
#5468=LINE('',#5467,#5466);
#5469=DIRECTION('',(0.E0,0.E0,-1.E0));
#5470=VECTOR('',#5469,6.2E-1);
#5471=CARTESIAN_POINT('',(3.5E0,3.6E0,-9.6E-1));
#5472=LINE('',#5471,#5470);
#5473=DIRECTION('',(0.E0,-1.E0,0.E0));
#5474=VECTOR('',#5473,2.6E0);
#5475=CARTESIAN_POINT('',(3.5E0,3.6E0,-9.6E-1));
#5476=LINE('',#5475,#5474);
#5477=DIRECTION('',(0.E0,1.E0,0.E0));
#5478=VECTOR('',#5477,2.6E0);
#5479=CARTESIAN_POINT('',(3.5E0,1.E0,-1.58E0));
#5480=LINE('',#5479,#5478);
#5481=DIRECTION('',(0.E0,0.E0,1.E0));
#5482=VECTOR('',#5481,6.2E-1);
#5483=CARTESIAN_POINT('',(3.5E0,-6.95E0,-1.58E0));
#5484=LINE('',#5483,#5482);
#5485=DIRECTION('',(0.E0,1.E0,0.E0));
#5486=VECTOR('',#5485,5.95E0);
#5487=CARTESIAN_POINT('',(3.5E0,-6.95E0,-1.58E0));
#5488=LINE('',#5487,#5486);
#5489=DIRECTION('',(0.E0,-1.E0,0.E0));
#5490=VECTOR('',#5489,5.95E0);
#5491=CARTESIAN_POINT('',(3.5E0,-1.E0,-9.6E-1));
#5492=LINE('',#5491,#5490);
#5493=DIRECTION('',(0.E0,0.E0,1.E0));
#5494=VECTOR('',#5493,6.2E-1);
#5495=CARTESIAN_POINT('',(3.5E0,-6.95E0,9.6E-1));
#5496=LINE('',#5495,#5494);
#5497=DIRECTION('',(0.E0,1.E0,0.E0));
#5498=VECTOR('',#5497,5.95E0);
#5499=CARTESIAN_POINT('',(3.5E0,-6.95E0,9.6E-1));
#5500=LINE('',#5499,#5498);
#5501=DIRECTION('',(0.E0,-1.E0,0.E0));
#5502=VECTOR('',#5501,5.95E0);
#5503=CARTESIAN_POINT('',(3.5E0,-1.E0,1.58E0));
#5504=LINE('',#5503,#5502);
#5505=DIRECTION('',(-2.357022603955E-1,-9.428090415821E-1,-2.357022603955E-1));
#5506=VECTOR('',#5505,8.485281374239E-1);
#5507=CARTESIAN_POINT('',(3.7E0,4.4E0,1.16E0));
#5508=LINE('',#5507,#5506);
#5509=DIRECTION('',(2.357022603955E-1,-9.428090415821E-1,-2.357022603955E-1));
#5510=VECTOR('',#5509,8.485281374239E-1);
#5511=CARTESIAN_POINT('',(3.92E0,4.4E0,1.16E0));
#5512=LINE('',#5511,#5510);
#5513=DIRECTION('',(-1.E0,0.E0,0.E0));
#5514=VECTOR('',#5513,6.2E-1);
#5515=CARTESIAN_POINT('',(4.12E0,3.6E0,9.6E-1));
#5516=LINE('',#5515,#5514);
#5517=DIRECTION('',(-1.E0,0.E0,0.E0));
#5518=VECTOR('',#5517,6.2E-1);
#5519=CARTESIAN_POINT('',(4.12E0,-6.95E0,9.6E-1));
#5520=LINE('',#5519,#5518);
#5521=DIRECTION('',(0.E0,0.E0,1.E0));
#5522=VECTOR('',#5521,6.2E-1);
#5523=CARTESIAN_POINT('',(4.12E0,3.6E0,9.6E-1));
#5524=LINE('',#5523,#5522);
#5525=DIRECTION('',(0.E0,1.E0,0.E0));
#5526=VECTOR('',#5525,2.6E0);
#5527=CARTESIAN_POINT('',(4.12E0,1.E0,9.6E-1));
#5528=LINE('',#5527,#5526);
#5529=DIRECTION('',(0.E0,-1.E0,0.E0));
#5530=VECTOR('',#5529,2.6E0);
#5531=CARTESIAN_POINT('',(4.12E0,3.6E0,1.58E0));
#5532=LINE('',#5531,#5530);
#5533=DIRECTION('',(0.E0,0.E0,1.E0));
#5534=VECTOR('',#5533,6.2E-1);
#5535=CARTESIAN_POINT('',(4.12E0,3.6E0,-1.58E0));
#5536=LINE('',#5535,#5534);
#5537=DIRECTION('',(0.E0,1.E0,0.E0));
#5538=VECTOR('',#5537,2.6E0);
#5539=CARTESIAN_POINT('',(4.12E0,1.E0,-1.58E0));
#5540=LINE('',#5539,#5538);
#5541=DIRECTION('',(0.E0,-1.E0,0.E0));
#5542=VECTOR('',#5541,2.6E0);
#5543=CARTESIAN_POINT('',(4.12E0,3.6E0,-9.6E-1));
#5544=LINE('',#5543,#5542);
#5545=DIRECTION('',(0.E0,0.E0,-1.E0));
#5546=VECTOR('',#5545,6.2E-1);
#5547=CARTESIAN_POINT('',(4.12E0,-6.95E0,-9.6E-1));
#5548=LINE('',#5547,#5546);
#5549=DIRECTION('',(0.E0,-1.E0,0.E0));
#5550=VECTOR('',#5549,5.95E0);
#5551=CARTESIAN_POINT('',(4.12E0,-1.E0,-9.6E-1));
#5552=LINE('',#5551,#5550);
#5553=DIRECTION('',(0.E0,1.E0,0.E0));
#5554=VECTOR('',#5553,5.95E0);
#5555=CARTESIAN_POINT('',(4.12E0,-6.95E0,-1.58E0));
#5556=LINE('',#5555,#5554);
#5557=DIRECTION('',(0.E0,0.E0,-1.E0));
#5558=VECTOR('',#5557,6.2E-1);
#5559=CARTESIAN_POINT('',(4.12E0,-6.95E0,1.58E0));
#5560=LINE('',#5559,#5558);
#5561=DIRECTION('',(0.E0,-1.E0,0.E0));
#5562=VECTOR('',#5561,5.95E0);
#5563=CARTESIAN_POINT('',(4.12E0,-1.E0,1.58E0));
#5564=LINE('',#5563,#5562);
#5565=DIRECTION('',(0.E0,1.E0,0.E0));
#5566=VECTOR('',#5565,5.95E0);
#5567=CARTESIAN_POINT('',(4.12E0,-6.95E0,9.6E-1));
#5568=LINE('',#5567,#5566);
#5569=DIRECTION('',(2.357022603955E-1,-9.428090415821E-1,2.357022603955E-1));
#5570=VECTOR('',#5569,8.485281374239E-1);
#5571=CARTESIAN_POINT('',(3.92E0,4.4E0,1.38E0));
#5572=LINE('',#5571,#5570);
#5573=DIRECTION('',(-1.E0,0.E0,0.E0));
#5574=VECTOR('',#5573,2.2E-1);
#5575=CARTESIAN_POINT('',(3.92E0,4.4E0,1.38E0));
#5576=LINE('',#5575,#5574);
#5577=DIRECTION('',(0.E0,0.E0,-1.E0));
#5578=VECTOR('',#5577,2.2E-1);
#5579=CARTESIAN_POINT('',(3.7E0,4.4E0,1.38E0));
#5580=LINE('',#5579,#5578);
#5581=DIRECTION('',(-1.E0,0.E0,0.E0));
#5582=VECTOR('',#5581,2.2E-1);
#5583=CARTESIAN_POINT('',(3.92E0,4.4E0,1.16E0));
#5584=LINE('',#5583,#5582);
#5585=DIRECTION('',(0.E0,0.E0,1.E0));
#5586=VECTOR('',#5585,2.2E-1);
#5587=CARTESIAN_POINT('',(3.92E0,4.4E0,1.16E0));
#5588=LINE('',#5587,#5586);
#5589=DIRECTION('',(-2.357022603955E-1,-9.428090415821E-1,2.357022603955E-1));
#5590=VECTOR('',#5589,8.485281374239E-1);
#5591=CARTESIAN_POINT('',(3.7E0,4.4E0,1.38E0));
#5592=LINE('',#5591,#5590);
#5593=DIRECTION('',(-1.E0,0.E0,0.E0));
#5594=VECTOR('',#5593,6.2E-1);
#5595=CARTESIAN_POINT('',(4.12E0,3.6E0,1.58E0));
#5596=LINE('',#5595,#5594);
#5597=DIRECTION('',(-1.E0,0.E0,0.E0));
#5598=VECTOR('',#5597,6.2E-1);
#5599=CARTESIAN_POINT('',(4.12E0,-6.95E0,1.58E0));
#5600=LINE('',#5599,#5598);
#5601=DIRECTION('',(2.357022603955E-1,9.428090415821E-1,2.357022603955E-1));
#5602=VECTOR('',#5601,8.485281374239E-1);
#5603=CARTESIAN_POINT('',(3.92E0,-7.75E0,1.38E0));
#5604=LINE('',#5603,#5602);
#5605=DIRECTION('',(-1.E0,0.E0,0.E0));
#5606=VECTOR('',#5605,2.2E-1);
#5607=CARTESIAN_POINT('',(3.92E0,-7.75E0,1.16E0));
#5608=LINE('',#5607,#5606);
#5609=DIRECTION('',(0.E0,0.E0,1.E0));
#5610=VECTOR('',#5609,2.2E-1);
#5611=CARTESIAN_POINT('',(3.7E0,-7.75E0,1.16E0));
#5612=LINE('',#5611,#5610);
#5613=DIRECTION('',(-1.E0,0.E0,0.E0));
#5614=VECTOR('',#5613,2.2E-1);
#5615=CARTESIAN_POINT('',(3.92E0,-7.75E0,1.38E0));
#5616=LINE('',#5615,#5614);
#5617=DIRECTION('',(0.E0,0.E0,-1.E0));
#5618=VECTOR('',#5617,2.2E-1);
#5619=CARTESIAN_POINT('',(3.92E0,-7.75E0,1.38E0));
#5620=LINE('',#5619,#5618);
#5621=DIRECTION('',(-2.357022603955E-1,9.428090415821E-1,-2.357022603955E-1));
#5622=VECTOR('',#5621,8.485281374239E-1);
#5623=CARTESIAN_POINT('',(3.7E0,-7.75E0,1.16E0));
#5624=LINE('',#5623,#5622);
#5625=DIRECTION('',(-2.357022603955E-1,-9.428090415821E-1,2.357022603955E-1));
#5626=VECTOR('',#5625,8.485281374239E-1);
#5627=CARTESIAN_POINT('',(4.12E0,-6.95E0,9.6E-1));
#5628=LINE('',#5627,#5626);
#5629=DIRECTION('',(-2.357022603955E-1,9.428090415821E-1,2.357022603955E-1));
#5630=VECTOR('',#5629,8.485281374239E-1);
#5631=CARTESIAN_POINT('',(3.7E0,-7.75E0,1.38E0));
#5632=LINE('',#5631,#5630);
#5633=DIRECTION('',(-1.E0,0.E0,0.E0));
#5634=VECTOR('',#5633,2.2E-1);
#5635=CARTESIAN_POINT('',(3.92E0,4.4E0,-1.38E0));
#5636=LINE('',#5635,#5634);
#5637=DIRECTION('',(0.E0,0.E0,1.E0));
#5638=VECTOR('',#5637,2.2E-1);
#5639=CARTESIAN_POINT('',(3.92E0,4.4E0,-1.38E0));
#5640=LINE('',#5639,#5638);
#5641=DIRECTION('',(-1.E0,0.E0,0.E0));
#5642=VECTOR('',#5641,2.2E-1);
#5643=CARTESIAN_POINT('',(3.92E0,4.4E0,-1.16E0));
#5644=LINE('',#5643,#5642);
#5645=DIRECTION('',(0.E0,0.E0,-1.E0));
#5646=VECTOR('',#5645,2.2E-1);
#5647=CARTESIAN_POINT('',(3.7E0,4.4E0,-1.16E0));
#5648=LINE('',#5647,#5646);
#5649=DIRECTION('',(2.357022603955E-1,9.428090415821E-1,2.357022603955E-1));
#5650=VECTOR('',#5649,8.485281374239E-1);
#5651=CARTESIAN_POINT('',(3.5E0,3.6E0,-1.58E0));
#5652=LINE('',#5651,#5650);
#5653=DIRECTION('',(2.357022603955E-1,-9.428090415821E-1,-2.357022603955E-1));
#5654=VECTOR('',#5653,8.485281374239E-1);
#5655=CARTESIAN_POINT('',(3.92E0,4.4E0,-1.38E0));
#5656=LINE('',#5655,#5654);
#5657=DIRECTION('',(-2.357022603955E-1,-9.428090415821E-1,2.357022603955E-1));
#5658=VECTOR('',#5657,8.485281374239E-1);
#5659=CARTESIAN_POINT('',(3.7E0,4.4E0,-1.16E0));
#5660=LINE('',#5659,#5658);
#5661=DIRECTION('',(-2.357022603955E-1,9.428090415821E-1,-2.357022603955E-1));
#5662=VECTOR('',#5661,8.485281374239E-1);
#5663=CARTESIAN_POINT('',(4.12E0,3.6E0,-9.6E-1));
#5664=LINE('',#5663,#5662);
#5665=DIRECTION('',(-1.E0,0.E0,0.E0));
#5666=VECTOR('',#5665,6.2E-1);
#5667=CARTESIAN_POINT('',(4.12E0,3.6E0,-9.6E-1));
#5668=LINE('',#5667,#5666);
#5669=DIRECTION('',(-1.E0,0.E0,0.E0));
#5670=VECTOR('',#5669,6.2E-1);
#5671=CARTESIAN_POINT('',(4.12E0,-6.95E0,-9.6E-1));
#5672=LINE('',#5671,#5670);
#5673=DIRECTION('',(2.357022603955E-1,9.428090415821E-1,2.357022603955E-1));
#5674=VECTOR('',#5673,8.485281374239E-1);
#5675=CARTESIAN_POINT('',(3.92E0,-7.75E0,-1.16E0));
#5676=LINE('',#5675,#5674);
#5677=DIRECTION('',(-1.E0,0.E0,0.E0));
#5678=VECTOR('',#5677,2.2E-1);
#5679=CARTESIAN_POINT('',(3.92E0,-7.75E0,-1.38E0));
#5680=LINE('',#5679,#5678);
#5681=DIRECTION('',(0.E0,0.E0,1.E0));
#5682=VECTOR('',#5681,2.2E-1);
#5683=CARTESIAN_POINT('',(3.7E0,-7.75E0,-1.38E0));
#5684=LINE('',#5683,#5682);
#5685=DIRECTION('',(-1.E0,0.E0,0.E0));
#5686=VECTOR('',#5685,2.2E-1);
#5687=CARTESIAN_POINT('',(3.92E0,-7.75E0,-1.16E0));
#5688=LINE('',#5687,#5686);
#5689=DIRECTION('',(0.E0,0.E0,-1.E0));
#5690=VECTOR('',#5689,2.2E-1);
#5691=CARTESIAN_POINT('',(3.92E0,-7.75E0,-1.16E0));
#5692=LINE('',#5691,#5690);
#5693=DIRECTION('',(-2.357022603955E-1,9.428090415821E-1,-2.357022603955E-1));
#5694=VECTOR('',#5693,8.485281374239E-1);
#5695=CARTESIAN_POINT('',(3.7E0,-7.75E0,-1.38E0));
#5696=LINE('',#5695,#5694);
#5697=DIRECTION('',(-2.357022603955E-1,-9.428090415821E-1,2.357022603955E-1));
#5698=VECTOR('',#5697,8.485281374239E-1);
#5699=CARTESIAN_POINT('',(4.12E0,-6.95E0,-1.58E0));
#5700=LINE('',#5699,#5698);
#5701=DIRECTION('',(-1.E0,0.E0,0.E0));
#5702=VECTOR('',#5701,6.2E-1);
#5703=CARTESIAN_POINT('',(4.12E0,3.6E0,-1.58E0));
#5704=LINE('',#5703,#5702);
#5705=DIRECTION('',(-1.E0,0.E0,0.E0));
#5706=VECTOR('',#5705,6.2E-1);
#5707=CARTESIAN_POINT('',(4.12E0,-6.95E0,-1.58E0));
#5708=LINE('',#5707,#5706);
#5709=DIRECTION('',(-2.357022603955E-1,9.428090415821E-1,2.357022603955E-1));
#5710=VECTOR('',#5709,8.485281374239E-1);
#5711=CARTESIAN_POINT('',(3.7E0,-7.75E0,-1.16E0));
#5712=LINE('',#5711,#5710);
#5713=DIRECTION('',(0.E0,0.E0,-1.E0));
#5714=VECTOR('',#5713,6.2E-1);
#5715=CARTESIAN_POINT('',(6.04E0,3.6E0,1.58E0));
#5716=LINE('',#5715,#5714);
#5717=DIRECTION('',(0.E0,-1.E0,0.E0));
#5718=VECTOR('',#5717,2.6E0);
#5719=CARTESIAN_POINT('',(6.04E0,3.6E0,1.58E0));
#5720=LINE('',#5719,#5718);
#5721=DIRECTION('',(0.E0,1.E0,0.E0));
#5722=VECTOR('',#5721,2.6E0);
#5723=CARTESIAN_POINT('',(6.04E0,1.E0,9.6E-1));
#5724=LINE('',#5723,#5722);
#5725=DIRECTION('',(0.E0,0.E0,-1.E0));
#5726=VECTOR('',#5725,6.2E-1);
#5727=CARTESIAN_POINT('',(6.04E0,3.6E0,-9.6E-1));
#5728=LINE('',#5727,#5726);
#5729=DIRECTION('',(0.E0,-1.E0,0.E0));
#5730=VECTOR('',#5729,2.6E0);
#5731=CARTESIAN_POINT('',(6.04E0,3.6E0,-9.6E-1));
#5732=LINE('',#5731,#5730);
#5733=DIRECTION('',(0.E0,1.E0,0.E0));
#5734=VECTOR('',#5733,2.6E0);
#5735=CARTESIAN_POINT('',(6.04E0,1.E0,-1.58E0));
#5736=LINE('',#5735,#5734);
#5737=DIRECTION('',(0.E0,0.E0,1.E0));
#5738=VECTOR('',#5737,6.2E-1);
#5739=CARTESIAN_POINT('',(6.04E0,-6.95E0,-1.58E0));
#5740=LINE('',#5739,#5738);
#5741=DIRECTION('',(0.E0,1.E0,0.E0));
#5742=VECTOR('',#5741,5.95E0);
#5743=CARTESIAN_POINT('',(6.04E0,-6.95E0,-1.58E0));
#5744=LINE('',#5743,#5742);
#5745=DIRECTION('',(0.E0,-1.E0,0.E0));
#5746=VECTOR('',#5745,5.95E0);
#5747=CARTESIAN_POINT('',(6.04E0,-1.E0,-9.6E-1));
#5748=LINE('',#5747,#5746);
#5749=DIRECTION('',(0.E0,0.E0,1.E0));
#5750=VECTOR('',#5749,6.2E-1);
#5751=CARTESIAN_POINT('',(6.04E0,-6.95E0,9.6E-1));
#5752=LINE('',#5751,#5750);
#5753=DIRECTION('',(0.E0,1.E0,0.E0));
#5754=VECTOR('',#5753,5.95E0);
#5755=CARTESIAN_POINT('',(6.04E0,-6.95E0,9.6E-1));
#5756=LINE('',#5755,#5754);
#5757=DIRECTION('',(0.E0,-1.E0,0.E0));
#5758=VECTOR('',#5757,5.95E0);
#5759=CARTESIAN_POINT('',(6.04E0,-1.E0,1.58E0));
#5760=LINE('',#5759,#5758);
#5761=DIRECTION('',(-2.357022603955E-1,-9.428090415821E-1,-2.357022603955E-1));
#5762=VECTOR('',#5761,8.485281374239E-1);
#5763=CARTESIAN_POINT('',(6.24E0,4.4E0,1.16E0));
#5764=LINE('',#5763,#5762);
#5765=DIRECTION('',(2.357022603955E-1,-9.428090415821E-1,-2.357022603955E-1));
#5766=VECTOR('',#5765,8.485281374239E-1);
#5767=CARTESIAN_POINT('',(6.46E0,4.4E0,1.16E0));
#5768=LINE('',#5767,#5766);
#5769=DIRECTION('',(-1.E0,0.E0,0.E0));
#5770=VECTOR('',#5769,6.2E-1);
#5771=CARTESIAN_POINT('',(6.66E0,3.6E0,9.6E-1));
#5772=LINE('',#5771,#5770);
#5773=DIRECTION('',(-1.E0,0.E0,0.E0));
#5774=VECTOR('',#5773,6.2E-1);
#5775=CARTESIAN_POINT('',(6.66E0,-6.95E0,9.6E-1));
#5776=LINE('',#5775,#5774);
#5777=DIRECTION('',(0.E0,0.E0,1.E0));
#5778=VECTOR('',#5777,6.2E-1);
#5779=CARTESIAN_POINT('',(6.66E0,3.6E0,9.6E-1));
#5780=LINE('',#5779,#5778);
#5781=DIRECTION('',(0.E0,1.E0,0.E0));
#5782=VECTOR('',#5781,2.6E0);
#5783=CARTESIAN_POINT('',(6.66E0,1.E0,9.6E-1));
#5784=LINE('',#5783,#5782);
#5785=DIRECTION('',(0.E0,-1.E0,0.E0));
#5786=VECTOR('',#5785,2.6E0);
#5787=CARTESIAN_POINT('',(6.66E0,3.6E0,1.58E0));
#5788=LINE('',#5787,#5786);
#5789=DIRECTION('',(0.E0,0.E0,1.E0));
#5790=VECTOR('',#5789,6.2E-1);
#5791=CARTESIAN_POINT('',(6.66E0,3.6E0,-1.58E0));
#5792=LINE('',#5791,#5790);
#5793=DIRECTION('',(0.E0,1.E0,0.E0));
#5794=VECTOR('',#5793,2.6E0);
#5795=CARTESIAN_POINT('',(6.66E0,1.E0,-1.58E0));
#5796=LINE('',#5795,#5794);
#5797=DIRECTION('',(0.E0,-1.E0,0.E0));
#5798=VECTOR('',#5797,2.6E0);
#5799=CARTESIAN_POINT('',(6.66E0,3.6E0,-9.6E-1));
#5800=LINE('',#5799,#5798);
#5801=DIRECTION('',(0.E0,0.E0,-1.E0));
#5802=VECTOR('',#5801,6.2E-1);
#5803=CARTESIAN_POINT('',(6.66E0,-6.95E0,-9.6E-1));
#5804=LINE('',#5803,#5802);
#5805=DIRECTION('',(0.E0,-1.E0,0.E0));
#5806=VECTOR('',#5805,5.95E0);
#5807=CARTESIAN_POINT('',(6.66E0,-1.E0,-9.6E-1));
#5808=LINE('',#5807,#5806);
#5809=DIRECTION('',(0.E0,1.E0,0.E0));
#5810=VECTOR('',#5809,5.95E0);
#5811=CARTESIAN_POINT('',(6.66E0,-6.95E0,-1.58E0));
#5812=LINE('',#5811,#5810);
#5813=DIRECTION('',(0.E0,0.E0,-1.E0));
#5814=VECTOR('',#5813,6.2E-1);
#5815=CARTESIAN_POINT('',(6.66E0,-6.95E0,1.58E0));
#5816=LINE('',#5815,#5814);
#5817=DIRECTION('',(0.E0,-1.E0,0.E0));
#5818=VECTOR('',#5817,5.95E0);
#5819=CARTESIAN_POINT('',(6.66E0,-1.E0,1.58E0));
#5820=LINE('',#5819,#5818);
#5821=DIRECTION('',(0.E0,1.E0,0.E0));
#5822=VECTOR('',#5821,5.95E0);
#5823=CARTESIAN_POINT('',(6.66E0,-6.95E0,9.6E-1));
#5824=LINE('',#5823,#5822);
#5825=DIRECTION('',(2.357022603955E-1,-9.428090415821E-1,2.357022603955E-1));
#5826=VECTOR('',#5825,8.485281374239E-1);
#5827=CARTESIAN_POINT('',(6.46E0,4.4E0,1.38E0));
#5828=LINE('',#5827,#5826);
#5829=DIRECTION('',(-1.E0,0.E0,0.E0));
#5830=VECTOR('',#5829,2.2E-1);
#5831=CARTESIAN_POINT('',(6.46E0,4.4E0,1.38E0));
#5832=LINE('',#5831,#5830);
#5833=DIRECTION('',(0.E0,0.E0,-1.E0));
#5834=VECTOR('',#5833,2.2E-1);
#5835=CARTESIAN_POINT('',(6.24E0,4.4E0,1.38E0));
#5836=LINE('',#5835,#5834);
#5837=DIRECTION('',(-1.E0,0.E0,0.E0));
#5838=VECTOR('',#5837,2.2E-1);
#5839=CARTESIAN_POINT('',(6.46E0,4.4E0,1.16E0));
#5840=LINE('',#5839,#5838);
#5841=DIRECTION('',(0.E0,0.E0,1.E0));
#5842=VECTOR('',#5841,2.2E-1);
#5843=CARTESIAN_POINT('',(6.46E0,4.4E0,1.16E0));
#5844=LINE('',#5843,#5842);
#5845=DIRECTION('',(-2.357022603955E-1,-9.428090415821E-1,2.357022603955E-1));
#5846=VECTOR('',#5845,8.485281374239E-1);
#5847=CARTESIAN_POINT('',(6.24E0,4.4E0,1.38E0));
#5848=LINE('',#5847,#5846);
#5849=DIRECTION('',(-1.E0,0.E0,0.E0));
#5850=VECTOR('',#5849,6.2E-1);
#5851=CARTESIAN_POINT('',(6.66E0,3.6E0,1.58E0));
#5852=LINE('',#5851,#5850);
#5853=DIRECTION('',(-1.E0,0.E0,0.E0));
#5854=VECTOR('',#5853,6.2E-1);
#5855=CARTESIAN_POINT('',(6.66E0,-6.95E0,1.58E0));
#5856=LINE('',#5855,#5854);
#5857=DIRECTION('',(2.357022603955E-1,9.428090415821E-1,2.357022603955E-1));
#5858=VECTOR('',#5857,8.485281374239E-1);
#5859=CARTESIAN_POINT('',(6.46E0,-7.75E0,1.38E0));
#5860=LINE('',#5859,#5858);
#5861=DIRECTION('',(-1.E0,0.E0,0.E0));
#5862=VECTOR('',#5861,2.2E-1);
#5863=CARTESIAN_POINT('',(6.46E0,-7.75E0,1.16E0));
#5864=LINE('',#5863,#5862);
#5865=DIRECTION('',(0.E0,0.E0,1.E0));
#5866=VECTOR('',#5865,2.2E-1);
#5867=CARTESIAN_POINT('',(6.24E0,-7.75E0,1.16E0));
#5868=LINE('',#5867,#5866);
#5869=DIRECTION('',(-1.E0,0.E0,0.E0));
#5870=VECTOR('',#5869,2.2E-1);
#5871=CARTESIAN_POINT('',(6.46E0,-7.75E0,1.38E0));
#5872=LINE('',#5871,#5870);
#5873=DIRECTION('',(0.E0,0.E0,-1.E0));
#5874=VECTOR('',#5873,2.2E-1);
#5875=CARTESIAN_POINT('',(6.46E0,-7.75E0,1.38E0));
#5876=LINE('',#5875,#5874);
#5877=DIRECTION('',(-2.357022603955E-1,9.428090415821E-1,-2.357022603955E-1));
#5878=VECTOR('',#5877,8.485281374239E-1);
#5879=CARTESIAN_POINT('',(6.24E0,-7.75E0,1.16E0));
#5880=LINE('',#5879,#5878);
#5881=DIRECTION('',(-2.357022603955E-1,-9.428090415821E-1,2.357022603955E-1));
#5882=VECTOR('',#5881,8.485281374239E-1);
#5883=CARTESIAN_POINT('',(6.66E0,-6.95E0,9.6E-1));
#5884=LINE('',#5883,#5882);
#5885=DIRECTION('',(-2.357022603955E-1,9.428090415821E-1,2.357022603955E-1));
#5886=VECTOR('',#5885,8.485281374239E-1);
#5887=CARTESIAN_POINT('',(6.24E0,-7.75E0,1.38E0));
#5888=LINE('',#5887,#5886);
#5889=DIRECTION('',(-1.E0,0.E0,0.E0));
#5890=VECTOR('',#5889,2.2E-1);
#5891=CARTESIAN_POINT('',(6.46E0,4.4E0,-1.38E0));
#5892=LINE('',#5891,#5890);
#5893=DIRECTION('',(0.E0,0.E0,1.E0));
#5894=VECTOR('',#5893,2.2E-1);
#5895=CARTESIAN_POINT('',(6.46E0,4.4E0,-1.38E0));
#5896=LINE('',#5895,#5894);
#5897=DIRECTION('',(-1.E0,0.E0,0.E0));
#5898=VECTOR('',#5897,2.2E-1);
#5899=CARTESIAN_POINT('',(6.46E0,4.4E0,-1.16E0));
#5900=LINE('',#5899,#5898);
#5901=DIRECTION('',(0.E0,0.E0,-1.E0));
#5902=VECTOR('',#5901,2.2E-1);
#5903=CARTESIAN_POINT('',(6.24E0,4.4E0,-1.16E0));
#5904=LINE('',#5903,#5902);
#5905=DIRECTION('',(2.357022603955E-1,9.428090415821E-1,2.357022603955E-1));
#5906=VECTOR('',#5905,8.485281374239E-1);
#5907=CARTESIAN_POINT('',(6.04E0,3.6E0,-1.58E0));
#5908=LINE('',#5907,#5906);
#5909=DIRECTION('',(2.357022603955E-1,-9.428090415821E-1,-2.357022603955E-1));
#5910=VECTOR('',#5909,8.485281374239E-1);
#5911=CARTESIAN_POINT('',(6.46E0,4.4E0,-1.38E0));
#5912=LINE('',#5911,#5910);
#5913=DIRECTION('',(-2.357022603955E-1,-9.428090415821E-1,2.357022603955E-1));
#5914=VECTOR('',#5913,8.485281374239E-1);
#5915=CARTESIAN_POINT('',(6.24E0,4.4E0,-1.16E0));
#5916=LINE('',#5915,#5914);
#5917=DIRECTION('',(-2.357022603955E-1,9.428090415821E-1,-2.357022603955E-1));
#5918=VECTOR('',#5917,8.485281374239E-1);
#5919=CARTESIAN_POINT('',(6.66E0,3.6E0,-9.6E-1));
#5920=LINE('',#5919,#5918);
#5921=DIRECTION('',(-1.E0,0.E0,0.E0));
#5922=VECTOR('',#5921,6.2E-1);
#5923=CARTESIAN_POINT('',(6.66E0,3.6E0,-9.6E-1));
#5924=LINE('',#5923,#5922);
#5925=DIRECTION('',(-1.E0,0.E0,0.E0));
#5926=VECTOR('',#5925,6.2E-1);
#5927=CARTESIAN_POINT('',(6.66E0,-6.95E0,-9.6E-1));
#5928=LINE('',#5927,#5926);
#5929=DIRECTION('',(2.357022603955E-1,9.428090415821E-1,2.357022603955E-1));
#5930=VECTOR('',#5929,8.485281374239E-1);
#5931=CARTESIAN_POINT('',(6.46E0,-7.75E0,-1.16E0));
#5932=LINE('',#5931,#5930);
#5933=DIRECTION('',(-1.E0,0.E0,0.E0));
#5934=VECTOR('',#5933,2.2E-1);
#5935=CARTESIAN_POINT('',(6.46E0,-7.75E0,-1.38E0));
#5936=LINE('',#5935,#5934);
#5937=DIRECTION('',(0.E0,0.E0,1.E0));
#5938=VECTOR('',#5937,2.2E-1);
#5939=CARTESIAN_POINT('',(6.24E0,-7.75E0,-1.38E0));
#5940=LINE('',#5939,#5938);
#5941=DIRECTION('',(-1.E0,0.E0,0.E0));
#5942=VECTOR('',#5941,2.2E-1);
#5943=CARTESIAN_POINT('',(6.46E0,-7.75E0,-1.16E0));
#5944=LINE('',#5943,#5942);
#5945=DIRECTION('',(0.E0,0.E0,-1.E0));
#5946=VECTOR('',#5945,2.2E-1);
#5947=CARTESIAN_POINT('',(6.46E0,-7.75E0,-1.16E0));
#5948=LINE('',#5947,#5946);
#5949=DIRECTION('',(-2.357022603955E-1,9.428090415821E-1,-2.357022603955E-1));
#5950=VECTOR('',#5949,8.485281374239E-1);
#5951=CARTESIAN_POINT('',(6.24E0,-7.75E0,-1.38E0));
#5952=LINE('',#5951,#5950);
#5953=DIRECTION('',(-2.357022603955E-1,-9.428090415821E-1,2.357022603955E-1));
#5954=VECTOR('',#5953,8.485281374239E-1);
#5955=CARTESIAN_POINT('',(6.66E0,-6.95E0,-1.58E0));
#5956=LINE('',#5955,#5954);
#5957=DIRECTION('',(-1.E0,0.E0,0.E0));
#5958=VECTOR('',#5957,6.2E-1);
#5959=CARTESIAN_POINT('',(6.66E0,3.6E0,-1.58E0));
#5960=LINE('',#5959,#5958);
#5961=DIRECTION('',(-1.E0,0.E0,0.E0));
#5962=VECTOR('',#5961,6.2E-1);
#5963=CARTESIAN_POINT('',(6.66E0,-6.95E0,-1.58E0));
#5964=LINE('',#5963,#5962);
#5965=DIRECTION('',(-2.357022603955E-1,9.428090415821E-1,2.357022603955E-1));
#5966=VECTOR('',#5965,8.485281374239E-1);
#5967=CARTESIAN_POINT('',(6.24E0,-7.75E0,-1.16E0));
#5968=LINE('',#5967,#5966);
#5969=DIRECTION('',(0.E0,0.E0,-1.E0));
#5970=VECTOR('',#5969,6.2E-1);
#5971=CARTESIAN_POINT('',(8.58E0,3.6E0,1.58E0));
#5972=LINE('',#5971,#5970);
#5973=DIRECTION('',(0.E0,-1.E0,0.E0));
#5974=VECTOR('',#5973,2.6E0);
#5975=CARTESIAN_POINT('',(8.58E0,3.6E0,1.58E0));
#5976=LINE('',#5975,#5974);
#5977=DIRECTION('',(0.E0,1.E0,0.E0));
#5978=VECTOR('',#5977,2.6E0);
#5979=CARTESIAN_POINT('',(8.58E0,1.E0,9.6E-1));
#5980=LINE('',#5979,#5978);
#5981=DIRECTION('',(0.E0,0.E0,-1.E0));
#5982=VECTOR('',#5981,6.2E-1);
#5983=CARTESIAN_POINT('',(8.58E0,3.6E0,-9.6E-1));
#5984=LINE('',#5983,#5982);
#5985=DIRECTION('',(0.E0,-1.E0,0.E0));
#5986=VECTOR('',#5985,2.6E0);
#5987=CARTESIAN_POINT('',(8.58E0,3.6E0,-9.6E-1));
#5988=LINE('',#5987,#5986);
#5989=DIRECTION('',(0.E0,1.E0,0.E0));
#5990=VECTOR('',#5989,2.6E0);
#5991=CARTESIAN_POINT('',(8.58E0,1.E0,-1.58E0));
#5992=LINE('',#5991,#5990);
#5993=DIRECTION('',(0.E0,0.E0,1.E0));
#5994=VECTOR('',#5993,6.2E-1);
#5995=CARTESIAN_POINT('',(8.58E0,-6.95E0,-1.58E0));
#5996=LINE('',#5995,#5994);
#5997=DIRECTION('',(0.E0,1.E0,0.E0));
#5998=VECTOR('',#5997,5.95E0);
#5999=CARTESIAN_POINT('',(8.58E0,-6.95E0,-1.58E0));
#6000=LINE('',#5999,#5998);
#6001=DIRECTION('',(0.E0,-1.E0,0.E0));
#6002=VECTOR('',#6001,5.95E0);
#6003=CARTESIAN_POINT('',(8.58E0,-1.E0,-9.6E-1));
#6004=LINE('',#6003,#6002);
#6005=DIRECTION('',(0.E0,0.E0,1.E0));
#6006=VECTOR('',#6005,6.2E-1);
#6007=CARTESIAN_POINT('',(8.58E0,-6.95E0,9.6E-1));
#6008=LINE('',#6007,#6006);
#6009=DIRECTION('',(0.E0,1.E0,0.E0));
#6010=VECTOR('',#6009,5.95E0);
#6011=CARTESIAN_POINT('',(8.58E0,-6.95E0,9.6E-1));
#6012=LINE('',#6011,#6010);
#6013=DIRECTION('',(0.E0,-1.E0,0.E0));
#6014=VECTOR('',#6013,5.95E0);
#6015=CARTESIAN_POINT('',(8.58E0,-1.E0,1.58E0));
#6016=LINE('',#6015,#6014);
#6017=DIRECTION('',(-2.357022603955E-1,-9.428090415821E-1,-2.357022603955E-1));
#6018=VECTOR('',#6017,8.485281374239E-1);
#6019=CARTESIAN_POINT('',(8.78E0,4.4E0,1.16E0));
#6020=LINE('',#6019,#6018);
#6021=DIRECTION('',(2.357022603955E-1,-9.428090415821E-1,-2.357022603955E-1));
#6022=VECTOR('',#6021,8.485281374239E-1);
#6023=CARTESIAN_POINT('',(9.E0,4.4E0,1.16E0));
#6024=LINE('',#6023,#6022);
#6025=DIRECTION('',(-1.E0,0.E0,0.E0));
#6026=VECTOR('',#6025,6.2E-1);
#6027=CARTESIAN_POINT('',(9.2E0,3.6E0,9.6E-1));
#6028=LINE('',#6027,#6026);
#6029=DIRECTION('',(-1.E0,0.E0,0.E0));
#6030=VECTOR('',#6029,6.2E-1);
#6031=CARTESIAN_POINT('',(9.2E0,-6.95E0,9.6E-1));
#6032=LINE('',#6031,#6030);
#6033=DIRECTION('',(0.E0,0.E0,1.E0));
#6034=VECTOR('',#6033,6.2E-1);
#6035=CARTESIAN_POINT('',(9.2E0,3.6E0,9.6E-1));
#6036=LINE('',#6035,#6034);
#6037=DIRECTION('',(0.E0,1.E0,0.E0));
#6038=VECTOR('',#6037,2.6E0);
#6039=CARTESIAN_POINT('',(9.2E0,1.E0,9.6E-1));
#6040=LINE('',#6039,#6038);
#6041=DIRECTION('',(0.E0,-1.E0,0.E0));
#6042=VECTOR('',#6041,2.6E0);
#6043=CARTESIAN_POINT('',(9.2E0,3.6E0,1.58E0));
#6044=LINE('',#6043,#6042);
#6045=DIRECTION('',(0.E0,0.E0,1.E0));
#6046=VECTOR('',#6045,6.2E-1);
#6047=CARTESIAN_POINT('',(9.2E0,3.6E0,-1.58E0));
#6048=LINE('',#6047,#6046);
#6049=DIRECTION('',(0.E0,1.E0,0.E0));
#6050=VECTOR('',#6049,2.6E0);
#6051=CARTESIAN_POINT('',(9.2E0,1.E0,-1.58E0));
#6052=LINE('',#6051,#6050);
#6053=DIRECTION('',(0.E0,-1.E0,0.E0));
#6054=VECTOR('',#6053,2.6E0);
#6055=CARTESIAN_POINT('',(9.2E0,3.6E0,-9.6E-1));
#6056=LINE('',#6055,#6054);
#6057=DIRECTION('',(0.E0,0.E0,-1.E0));
#6058=VECTOR('',#6057,6.2E-1);
#6059=CARTESIAN_POINT('',(9.2E0,-6.95E0,-9.6E-1));
#6060=LINE('',#6059,#6058);
#6061=DIRECTION('',(0.E0,-1.E0,0.E0));
#6062=VECTOR('',#6061,5.95E0);
#6063=CARTESIAN_POINT('',(9.2E0,-1.E0,-9.6E-1));
#6064=LINE('',#6063,#6062);
#6065=DIRECTION('',(0.E0,1.E0,0.E0));
#6066=VECTOR('',#6065,5.95E0);
#6067=CARTESIAN_POINT('',(9.2E0,-6.95E0,-1.58E0));
#6068=LINE('',#6067,#6066);
#6069=DIRECTION('',(0.E0,0.E0,-1.E0));
#6070=VECTOR('',#6069,6.2E-1);
#6071=CARTESIAN_POINT('',(9.2E0,-6.95E0,1.58E0));
#6072=LINE('',#6071,#6070);
#6073=DIRECTION('',(0.E0,-1.E0,0.E0));
#6074=VECTOR('',#6073,5.95E0);
#6075=CARTESIAN_POINT('',(9.2E0,-1.E0,1.58E0));
#6076=LINE('',#6075,#6074);
#6077=DIRECTION('',(0.E0,1.E0,0.E0));
#6078=VECTOR('',#6077,5.95E0);
#6079=CARTESIAN_POINT('',(9.2E0,-6.95E0,9.6E-1));
#6080=LINE('',#6079,#6078);
#6081=DIRECTION('',(2.357022603955E-1,-9.428090415821E-1,2.357022603955E-1));
#6082=VECTOR('',#6081,8.485281374239E-1);
#6083=CARTESIAN_POINT('',(9.E0,4.4E0,1.38E0));
#6084=LINE('',#6083,#6082);
#6085=DIRECTION('',(-1.E0,0.E0,0.E0));
#6086=VECTOR('',#6085,2.2E-1);
#6087=CARTESIAN_POINT('',(9.E0,4.4E0,1.38E0));
#6088=LINE('',#6087,#6086);
#6089=DIRECTION('',(0.E0,0.E0,-1.E0));
#6090=VECTOR('',#6089,2.2E-1);
#6091=CARTESIAN_POINT('',(8.78E0,4.4E0,1.38E0));
#6092=LINE('',#6091,#6090);
#6093=DIRECTION('',(-1.E0,0.E0,0.E0));
#6094=VECTOR('',#6093,2.2E-1);
#6095=CARTESIAN_POINT('',(9.E0,4.4E0,1.16E0));
#6096=LINE('',#6095,#6094);
#6097=DIRECTION('',(0.E0,0.E0,1.E0));
#6098=VECTOR('',#6097,2.2E-1);
#6099=CARTESIAN_POINT('',(9.E0,4.4E0,1.16E0));
#6100=LINE('',#6099,#6098);
#6101=DIRECTION('',(-2.357022603955E-1,-9.428090415821E-1,2.357022603955E-1));
#6102=VECTOR('',#6101,8.485281374239E-1);
#6103=CARTESIAN_POINT('',(8.78E0,4.4E0,1.38E0));
#6104=LINE('',#6103,#6102);
#6105=DIRECTION('',(-1.E0,0.E0,0.E0));
#6106=VECTOR('',#6105,6.2E-1);
#6107=CARTESIAN_POINT('',(9.2E0,3.6E0,1.58E0));
#6108=LINE('',#6107,#6106);
#6109=DIRECTION('',(-1.E0,0.E0,0.E0));
#6110=VECTOR('',#6109,6.2E-1);
#6111=CARTESIAN_POINT('',(9.2E0,-6.95E0,1.58E0));
#6112=LINE('',#6111,#6110);
#6113=DIRECTION('',(2.357022603955E-1,9.428090415821E-1,2.357022603955E-1));
#6114=VECTOR('',#6113,8.485281374239E-1);
#6115=CARTESIAN_POINT('',(9.E0,-7.75E0,1.38E0));
#6116=LINE('',#6115,#6114);
#6117=DIRECTION('',(-1.E0,0.E0,0.E0));
#6118=VECTOR('',#6117,2.2E-1);
#6119=CARTESIAN_POINT('',(9.E0,-7.75E0,1.16E0));
#6120=LINE('',#6119,#6118);
#6121=DIRECTION('',(0.E0,0.E0,1.E0));
#6122=VECTOR('',#6121,2.2E-1);
#6123=CARTESIAN_POINT('',(8.78E0,-7.75E0,1.16E0));
#6124=LINE('',#6123,#6122);
#6125=DIRECTION('',(-1.E0,0.E0,0.E0));
#6126=VECTOR('',#6125,2.2E-1);
#6127=CARTESIAN_POINT('',(9.E0,-7.75E0,1.38E0));
#6128=LINE('',#6127,#6126);
#6129=DIRECTION('',(0.E0,0.E0,-1.E0));
#6130=VECTOR('',#6129,2.2E-1);
#6131=CARTESIAN_POINT('',(9.E0,-7.75E0,1.38E0));
#6132=LINE('',#6131,#6130);
#6133=DIRECTION('',(-2.357022603955E-1,9.428090415821E-1,-2.357022603955E-1));
#6134=VECTOR('',#6133,8.485281374239E-1);
#6135=CARTESIAN_POINT('',(8.78E0,-7.75E0,1.16E0));
#6136=LINE('',#6135,#6134);
#6137=DIRECTION('',(-2.357022603955E-1,-9.428090415821E-1,2.357022603955E-1));
#6138=VECTOR('',#6137,8.485281374239E-1);
#6139=CARTESIAN_POINT('',(9.2E0,-6.95E0,9.6E-1));
#6140=LINE('',#6139,#6138);
#6141=DIRECTION('',(-2.357022603955E-1,9.428090415821E-1,2.357022603955E-1));
#6142=VECTOR('',#6141,8.485281374239E-1);
#6143=CARTESIAN_POINT('',(8.78E0,-7.75E0,1.38E0));
#6144=LINE('',#6143,#6142);
#6145=DIRECTION('',(-1.E0,0.E0,0.E0));
#6146=VECTOR('',#6145,2.2E-1);
#6147=CARTESIAN_POINT('',(9.E0,4.4E0,-1.38E0));
#6148=LINE('',#6147,#6146);
#6149=DIRECTION('',(0.E0,0.E0,1.E0));
#6150=VECTOR('',#6149,2.2E-1);
#6151=CARTESIAN_POINT('',(9.E0,4.4E0,-1.38E0));
#6152=LINE('',#6151,#6150);
#6153=DIRECTION('',(-1.E0,0.E0,0.E0));
#6154=VECTOR('',#6153,2.2E-1);
#6155=CARTESIAN_POINT('',(9.E0,4.4E0,-1.16E0));
#6156=LINE('',#6155,#6154);
#6157=DIRECTION('',(0.E0,0.E0,-1.E0));
#6158=VECTOR('',#6157,2.2E-1);
#6159=CARTESIAN_POINT('',(8.78E0,4.4E0,-1.16E0));
#6160=LINE('',#6159,#6158);
#6161=DIRECTION('',(2.357022603955E-1,9.428090415821E-1,2.357022603955E-1));
#6162=VECTOR('',#6161,8.485281374239E-1);
#6163=CARTESIAN_POINT('',(8.58E0,3.6E0,-1.58E0));
#6164=LINE('',#6163,#6162);
#6165=DIRECTION('',(2.357022603955E-1,-9.428090415821E-1,-2.357022603955E-1));
#6166=VECTOR('',#6165,8.485281374239E-1);
#6167=CARTESIAN_POINT('',(9.E0,4.4E0,-1.38E0));
#6168=LINE('',#6167,#6166);
#6169=DIRECTION('',(-2.357022603955E-1,-9.428090415821E-1,2.357022603955E-1));
#6170=VECTOR('',#6169,8.485281374239E-1);
#6171=CARTESIAN_POINT('',(8.78E0,4.4E0,-1.16E0));
#6172=LINE('',#6171,#6170);
#6173=DIRECTION('',(-2.357022603955E-1,9.428090415821E-1,-2.357022603955E-1));
#6174=VECTOR('',#6173,8.485281374239E-1);
#6175=CARTESIAN_POINT('',(9.2E0,3.6E0,-9.6E-1));
#6176=LINE('',#6175,#6174);
#6177=DIRECTION('',(-1.E0,0.E0,0.E0));
#6178=VECTOR('',#6177,6.2E-1);
#6179=CARTESIAN_POINT('',(9.2E0,3.6E0,-9.6E-1));
#6180=LINE('',#6179,#6178);
#6181=DIRECTION('',(-1.E0,0.E0,0.E0));
#6182=VECTOR('',#6181,6.2E-1);
#6183=CARTESIAN_POINT('',(9.2E0,-6.95E0,-9.6E-1));
#6184=LINE('',#6183,#6182);
#6185=DIRECTION('',(2.357022603955E-1,9.428090415821E-1,2.357022603955E-1));
#6186=VECTOR('',#6185,8.485281374239E-1);
#6187=CARTESIAN_POINT('',(9.E0,-7.75E0,-1.16E0));
#6188=LINE('',#6187,#6186);
#6189=DIRECTION('',(-1.E0,0.E0,0.E0));
#6190=VECTOR('',#6189,2.2E-1);
#6191=CARTESIAN_POINT('',(9.E0,-7.75E0,-1.38E0));
#6192=LINE('',#6191,#6190);
#6193=DIRECTION('',(0.E0,0.E0,1.E0));
#6194=VECTOR('',#6193,2.2E-1);
#6195=CARTESIAN_POINT('',(8.78E0,-7.75E0,-1.38E0));
#6196=LINE('',#6195,#6194);
#6197=DIRECTION('',(-1.E0,0.E0,0.E0));
#6198=VECTOR('',#6197,2.2E-1);
#6199=CARTESIAN_POINT('',(9.E0,-7.75E0,-1.16E0));
#6200=LINE('',#6199,#6198);
#6201=DIRECTION('',(0.E0,0.E0,-1.E0));
#6202=VECTOR('',#6201,2.2E-1);
#6203=CARTESIAN_POINT('',(9.E0,-7.75E0,-1.16E0));
#6204=LINE('',#6203,#6202);
#6205=DIRECTION('',(-2.357022603955E-1,9.428090415821E-1,-2.357022603955E-1));
#6206=VECTOR('',#6205,8.485281374239E-1);
#6207=CARTESIAN_POINT('',(8.78E0,-7.75E0,-1.38E0));
#6208=LINE('',#6207,#6206);
#6209=DIRECTION('',(-2.357022603955E-1,-9.428090415821E-1,2.357022603955E-1));
#6210=VECTOR('',#6209,8.485281374239E-1);
#6211=CARTESIAN_POINT('',(9.2E0,-6.95E0,-1.58E0));
#6212=LINE('',#6211,#6210);
#6213=DIRECTION('',(-1.E0,0.E0,0.E0));
#6214=VECTOR('',#6213,6.2E-1);
#6215=CARTESIAN_POINT('',(9.2E0,3.6E0,-1.58E0));
#6216=LINE('',#6215,#6214);
#6217=DIRECTION('',(-1.E0,0.E0,0.E0));
#6218=VECTOR('',#6217,6.2E-1);
#6219=CARTESIAN_POINT('',(9.2E0,-6.95E0,-1.58E0));
#6220=LINE('',#6219,#6218);
#6221=DIRECTION('',(-2.357022603955E-1,9.428090415821E-1,2.357022603955E-1));
#6222=VECTOR('',#6221,8.485281374239E-1);
#6223=CARTESIAN_POINT('',(8.78E0,-7.75E0,-1.16E0));
#6224=LINE('',#6223,#6222);
#6225=DIRECTION('',(0.E0,0.E0,-1.E0));
#6226=VECTOR('',#6225,6.2E-1);
#6227=CARTESIAN_POINT('',(1.112E1,3.6E0,1.58E0));
#6228=LINE('',#6227,#6226);
#6229=DIRECTION('',(0.E0,-1.E0,0.E0));
#6230=VECTOR('',#6229,2.6E0);
#6231=CARTESIAN_POINT('',(1.112E1,3.6E0,1.58E0));
#6232=LINE('',#6231,#6230);
#6233=DIRECTION('',(0.E0,1.E0,0.E0));
#6234=VECTOR('',#6233,2.6E0);
#6235=CARTESIAN_POINT('',(1.112E1,1.E0,9.6E-1));
#6236=LINE('',#6235,#6234);
#6237=DIRECTION('',(0.E0,0.E0,-1.E0));
#6238=VECTOR('',#6237,6.2E-1);
#6239=CARTESIAN_POINT('',(1.112E1,3.6E0,-9.6E-1));
#6240=LINE('',#6239,#6238);
#6241=DIRECTION('',(0.E0,-1.E0,0.E0));
#6242=VECTOR('',#6241,2.6E0);
#6243=CARTESIAN_POINT('',(1.112E1,3.6E0,-9.6E-1));
#6244=LINE('',#6243,#6242);
#6245=DIRECTION('',(0.E0,1.E0,0.E0));
#6246=VECTOR('',#6245,2.6E0);
#6247=CARTESIAN_POINT('',(1.112E1,1.E0,-1.58E0));
#6248=LINE('',#6247,#6246);
#6249=DIRECTION('',(0.E0,0.E0,1.E0));
#6250=VECTOR('',#6249,6.2E-1);
#6251=CARTESIAN_POINT('',(1.112E1,-6.95E0,-1.58E0));
#6252=LINE('',#6251,#6250);
#6253=DIRECTION('',(0.E0,1.E0,0.E0));
#6254=VECTOR('',#6253,5.95E0);
#6255=CARTESIAN_POINT('',(1.112E1,-6.95E0,-1.58E0));
#6256=LINE('',#6255,#6254);
#6257=DIRECTION('',(0.E0,-1.E0,0.E0));
#6258=VECTOR('',#6257,5.95E0);
#6259=CARTESIAN_POINT('',(1.112E1,-1.E0,-9.6E-1));
#6260=LINE('',#6259,#6258);
#6261=DIRECTION('',(0.E0,0.E0,1.E0));
#6262=VECTOR('',#6261,6.2E-1);
#6263=CARTESIAN_POINT('',(1.112E1,-6.95E0,9.6E-1));
#6264=LINE('',#6263,#6262);
#6265=DIRECTION('',(0.E0,1.E0,0.E0));
#6266=VECTOR('',#6265,5.95E0);
#6267=CARTESIAN_POINT('',(1.112E1,-6.95E0,9.6E-1));
#6268=LINE('',#6267,#6266);
#6269=DIRECTION('',(0.E0,-1.E0,0.E0));
#6270=VECTOR('',#6269,5.95E0);
#6271=CARTESIAN_POINT('',(1.112E1,-1.E0,1.58E0));
#6272=LINE('',#6271,#6270);
#6273=DIRECTION('',(-2.357022603955E-1,-9.428090415821E-1,-2.357022603955E-1));
#6274=VECTOR('',#6273,8.485281374239E-1);
#6275=CARTESIAN_POINT('',(1.132E1,4.4E0,1.16E0));
#6276=LINE('',#6275,#6274);
#6277=DIRECTION('',(2.357022603955E-1,-9.428090415821E-1,-2.357022603955E-1));
#6278=VECTOR('',#6277,8.485281374239E-1);
#6279=CARTESIAN_POINT('',(1.154E1,4.4E0,1.16E0));
#6280=LINE('',#6279,#6278);
#6281=DIRECTION('',(-1.E0,0.E0,0.E0));
#6282=VECTOR('',#6281,6.2E-1);
#6283=CARTESIAN_POINT('',(1.174E1,3.6E0,9.6E-1));
#6284=LINE('',#6283,#6282);
#6285=DIRECTION('',(-1.E0,0.E0,0.E0));
#6286=VECTOR('',#6285,6.2E-1);
#6287=CARTESIAN_POINT('',(1.174E1,-6.95E0,9.6E-1));
#6288=LINE('',#6287,#6286);
#6289=DIRECTION('',(0.E0,0.E0,1.E0));
#6290=VECTOR('',#6289,6.2E-1);
#6291=CARTESIAN_POINT('',(1.174E1,3.6E0,9.6E-1));
#6292=LINE('',#6291,#6290);
#6293=DIRECTION('',(0.E0,1.E0,0.E0));
#6294=VECTOR('',#6293,2.6E0);
#6295=CARTESIAN_POINT('',(1.174E1,1.E0,9.6E-1));
#6296=LINE('',#6295,#6294);
#6297=DIRECTION('',(0.E0,-1.E0,0.E0));
#6298=VECTOR('',#6297,2.6E0);
#6299=CARTESIAN_POINT('',(1.174E1,3.6E0,1.58E0));
#6300=LINE('',#6299,#6298);
#6301=DIRECTION('',(0.E0,0.E0,1.E0));
#6302=VECTOR('',#6301,6.2E-1);
#6303=CARTESIAN_POINT('',(1.174E1,3.6E0,-1.58E0));
#6304=LINE('',#6303,#6302);
#6305=DIRECTION('',(0.E0,1.E0,0.E0));
#6306=VECTOR('',#6305,2.6E0);
#6307=CARTESIAN_POINT('',(1.174E1,1.E0,-1.58E0));
#6308=LINE('',#6307,#6306);
#6309=DIRECTION('',(0.E0,-1.E0,0.E0));
#6310=VECTOR('',#6309,2.6E0);
#6311=CARTESIAN_POINT('',(1.174E1,3.6E0,-9.6E-1));
#6312=LINE('',#6311,#6310);
#6313=DIRECTION('',(0.E0,0.E0,-1.E0));
#6314=VECTOR('',#6313,6.2E-1);
#6315=CARTESIAN_POINT('',(1.174E1,-6.95E0,-9.6E-1));
#6316=LINE('',#6315,#6314);
#6317=DIRECTION('',(0.E0,-1.E0,0.E0));
#6318=VECTOR('',#6317,5.95E0);
#6319=CARTESIAN_POINT('',(1.174E1,-1.E0,-9.6E-1));
#6320=LINE('',#6319,#6318);
#6321=DIRECTION('',(0.E0,1.E0,0.E0));
#6322=VECTOR('',#6321,5.95E0);
#6323=CARTESIAN_POINT('',(1.174E1,-6.95E0,-1.58E0));
#6324=LINE('',#6323,#6322);
#6325=DIRECTION('',(0.E0,0.E0,-1.E0));
#6326=VECTOR('',#6325,6.2E-1);
#6327=CARTESIAN_POINT('',(1.174E1,-6.95E0,1.58E0));
#6328=LINE('',#6327,#6326);
#6329=DIRECTION('',(0.E0,-1.E0,0.E0));
#6330=VECTOR('',#6329,5.95E0);
#6331=CARTESIAN_POINT('',(1.174E1,-1.E0,1.58E0));
#6332=LINE('',#6331,#6330);
#6333=DIRECTION('',(0.E0,1.E0,0.E0));
#6334=VECTOR('',#6333,5.95E0);
#6335=CARTESIAN_POINT('',(1.174E1,-6.95E0,9.6E-1));
#6336=LINE('',#6335,#6334);
#6337=DIRECTION('',(2.357022603955E-1,-9.428090415821E-1,2.357022603955E-1));
#6338=VECTOR('',#6337,8.485281374239E-1);
#6339=CARTESIAN_POINT('',(1.154E1,4.4E0,1.38E0));
#6340=LINE('',#6339,#6338);
#6341=DIRECTION('',(-1.E0,0.E0,0.E0));
#6342=VECTOR('',#6341,2.2E-1);
#6343=CARTESIAN_POINT('',(1.154E1,4.4E0,1.38E0));
#6344=LINE('',#6343,#6342);
#6345=DIRECTION('',(0.E0,0.E0,-1.E0));
#6346=VECTOR('',#6345,2.2E-1);
#6347=CARTESIAN_POINT('',(1.132E1,4.4E0,1.38E0));
#6348=LINE('',#6347,#6346);
#6349=DIRECTION('',(-1.E0,0.E0,0.E0));
#6350=VECTOR('',#6349,2.2E-1);
#6351=CARTESIAN_POINT('',(1.154E1,4.4E0,1.16E0));
#6352=LINE('',#6351,#6350);
#6353=DIRECTION('',(0.E0,0.E0,1.E0));
#6354=VECTOR('',#6353,2.2E-1);
#6355=CARTESIAN_POINT('',(1.154E1,4.4E0,1.16E0));
#6356=LINE('',#6355,#6354);
#6357=DIRECTION('',(-2.357022603955E-1,-9.428090415821E-1,2.357022603955E-1));
#6358=VECTOR('',#6357,8.485281374239E-1);
#6359=CARTESIAN_POINT('',(1.132E1,4.4E0,1.38E0));
#6360=LINE('',#6359,#6358);
#6361=DIRECTION('',(-1.E0,0.E0,0.E0));
#6362=VECTOR('',#6361,6.2E-1);
#6363=CARTESIAN_POINT('',(1.174E1,3.6E0,1.58E0));
#6364=LINE('',#6363,#6362);
#6365=DIRECTION('',(-1.E0,0.E0,0.E0));
#6366=VECTOR('',#6365,6.2E-1);
#6367=CARTESIAN_POINT('',(1.174E1,-6.95E0,1.58E0));
#6368=LINE('',#6367,#6366);
#6369=DIRECTION('',(2.357022603955E-1,9.428090415821E-1,2.357022603955E-1));
#6370=VECTOR('',#6369,8.485281374239E-1);
#6371=CARTESIAN_POINT('',(1.154E1,-7.75E0,1.38E0));
#6372=LINE('',#6371,#6370);
#6373=DIRECTION('',(-1.E0,0.E0,0.E0));
#6374=VECTOR('',#6373,2.2E-1);
#6375=CARTESIAN_POINT('',(1.154E1,-7.75E0,1.16E0));
#6376=LINE('',#6375,#6374);
#6377=DIRECTION('',(0.E0,0.E0,1.E0));
#6378=VECTOR('',#6377,2.2E-1);
#6379=CARTESIAN_POINT('',(1.132E1,-7.75E0,1.16E0));
#6380=LINE('',#6379,#6378);
#6381=DIRECTION('',(-1.E0,0.E0,0.E0));
#6382=VECTOR('',#6381,2.2E-1);
#6383=CARTESIAN_POINT('',(1.154E1,-7.75E0,1.38E0));
#6384=LINE('',#6383,#6382);
#6385=DIRECTION('',(0.E0,0.E0,-1.E0));
#6386=VECTOR('',#6385,2.2E-1);
#6387=CARTESIAN_POINT('',(1.154E1,-7.75E0,1.38E0));
#6388=LINE('',#6387,#6386);
#6389=DIRECTION('',(-2.357022603955E-1,9.428090415821E-1,-2.357022603955E-1));
#6390=VECTOR('',#6389,8.485281374239E-1);
#6391=CARTESIAN_POINT('',(1.132E1,-7.75E0,1.16E0));
#6392=LINE('',#6391,#6390);
#6393=DIRECTION('',(-2.357022603955E-1,-9.428090415821E-1,2.357022603955E-1));
#6394=VECTOR('',#6393,8.485281374239E-1);
#6395=CARTESIAN_POINT('',(1.174E1,-6.95E0,9.6E-1));
#6396=LINE('',#6395,#6394);
#6397=DIRECTION('',(-2.357022603955E-1,9.428090415821E-1,2.357022603955E-1));
#6398=VECTOR('',#6397,8.485281374239E-1);
#6399=CARTESIAN_POINT('',(1.132E1,-7.75E0,1.38E0));
#6400=LINE('',#6399,#6398);
#6401=DIRECTION('',(-1.E0,0.E0,0.E0));
#6402=VECTOR('',#6401,2.2E-1);
#6403=CARTESIAN_POINT('',(1.154E1,4.4E0,-1.38E0));
#6404=LINE('',#6403,#6402);
#6405=DIRECTION('',(0.E0,0.E0,1.E0));
#6406=VECTOR('',#6405,2.2E-1);
#6407=CARTESIAN_POINT('',(1.154E1,4.4E0,-1.38E0));
#6408=LINE('',#6407,#6406);
#6409=DIRECTION('',(-1.E0,0.E0,0.E0));
#6410=VECTOR('',#6409,2.2E-1);
#6411=CARTESIAN_POINT('',(1.154E1,4.4E0,-1.16E0));
#6412=LINE('',#6411,#6410);
#6413=DIRECTION('',(0.E0,0.E0,-1.E0));
#6414=VECTOR('',#6413,2.2E-1);
#6415=CARTESIAN_POINT('',(1.132E1,4.4E0,-1.16E0));
#6416=LINE('',#6415,#6414);
#6417=DIRECTION('',(2.357022603955E-1,9.428090415821E-1,2.357022603955E-1));
#6418=VECTOR('',#6417,8.485281374239E-1);
#6419=CARTESIAN_POINT('',(1.112E1,3.6E0,-1.58E0));
#6420=LINE('',#6419,#6418);
#6421=DIRECTION('',(2.357022603955E-1,-9.428090415821E-1,-2.357022603955E-1));
#6422=VECTOR('',#6421,8.485281374239E-1);
#6423=CARTESIAN_POINT('',(1.154E1,4.4E0,-1.38E0));
#6424=LINE('',#6423,#6422);
#6425=DIRECTION('',(-2.357022603955E-1,-9.428090415821E-1,2.357022603955E-1));
#6426=VECTOR('',#6425,8.485281374239E-1);
#6427=CARTESIAN_POINT('',(1.132E1,4.4E0,-1.16E0));
#6428=LINE('',#6427,#6426);
#6429=DIRECTION('',(-2.357022603955E-1,9.428090415821E-1,-2.357022603955E-1));
#6430=VECTOR('',#6429,8.485281374239E-1);
#6431=CARTESIAN_POINT('',(1.174E1,3.6E0,-9.6E-1));
#6432=LINE('',#6431,#6430);
#6433=DIRECTION('',(-1.E0,0.E0,0.E0));
#6434=VECTOR('',#6433,6.2E-1);
#6435=CARTESIAN_POINT('',(1.174E1,3.6E0,-9.6E-1));
#6436=LINE('',#6435,#6434);
#6437=DIRECTION('',(-1.E0,0.E0,0.E0));
#6438=VECTOR('',#6437,6.2E-1);
#6439=CARTESIAN_POINT('',(1.174E1,-6.95E0,-9.6E-1));
#6440=LINE('',#6439,#6438);
#6441=DIRECTION('',(2.357022603955E-1,9.428090415821E-1,2.357022603955E-1));
#6442=VECTOR('',#6441,8.485281374239E-1);
#6443=CARTESIAN_POINT('',(1.154E1,-7.75E0,-1.16E0));
#6444=LINE('',#6443,#6442);
#6445=DIRECTION('',(-1.E0,0.E0,0.E0));
#6446=VECTOR('',#6445,2.2E-1);
#6447=CARTESIAN_POINT('',(1.154E1,-7.75E0,-1.38E0));
#6448=LINE('',#6447,#6446);
#6449=DIRECTION('',(0.E0,0.E0,1.E0));
#6450=VECTOR('',#6449,2.2E-1);
#6451=CARTESIAN_POINT('',(1.132E1,-7.75E0,-1.38E0));
#6452=LINE('',#6451,#6450);
#6453=DIRECTION('',(-1.E0,0.E0,0.E0));
#6454=VECTOR('',#6453,2.2E-1);
#6455=CARTESIAN_POINT('',(1.154E1,-7.75E0,-1.16E0));
#6456=LINE('',#6455,#6454);
#6457=DIRECTION('',(0.E0,0.E0,-1.E0));
#6458=VECTOR('',#6457,2.2E-1);
#6459=CARTESIAN_POINT('',(1.154E1,-7.75E0,-1.16E0));
#6460=LINE('',#6459,#6458);
#6461=DIRECTION('',(-2.357022603955E-1,9.428090415821E-1,-2.357022603955E-1));
#6462=VECTOR('',#6461,8.485281374239E-1);
#6463=CARTESIAN_POINT('',(1.132E1,-7.75E0,-1.38E0));
#6464=LINE('',#6463,#6462);
#6465=DIRECTION('',(-2.357022603955E-1,-9.428090415821E-1,2.357022603955E-1));
#6466=VECTOR('',#6465,8.485281374239E-1);
#6467=CARTESIAN_POINT('',(1.174E1,-6.95E0,-1.58E0));
#6468=LINE('',#6467,#6466);
#6469=DIRECTION('',(-1.E0,0.E0,0.E0));
#6470=VECTOR('',#6469,6.2E-1);
#6471=CARTESIAN_POINT('',(1.174E1,3.6E0,-1.58E0));
#6472=LINE('',#6471,#6470);
#6473=DIRECTION('',(-1.E0,0.E0,0.E0));
#6474=VECTOR('',#6473,6.2E-1);
#6475=CARTESIAN_POINT('',(1.174E1,-6.95E0,-1.58E0));
#6476=LINE('',#6475,#6474);
#6477=DIRECTION('',(-2.357022603955E-1,9.428090415821E-1,2.357022603955E-1));
#6478=VECTOR('',#6477,8.485281374239E-1);
#6479=CARTESIAN_POINT('',(1.132E1,-7.75E0,-1.16E0));
#6480=LINE('',#6479,#6478);
#6481=DIRECTION('',(0.E0,0.E0,-1.E0));
#6482=VECTOR('',#6481,6.2E-1);
#6483=CARTESIAN_POINT('',(1.366E1,3.6E0,1.58E0));
#6484=LINE('',#6483,#6482);
#6485=DIRECTION('',(0.E0,-1.E0,0.E0));
#6486=VECTOR('',#6485,2.6E0);
#6487=CARTESIAN_POINT('',(1.366E1,3.6E0,1.58E0));
#6488=LINE('',#6487,#6486);
#6489=DIRECTION('',(0.E0,1.E0,0.E0));
#6490=VECTOR('',#6489,2.6E0);
#6491=CARTESIAN_POINT('',(1.366E1,1.E0,9.6E-1));
#6492=LINE('',#6491,#6490);
#6493=DIRECTION('',(0.E0,0.E0,-1.E0));
#6494=VECTOR('',#6493,6.2E-1);
#6495=CARTESIAN_POINT('',(1.366E1,3.6E0,-9.6E-1));
#6496=LINE('',#6495,#6494);
#6497=DIRECTION('',(0.E0,-1.E0,0.E0));
#6498=VECTOR('',#6497,2.6E0);
#6499=CARTESIAN_POINT('',(1.366E1,3.6E0,-9.6E-1));
#6500=LINE('',#6499,#6498);
#6501=DIRECTION('',(0.E0,1.E0,0.E0));
#6502=VECTOR('',#6501,2.6E0);
#6503=CARTESIAN_POINT('',(1.366E1,1.E0,-1.58E0));
#6504=LINE('',#6503,#6502);
#6505=DIRECTION('',(0.E0,0.E0,1.E0));
#6506=VECTOR('',#6505,6.2E-1);
#6507=CARTESIAN_POINT('',(1.366E1,-6.95E0,-1.58E0));
#6508=LINE('',#6507,#6506);
#6509=DIRECTION('',(0.E0,1.E0,0.E0));
#6510=VECTOR('',#6509,5.95E0);
#6511=CARTESIAN_POINT('',(1.366E1,-6.95E0,-1.58E0));
#6512=LINE('',#6511,#6510);
#6513=DIRECTION('',(0.E0,-1.E0,0.E0));
#6514=VECTOR('',#6513,5.95E0);
#6515=CARTESIAN_POINT('',(1.366E1,-1.E0,-9.6E-1));
#6516=LINE('',#6515,#6514);
#6517=DIRECTION('',(0.E0,0.E0,1.E0));
#6518=VECTOR('',#6517,6.2E-1);
#6519=CARTESIAN_POINT('',(1.366E1,-6.95E0,9.6E-1));
#6520=LINE('',#6519,#6518);
#6521=DIRECTION('',(0.E0,1.E0,0.E0));
#6522=VECTOR('',#6521,5.95E0);
#6523=CARTESIAN_POINT('',(1.366E1,-6.95E0,9.6E-1));
#6524=LINE('',#6523,#6522);
#6525=DIRECTION('',(0.E0,-1.E0,0.E0));
#6526=VECTOR('',#6525,5.95E0);
#6527=CARTESIAN_POINT('',(1.366E1,-1.E0,1.58E0));
#6528=LINE('',#6527,#6526);
#6529=DIRECTION('',(-2.357022603955E-1,-9.428090415821E-1,-2.357022603955E-1));
#6530=VECTOR('',#6529,8.485281374239E-1);
#6531=CARTESIAN_POINT('',(1.386E1,4.4E0,1.16E0));
#6532=LINE('',#6531,#6530);
#6533=DIRECTION('',(2.357022603955E-1,-9.428090415821E-1,-2.357022603955E-1));
#6534=VECTOR('',#6533,8.485281374239E-1);
#6535=CARTESIAN_POINT('',(1.408E1,4.4E0,1.16E0));
#6536=LINE('',#6535,#6534);
#6537=DIRECTION('',(-1.E0,0.E0,0.E0));
#6538=VECTOR('',#6537,6.2E-1);
#6539=CARTESIAN_POINT('',(1.428E1,3.6E0,9.6E-1));
#6540=LINE('',#6539,#6538);
#6541=DIRECTION('',(-1.E0,0.E0,0.E0));
#6542=VECTOR('',#6541,6.2E-1);
#6543=CARTESIAN_POINT('',(1.428E1,-6.95E0,9.6E-1));
#6544=LINE('',#6543,#6542);
#6545=DIRECTION('',(0.E0,0.E0,1.E0));
#6546=VECTOR('',#6545,6.2E-1);
#6547=CARTESIAN_POINT('',(1.428E1,3.6E0,9.6E-1));
#6548=LINE('',#6547,#6546);
#6549=DIRECTION('',(0.E0,1.E0,0.E0));
#6550=VECTOR('',#6549,2.6E0);
#6551=CARTESIAN_POINT('',(1.428E1,1.E0,9.6E-1));
#6552=LINE('',#6551,#6550);
#6553=DIRECTION('',(0.E0,-1.E0,0.E0));
#6554=VECTOR('',#6553,2.6E0);
#6555=CARTESIAN_POINT('',(1.428E1,3.6E0,1.58E0));
#6556=LINE('',#6555,#6554);
#6557=DIRECTION('',(0.E0,0.E0,1.E0));
#6558=VECTOR('',#6557,6.2E-1);
#6559=CARTESIAN_POINT('',(1.428E1,3.6E0,-1.58E0));
#6560=LINE('',#6559,#6558);
#6561=DIRECTION('',(0.E0,1.E0,0.E0));
#6562=VECTOR('',#6561,2.6E0);
#6563=CARTESIAN_POINT('',(1.428E1,1.E0,-1.58E0));
#6564=LINE('',#6563,#6562);
#6565=DIRECTION('',(0.E0,-1.E0,0.E0));
#6566=VECTOR('',#6565,2.6E0);
#6567=CARTESIAN_POINT('',(1.428E1,3.6E0,-9.6E-1));
#6568=LINE('',#6567,#6566);
#6569=DIRECTION('',(0.E0,0.E0,-1.E0));
#6570=VECTOR('',#6569,6.2E-1);
#6571=CARTESIAN_POINT('',(1.428E1,-6.95E0,-9.6E-1));
#6572=LINE('',#6571,#6570);
#6573=DIRECTION('',(0.E0,-1.E0,0.E0));
#6574=VECTOR('',#6573,5.95E0);
#6575=CARTESIAN_POINT('',(1.428E1,-1.E0,-9.6E-1));
#6576=LINE('',#6575,#6574);
#6577=DIRECTION('',(0.E0,1.E0,0.E0));
#6578=VECTOR('',#6577,5.95E0);
#6579=CARTESIAN_POINT('',(1.428E1,-6.95E0,-1.58E0));
#6580=LINE('',#6579,#6578);
#6581=DIRECTION('',(0.E0,0.E0,-1.E0));
#6582=VECTOR('',#6581,6.2E-1);
#6583=CARTESIAN_POINT('',(1.428E1,-6.95E0,1.58E0));
#6584=LINE('',#6583,#6582);
#6585=DIRECTION('',(0.E0,-1.E0,0.E0));
#6586=VECTOR('',#6585,5.95E0);
#6587=CARTESIAN_POINT('',(1.428E1,-1.E0,1.58E0));
#6588=LINE('',#6587,#6586);
#6589=DIRECTION('',(0.E0,1.E0,0.E0));
#6590=VECTOR('',#6589,5.95E0);
#6591=CARTESIAN_POINT('',(1.428E1,-6.95E0,9.6E-1));
#6592=LINE('',#6591,#6590);
#6593=DIRECTION('',(2.357022603955E-1,-9.428090415821E-1,2.357022603955E-1));
#6594=VECTOR('',#6593,8.485281374239E-1);
#6595=CARTESIAN_POINT('',(1.408E1,4.4E0,1.38E0));
#6596=LINE('',#6595,#6594);
#6597=DIRECTION('',(-1.E0,0.E0,0.E0));
#6598=VECTOR('',#6597,2.2E-1);
#6599=CARTESIAN_POINT('',(1.408E1,4.4E0,1.38E0));
#6600=LINE('',#6599,#6598);
#6601=DIRECTION('',(0.E0,0.E0,-1.E0));
#6602=VECTOR('',#6601,2.2E-1);
#6603=CARTESIAN_POINT('',(1.386E1,4.4E0,1.38E0));
#6604=LINE('',#6603,#6602);
#6605=DIRECTION('',(-1.E0,0.E0,0.E0));
#6606=VECTOR('',#6605,2.2E-1);
#6607=CARTESIAN_POINT('',(1.408E1,4.4E0,1.16E0));
#6608=LINE('',#6607,#6606);
#6609=DIRECTION('',(0.E0,0.E0,1.E0));
#6610=VECTOR('',#6609,2.2E-1);
#6611=CARTESIAN_POINT('',(1.408E1,4.4E0,1.16E0));
#6612=LINE('',#6611,#6610);
#6613=DIRECTION('',(-2.357022603955E-1,-9.428090415821E-1,2.357022603955E-1));
#6614=VECTOR('',#6613,8.485281374239E-1);
#6615=CARTESIAN_POINT('',(1.386E1,4.4E0,1.38E0));
#6616=LINE('',#6615,#6614);
#6617=DIRECTION('',(-1.E0,0.E0,0.E0));
#6618=VECTOR('',#6617,6.2E-1);
#6619=CARTESIAN_POINT('',(1.428E1,3.6E0,1.58E0));
#6620=LINE('',#6619,#6618);
#6621=DIRECTION('',(-1.E0,0.E0,0.E0));
#6622=VECTOR('',#6621,6.2E-1);
#6623=CARTESIAN_POINT('',(1.428E1,-6.95E0,1.58E0));
#6624=LINE('',#6623,#6622);
#6625=DIRECTION('',(2.357022603955E-1,9.428090415821E-1,2.357022603955E-1));
#6626=VECTOR('',#6625,8.485281374239E-1);
#6627=CARTESIAN_POINT('',(1.408E1,-7.75E0,1.38E0));
#6628=LINE('',#6627,#6626);
#6629=DIRECTION('',(-1.E0,0.E0,0.E0));
#6630=VECTOR('',#6629,2.2E-1);
#6631=CARTESIAN_POINT('',(1.408E1,-7.75E0,1.16E0));
#6632=LINE('',#6631,#6630);
#6633=DIRECTION('',(0.E0,0.E0,1.E0));
#6634=VECTOR('',#6633,2.2E-1);
#6635=CARTESIAN_POINT('',(1.386E1,-7.75E0,1.16E0));
#6636=LINE('',#6635,#6634);
#6637=DIRECTION('',(-1.E0,0.E0,0.E0));
#6638=VECTOR('',#6637,2.2E-1);
#6639=CARTESIAN_POINT('',(1.408E1,-7.75E0,1.38E0));
#6640=LINE('',#6639,#6638);
#6641=DIRECTION('',(0.E0,0.E0,-1.E0));
#6642=VECTOR('',#6641,2.2E-1);
#6643=CARTESIAN_POINT('',(1.408E1,-7.75E0,1.38E0));
#6644=LINE('',#6643,#6642);
#6645=DIRECTION('',(-2.357022603955E-1,9.428090415821E-1,-2.357022603955E-1));
#6646=VECTOR('',#6645,8.485281374239E-1);
#6647=CARTESIAN_POINT('',(1.386E1,-7.75E0,1.16E0));
#6648=LINE('',#6647,#6646);
#6649=DIRECTION('',(-2.357022603955E-1,-9.428090415821E-1,2.357022603955E-1));
#6650=VECTOR('',#6649,8.485281374239E-1);
#6651=CARTESIAN_POINT('',(1.428E1,-6.95E0,9.6E-1));
#6652=LINE('',#6651,#6650);
#6653=DIRECTION('',(-2.357022603955E-1,9.428090415821E-1,2.357022603955E-1));
#6654=VECTOR('',#6653,8.485281374239E-1);
#6655=CARTESIAN_POINT('',(1.386E1,-7.75E0,1.38E0));
#6656=LINE('',#6655,#6654);
#6657=DIRECTION('',(-1.E0,0.E0,0.E0));
#6658=VECTOR('',#6657,2.2E-1);
#6659=CARTESIAN_POINT('',(1.408E1,4.4E0,-1.38E0));
#6660=LINE('',#6659,#6658);
#6661=DIRECTION('',(0.E0,0.E0,1.E0));
#6662=VECTOR('',#6661,2.2E-1);
#6663=CARTESIAN_POINT('',(1.408E1,4.4E0,-1.38E0));
#6664=LINE('',#6663,#6662);
#6665=DIRECTION('',(-1.E0,0.E0,0.E0));
#6666=VECTOR('',#6665,2.2E-1);
#6667=CARTESIAN_POINT('',(1.408E1,4.4E0,-1.16E0));
#6668=LINE('',#6667,#6666);
#6669=DIRECTION('',(0.E0,0.E0,-1.E0));
#6670=VECTOR('',#6669,2.2E-1);
#6671=CARTESIAN_POINT('',(1.386E1,4.4E0,-1.16E0));
#6672=LINE('',#6671,#6670);
#6673=DIRECTION('',(2.357022603955E-1,9.428090415821E-1,2.357022603955E-1));
#6674=VECTOR('',#6673,8.485281374239E-1);
#6675=CARTESIAN_POINT('',(1.366E1,3.6E0,-1.58E0));
#6676=LINE('',#6675,#6674);
#6677=DIRECTION('',(2.357022603955E-1,-9.428090415821E-1,-2.357022603955E-1));
#6678=VECTOR('',#6677,8.485281374239E-1);
#6679=CARTESIAN_POINT('',(1.408E1,4.4E0,-1.38E0));
#6680=LINE('',#6679,#6678);
#6681=DIRECTION('',(-2.357022603955E-1,-9.428090415821E-1,2.357022603955E-1));
#6682=VECTOR('',#6681,8.485281374239E-1);
#6683=CARTESIAN_POINT('',(1.386E1,4.4E0,-1.16E0));
#6684=LINE('',#6683,#6682);
#6685=DIRECTION('',(-2.357022603955E-1,9.428090415821E-1,-2.357022603955E-1));
#6686=VECTOR('',#6685,8.485281374239E-1);
#6687=CARTESIAN_POINT('',(1.428E1,3.6E0,-9.6E-1));
#6688=LINE('',#6687,#6686);
#6689=DIRECTION('',(-1.E0,0.E0,0.E0));
#6690=VECTOR('',#6689,6.2E-1);
#6691=CARTESIAN_POINT('',(1.428E1,3.6E0,-9.6E-1));
#6692=LINE('',#6691,#6690);
#6693=DIRECTION('',(-1.E0,0.E0,0.E0));
#6694=VECTOR('',#6693,6.2E-1);
#6695=CARTESIAN_POINT('',(1.428E1,-6.95E0,-9.6E-1));
#6696=LINE('',#6695,#6694);
#6697=DIRECTION('',(2.357022603955E-1,9.428090415821E-1,2.357022603955E-1));
#6698=VECTOR('',#6697,8.485281374239E-1);
#6699=CARTESIAN_POINT('',(1.408E1,-7.75E0,-1.16E0));
#6700=LINE('',#6699,#6698);
#6701=DIRECTION('',(-1.E0,0.E0,0.E0));
#6702=VECTOR('',#6701,2.2E-1);
#6703=CARTESIAN_POINT('',(1.408E1,-7.75E0,-1.38E0));
#6704=LINE('',#6703,#6702);
#6705=DIRECTION('',(0.E0,0.E0,1.E0));
#6706=VECTOR('',#6705,2.2E-1);
#6707=CARTESIAN_POINT('',(1.386E1,-7.75E0,-1.38E0));
#6708=LINE('',#6707,#6706);
#6709=DIRECTION('',(-1.E0,0.E0,0.E0));
#6710=VECTOR('',#6709,2.2E-1);
#6711=CARTESIAN_POINT('',(1.408E1,-7.75E0,-1.16E0));
#6712=LINE('',#6711,#6710);
#6713=DIRECTION('',(0.E0,0.E0,-1.E0));
#6714=VECTOR('',#6713,2.2E-1);
#6715=CARTESIAN_POINT('',(1.408E1,-7.75E0,-1.16E0));
#6716=LINE('',#6715,#6714);
#6717=DIRECTION('',(-2.357022603955E-1,9.428090415821E-1,-2.357022603955E-1));
#6718=VECTOR('',#6717,8.485281374239E-1);
#6719=CARTESIAN_POINT('',(1.386E1,-7.75E0,-1.38E0));
#6720=LINE('',#6719,#6718);
#6721=DIRECTION('',(-2.357022603955E-1,-9.428090415821E-1,2.357022603955E-1));
#6722=VECTOR('',#6721,8.485281374239E-1);
#6723=CARTESIAN_POINT('',(1.428E1,-6.95E0,-1.58E0));
#6724=LINE('',#6723,#6722);
#6725=DIRECTION('',(-1.E0,0.E0,0.E0));
#6726=VECTOR('',#6725,6.2E-1);
#6727=CARTESIAN_POINT('',(1.428E1,3.6E0,-1.58E0));
#6728=LINE('',#6727,#6726);
#6729=DIRECTION('',(-1.E0,0.E0,0.E0));
#6730=VECTOR('',#6729,6.2E-1);
#6731=CARTESIAN_POINT('',(1.428E1,-6.95E0,-1.58E0));
#6732=LINE('',#6731,#6730);
#6733=DIRECTION('',(-2.357022603955E-1,9.428090415821E-1,2.357022603955E-1));
#6734=VECTOR('',#6733,8.485281374239E-1);
#6735=CARTESIAN_POINT('',(1.386E1,-7.75E0,-1.16E0));
#6736=LINE('',#6735,#6734);
#6737=DIRECTION('',(0.E0,-1.E0,0.E0));
#6738=VECTOR('',#6737,2.E0);
#6739=CARTESIAN_POINT('',(1.27E1,1.E0,-8.E-1));
#6740=LINE('',#6739,#6738);
#6741=DIRECTION('',(0.E0,1.E0,0.E0));
#6742=VECTOR('',#6741,2.E0);
#6743=CARTESIAN_POINT('',(-1.300680894643E1,-1.E0,-2.54E0));
#6744=LINE('',#6743,#6742);
#6745=DIRECTION('',(0.E0,1.E0,0.E0));
#6746=VECTOR('',#6745,2.E0);
#6747=CARTESIAN_POINT('',(-1.046680894643E1,-1.E0,-2.54E0));
#6748=LINE('',#6747,#6746);
#6749=DIRECTION('',(0.E0,1.E0,0.E0));
#6750=VECTOR('',#6749,2.E0);
#6751=CARTESIAN_POINT('',(-1.239319105357E1,-1.E0,-2.54E0));
#6752=LINE('',#6751,#6750);
#6753=DIRECTION('',(0.E0,1.E0,0.E0));
#6754=VECTOR('',#6753,2.E0);
#6755=CARTESIAN_POINT('',(-7.926808946433E0,-1.E0,-2.54E0));
#6756=LINE('',#6755,#6754);
#6757=DIRECTION('',(0.E0,1.E0,0.E0));
#6758=VECTOR('',#6757,2.E0);
#6759=CARTESIAN_POINT('',(-9.853191053567E0,-1.E0,-2.54E0));
#6760=LINE('',#6759,#6758);
#6761=DIRECTION('',(0.E0,1.E0,0.E0));
#6762=VECTOR('',#6761,2.E0);
#6763=CARTESIAN_POINT('',(-5.386808946433E0,-1.E0,-2.54E0));
#6764=LINE('',#6763,#6762);
#6765=DIRECTION('',(0.E0,1.E0,0.E0));
#6766=VECTOR('',#6765,2.E0);
#6767=CARTESIAN_POINT('',(-7.313191053567E0,-1.E0,-2.54E0));
#6768=LINE('',#6767,#6766);
#6769=DIRECTION('',(0.E0,1.E0,0.E0));
#6770=VECTOR('',#6769,2.E0);
#6771=CARTESIAN_POINT('',(-2.846808946433E0,-1.E0,-2.54E0));
#6772=LINE('',#6771,#6770);
#6773=DIRECTION('',(0.E0,1.E0,0.E0));
#6774=VECTOR('',#6773,2.E0);
#6775=CARTESIAN_POINT('',(-4.773191053567E0,-1.E0,-2.54E0));
#6776=LINE('',#6775,#6774);
#6777=DIRECTION('',(0.E0,1.E0,0.E0));
#6778=VECTOR('',#6777,2.E0);
#6779=CARTESIAN_POINT('',(-3.068089464327E-1,-1.E0,-2.54E0));
#6780=LINE('',#6779,#6778);
#6781=DIRECTION('',(0.E0,1.E0,0.E0));
#6782=VECTOR('',#6781,2.E0);
#6783=CARTESIAN_POINT('',(-2.233191053567E0,-1.E0,-2.54E0));
#6784=LINE('',#6783,#6782);
#6785=DIRECTION('',(0.E0,1.E0,0.E0));
#6786=VECTOR('',#6785,2.E0);
#6787=CARTESIAN_POINT('',(2.233191053567E0,-1.E0,-2.54E0));
#6788=LINE('',#6787,#6786);
#6789=DIRECTION('',(0.E0,1.E0,0.E0));
#6790=VECTOR('',#6789,2.E0);
#6791=CARTESIAN_POINT('',(3.068089464327E-1,-1.E0,-2.54E0));
#6792=LINE('',#6791,#6790);
#6793=DIRECTION('',(0.E0,1.E0,0.E0));
#6794=VECTOR('',#6793,2.E0);
#6795=CARTESIAN_POINT('',(4.773191053567E0,-1.E0,-2.54E0));
#6796=LINE('',#6795,#6794);
#6797=DIRECTION('',(0.E0,1.E0,0.E0));
#6798=VECTOR('',#6797,2.E0);
#6799=CARTESIAN_POINT('',(2.846808946433E0,-1.E0,-2.54E0));
#6800=LINE('',#6799,#6798);
#6801=DIRECTION('',(0.E0,1.E0,0.E0));
#6802=VECTOR('',#6801,2.E0);
#6803=CARTESIAN_POINT('',(7.313191053567E0,-1.E0,-2.54E0));
#6804=LINE('',#6803,#6802);
#6805=DIRECTION('',(0.E0,1.E0,0.E0));
#6806=VECTOR('',#6805,2.E0);
#6807=CARTESIAN_POINT('',(5.386808946433E0,-1.E0,-2.54E0));
#6808=LINE('',#6807,#6806);
#6809=DIRECTION('',(0.E0,1.E0,0.E0));
#6810=VECTOR('',#6809,2.E0);
#6811=CARTESIAN_POINT('',(9.853191053567E0,-1.E0,-2.54E0));
#6812=LINE('',#6811,#6810);
#6813=DIRECTION('',(0.E0,1.E0,0.E0));
#6814=VECTOR('',#6813,2.E0);
#6815=CARTESIAN_POINT('',(7.926808946433E0,-1.E0,-2.54E0));
#6816=LINE('',#6815,#6814);
#6817=DIRECTION('',(0.E0,1.E0,0.E0));
#6818=VECTOR('',#6817,2.E0);
#6819=CARTESIAN_POINT('',(1.239319105357E1,-1.E0,-2.54E0));
#6820=LINE('',#6819,#6818);
#6821=DIRECTION('',(0.E0,1.E0,0.E0));
#6822=VECTOR('',#6821,2.E0);
#6823=CARTESIAN_POINT('',(1.046680894643E1,-1.E0,-2.54E0));
#6824=LINE('',#6823,#6822);
#6825=DIRECTION('',(0.E0,1.E0,0.E0));
#6826=VECTOR('',#6825,2.E0);
#6827=CARTESIAN_POINT('',(1.300680894643E1,-1.E0,-2.54E0));
#6828=LINE('',#6827,#6826);
#6829=DIRECTION('',(0.E0,1.E0,0.E0));
#6830=VECTOR('',#6829,2.E0);
#6831=CARTESIAN_POINT('',(1.493319105357E1,-1.E0,-2.54E0));
#6832=LINE('',#6831,#6830);
#6833=DIRECTION('',(0.E0,-1.E0,0.E0));
#6834=VECTOR('',#6833,2.E0);
#6835=CARTESIAN_POINT('',(-1.27E1,1.E0,-8.E-1));
#6836=LINE('',#6835,#6834);
#6837=DIRECTION('',(0.E0,1.E0,0.E0));
#6838=VECTOR('',#6837,2.E0);
#6839=CARTESIAN_POINT('',(-1.493319105357E1,-1.E0,-2.54E0));
#6840=LINE('',#6839,#6838);
#6841=DIRECTION('',(0.E0,1.E0,0.E0));
#6842=VECTOR('',#6841,2.E0);
#6843=CARTESIAN_POINT('',(-1.524E1,-1.E0,-8.E-1));
#6844=LINE('',#6843,#6842);
#6845=DIRECTION('',(0.E0,1.E0,0.E0));
#6846=VECTOR('',#6845,2.E0);
#6847=CARTESIAN_POINT('',(-1.524E1,-1.E0,8.E-1));
#6848=LINE('',#6847,#6846);
#6849=DIRECTION('',(0.E0,1.E0,0.E0));
#6850=VECTOR('',#6849,2.E0);
#6851=CARTESIAN_POINT('',(-1.300680894643E1,-1.E0,2.54E0));
#6852=LINE('',#6851,#6850);
#6853=DIRECTION('',(0.E0,1.E0,0.E0));
#6854=VECTOR('',#6853,2.E0);
#6855=CARTESIAN_POINT('',(-1.493319105357E1,-1.E0,2.54E0));
#6856=LINE('',#6855,#6854);
#6857=DIRECTION('',(0.E0,1.E0,0.E0));
#6858=VECTOR('',#6857,2.E0);
#6859=CARTESIAN_POINT('',(-1.046680894643E1,-1.E0,2.54E0));
#6860=LINE('',#6859,#6858);
#6861=DIRECTION('',(0.E0,1.E0,0.E0));
#6862=VECTOR('',#6861,2.E0);
#6863=CARTESIAN_POINT('',(-1.239319105357E1,-1.E0,2.54E0));
#6864=LINE('',#6863,#6862);
#6865=DIRECTION('',(0.E0,1.E0,0.E0));
#6866=VECTOR('',#6865,2.E0);
#6867=CARTESIAN_POINT('',(-7.926808946433E0,-1.E0,2.54E0));
#6868=LINE('',#6867,#6866);
#6869=DIRECTION('',(0.E0,1.E0,0.E0));
#6870=VECTOR('',#6869,2.E0);
#6871=CARTESIAN_POINT('',(-9.853191053567E0,-1.E0,2.54E0));
#6872=LINE('',#6871,#6870);
#6873=DIRECTION('',(0.E0,1.E0,0.E0));
#6874=VECTOR('',#6873,2.E0);
#6875=CARTESIAN_POINT('',(-5.386808946433E0,-1.E0,2.54E0));
#6876=LINE('',#6875,#6874);
#6877=DIRECTION('',(0.E0,1.E0,0.E0));
#6878=VECTOR('',#6877,2.E0);
#6879=CARTESIAN_POINT('',(-7.313191053567E0,-1.E0,2.54E0));
#6880=LINE('',#6879,#6878);
#6881=DIRECTION('',(0.E0,1.E0,0.E0));
#6882=VECTOR('',#6881,2.E0);
#6883=CARTESIAN_POINT('',(-2.846808946433E0,-1.E0,2.54E0));
#6884=LINE('',#6883,#6882);
#6885=DIRECTION('',(0.E0,1.E0,0.E0));
#6886=VECTOR('',#6885,2.E0);
#6887=CARTESIAN_POINT('',(-4.773191053567E0,-1.E0,2.54E0));
#6888=LINE('',#6887,#6886);
#6889=DIRECTION('',(0.E0,1.E0,0.E0));
#6890=VECTOR('',#6889,2.E0);
#6891=CARTESIAN_POINT('',(-3.068089464327E-1,-1.E0,2.54E0));
#6892=LINE('',#6891,#6890);
#6893=DIRECTION('',(0.E0,1.E0,0.E0));
#6894=VECTOR('',#6893,2.E0);
#6895=CARTESIAN_POINT('',(-2.233191053567E0,-1.E0,2.54E0));
#6896=LINE('',#6895,#6894);
#6897=DIRECTION('',(0.E0,1.E0,0.E0));
#6898=VECTOR('',#6897,2.E0);
#6899=CARTESIAN_POINT('',(2.233191053567E0,-1.E0,2.54E0));
#6900=LINE('',#6899,#6898);
#6901=DIRECTION('',(0.E0,1.E0,0.E0));
#6902=VECTOR('',#6901,2.E0);
#6903=CARTESIAN_POINT('',(3.068089464327E-1,-1.E0,2.54E0));
#6904=LINE('',#6903,#6902);
#6905=DIRECTION('',(0.E0,1.E0,0.E0));
#6906=VECTOR('',#6905,2.E0);
#6907=CARTESIAN_POINT('',(4.773191053567E0,-1.E0,2.54E0));
#6908=LINE('',#6907,#6906);
#6909=DIRECTION('',(0.E0,1.E0,0.E0));
#6910=VECTOR('',#6909,2.E0);
#6911=CARTESIAN_POINT('',(2.846808946433E0,-1.E0,2.54E0));
#6912=LINE('',#6911,#6910);
#6913=DIRECTION('',(0.E0,1.E0,0.E0));
#6914=VECTOR('',#6913,2.E0);
#6915=CARTESIAN_POINT('',(7.313191053567E0,-1.E0,2.54E0));
#6916=LINE('',#6915,#6914);
#6917=DIRECTION('',(0.E0,1.E0,0.E0));
#6918=VECTOR('',#6917,2.E0);
#6919=CARTESIAN_POINT('',(5.386808946433E0,-1.E0,2.54E0));
#6920=LINE('',#6919,#6918);
#6921=DIRECTION('',(0.E0,1.E0,0.E0));
#6922=VECTOR('',#6921,2.E0);
#6923=CARTESIAN_POINT('',(9.853191053567E0,-1.E0,2.54E0));
#6924=LINE('',#6923,#6922);
#6925=DIRECTION('',(0.E0,1.E0,0.E0));
#6926=VECTOR('',#6925,2.E0);
#6927=CARTESIAN_POINT('',(7.926808946433E0,-1.E0,2.54E0));
#6928=LINE('',#6927,#6926);
#6929=DIRECTION('',(0.E0,1.E0,0.E0));
#6930=VECTOR('',#6929,2.E0);
#6931=CARTESIAN_POINT('',(1.300680894643E1,-1.E0,2.54E0));
#6932=LINE('',#6931,#6930);
#6933=DIRECTION('',(0.E0,1.E0,0.E0));
#6934=VECTOR('',#6933,2.E0);
#6935=CARTESIAN_POINT('',(1.239319105357E1,-1.E0,2.54E0));
#6936=LINE('',#6935,#6934);
#6937=DIRECTION('',(0.E0,1.E0,0.E0));
#6938=VECTOR('',#6937,2.E0);
#6939=CARTESIAN_POINT('',(1.046680894643E1,-1.E0,2.54E0));
#6940=LINE('',#6939,#6938);
#6941=DIRECTION('',(0.E0,-1.E0,0.E0));
#6942=VECTOR('',#6941,2.E0);
#6943=CARTESIAN_POINT('',(-1.27E1,1.E0,8.E-1));
#6944=LINE('',#6943,#6942);
#6945=DIRECTION('',(0.E0,-1.E0,0.E0));
#6946=VECTOR('',#6945,2.E0);
#6947=CARTESIAN_POINT('',(-1.016E1,1.E0,8.E-1));
#6948=LINE('',#6947,#6946);
#6949=DIRECTION('',(0.E0,-1.E0,0.E0));
#6950=VECTOR('',#6949,2.E0);
#6951=CARTESIAN_POINT('',(-7.62E0,1.E0,8.E-1));
#6952=LINE('',#6951,#6950);
#6953=DIRECTION('',(0.E0,-1.E0,0.E0));
#6954=VECTOR('',#6953,2.E0);
#6955=CARTESIAN_POINT('',(-5.08E0,1.E0,8.E-1));
#6956=LINE('',#6955,#6954);
#6957=DIRECTION('',(0.E0,-1.E0,0.E0));
#6958=VECTOR('',#6957,2.E0);
#6959=CARTESIAN_POINT('',(-2.54E0,1.E0,8.E-1));
#6960=LINE('',#6959,#6958);
#6961=DIRECTION('',(0.E0,-1.E0,0.E0));
#6962=VECTOR('',#6961,2.E0);
#6963=CARTESIAN_POINT('',(0.E0,1.E0,8.E-1));
#6964=LINE('',#6963,#6962);
#6965=DIRECTION('',(0.E0,-1.E0,0.E0));
#6966=VECTOR('',#6965,2.E0);
#6967=CARTESIAN_POINT('',(2.54E0,1.E0,8.E-1));
#6968=LINE('',#6967,#6966);
#6969=DIRECTION('',(0.E0,-1.E0,0.E0));
#6970=VECTOR('',#6969,2.E0);
#6971=CARTESIAN_POINT('',(5.08E0,1.E0,8.E-1));
#6972=LINE('',#6971,#6970);
#6973=DIRECTION('',(0.E0,-1.E0,0.E0));
#6974=VECTOR('',#6973,2.E0);
#6975=CARTESIAN_POINT('',(7.62E0,1.E0,8.E-1));
#6976=LINE('',#6975,#6974);
#6977=DIRECTION('',(0.E0,-1.E0,0.E0));
#6978=VECTOR('',#6977,2.E0);
#6979=CARTESIAN_POINT('',(1.016E1,1.E0,8.E-1));
#6980=LINE('',#6979,#6978);
#6981=DIRECTION('',(0.E0,-1.E0,0.E0));
#6982=VECTOR('',#6981,2.E0);
#6983=CARTESIAN_POINT('',(1.27E1,1.E0,8.E-1));
#6984=LINE('',#6983,#6982);
#6985=DIRECTION('',(0.E0,1.E0,0.E0));
#6986=VECTOR('',#6985,2.E0);
#6987=CARTESIAN_POINT('',(1.493319105357E1,-1.E0,2.54E0));
#6988=LINE('',#6987,#6986);
#6989=DIRECTION('',(0.E0,1.E0,0.E0));
#6990=VECTOR('',#6989,2.E0);
#6991=CARTESIAN_POINT('',(1.524E1,-1.E0,8.E-1));
#6992=LINE('',#6991,#6990);
#6993=DIRECTION('',(0.E0,1.E0,0.E0));
#6994=VECTOR('',#6993,2.E0);
#6995=CARTESIAN_POINT('',(1.524E1,-1.E0,-8.E-1));
#6996=LINE('',#6995,#6994);
#6997=DIRECTION('',(0.E0,-1.E0,0.E0));
#6998=VECTOR('',#6997,2.E0);
#6999=CARTESIAN_POINT('',(-1.016E1,1.E0,-8.E-1));
#7000=LINE('',#6999,#6998);
#7001=DIRECTION('',(0.E0,-1.E0,0.E0));
#7002=VECTOR('',#7001,2.E0);
#7003=CARTESIAN_POINT('',(-7.62E0,1.E0,-8.E-1));
#7004=LINE('',#7003,#7002);
#7005=DIRECTION('',(0.E0,-1.E0,0.E0));
#7006=VECTOR('',#7005,2.E0);
#7007=CARTESIAN_POINT('',(-5.08E0,1.E0,-8.E-1));
#7008=LINE('',#7007,#7006);
#7009=DIRECTION('',(0.E0,-1.E0,0.E0));
#7010=VECTOR('',#7009,2.E0);
#7011=CARTESIAN_POINT('',(-2.54E0,1.E0,-8.E-1));
#7012=LINE('',#7011,#7010);
#7013=DIRECTION('',(0.E0,-1.E0,0.E0));
#7014=VECTOR('',#7013,2.E0);
#7015=CARTESIAN_POINT('',(0.E0,1.E0,-8.E-1));
#7016=LINE('',#7015,#7014);
#7017=DIRECTION('',(0.E0,-1.E0,0.E0));
#7018=VECTOR('',#7017,2.E0);
#7019=CARTESIAN_POINT('',(2.54E0,1.E0,-8.E-1));
#7020=LINE('',#7019,#7018);
#7021=DIRECTION('',(0.E0,-1.E0,0.E0));
#7022=VECTOR('',#7021,2.E0);
#7023=CARTESIAN_POINT('',(5.08E0,1.E0,-8.E-1));
#7024=LINE('',#7023,#7022);
#7025=DIRECTION('',(0.E0,-1.E0,0.E0));
#7026=VECTOR('',#7025,2.E0);
#7027=CARTESIAN_POINT('',(7.62E0,1.E0,-8.E-1));
#7028=LINE('',#7027,#7026);
#7029=DIRECTION('',(0.E0,-1.E0,0.E0));
#7030=VECTOR('',#7029,2.E0);
#7031=CARTESIAN_POINT('',(1.016E1,1.E0,-8.E-1));
#7032=LINE('',#7031,#7030);
#7033=CARTESIAN_POINT('',(-1.493319105357E1,-1.E0,-2.54E0));
#7034=CARTESIAN_POINT('',(-1.524E1,-1.E0,-8.E-1));
#7035=VERTEX_POINT('',#7033);
#7036=VERTEX_POINT('',#7034);
#7037=CARTESIAN_POINT('',(-1.524E1,-1.E0,8.E-1));
#7038=VERTEX_POINT('',#7037);
#7039=CARTESIAN_POINT('',(-1.493319105357E1,-1.E0,2.54E0));
#7040=VERTEX_POINT('',#7039);
#7041=CARTESIAN_POINT('',(1.493319105357E1,-1.E0,2.54E0));
#7042=CARTESIAN_POINT('',(1.524E1,-1.E0,8.E-1));
#7043=VERTEX_POINT('',#7041);
#7044=VERTEX_POINT('',#7042);
#7045=CARTESIAN_POINT('',(1.524E1,-1.E0,-8.E-1));
#7046=VERTEX_POINT('',#7045);
#7047=CARTESIAN_POINT('',(1.493319105357E1,-1.E0,-2.54E0));
#7048=VERTEX_POINT('',#7047);
#7049=CARTESIAN_POINT('',(-1.493319105357E1,1.E0,-2.54E0));
#7050=CARTESIAN_POINT('',(-1.524E1,1.E0,-8.E-1));
#7051=VERTEX_POINT('',#7049);
#7052=VERTEX_POINT('',#7050);
#7053=CARTESIAN_POINT('',(-1.524E1,1.E0,8.E-1));
#7054=VERTEX_POINT('',#7053);
#7055=CARTESIAN_POINT('',(-1.493319105357E1,1.E0,2.54E0));
#7056=VERTEX_POINT('',#7055);
#7057=CARTESIAN_POINT('',(1.493319105357E1,1.E0,2.54E0));
#7058=CARTESIAN_POINT('',(1.524E1,1.E0,8.E-1));
#7059=VERTEX_POINT('',#7057);
#7060=VERTEX_POINT('',#7058);
#7061=CARTESIAN_POINT('',(1.524E1,1.E0,-8.E-1));
#7062=VERTEX_POINT('',#7061);
#7063=CARTESIAN_POINT('',(1.493319105357E1,1.E0,-2.54E0));
#7064=VERTEX_POINT('',#7063);
#7065=CARTESIAN_POINT('',(-1.507632698071E1,1.5E0,-8.5E-1));
#7066=CARTESIAN_POINT('',(-1.442E1,1.5E0,-8.5E-1));
#7067=VERTEX_POINT('',#7065);
#7068=VERTEX_POINT('',#7066);
#7069=CARTESIAN_POINT('',(-1.442E1,1.5E0,-1.85E0));
#7070=VERTEX_POINT('',#7069);
#7071=CARTESIAN_POINT('',(-1.49E1,1.5E0,-1.85E0));
#7072=VERTEX_POINT('',#7071);
#7073=CARTESIAN_POINT('',(-1.286367301929E1,1.5E0,-8.5E-1));
#7074=CARTESIAN_POINT('',(-1.304E1,1.5E0,-1.85E0));
#7075=VERTEX_POINT('',#7073);
#7076=VERTEX_POINT('',#7074);
#7077=CARTESIAN_POINT('',(-1.352E1,1.5E0,-1.85E0));
#7078=VERTEX_POINT('',#7077);
#7079=CARTESIAN_POINT('',(-1.352E1,1.5E0,-8.5E-1));
#7080=VERTEX_POINT('',#7079);
#7081=CARTESIAN_POINT('',(-1.286367301929E1,1.5E0,8.5E-1));
#7082=CARTESIAN_POINT('',(-1.352E1,1.5E0,8.5E-1));
#7083=VERTEX_POINT('',#7081);
#7084=VERTEX_POINT('',#7082);
#7085=CARTESIAN_POINT('',(-1.352E1,1.5E0,1.85E0));
#7086=VERTEX_POINT('',#7085);
#7087=CARTESIAN_POINT('',(-1.304E1,1.5E0,1.85E0));
#7088=VERTEX_POINT('',#7087);
#7089=CARTESIAN_POINT('',(-1.507632698071E1,1.5E0,8.5E-1));
#7090=CARTESIAN_POINT('',(-1.49E1,1.5E0,1.85E0));
#7091=VERTEX_POINT('',#7089);
#7092=VERTEX_POINT('',#7090);
#7093=CARTESIAN_POINT('',(-1.442E1,1.5E0,1.85E0));
#7094=VERTEX_POINT('',#7093);
#7095=CARTESIAN_POINT('',(-1.442E1,1.5E0,8.5E-1));
#7096=VERTEX_POINT('',#7095);
#7097=CARTESIAN_POINT('',(-1.507632698071E1,1.E0,-8.5E-1));
#7098=CARTESIAN_POINT('',(-1.442E1,1.E0,-8.5E-1));
#7099=VERTEX_POINT('',#7097);
#7100=VERTEX_POINT('',#7098);
#7101=CARTESIAN_POINT('',(-1.442E1,1.E0,-1.85E0));
#7102=VERTEX_POINT('',#7101);
#7103=CARTESIAN_POINT('',(-1.49E1,1.E0,-1.85E0));
#7104=VERTEX_POINT('',#7103);
#7105=CARTESIAN_POINT('',(-1.286367301929E1,1.E0,-8.5E-1));
#7106=CARTESIAN_POINT('',(-1.304E1,1.E0,-1.85E0));
#7107=VERTEX_POINT('',#7105);
#7108=VERTEX_POINT('',#7106);
#7109=CARTESIAN_POINT('',(-1.352E1,1.E0,-1.85E0));
#7110=VERTEX_POINT('',#7109);
#7111=CARTESIAN_POINT('',(-1.352E1,1.E0,-8.5E-1));
#7112=VERTEX_POINT('',#7111);
#7113=CARTESIAN_POINT('',(-1.286367301929E1,1.E0,8.5E-1));
#7114=CARTESIAN_POINT('',(-1.352E1,1.E0,8.5E-1));
#7115=VERTEX_POINT('',#7113);
#7116=VERTEX_POINT('',#7114);
#7117=CARTESIAN_POINT('',(-1.352E1,1.E0,1.85E0));
#7118=VERTEX_POINT('',#7117);
#7119=CARTESIAN_POINT('',(-1.304E1,1.E0,1.85E0));
#7120=VERTEX_POINT('',#7119);
#7121=CARTESIAN_POINT('',(-1.507632698071E1,1.E0,8.5E-1));
#7122=CARTESIAN_POINT('',(-1.49E1,1.E0,1.85E0));
#7123=VERTEX_POINT('',#7121);
#7124=VERTEX_POINT('',#7122);
#7125=CARTESIAN_POINT('',(-1.442E1,1.E0,1.85E0));
#7126=VERTEX_POINT('',#7125);
#7127=CARTESIAN_POINT('',(-1.442E1,1.E0,8.5E-1));
#7128=VERTEX_POINT('',#7127);
#7129=CARTESIAN_POINT('',(-1.428E1,-1.E0,1.58E0));
#7130=CARTESIAN_POINT('',(-1.428E1,-1.E0,9.6E-1));
#7131=VERTEX_POINT('',#7129);
#7132=VERTEX_POINT('',#7130);
#7133=CARTESIAN_POINT('',(-1.428E1,-1.E0,-9.6E-1));
#7134=CARTESIAN_POINT('',(-1.428E1,-1.E0,-1.58E0));
#7135=VERTEX_POINT('',#7133);
#7136=VERTEX_POINT('',#7134);
#7137=CARTESIAN_POINT('',(-1.366E1,-1.E0,1.58E0));
#7138=CARTESIAN_POINT('',(-1.366E1,-1.E0,9.6E-1));
#7139=VERTEX_POINT('',#7137);
#7140=VERTEX_POINT('',#7138);
#7141=CARTESIAN_POINT('',(-1.366E1,-1.E0,-9.6E-1));
#7142=CARTESIAN_POINT('',(-1.366E1,-1.E0,-1.58E0));
#7143=VERTEX_POINT('',#7141);
#7144=VERTEX_POINT('',#7142);
#7145=CARTESIAN_POINT('',(-1.428E1,1.E0,1.58E0));
#7146=CARTESIAN_POINT('',(-1.428E1,1.E0,9.6E-1));
#7147=VERTEX_POINT('',#7145);
#7148=VERTEX_POINT('',#7146);
#7149=CARTESIAN_POINT('',(-1.428E1,1.E0,-9.6E-1));
#7150=CARTESIAN_POINT('',(-1.428E1,1.E0,-1.58E0));
#7151=VERTEX_POINT('',#7149);
#7152=VERTEX_POINT('',#7150);
#7153=CARTESIAN_POINT('',(-1.366E1,1.E0,1.58E0));
#7154=CARTESIAN_POINT('',(-1.366E1,1.E0,9.6E-1));
#7155=VERTEX_POINT('',#7153);
#7156=VERTEX_POINT('',#7154);
#7157=CARTESIAN_POINT('',(-1.366E1,1.E0,-9.6E-1));
#7158=CARTESIAN_POINT('',(-1.366E1,1.E0,-1.58E0));
#7159=VERTEX_POINT('',#7157);
#7160=VERTEX_POINT('',#7158);
#7161=CARTESIAN_POINT('',(-1.366E1,3.6E0,1.58E0));
#7162=CARTESIAN_POINT('',(-1.428E1,3.6E0,1.58E0));
#7163=VERTEX_POINT('',#7161);
#7164=VERTEX_POINT('',#7162);
#7165=CARTESIAN_POINT('',(-1.386E1,4.4E0,1.38E0));
#7166=CARTESIAN_POINT('',(-1.408E1,4.4E0,1.38E0));
#7167=VERTEX_POINT('',#7165);
#7168=VERTEX_POINT('',#7166);
#7169=CARTESIAN_POINT('',(-1.386E1,4.4E0,1.16E0));
#7170=VERTEX_POINT('',#7169);
#7171=CARTESIAN_POINT('',(-1.366E1,3.6E0,9.6E-1));
#7172=VERTEX_POINT('',#7171);
#7173=CARTESIAN_POINT('',(-1.428E1,3.6E0,9.6E-1));
#7174=VERTEX_POINT('',#7173);
#7175=CARTESIAN_POINT('',(-1.408E1,4.4E0,1.16E0));
#7176=VERTEX_POINT('',#7175);
#7177=CARTESIAN_POINT('',(-1.386E1,4.4E0,-1.38E0));
#7178=CARTESIAN_POINT('',(-1.408E1,4.4E0,-1.38E0));
#7179=VERTEX_POINT('',#7177);
#7180=VERTEX_POINT('',#7178);
#7181=CARTESIAN_POINT('',(-1.366E1,3.6E0,-1.58E0));
#7182=CARTESIAN_POINT('',(-1.428E1,3.6E0,-1.58E0));
#7183=VERTEX_POINT('',#7181);
#7184=VERTEX_POINT('',#7182);
#7185=CARTESIAN_POINT('',(-1.386E1,4.4E0,-1.16E0));
#7186=VERTEX_POINT('',#7185);
#7187=CARTESIAN_POINT('',(-1.366E1,3.6E0,-9.6E-1));
#7188=VERTEX_POINT('',#7187);
#7189=CARTESIAN_POINT('',(-1.428E1,3.6E0,-9.6E-1));
#7190=VERTEX_POINT('',#7189);
#7191=CARTESIAN_POINT('',(-1.408E1,4.4E0,-1.16E0));
#7192=VERTEX_POINT('',#7191);
#7193=CARTESIAN_POINT('',(-1.366E1,-6.95E0,-1.58E0));
#7194=CARTESIAN_POINT('',(-1.428E1,-6.95E0,-1.58E0));
#7195=VERTEX_POINT('',#7193);
#7196=VERTEX_POINT('',#7194);
#7197=CARTESIAN_POINT('',(-1.386E1,-7.75E0,-1.38E0));
#7198=CARTESIAN_POINT('',(-1.408E1,-7.75E0,-1.38E0));
#7199=VERTEX_POINT('',#7197);
#7200=VERTEX_POINT('',#7198);
#7201=CARTESIAN_POINT('',(-1.386E1,-7.75E0,-1.16E0));
#7202=VERTEX_POINT('',#7201);
#7203=CARTESIAN_POINT('',(-1.366E1,-6.95E0,-9.6E-1));
#7204=VERTEX_POINT('',#7203);
#7205=CARTESIAN_POINT('',(-1.428E1,-6.95E0,-9.6E-1));
#7206=VERTEX_POINT('',#7205);
#7207=CARTESIAN_POINT('',(-1.408E1,-7.75E0,-1.16E0));
#7208=VERTEX_POINT('',#7207);
#7209=CARTESIAN_POINT('',(-1.366E1,-6.95E0,9.6E-1));
#7210=CARTESIAN_POINT('',(-1.428E1,-6.95E0,9.6E-1));
#7211=VERTEX_POINT('',#7209);
#7212=VERTEX_POINT('',#7210);
#7213=CARTESIAN_POINT('',(-1.386E1,-7.75E0,1.16E0));
#7214=CARTESIAN_POINT('',(-1.408E1,-7.75E0,1.16E0));
#7215=VERTEX_POINT('',#7213);
#7216=VERTEX_POINT('',#7214);
#7217=CARTESIAN_POINT('',(-1.386E1,-7.75E0,1.38E0));
#7218=VERTEX_POINT('',#7217);
#7219=CARTESIAN_POINT('',(-1.366E1,-6.95E0,1.58E0));
#7220=VERTEX_POINT('',#7219);
#7221=CARTESIAN_POINT('',(-1.428E1,-6.95E0,1.58E0));
#7222=VERTEX_POINT('',#7221);
#7223=CARTESIAN_POINT('',(-1.408E1,-7.75E0,1.38E0));
#7224=VERTEX_POINT('',#7223);
#7225=CARTESIAN_POINT('',(-1.300680894643E1,-1.E0,-2.54E0));
#7226=CARTESIAN_POINT('',(-1.27E1,-1.E0,-8.E-1));
#7227=VERTEX_POINT('',#7225);
#7228=VERTEX_POINT('',#7226);
#7229=CARTESIAN_POINT('',(-1.239319105357E1,-1.E0,-2.54E0));
#7230=VERTEX_POINT('',#7229);
#7231=CARTESIAN_POINT('',(-1.239319105357E1,-1.E0,2.54E0));
#7232=CARTESIAN_POINT('',(-1.27E1,-1.E0,8.E-1));
#7233=VERTEX_POINT('',#7231);
#7234=VERTEX_POINT('',#7232);
#7235=CARTESIAN_POINT('',(-1.300680894643E1,-1.E0,2.54E0));
#7236=VERTEX_POINT('',#7235);
#7237=CARTESIAN_POINT('',(-1.300680894643E1,1.E0,-2.54E0));
#7238=CARTESIAN_POINT('',(-1.27E1,1.E0,-8.E-1));
#7239=VERTEX_POINT('',#7237);
#7240=VERTEX_POINT('',#7238);
#7241=CARTESIAN_POINT('',(-1.239319105357E1,1.E0,-2.54E0));
#7242=VERTEX_POINT('',#7241);
#7243=CARTESIAN_POINT('',(-1.239319105357E1,1.E0,2.54E0));
#7244=CARTESIAN_POINT('',(-1.27E1,1.E0,8.E-1));
#7245=VERTEX_POINT('',#7243);
#7246=VERTEX_POINT('',#7244);
#7247=CARTESIAN_POINT('',(-1.300680894643E1,1.E0,2.54E0));
#7248=VERTEX_POINT('',#7247);
#7249=CARTESIAN_POINT('',(-1.253632698071E1,1.5E0,-8.5E-1));
#7250=CARTESIAN_POINT('',(-1.188E1,1.5E0,-8.5E-1));
#7251=VERTEX_POINT('',#7249);
#7252=VERTEX_POINT('',#7250);
#7253=CARTESIAN_POINT('',(-1.188E1,1.5E0,-1.85E0));
#7254=VERTEX_POINT('',#7253);
#7255=CARTESIAN_POINT('',(-1.236E1,1.5E0,-1.85E0));
#7256=VERTEX_POINT('',#7255);
#7257=CARTESIAN_POINT('',(-1.032367301929E1,1.5E0,-8.5E-1));
#7258=CARTESIAN_POINT('',(-1.05E1,1.5E0,-1.85E0));
#7259=VERTEX_POINT('',#7257);
#7260=VERTEX_POINT('',#7258);
#7261=CARTESIAN_POINT('',(-1.098E1,1.5E0,-1.85E0));
#7262=VERTEX_POINT('',#7261);
#7263=CARTESIAN_POINT('',(-1.098E1,1.5E0,-8.5E-1));
#7264=VERTEX_POINT('',#7263);
#7265=CARTESIAN_POINT('',(-1.032367301929E1,1.5E0,8.5E-1));
#7266=CARTESIAN_POINT('',(-1.098E1,1.5E0,8.5E-1));
#7267=VERTEX_POINT('',#7265);
#7268=VERTEX_POINT('',#7266);
#7269=CARTESIAN_POINT('',(-1.098E1,1.5E0,1.85E0));
#7270=VERTEX_POINT('',#7269);
#7271=CARTESIAN_POINT('',(-1.05E1,1.5E0,1.85E0));
#7272=VERTEX_POINT('',#7271);
#7273=CARTESIAN_POINT('',(-1.253632698071E1,1.5E0,8.5E-1));
#7274=CARTESIAN_POINT('',(-1.236E1,1.5E0,1.85E0));
#7275=VERTEX_POINT('',#7273);
#7276=VERTEX_POINT('',#7274);
#7277=CARTESIAN_POINT('',(-1.188E1,1.5E0,1.85E0));
#7278=VERTEX_POINT('',#7277);
#7279=CARTESIAN_POINT('',(-1.188E1,1.5E0,8.5E-1));
#7280=VERTEX_POINT('',#7279);
#7281=CARTESIAN_POINT('',(-1.253632698071E1,1.E0,-8.5E-1));
#7282=CARTESIAN_POINT('',(-1.188E1,1.E0,-8.5E-1));
#7283=VERTEX_POINT('',#7281);
#7284=VERTEX_POINT('',#7282);
#7285=CARTESIAN_POINT('',(-1.188E1,1.E0,-1.85E0));
#7286=VERTEX_POINT('',#7285);
#7287=CARTESIAN_POINT('',(-1.236E1,1.E0,-1.85E0));
#7288=VERTEX_POINT('',#7287);
#7289=CARTESIAN_POINT('',(-1.032367301929E1,1.E0,-8.5E-1));
#7290=CARTESIAN_POINT('',(-1.05E1,1.E0,-1.85E0));
#7291=VERTEX_POINT('',#7289);
#7292=VERTEX_POINT('',#7290);
#7293=CARTESIAN_POINT('',(-1.098E1,1.E0,-1.85E0));
#7294=VERTEX_POINT('',#7293);
#7295=CARTESIAN_POINT('',(-1.098E1,1.E0,-8.5E-1));
#7296=VERTEX_POINT('',#7295);
#7297=CARTESIAN_POINT('',(-1.032367301929E1,1.E0,8.5E-1));
#7298=CARTESIAN_POINT('',(-1.098E1,1.E0,8.5E-1));
#7299=VERTEX_POINT('',#7297);
#7300=VERTEX_POINT('',#7298);
#7301=CARTESIAN_POINT('',(-1.098E1,1.E0,1.85E0));
#7302=VERTEX_POINT('',#7301);
#7303=CARTESIAN_POINT('',(-1.05E1,1.E0,1.85E0));
#7304=VERTEX_POINT('',#7303);
#7305=CARTESIAN_POINT('',(-1.253632698071E1,1.E0,8.5E-1));
#7306=CARTESIAN_POINT('',(-1.236E1,1.E0,1.85E0));
#7307=VERTEX_POINT('',#7305);
#7308=VERTEX_POINT('',#7306);
#7309=CARTESIAN_POINT('',(-1.188E1,1.E0,1.85E0));
#7310=VERTEX_POINT('',#7309);
#7311=CARTESIAN_POINT('',(-1.188E1,1.E0,8.5E-1));
#7312=VERTEX_POINT('',#7311);
#7313=CARTESIAN_POINT('',(-9.996326980708E0,1.5E0,-8.5E-1));
#7314=CARTESIAN_POINT('',(-9.34E0,1.5E0,-8.5E-1));
#7315=VERTEX_POINT('',#7313);
#7316=VERTEX_POINT('',#7314);
#7317=CARTESIAN_POINT('',(-9.34E0,1.5E0,-1.85E0));
#7318=VERTEX_POINT('',#7317);
#7319=CARTESIAN_POINT('',(-9.82E0,1.5E0,-1.85E0));
#7320=VERTEX_POINT('',#7319);
#7321=CARTESIAN_POINT('',(-7.783673019292E0,1.5E0,-8.5E-1));
#7322=CARTESIAN_POINT('',(-7.96E0,1.5E0,-1.85E0));
#7323=VERTEX_POINT('',#7321);
#7324=VERTEX_POINT('',#7322);
#7325=CARTESIAN_POINT('',(-8.44E0,1.5E0,-1.85E0));
#7326=VERTEX_POINT('',#7325);
#7327=CARTESIAN_POINT('',(-8.44E0,1.5E0,-8.5E-1));
#7328=VERTEX_POINT('',#7327);
#7329=CARTESIAN_POINT('',(-7.783673019292E0,1.5E0,8.5E-1));
#7330=CARTESIAN_POINT('',(-8.44E0,1.5E0,8.5E-1));
#7331=VERTEX_POINT('',#7329);
#7332=VERTEX_POINT('',#7330);
#7333=CARTESIAN_POINT('',(-8.44E0,1.5E0,1.85E0));
#7334=VERTEX_POINT('',#7333);
#7335=CARTESIAN_POINT('',(-7.96E0,1.5E0,1.85E0));
#7336=VERTEX_POINT('',#7335);
#7337=CARTESIAN_POINT('',(-9.996326980708E0,1.5E0,8.5E-1));
#7338=CARTESIAN_POINT('',(-9.82E0,1.5E0,1.85E0));
#7339=VERTEX_POINT('',#7337);
#7340=VERTEX_POINT('',#7338);
#7341=CARTESIAN_POINT('',(-9.34E0,1.5E0,1.85E0));
#7342=VERTEX_POINT('',#7341);
#7343=CARTESIAN_POINT('',(-9.34E0,1.5E0,8.5E-1));
#7344=VERTEX_POINT('',#7343);
#7345=CARTESIAN_POINT('',(-9.996326980708E0,1.E0,-8.5E-1));
#7346=CARTESIAN_POINT('',(-9.34E0,1.E0,-8.5E-1));
#7347=VERTEX_POINT('',#7345);
#7348=VERTEX_POINT('',#7346);
#7349=CARTESIAN_POINT('',(-9.34E0,1.E0,-1.85E0));
#7350=VERTEX_POINT('',#7349);
#7351=CARTESIAN_POINT('',(-9.82E0,1.E0,-1.85E0));
#7352=VERTEX_POINT('',#7351);
#7353=CARTESIAN_POINT('',(-7.783673019292E0,1.E0,-8.5E-1));
#7354=CARTESIAN_POINT('',(-7.96E0,1.E0,-1.85E0));
#7355=VERTEX_POINT('',#7353);
#7356=VERTEX_POINT('',#7354);
#7357=CARTESIAN_POINT('',(-8.44E0,1.E0,-1.85E0));
#7358=VERTEX_POINT('',#7357);
#7359=CARTESIAN_POINT('',(-8.44E0,1.E0,-8.5E-1));
#7360=VERTEX_POINT('',#7359);
#7361=CARTESIAN_POINT('',(-7.783673019292E0,1.E0,8.5E-1));
#7362=CARTESIAN_POINT('',(-8.44E0,1.E0,8.5E-1));
#7363=VERTEX_POINT('',#7361);
#7364=VERTEX_POINT('',#7362);
#7365=CARTESIAN_POINT('',(-8.44E0,1.E0,1.85E0));
#7366=VERTEX_POINT('',#7365);
#7367=CARTESIAN_POINT('',(-7.96E0,1.E0,1.85E0));
#7368=VERTEX_POINT('',#7367);
#7369=CARTESIAN_POINT('',(-9.996326980708E0,1.E0,8.5E-1));
#7370=CARTESIAN_POINT('',(-9.82E0,1.E0,1.85E0));
#7371=VERTEX_POINT('',#7369);
#7372=VERTEX_POINT('',#7370);
#7373=CARTESIAN_POINT('',(-9.34E0,1.E0,1.85E0));
#7374=VERTEX_POINT('',#7373);
#7375=CARTESIAN_POINT('',(-9.34E0,1.E0,8.5E-1));
#7376=VERTEX_POINT('',#7375);
#7377=CARTESIAN_POINT('',(-7.456326980708E0,1.5E0,-8.5E-1));
#7378=CARTESIAN_POINT('',(-6.8E0,1.5E0,-8.5E-1));
#7379=VERTEX_POINT('',#7377);
#7380=VERTEX_POINT('',#7378);
#7381=CARTESIAN_POINT('',(-6.8E0,1.5E0,-1.85E0));
#7382=VERTEX_POINT('',#7381);
#7383=CARTESIAN_POINT('',(-7.28E0,1.5E0,-1.85E0));
#7384=VERTEX_POINT('',#7383);
#7385=CARTESIAN_POINT('',(-5.243673019292E0,1.5E0,-8.5E-1));
#7386=CARTESIAN_POINT('',(-5.42E0,1.5E0,-1.85E0));
#7387=VERTEX_POINT('',#7385);
#7388=VERTEX_POINT('',#7386);
#7389=CARTESIAN_POINT('',(-5.9E0,1.5E0,-1.85E0));
#7390=VERTEX_POINT('',#7389);
#7391=CARTESIAN_POINT('',(-5.9E0,1.5E0,-8.5E-1));
#7392=VERTEX_POINT('',#7391);
#7393=CARTESIAN_POINT('',(-5.243673019292E0,1.5E0,8.5E-1));
#7394=CARTESIAN_POINT('',(-5.9E0,1.5E0,8.5E-1));
#7395=VERTEX_POINT('',#7393);
#7396=VERTEX_POINT('',#7394);
#7397=CARTESIAN_POINT('',(-5.9E0,1.5E0,1.85E0));
#7398=VERTEX_POINT('',#7397);
#7399=CARTESIAN_POINT('',(-5.42E0,1.5E0,1.85E0));
#7400=VERTEX_POINT('',#7399);
#7401=CARTESIAN_POINT('',(-7.456326980708E0,1.5E0,8.5E-1));
#7402=CARTESIAN_POINT('',(-7.28E0,1.5E0,1.85E0));
#7403=VERTEX_POINT('',#7401);
#7404=VERTEX_POINT('',#7402);
#7405=CARTESIAN_POINT('',(-6.8E0,1.5E0,1.85E0));
#7406=VERTEX_POINT('',#7405);
#7407=CARTESIAN_POINT('',(-6.8E0,1.5E0,8.5E-1));
#7408=VERTEX_POINT('',#7407);
#7409=CARTESIAN_POINT('',(-7.456326980708E0,1.E0,-8.5E-1));
#7410=CARTESIAN_POINT('',(-6.8E0,1.E0,-8.5E-1));
#7411=VERTEX_POINT('',#7409);
#7412=VERTEX_POINT('',#7410);
#7413=CARTESIAN_POINT('',(-6.8E0,1.E0,-1.85E0));
#7414=VERTEX_POINT('',#7413);
#7415=CARTESIAN_POINT('',(-7.28E0,1.E0,-1.85E0));
#7416=VERTEX_POINT('',#7415);
#7417=CARTESIAN_POINT('',(-5.243673019292E0,1.E0,-8.5E-1));
#7418=CARTESIAN_POINT('',(-5.42E0,1.E0,-1.85E0));
#7419=VERTEX_POINT('',#7417);
#7420=VERTEX_POINT('',#7418);
#7421=CARTESIAN_POINT('',(-5.9E0,1.E0,-1.85E0));
#7422=VERTEX_POINT('',#7421);
#7423=CARTESIAN_POINT('',(-5.9E0,1.E0,-8.5E-1));
#7424=VERTEX_POINT('',#7423);
#7425=CARTESIAN_POINT('',(-5.243673019292E0,1.E0,8.5E-1));
#7426=CARTESIAN_POINT('',(-5.9E0,1.E0,8.5E-1));
#7427=VERTEX_POINT('',#7425);
#7428=VERTEX_POINT('',#7426);
#7429=CARTESIAN_POINT('',(-5.9E0,1.E0,1.85E0));
#7430=VERTEX_POINT('',#7429);
#7431=CARTESIAN_POINT('',(-5.42E0,1.E0,1.85E0));
#7432=VERTEX_POINT('',#7431);
#7433=CARTESIAN_POINT('',(-7.456326980708E0,1.E0,8.5E-1));
#7434=CARTESIAN_POINT('',(-7.28E0,1.E0,1.85E0));
#7435=VERTEX_POINT('',#7433);
#7436=VERTEX_POINT('',#7434);
#7437=CARTESIAN_POINT('',(-6.8E0,1.E0,1.85E0));
#7438=VERTEX_POINT('',#7437);
#7439=CARTESIAN_POINT('',(-6.8E0,1.E0,8.5E-1));
#7440=VERTEX_POINT('',#7439);
#7441=CARTESIAN_POINT('',(-4.916326980708E0,1.5E0,-8.5E-1));
#7442=CARTESIAN_POINT('',(-4.26E0,1.5E0,-8.5E-1));
#7443=VERTEX_POINT('',#7441);
#7444=VERTEX_POINT('',#7442);
#7445=CARTESIAN_POINT('',(-4.26E0,1.5E0,-1.85E0));
#7446=VERTEX_POINT('',#7445);
#7447=CARTESIAN_POINT('',(-4.74E0,1.5E0,-1.85E0));
#7448=VERTEX_POINT('',#7447);
#7449=CARTESIAN_POINT('',(-2.703673019292E0,1.5E0,-8.5E-1));
#7450=CARTESIAN_POINT('',(-2.88E0,1.5E0,-1.85E0));
#7451=VERTEX_POINT('',#7449);
#7452=VERTEX_POINT('',#7450);
#7453=CARTESIAN_POINT('',(-3.36E0,1.5E0,-1.85E0));
#7454=VERTEX_POINT('',#7453);
#7455=CARTESIAN_POINT('',(-3.36E0,1.5E0,-8.5E-1));
#7456=VERTEX_POINT('',#7455);
#7457=CARTESIAN_POINT('',(-2.703673019292E0,1.5E0,8.5E-1));
#7458=CARTESIAN_POINT('',(-3.36E0,1.5E0,8.5E-1));
#7459=VERTEX_POINT('',#7457);
#7460=VERTEX_POINT('',#7458);
#7461=CARTESIAN_POINT('',(-3.36E0,1.5E0,1.85E0));
#7462=VERTEX_POINT('',#7461);
#7463=CARTESIAN_POINT('',(-2.88E0,1.5E0,1.85E0));
#7464=VERTEX_POINT('',#7463);
#7465=CARTESIAN_POINT('',(-4.916326980708E0,1.5E0,8.5E-1));
#7466=CARTESIAN_POINT('',(-4.74E0,1.5E0,1.85E0));
#7467=VERTEX_POINT('',#7465);
#7468=VERTEX_POINT('',#7466);
#7469=CARTESIAN_POINT('',(-4.26E0,1.5E0,1.85E0));
#7470=VERTEX_POINT('',#7469);
#7471=CARTESIAN_POINT('',(-4.26E0,1.5E0,8.5E-1));
#7472=VERTEX_POINT('',#7471);
#7473=CARTESIAN_POINT('',(-4.916326980708E0,1.E0,-8.5E-1));
#7474=CARTESIAN_POINT('',(-4.26E0,1.E0,-8.5E-1));
#7475=VERTEX_POINT('',#7473);
#7476=VERTEX_POINT('',#7474);
#7477=CARTESIAN_POINT('',(-4.26E0,1.E0,-1.85E0));
#7478=VERTEX_POINT('',#7477);
#7479=CARTESIAN_POINT('',(-4.74E0,1.E0,-1.85E0));
#7480=VERTEX_POINT('',#7479);
#7481=CARTESIAN_POINT('',(-2.703673019292E0,1.E0,-8.5E-1));
#7482=CARTESIAN_POINT('',(-2.88E0,1.E0,-1.85E0));
#7483=VERTEX_POINT('',#7481);
#7484=VERTEX_POINT('',#7482);
#7485=CARTESIAN_POINT('',(-3.36E0,1.E0,-1.85E0));
#7486=VERTEX_POINT('',#7485);
#7487=CARTESIAN_POINT('',(-3.36E0,1.E0,-8.5E-1));
#7488=VERTEX_POINT('',#7487);
#7489=CARTESIAN_POINT('',(-2.703673019292E0,1.E0,8.5E-1));
#7490=CARTESIAN_POINT('',(-3.36E0,1.E0,8.5E-1));
#7491=VERTEX_POINT('',#7489);
#7492=VERTEX_POINT('',#7490);
#7493=CARTESIAN_POINT('',(-3.36E0,1.E0,1.85E0));
#7494=VERTEX_POINT('',#7493);
#7495=CARTESIAN_POINT('',(-2.88E0,1.E0,1.85E0));
#7496=VERTEX_POINT('',#7495);
#7497=CARTESIAN_POINT('',(-4.916326980708E0,1.E0,8.5E-1));
#7498=CARTESIAN_POINT('',(-4.74E0,1.E0,1.85E0));
#7499=VERTEX_POINT('',#7497);
#7500=VERTEX_POINT('',#7498);
#7501=CARTESIAN_POINT('',(-4.26E0,1.E0,1.85E0));
#7502=VERTEX_POINT('',#7501);
#7503=CARTESIAN_POINT('',(-4.26E0,1.E0,8.5E-1));
#7504=VERTEX_POINT('',#7503);
#7505=CARTESIAN_POINT('',(-2.376326980708E0,1.5E0,-8.5E-1));
#7506=CARTESIAN_POINT('',(-1.72E0,1.5E0,-8.5E-1));
#7507=VERTEX_POINT('',#7505);
#7508=VERTEX_POINT('',#7506);
#7509=CARTESIAN_POINT('',(-1.72E0,1.5E0,-1.85E0));
#7510=VERTEX_POINT('',#7509);
#7511=CARTESIAN_POINT('',(-2.2E0,1.5E0,-1.85E0));
#7512=VERTEX_POINT('',#7511);
#7513=CARTESIAN_POINT('',(-1.636730192916E-1,1.5E0,-8.5E-1));
#7514=CARTESIAN_POINT('',(-3.4E-1,1.5E0,-1.85E0));
#7515=VERTEX_POINT('',#7513);
#7516=VERTEX_POINT('',#7514);
#7517=CARTESIAN_POINT('',(-8.2E-1,1.5E0,-1.85E0));
#7518=VERTEX_POINT('',#7517);
#7519=CARTESIAN_POINT('',(-8.2E-1,1.5E0,-8.5E-1));
#7520=VERTEX_POINT('',#7519);
#7521=CARTESIAN_POINT('',(-1.636730192916E-1,1.5E0,8.5E-1));
#7522=CARTESIAN_POINT('',(-8.2E-1,1.5E0,8.5E-1));
#7523=VERTEX_POINT('',#7521);
#7524=VERTEX_POINT('',#7522);
#7525=CARTESIAN_POINT('',(-8.2E-1,1.5E0,1.85E0));
#7526=VERTEX_POINT('',#7525);
#7527=CARTESIAN_POINT('',(-3.4E-1,1.5E0,1.85E0));
#7528=VERTEX_POINT('',#7527);
#7529=CARTESIAN_POINT('',(-2.376326980708E0,1.5E0,8.5E-1));
#7530=CARTESIAN_POINT('',(-2.2E0,1.5E0,1.85E0));
#7531=VERTEX_POINT('',#7529);
#7532=VERTEX_POINT('',#7530);
#7533=CARTESIAN_POINT('',(-1.72E0,1.5E0,1.85E0));
#7534=VERTEX_POINT('',#7533);
#7535=CARTESIAN_POINT('',(-1.72E0,1.5E0,8.5E-1));
#7536=VERTEX_POINT('',#7535);
#7537=CARTESIAN_POINT('',(-2.376326980708E0,1.E0,-8.5E-1));
#7538=CARTESIAN_POINT('',(-1.72E0,1.E0,-8.5E-1));
#7539=VERTEX_POINT('',#7537);
#7540=VERTEX_POINT('',#7538);
#7541=CARTESIAN_POINT('',(-1.72E0,1.E0,-1.85E0));
#7542=VERTEX_POINT('',#7541);
#7543=CARTESIAN_POINT('',(-2.2E0,1.E0,-1.85E0));
#7544=VERTEX_POINT('',#7543);
#7545=CARTESIAN_POINT('',(-1.636730192916E-1,1.E0,-8.5E-1));
#7546=CARTESIAN_POINT('',(-3.4E-1,1.E0,-1.85E0));
#7547=VERTEX_POINT('',#7545);
#7548=VERTEX_POINT('',#7546);
#7549=CARTESIAN_POINT('',(-8.2E-1,1.E0,-1.85E0));
#7550=VERTEX_POINT('',#7549);
#7551=CARTESIAN_POINT('',(-8.2E-1,1.E0,-8.5E-1));
#7552=VERTEX_POINT('',#7551);
#7553=CARTESIAN_POINT('',(-1.636730192916E-1,1.E0,8.5E-1));
#7554=CARTESIAN_POINT('',(-8.2E-1,1.E0,8.5E-1));
#7555=VERTEX_POINT('',#7553);
#7556=VERTEX_POINT('',#7554);
#7557=CARTESIAN_POINT('',(-8.2E-1,1.E0,1.85E0));
#7558=VERTEX_POINT('',#7557);
#7559=CARTESIAN_POINT('',(-3.4E-1,1.E0,1.85E0));
#7560=VERTEX_POINT('',#7559);
#7561=CARTESIAN_POINT('',(-2.376326980708E0,1.E0,8.5E-1));
#7562=CARTESIAN_POINT('',(-2.2E0,1.E0,1.85E0));
#7563=VERTEX_POINT('',#7561);
#7564=VERTEX_POINT('',#7562);
#7565=CARTESIAN_POINT('',(-1.72E0,1.E0,1.85E0));
#7566=VERTEX_POINT('',#7565);
#7567=CARTESIAN_POINT('',(-1.72E0,1.E0,8.5E-1));
#7568=VERTEX_POINT('',#7567);
#7569=CARTESIAN_POINT('',(1.636730192916E-1,1.5E0,-8.5E-1));
#7570=CARTESIAN_POINT('',(8.2E-1,1.5E0,-8.5E-1));
#7571=VERTEX_POINT('',#7569);
#7572=VERTEX_POINT('',#7570);
#7573=CARTESIAN_POINT('',(8.2E-1,1.5E0,-1.85E0));
#7574=VERTEX_POINT('',#7573);
#7575=CARTESIAN_POINT('',(3.4E-1,1.5E0,-1.85E0));
#7576=VERTEX_POINT('',#7575);
#7577=CARTESIAN_POINT('',(2.376326980708E0,1.5E0,-8.5E-1));
#7578=CARTESIAN_POINT('',(2.2E0,1.5E0,-1.85E0));
#7579=VERTEX_POINT('',#7577);
#7580=VERTEX_POINT('',#7578);
#7581=CARTESIAN_POINT('',(1.72E0,1.5E0,-1.85E0));
#7582=VERTEX_POINT('',#7581);
#7583=CARTESIAN_POINT('',(1.72E0,1.5E0,-8.5E-1));
#7584=VERTEX_POINT('',#7583);
#7585=CARTESIAN_POINT('',(2.376326980708E0,1.5E0,8.5E-1));
#7586=CARTESIAN_POINT('',(1.72E0,1.5E0,8.5E-1));
#7587=VERTEX_POINT('',#7585);
#7588=VERTEX_POINT('',#7586);
#7589=CARTESIAN_POINT('',(1.72E0,1.5E0,1.85E0));
#7590=VERTEX_POINT('',#7589);
#7591=CARTESIAN_POINT('',(2.2E0,1.5E0,1.85E0));
#7592=VERTEX_POINT('',#7591);
#7593=CARTESIAN_POINT('',(1.636730192916E-1,1.5E0,8.5E-1));
#7594=CARTESIAN_POINT('',(3.4E-1,1.5E0,1.85E0));
#7595=VERTEX_POINT('',#7593);
#7596=VERTEX_POINT('',#7594);
#7597=CARTESIAN_POINT('',(8.2E-1,1.5E0,1.85E0));
#7598=VERTEX_POINT('',#7597);
#7599=CARTESIAN_POINT('',(8.2E-1,1.5E0,8.5E-1));
#7600=VERTEX_POINT('',#7599);
#7601=CARTESIAN_POINT('',(1.636730192916E-1,1.E0,-8.5E-1));
#7602=CARTESIAN_POINT('',(8.2E-1,1.E0,-8.5E-1));
#7603=VERTEX_POINT('',#7601);
#7604=VERTEX_POINT('',#7602);
#7605=CARTESIAN_POINT('',(8.2E-1,1.E0,-1.85E0));
#7606=VERTEX_POINT('',#7605);
#7607=CARTESIAN_POINT('',(3.4E-1,1.E0,-1.85E0));
#7608=VERTEX_POINT('',#7607);
#7609=CARTESIAN_POINT('',(2.376326980708E0,1.E0,-8.5E-1));
#7610=CARTESIAN_POINT('',(2.2E0,1.E0,-1.85E0));
#7611=VERTEX_POINT('',#7609);
#7612=VERTEX_POINT('',#7610);
#7613=CARTESIAN_POINT('',(1.72E0,1.E0,-1.85E0));
#7614=VERTEX_POINT('',#7613);
#7615=CARTESIAN_POINT('',(1.72E0,1.E0,-8.5E-1));
#7616=VERTEX_POINT('',#7615);
#7617=CARTESIAN_POINT('',(2.376326980708E0,1.E0,8.5E-1));
#7618=CARTESIAN_POINT('',(1.72E0,1.E0,8.5E-1));
#7619=VERTEX_POINT('',#7617);
#7620=VERTEX_POINT('',#7618);
#7621=CARTESIAN_POINT('',(1.72E0,1.E0,1.85E0));
#7622=VERTEX_POINT('',#7621);
#7623=CARTESIAN_POINT('',(2.2E0,1.E0,1.85E0));
#7624=VERTEX_POINT('',#7623);
#7625=CARTESIAN_POINT('',(1.636730192916E-1,1.E0,8.5E-1));
#7626=CARTESIAN_POINT('',(3.4E-1,1.E0,1.85E0));
#7627=VERTEX_POINT('',#7625);
#7628=VERTEX_POINT('',#7626);
#7629=CARTESIAN_POINT('',(8.2E-1,1.E0,1.85E0));
#7630=VERTEX_POINT('',#7629);
#7631=CARTESIAN_POINT('',(8.2E-1,1.E0,8.5E-1));
#7632=VERTEX_POINT('',#7631);
#7633=CARTESIAN_POINT('',(2.703673019292E0,1.5E0,-8.5E-1));
#7634=CARTESIAN_POINT('',(3.36E0,1.5E0,-8.5E-1));
#7635=VERTEX_POINT('',#7633);
#7636=VERTEX_POINT('',#7634);
#7637=CARTESIAN_POINT('',(3.36E0,1.5E0,-1.85E0));
#7638=VERTEX_POINT('',#7637);
#7639=CARTESIAN_POINT('',(2.88E0,1.5E0,-1.85E0));
#7640=VERTEX_POINT('',#7639);
#7641=CARTESIAN_POINT('',(4.916326980708E0,1.5E0,-8.5E-1));
#7642=CARTESIAN_POINT('',(4.74E0,1.5E0,-1.85E0));
#7643=VERTEX_POINT('',#7641);
#7644=VERTEX_POINT('',#7642);
#7645=CARTESIAN_POINT('',(4.26E0,1.5E0,-1.85E0));
#7646=VERTEX_POINT('',#7645);
#7647=CARTESIAN_POINT('',(4.26E0,1.5E0,-8.5E-1));
#7648=VERTEX_POINT('',#7647);
#7649=CARTESIAN_POINT('',(4.916326980708E0,1.5E0,8.5E-1));
#7650=CARTESIAN_POINT('',(4.26E0,1.5E0,8.5E-1));
#7651=VERTEX_POINT('',#7649);
#7652=VERTEX_POINT('',#7650);
#7653=CARTESIAN_POINT('',(4.26E0,1.5E0,1.85E0));
#7654=VERTEX_POINT('',#7653);
#7655=CARTESIAN_POINT('',(4.74E0,1.5E0,1.85E0));
#7656=VERTEX_POINT('',#7655);
#7657=CARTESIAN_POINT('',(2.703673019292E0,1.5E0,8.5E-1));
#7658=CARTESIAN_POINT('',(2.88E0,1.5E0,1.85E0));
#7659=VERTEX_POINT('',#7657);
#7660=VERTEX_POINT('',#7658);
#7661=CARTESIAN_POINT('',(3.36E0,1.5E0,1.85E0));
#7662=VERTEX_POINT('',#7661);
#7663=CARTESIAN_POINT('',(3.36E0,1.5E0,8.5E-1));
#7664=VERTEX_POINT('',#7663);
#7665=CARTESIAN_POINT('',(2.703673019292E0,1.E0,-8.5E-1));
#7666=CARTESIAN_POINT('',(3.36E0,1.E0,-8.5E-1));
#7667=VERTEX_POINT('',#7665);
#7668=VERTEX_POINT('',#7666);
#7669=CARTESIAN_POINT('',(3.36E0,1.E0,-1.85E0));
#7670=VERTEX_POINT('',#7669);
#7671=CARTESIAN_POINT('',(2.88E0,1.E0,-1.85E0));
#7672=VERTEX_POINT('',#7671);
#7673=CARTESIAN_POINT('',(4.916326980708E0,1.E0,-8.5E-1));
#7674=CARTESIAN_POINT('',(4.74E0,1.E0,-1.85E0));
#7675=VERTEX_POINT('',#7673);
#7676=VERTEX_POINT('',#7674);
#7677=CARTESIAN_POINT('',(4.26E0,1.E0,-1.85E0));
#7678=VERTEX_POINT('',#7677);
#7679=CARTESIAN_POINT('',(4.26E0,1.E0,-8.5E-1));
#7680=VERTEX_POINT('',#7679);
#7681=CARTESIAN_POINT('',(4.916326980708E0,1.E0,8.5E-1));
#7682=CARTESIAN_POINT('',(4.26E0,1.E0,8.5E-1));
#7683=VERTEX_POINT('',#7681);
#7684=VERTEX_POINT('',#7682);
#7685=CARTESIAN_POINT('',(4.26E0,1.E0,1.85E0));
#7686=VERTEX_POINT('',#7685);
#7687=CARTESIAN_POINT('',(4.74E0,1.E0,1.85E0));
#7688=VERTEX_POINT('',#7687);
#7689=CARTESIAN_POINT('',(2.703673019292E0,1.E0,8.5E-1));
#7690=CARTESIAN_POINT('',(2.88E0,1.E0,1.85E0));
#7691=VERTEX_POINT('',#7689);
#7692=VERTEX_POINT('',#7690);
#7693=CARTESIAN_POINT('',(3.36E0,1.E0,1.85E0));
#7694=VERTEX_POINT('',#7693);
#7695=CARTESIAN_POINT('',(3.36E0,1.E0,8.5E-1));
#7696=VERTEX_POINT('',#7695);
#7697=CARTESIAN_POINT('',(5.243673019292E0,1.5E0,-8.5E-1));
#7698=CARTESIAN_POINT('',(5.9E0,1.5E0,-8.5E-1));
#7699=VERTEX_POINT('',#7697);
#7700=VERTEX_POINT('',#7698);
#7701=CARTESIAN_POINT('',(5.9E0,1.5E0,-1.85E0));
#7702=VERTEX_POINT('',#7701);
#7703=CARTESIAN_POINT('',(5.42E0,1.5E0,-1.85E0));
#7704=VERTEX_POINT('',#7703);
#7705=CARTESIAN_POINT('',(7.456326980708E0,1.5E0,-8.5E-1));
#7706=CARTESIAN_POINT('',(7.28E0,1.5E0,-1.85E0));
#7707=VERTEX_POINT('',#7705);
#7708=VERTEX_POINT('',#7706);
#7709=CARTESIAN_POINT('',(6.8E0,1.5E0,-1.85E0));
#7710=VERTEX_POINT('',#7709);
#7711=CARTESIAN_POINT('',(6.8E0,1.5E0,-8.5E-1));
#7712=VERTEX_POINT('',#7711);
#7713=CARTESIAN_POINT('',(7.456326980708E0,1.5E0,8.5E-1));
#7714=CARTESIAN_POINT('',(6.8E0,1.5E0,8.5E-1));
#7715=VERTEX_POINT('',#7713);
#7716=VERTEX_POINT('',#7714);
#7717=CARTESIAN_POINT('',(6.8E0,1.5E0,1.85E0));
#7718=VERTEX_POINT('',#7717);
#7719=CARTESIAN_POINT('',(7.28E0,1.5E0,1.85E0));
#7720=VERTEX_POINT('',#7719);
#7721=CARTESIAN_POINT('',(5.243673019292E0,1.5E0,8.5E-1));
#7722=CARTESIAN_POINT('',(5.42E0,1.5E0,1.85E0));
#7723=VERTEX_POINT('',#7721);
#7724=VERTEX_POINT('',#7722);
#7725=CARTESIAN_POINT('',(5.9E0,1.5E0,1.85E0));
#7726=VERTEX_POINT('',#7725);
#7727=CARTESIAN_POINT('',(5.9E0,1.5E0,8.5E-1));
#7728=VERTEX_POINT('',#7727);
#7729=CARTESIAN_POINT('',(5.243673019292E0,1.E0,-8.5E-1));
#7730=CARTESIAN_POINT('',(5.9E0,1.E0,-8.5E-1));
#7731=VERTEX_POINT('',#7729);
#7732=VERTEX_POINT('',#7730);
#7733=CARTESIAN_POINT('',(5.9E0,1.E0,-1.85E0));
#7734=VERTEX_POINT('',#7733);
#7735=CARTESIAN_POINT('',(5.42E0,1.E0,-1.85E0));
#7736=VERTEX_POINT('',#7735);
#7737=CARTESIAN_POINT('',(7.456326980708E0,1.E0,-8.5E-1));
#7738=CARTESIAN_POINT('',(7.28E0,1.E0,-1.85E0));
#7739=VERTEX_POINT('',#7737);
#7740=VERTEX_POINT('',#7738);
#7741=CARTESIAN_POINT('',(6.8E0,1.E0,-1.85E0));
#7742=VERTEX_POINT('',#7741);
#7743=CARTESIAN_POINT('',(6.8E0,1.E0,-8.5E-1));
#7744=VERTEX_POINT('',#7743);
#7745=CARTESIAN_POINT('',(7.456326980708E0,1.E0,8.5E-1));
#7746=CARTESIAN_POINT('',(6.8E0,1.E0,8.5E-1));
#7747=VERTEX_POINT('',#7745);
#7748=VERTEX_POINT('',#7746);
#7749=CARTESIAN_POINT('',(6.8E0,1.E0,1.85E0));
#7750=VERTEX_POINT('',#7749);
#7751=CARTESIAN_POINT('',(7.28E0,1.E0,1.85E0));
#7752=VERTEX_POINT('',#7751);
#7753=CARTESIAN_POINT('',(5.243673019292E0,1.E0,8.5E-1));
#7754=CARTESIAN_POINT('',(5.42E0,1.E0,1.85E0));
#7755=VERTEX_POINT('',#7753);
#7756=VERTEX_POINT('',#7754);
#7757=CARTESIAN_POINT('',(5.9E0,1.E0,1.85E0));
#7758=VERTEX_POINT('',#7757);
#7759=CARTESIAN_POINT('',(5.9E0,1.E0,8.5E-1));
#7760=VERTEX_POINT('',#7759);
#7761=CARTESIAN_POINT('',(7.783673019292E0,1.5E0,-8.5E-1));
#7762=CARTESIAN_POINT('',(8.44E0,1.5E0,-8.5E-1));
#7763=VERTEX_POINT('',#7761);
#7764=VERTEX_POINT('',#7762);
#7765=CARTESIAN_POINT('',(8.44E0,1.5E0,-1.85E0));
#7766=VERTEX_POINT('',#7765);
#7767=CARTESIAN_POINT('',(7.96E0,1.5E0,-1.85E0));
#7768=VERTEX_POINT('',#7767);
#7769=CARTESIAN_POINT('',(9.996326980708E0,1.5E0,-8.5E-1));
#7770=CARTESIAN_POINT('',(9.82E0,1.5E0,-1.85E0));
#7771=VERTEX_POINT('',#7769);
#7772=VERTEX_POINT('',#7770);
#7773=CARTESIAN_POINT('',(9.34E0,1.5E0,-1.85E0));
#7774=VERTEX_POINT('',#7773);
#7775=CARTESIAN_POINT('',(9.34E0,1.5E0,-8.5E-1));
#7776=VERTEX_POINT('',#7775);
#7777=CARTESIAN_POINT('',(9.996326980708E0,1.5E0,8.5E-1));
#7778=CARTESIAN_POINT('',(9.34E0,1.5E0,8.5E-1));
#7779=VERTEX_POINT('',#7777);
#7780=VERTEX_POINT('',#7778);
#7781=CARTESIAN_POINT('',(9.34E0,1.5E0,1.85E0));
#7782=VERTEX_POINT('',#7781);
#7783=CARTESIAN_POINT('',(9.82E0,1.5E0,1.85E0));
#7784=VERTEX_POINT('',#7783);
#7785=CARTESIAN_POINT('',(7.783673019292E0,1.5E0,8.5E-1));
#7786=CARTESIAN_POINT('',(7.96E0,1.5E0,1.85E0));
#7787=VERTEX_POINT('',#7785);
#7788=VERTEX_POINT('',#7786);
#7789=CARTESIAN_POINT('',(8.44E0,1.5E0,1.85E0));
#7790=VERTEX_POINT('',#7789);
#7791=CARTESIAN_POINT('',(8.44E0,1.5E0,8.5E-1));
#7792=VERTEX_POINT('',#7791);
#7793=CARTESIAN_POINT('',(7.783673019292E0,1.E0,-8.5E-1));
#7794=CARTESIAN_POINT('',(8.44E0,1.E0,-8.5E-1));
#7795=VERTEX_POINT('',#7793);
#7796=VERTEX_POINT('',#7794);
#7797=CARTESIAN_POINT('',(8.44E0,1.E0,-1.85E0));
#7798=VERTEX_POINT('',#7797);
#7799=CARTESIAN_POINT('',(7.96E0,1.E0,-1.85E0));
#7800=VERTEX_POINT('',#7799);
#7801=CARTESIAN_POINT('',(9.996326980708E0,1.E0,-8.5E-1));
#7802=CARTESIAN_POINT('',(9.82E0,1.E0,-1.85E0));
#7803=VERTEX_POINT('',#7801);
#7804=VERTEX_POINT('',#7802);
#7805=CARTESIAN_POINT('',(9.34E0,1.E0,-1.85E0));
#7806=VERTEX_POINT('',#7805);
#7807=CARTESIAN_POINT('',(9.34E0,1.E0,-8.5E-1));
#7808=VERTEX_POINT('',#7807);
#7809=CARTESIAN_POINT('',(9.996326980708E0,1.E0,8.5E-1));
#7810=CARTESIAN_POINT('',(9.34E0,1.E0,8.5E-1));
#7811=VERTEX_POINT('',#7809);
#7812=VERTEX_POINT('',#7810);
#7813=CARTESIAN_POINT('',(9.34E0,1.E0,1.85E0));
#7814=VERTEX_POINT('',#7813);
#7815=CARTESIAN_POINT('',(9.82E0,1.E0,1.85E0));
#7816=VERTEX_POINT('',#7815);
#7817=CARTESIAN_POINT('',(7.783673019292E0,1.E0,8.5E-1));
#7818=CARTESIAN_POINT('',(7.96E0,1.E0,1.85E0));
#7819=VERTEX_POINT('',#7817);
#7820=VERTEX_POINT('',#7818);
#7821=CARTESIAN_POINT('',(8.44E0,1.E0,1.85E0));
#7822=VERTEX_POINT('',#7821);
#7823=CARTESIAN_POINT('',(8.44E0,1.E0,8.5E-1));
#7824=VERTEX_POINT('',#7823);
#7825=CARTESIAN_POINT('',(-1.174E1,-1.E0,1.58E0));
#7826=CARTESIAN_POINT('',(-1.174E1,-1.E0,9.6E-1));
#7827=VERTEX_POINT('',#7825);
#7828=VERTEX_POINT('',#7826);
#7829=CARTESIAN_POINT('',(-1.174E1,-1.E0,-9.6E-1));
#7830=CARTESIAN_POINT('',(-1.174E1,-1.E0,-1.58E0));
#7831=VERTEX_POINT('',#7829);
#7832=VERTEX_POINT('',#7830);
#7833=CARTESIAN_POINT('',(-1.112E1,-1.E0,1.58E0));
#7834=CARTESIAN_POINT('',(-1.112E1,-1.E0,9.6E-1));
#7835=VERTEX_POINT('',#7833);
#7836=VERTEX_POINT('',#7834);
#7837=CARTESIAN_POINT('',(-1.112E1,-1.E0,-9.6E-1));
#7838=CARTESIAN_POINT('',(-1.112E1,-1.E0,-1.58E0));
#7839=VERTEX_POINT('',#7837);
#7840=VERTEX_POINT('',#7838);
#7841=CARTESIAN_POINT('',(-1.174E1,1.E0,1.58E0));
#7842=CARTESIAN_POINT('',(-1.174E1,1.E0,9.6E-1));
#7843=VERTEX_POINT('',#7841);
#7844=VERTEX_POINT('',#7842);
#7845=CARTESIAN_POINT('',(-1.174E1,1.E0,-9.6E-1));
#7846=CARTESIAN_POINT('',(-1.174E1,1.E0,-1.58E0));
#7847=VERTEX_POINT('',#7845);
#7848=VERTEX_POINT('',#7846);
#7849=CARTESIAN_POINT('',(-1.112E1,1.E0,1.58E0));
#7850=CARTESIAN_POINT('',(-1.112E1,1.E0,9.6E-1));
#7851=VERTEX_POINT('',#7849);
#7852=VERTEX_POINT('',#7850);
#7853=CARTESIAN_POINT('',(-1.112E1,1.E0,-9.6E-1));
#7854=CARTESIAN_POINT('',(-1.112E1,1.E0,-1.58E0));
#7855=VERTEX_POINT('',#7853);
#7856=VERTEX_POINT('',#7854);
#7857=CARTESIAN_POINT('',(-9.2E0,-1.E0,1.58E0));
#7858=CARTESIAN_POINT('',(-9.2E0,-1.E0,9.6E-1));
#7859=VERTEX_POINT('',#7857);
#7860=VERTEX_POINT('',#7858);
#7861=CARTESIAN_POINT('',(-9.2E0,-1.E0,-9.6E-1));
#7862=CARTESIAN_POINT('',(-9.2E0,-1.E0,-1.58E0));
#7863=VERTEX_POINT('',#7861);
#7864=VERTEX_POINT('',#7862);
#7865=CARTESIAN_POINT('',(-8.58E0,-1.E0,1.58E0));
#7866=CARTESIAN_POINT('',(-8.58E0,-1.E0,9.6E-1));
#7867=VERTEX_POINT('',#7865);
#7868=VERTEX_POINT('',#7866);
#7869=CARTESIAN_POINT('',(-8.58E0,-1.E0,-9.6E-1));
#7870=CARTESIAN_POINT('',(-8.58E0,-1.E0,-1.58E0));
#7871=VERTEX_POINT('',#7869);
#7872=VERTEX_POINT('',#7870);
#7873=CARTESIAN_POINT('',(-9.2E0,1.E0,1.58E0));
#7874=CARTESIAN_POINT('',(-9.2E0,1.E0,9.6E-1));
#7875=VERTEX_POINT('',#7873);
#7876=VERTEX_POINT('',#7874);
#7877=CARTESIAN_POINT('',(-9.2E0,1.E0,-9.6E-1));
#7878=CARTESIAN_POINT('',(-9.2E0,1.E0,-1.58E0));
#7879=VERTEX_POINT('',#7877);
#7880=VERTEX_POINT('',#7878);
#7881=CARTESIAN_POINT('',(-8.58E0,1.E0,1.58E0));
#7882=CARTESIAN_POINT('',(-8.58E0,1.E0,9.6E-1));
#7883=VERTEX_POINT('',#7881);
#7884=VERTEX_POINT('',#7882);
#7885=CARTESIAN_POINT('',(-8.58E0,1.E0,-9.6E-1));
#7886=CARTESIAN_POINT('',(-8.58E0,1.E0,-1.58E0));
#7887=VERTEX_POINT('',#7885);
#7888=VERTEX_POINT('',#7886);
#7889=CARTESIAN_POINT('',(-6.66E0,-1.E0,1.58E0));
#7890=CARTESIAN_POINT('',(-6.66E0,-1.E0,9.6E-1));
#7891=VERTEX_POINT('',#7889);
#7892=VERTEX_POINT('',#7890);
#7893=CARTESIAN_POINT('',(-6.66E0,-1.E0,-9.6E-1));
#7894=CARTESIAN_POINT('',(-6.66E0,-1.E0,-1.58E0));
#7895=VERTEX_POINT('',#7893);
#7896=VERTEX_POINT('',#7894);
#7897=CARTESIAN_POINT('',(-6.04E0,-1.E0,1.58E0));
#7898=CARTESIAN_POINT('',(-6.04E0,-1.E0,9.6E-1));
#7899=VERTEX_POINT('',#7897);
#7900=VERTEX_POINT('',#7898);
#7901=CARTESIAN_POINT('',(-6.04E0,-1.E0,-9.6E-1));
#7902=CARTESIAN_POINT('',(-6.04E0,-1.E0,-1.58E0));
#7903=VERTEX_POINT('',#7901);
#7904=VERTEX_POINT('',#7902);
#7905=CARTESIAN_POINT('',(-6.66E0,1.E0,1.58E0));
#7906=CARTESIAN_POINT('',(-6.66E0,1.E0,9.6E-1));
#7907=VERTEX_POINT('',#7905);
#7908=VERTEX_POINT('',#7906);
#7909=CARTESIAN_POINT('',(-6.66E0,1.E0,-9.6E-1));
#7910=CARTESIAN_POINT('',(-6.66E0,1.E0,-1.58E0));
#7911=VERTEX_POINT('',#7909);
#7912=VERTEX_POINT('',#7910);
#7913=CARTESIAN_POINT('',(-6.04E0,1.E0,1.58E0));
#7914=CARTESIAN_POINT('',(-6.04E0,1.E0,9.6E-1));
#7915=VERTEX_POINT('',#7913);
#7916=VERTEX_POINT('',#7914);
#7917=CARTESIAN_POINT('',(-6.04E0,1.E0,-9.6E-1));
#7918=CARTESIAN_POINT('',(-6.04E0,1.E0,-1.58E0));
#7919=VERTEX_POINT('',#7917);
#7920=VERTEX_POINT('',#7918);
#7921=CARTESIAN_POINT('',(-4.12E0,-1.E0,1.58E0));
#7922=CARTESIAN_POINT('',(-4.12E0,-1.E0,9.6E-1));
#7923=VERTEX_POINT('',#7921);
#7924=VERTEX_POINT('',#7922);
#7925=CARTESIAN_POINT('',(-4.12E0,-1.E0,-9.6E-1));
#7926=CARTESIAN_POINT('',(-4.12E0,-1.E0,-1.58E0));
#7927=VERTEX_POINT('',#7925);
#7928=VERTEX_POINT('',#7926);
#7929=CARTESIAN_POINT('',(-3.5E0,-1.E0,1.58E0));
#7930=CARTESIAN_POINT('',(-3.5E0,-1.E0,9.6E-1));
#7931=VERTEX_POINT('',#7929);
#7932=VERTEX_POINT('',#7930);
#7933=CARTESIAN_POINT('',(-3.5E0,-1.E0,-9.6E-1));
#7934=CARTESIAN_POINT('',(-3.5E0,-1.E0,-1.58E0));
#7935=VERTEX_POINT('',#7933);
#7936=VERTEX_POINT('',#7934);
#7937=CARTESIAN_POINT('',(-4.12E0,1.E0,1.58E0));
#7938=CARTESIAN_POINT('',(-4.12E0,1.E0,9.6E-1));
#7939=VERTEX_POINT('',#7937);
#7940=VERTEX_POINT('',#7938);
#7941=CARTESIAN_POINT('',(-4.12E0,1.E0,-9.6E-1));
#7942=CARTESIAN_POINT('',(-4.12E0,1.E0,-1.58E0));
#7943=VERTEX_POINT('',#7941);
#7944=VERTEX_POINT('',#7942);
#7945=CARTESIAN_POINT('',(-3.5E0,1.E0,1.58E0));
#7946=CARTESIAN_POINT('',(-3.5E0,1.E0,9.6E-1));
#7947=VERTEX_POINT('',#7945);
#7948=VERTEX_POINT('',#7946);
#7949=CARTESIAN_POINT('',(-3.5E0,1.E0,-9.6E-1));
#7950=CARTESIAN_POINT('',(-3.5E0,1.E0,-1.58E0));
#7951=VERTEX_POINT('',#7949);
#7952=VERTEX_POINT('',#7950);
#7953=CARTESIAN_POINT('',(-1.58E0,-1.E0,1.58E0));
#7954=CARTESIAN_POINT('',(-1.58E0,-1.E0,9.6E-1));
#7955=VERTEX_POINT('',#7953);
#7956=VERTEX_POINT('',#7954);
#7957=CARTESIAN_POINT('',(-1.58E0,-1.E0,-9.6E-1));
#7958=CARTESIAN_POINT('',(-1.58E0,-1.E0,-1.58E0));
#7959=VERTEX_POINT('',#7957);
#7960=VERTEX_POINT('',#7958);
#7961=CARTESIAN_POINT('',(-9.6E-1,-1.E0,1.58E0));
#7962=CARTESIAN_POINT('',(-9.6E-1,-1.E0,9.6E-1));
#7963=VERTEX_POINT('',#7961);
#7964=VERTEX_POINT('',#7962);
#7965=CARTESIAN_POINT('',(-9.6E-1,-1.E0,-9.6E-1));
#7966=CARTESIAN_POINT('',(-9.6E-1,-1.E0,-1.58E0));
#7967=VERTEX_POINT('',#7965);
#7968=VERTEX_POINT('',#7966);
#7969=CARTESIAN_POINT('',(-1.58E0,1.E0,1.58E0));
#7970=CARTESIAN_POINT('',(-1.58E0,1.E0,9.6E-1));
#7971=VERTEX_POINT('',#7969);
#7972=VERTEX_POINT('',#7970);
#7973=CARTESIAN_POINT('',(-1.58E0,1.E0,-9.6E-1));
#7974=CARTESIAN_POINT('',(-1.58E0,1.E0,-1.58E0));
#7975=VERTEX_POINT('',#7973);
#7976=VERTEX_POINT('',#7974);
#7977=CARTESIAN_POINT('',(-9.6E-1,1.E0,1.58E0));
#7978=CARTESIAN_POINT('',(-9.6E-1,1.E0,9.6E-1));
#7979=VERTEX_POINT('',#7977);
#7980=VERTEX_POINT('',#7978);
#7981=CARTESIAN_POINT('',(-9.6E-1,1.E0,-9.6E-1));
#7982=CARTESIAN_POINT('',(-9.6E-1,1.E0,-1.58E0));
#7983=VERTEX_POINT('',#7981);
#7984=VERTEX_POINT('',#7982);
#7985=CARTESIAN_POINT('',(9.6E-1,-1.E0,1.58E0));
#7986=CARTESIAN_POINT('',(9.6E-1,-1.E0,9.6E-1));
#7987=VERTEX_POINT('',#7985);
#7988=VERTEX_POINT('',#7986);
#7989=CARTESIAN_POINT('',(9.6E-1,-1.E0,-9.6E-1));
#7990=CARTESIAN_POINT('',(9.6E-1,-1.E0,-1.58E0));
#7991=VERTEX_POINT('',#7989);
#7992=VERTEX_POINT('',#7990);
#7993=CARTESIAN_POINT('',(1.58E0,-1.E0,1.58E0));
#7994=CARTESIAN_POINT('',(1.58E0,-1.E0,9.6E-1));
#7995=VERTEX_POINT('',#7993);
#7996=VERTEX_POINT('',#7994);
#7997=CARTESIAN_POINT('',(1.58E0,-1.E0,-9.6E-1));
#7998=CARTESIAN_POINT('',(1.58E0,-1.E0,-1.58E0));
#7999=VERTEX_POINT('',#7997);
#8000=VERTEX_POINT('',#7998);
#8001=CARTESIAN_POINT('',(9.6E-1,1.E0,1.58E0));
#8002=CARTESIAN_POINT('',(9.6E-1,1.E0,9.6E-1));
#8003=VERTEX_POINT('',#8001);
#8004=VERTEX_POINT('',#8002);
#8005=CARTESIAN_POINT('',(9.6E-1,1.E0,-9.6E-1));
#8006=CARTESIAN_POINT('',(9.6E-1,1.E0,-1.58E0));
#8007=VERTEX_POINT('',#8005);
#8008=VERTEX_POINT('',#8006);
#8009=CARTESIAN_POINT('',(1.58E0,1.E0,1.58E0));
#8010=CARTESIAN_POINT('',(1.58E0,1.E0,9.6E-1));
#8011=VERTEX_POINT('',#8009);
#8012=VERTEX_POINT('',#8010);
#8013=CARTESIAN_POINT('',(1.58E0,1.E0,-9.6E-1));
#8014=CARTESIAN_POINT('',(1.58E0,1.E0,-1.58E0));
#8015=VERTEX_POINT('',#8013);
#8016=VERTEX_POINT('',#8014);
#8017=CARTESIAN_POINT('',(3.5E0,-1.E0,1.58E0));
#8018=CARTESIAN_POINT('',(3.5E0,-1.E0,9.6E-1));
#8019=VERTEX_POINT('',#8017);
#8020=VERTEX_POINT('',#8018);
#8021=CARTESIAN_POINT('',(3.5E0,-1.E0,-9.6E-1));
#8022=CARTESIAN_POINT('',(3.5E0,-1.E0,-1.58E0));
#8023=VERTEX_POINT('',#8021);
#8024=VERTEX_POINT('',#8022);
#8025=CARTESIAN_POINT('',(4.12E0,-1.E0,1.58E0));
#8026=CARTESIAN_POINT('',(4.12E0,-1.E0,9.6E-1));
#8027=VERTEX_POINT('',#8025);
#8028=VERTEX_POINT('',#8026);
#8029=CARTESIAN_POINT('',(4.12E0,-1.E0,-9.6E-1));
#8030=CARTESIAN_POINT('',(4.12E0,-1.E0,-1.58E0));
#8031=VERTEX_POINT('',#8029);
#8032=VERTEX_POINT('',#8030);
#8033=CARTESIAN_POINT('',(3.5E0,1.E0,1.58E0));
#8034=CARTESIAN_POINT('',(3.5E0,1.E0,9.6E-1));
#8035=VERTEX_POINT('',#8033);
#8036=VERTEX_POINT('',#8034);
#8037=CARTESIAN_POINT('',(3.5E0,1.E0,-9.6E-1));
#8038=CARTESIAN_POINT('',(3.5E0,1.E0,-1.58E0));
#8039=VERTEX_POINT('',#8037);
#8040=VERTEX_POINT('',#8038);
#8041=CARTESIAN_POINT('',(4.12E0,1.E0,1.58E0));
#8042=CARTESIAN_POINT('',(4.12E0,1.E0,9.6E-1));
#8043=VERTEX_POINT('',#8041);
#8044=VERTEX_POINT('',#8042);
#8045=CARTESIAN_POINT('',(4.12E0,1.E0,-9.6E-1));
#8046=CARTESIAN_POINT('',(4.12E0,1.E0,-1.58E0));
#8047=VERTEX_POINT('',#8045);
#8048=VERTEX_POINT('',#8046);
#8049=CARTESIAN_POINT('',(6.04E0,-1.E0,1.58E0));
#8050=CARTESIAN_POINT('',(6.04E0,-1.E0,9.6E-1));
#8051=VERTEX_POINT('',#8049);
#8052=VERTEX_POINT('',#8050);
#8053=CARTESIAN_POINT('',(6.04E0,-1.E0,-9.6E-1));
#8054=CARTESIAN_POINT('',(6.04E0,-1.E0,-1.58E0));
#8055=VERTEX_POINT('',#8053);
#8056=VERTEX_POINT('',#8054);
#8057=CARTESIAN_POINT('',(6.66E0,-1.E0,1.58E0));
#8058=CARTESIAN_POINT('',(6.66E0,-1.E0,9.6E-1));
#8059=VERTEX_POINT('',#8057);
#8060=VERTEX_POINT('',#8058);
#8061=CARTESIAN_POINT('',(6.66E0,-1.E0,-9.6E-1));
#8062=CARTESIAN_POINT('',(6.66E0,-1.E0,-1.58E0));
#8063=VERTEX_POINT('',#8061);
#8064=VERTEX_POINT('',#8062);
#8065=CARTESIAN_POINT('',(6.04E0,1.E0,1.58E0));
#8066=CARTESIAN_POINT('',(6.04E0,1.E0,9.6E-1));
#8067=VERTEX_POINT('',#8065);
#8068=VERTEX_POINT('',#8066);
#8069=CARTESIAN_POINT('',(6.04E0,1.E0,-9.6E-1));
#8070=CARTESIAN_POINT('',(6.04E0,1.E0,-1.58E0));
#8071=VERTEX_POINT('',#8069);
#8072=VERTEX_POINT('',#8070);
#8073=CARTESIAN_POINT('',(6.66E0,1.E0,1.58E0));
#8074=CARTESIAN_POINT('',(6.66E0,1.E0,9.6E-1));
#8075=VERTEX_POINT('',#8073);
#8076=VERTEX_POINT('',#8074);
#8077=CARTESIAN_POINT('',(6.66E0,1.E0,-9.6E-1));
#8078=CARTESIAN_POINT('',(6.66E0,1.E0,-1.58E0));
#8079=VERTEX_POINT('',#8077);
#8080=VERTEX_POINT('',#8078);
#8081=CARTESIAN_POINT('',(8.58E0,-1.E0,1.58E0));
#8082=CARTESIAN_POINT('',(8.58E0,-1.E0,9.6E-1));
#8083=VERTEX_POINT('',#8081);
#8084=VERTEX_POINT('',#8082);
#8085=CARTESIAN_POINT('',(8.58E0,-1.E0,-9.6E-1));
#8086=CARTESIAN_POINT('',(8.58E0,-1.E0,-1.58E0));
#8087=VERTEX_POINT('',#8085);
#8088=VERTEX_POINT('',#8086);
#8089=CARTESIAN_POINT('',(9.2E0,-1.E0,1.58E0));
#8090=CARTESIAN_POINT('',(9.2E0,-1.E0,9.6E-1));
#8091=VERTEX_POINT('',#8089);
#8092=VERTEX_POINT('',#8090);
#8093=CARTESIAN_POINT('',(9.2E0,-1.E0,-9.6E-1));
#8094=CARTESIAN_POINT('',(9.2E0,-1.E0,-1.58E0));
#8095=VERTEX_POINT('',#8093);
#8096=VERTEX_POINT('',#8094);
#8097=CARTESIAN_POINT('',(8.58E0,1.E0,1.58E0));
#8098=CARTESIAN_POINT('',(8.58E0,1.E0,9.6E-1));
#8099=VERTEX_POINT('',#8097);
#8100=VERTEX_POINT('',#8098);
#8101=CARTESIAN_POINT('',(8.58E0,1.E0,-9.6E-1));
#8102=CARTESIAN_POINT('',(8.58E0,1.E0,-1.58E0));
#8103=VERTEX_POINT('',#8101);
#8104=VERTEX_POINT('',#8102);
#8105=CARTESIAN_POINT('',(9.2E0,1.E0,1.58E0));
#8106=CARTESIAN_POINT('',(9.2E0,1.E0,9.6E-1));
#8107=VERTEX_POINT('',#8105);
#8108=VERTEX_POINT('',#8106);
#8109=CARTESIAN_POINT('',(9.2E0,1.E0,-9.6E-1));
#8110=CARTESIAN_POINT('',(9.2E0,1.E0,-1.58E0));
#8111=VERTEX_POINT('',#8109);
#8112=VERTEX_POINT('',#8110);
#8113=CARTESIAN_POINT('',(-1.112E1,3.6E0,1.58E0));
#8114=CARTESIAN_POINT('',(-1.174E1,3.6E0,1.58E0));
#8115=VERTEX_POINT('',#8113);
#8116=VERTEX_POINT('',#8114);
#8117=CARTESIAN_POINT('',(-1.132E1,4.4E0,1.38E0));
#8118=CARTESIAN_POINT('',(-1.154E1,4.4E0,1.38E0));
#8119=VERTEX_POINT('',#8117);
#8120=VERTEX_POINT('',#8118);
#8121=CARTESIAN_POINT('',(-1.132E1,4.4E0,1.16E0));
#8122=VERTEX_POINT('',#8121);
#8123=CARTESIAN_POINT('',(-1.112E1,3.6E0,9.6E-1));
#8124=VERTEX_POINT('',#8123);
#8125=CARTESIAN_POINT('',(-1.174E1,3.6E0,9.6E-1));
#8126=VERTEX_POINT('',#8125);
#8127=CARTESIAN_POINT('',(-1.154E1,4.4E0,1.16E0));
#8128=VERTEX_POINT('',#8127);
#8129=CARTESIAN_POINT('',(-1.132E1,4.4E0,-1.38E0));
#8130=CARTESIAN_POINT('',(-1.154E1,4.4E0,-1.38E0));
#8131=VERTEX_POINT('',#8129);
#8132=VERTEX_POINT('',#8130);
#8133=CARTESIAN_POINT('',(-1.112E1,3.6E0,-1.58E0));
#8134=CARTESIAN_POINT('',(-1.174E1,3.6E0,-1.58E0));
#8135=VERTEX_POINT('',#8133);
#8136=VERTEX_POINT('',#8134);
#8137=CARTESIAN_POINT('',(-1.132E1,4.4E0,-1.16E0));
#8138=VERTEX_POINT('',#8137);
#8139=CARTESIAN_POINT('',(-1.112E1,3.6E0,-9.6E-1));
#8140=VERTEX_POINT('',#8139);
#8141=CARTESIAN_POINT('',(-1.174E1,3.6E0,-9.6E-1));
#8142=VERTEX_POINT('',#8141);
#8143=CARTESIAN_POINT('',(-1.154E1,4.4E0,-1.16E0));
#8144=VERTEX_POINT('',#8143);
#8145=CARTESIAN_POINT('',(-1.112E1,-6.95E0,-1.58E0));
#8146=CARTESIAN_POINT('',(-1.174E1,-6.95E0,-1.58E0));
#8147=VERTEX_POINT('',#8145);
#8148=VERTEX_POINT('',#8146);
#8149=CARTESIAN_POINT('',(-1.132E1,-7.75E0,-1.38E0));
#8150=CARTESIAN_POINT('',(-1.154E1,-7.75E0,-1.38E0));
#8151=VERTEX_POINT('',#8149);
#8152=VERTEX_POINT('',#8150);
#8153=CARTESIAN_POINT('',(-1.132E1,-7.75E0,-1.16E0));
#8154=VERTEX_POINT('',#8153);
#8155=CARTESIAN_POINT('',(-1.112E1,-6.95E0,-9.6E-1));
#8156=VERTEX_POINT('',#8155);
#8157=CARTESIAN_POINT('',(-1.174E1,-6.95E0,-9.6E-1));
#8158=VERTEX_POINT('',#8157);
#8159=CARTESIAN_POINT('',(-1.154E1,-7.75E0,-1.16E0));
#8160=VERTEX_POINT('',#8159);
#8161=CARTESIAN_POINT('',(-1.112E1,-6.95E0,9.6E-1));
#8162=CARTESIAN_POINT('',(-1.174E1,-6.95E0,9.6E-1));
#8163=VERTEX_POINT('',#8161);
#8164=VERTEX_POINT('',#8162);
#8165=CARTESIAN_POINT('',(-1.132E1,-7.75E0,1.16E0));
#8166=CARTESIAN_POINT('',(-1.154E1,-7.75E0,1.16E0));
#8167=VERTEX_POINT('',#8165);
#8168=VERTEX_POINT('',#8166);
#8169=CARTESIAN_POINT('',(-1.132E1,-7.75E0,1.38E0));
#8170=VERTEX_POINT('',#8169);
#8171=CARTESIAN_POINT('',(-1.112E1,-6.95E0,1.58E0));
#8172=VERTEX_POINT('',#8171);
#8173=CARTESIAN_POINT('',(-1.174E1,-6.95E0,1.58E0));
#8174=VERTEX_POINT('',#8173);
#8175=CARTESIAN_POINT('',(-1.154E1,-7.75E0,1.38E0));
#8176=VERTEX_POINT('',#8175);
#8177=CARTESIAN_POINT('',(-8.58E0,3.6E0,1.58E0));
#8178=CARTESIAN_POINT('',(-9.2E0,3.6E0,1.58E0));
#8179=VERTEX_POINT('',#8177);
#8180=VERTEX_POINT('',#8178);
#8181=CARTESIAN_POINT('',(-8.78E0,4.4E0,1.38E0));
#8182=CARTESIAN_POINT('',(-9.E0,4.4E0,1.38E0));
#8183=VERTEX_POINT('',#8181);
#8184=VERTEX_POINT('',#8182);
#8185=CARTESIAN_POINT('',(-8.78E0,4.4E0,1.16E0));
#8186=VERTEX_POINT('',#8185);
#8187=CARTESIAN_POINT('',(-8.58E0,3.6E0,9.6E-1));
#8188=VERTEX_POINT('',#8187);
#8189=CARTESIAN_POINT('',(-9.2E0,3.6E0,9.6E-1));
#8190=VERTEX_POINT('',#8189);
#8191=CARTESIAN_POINT('',(-9.E0,4.4E0,1.16E0));
#8192=VERTEX_POINT('',#8191);
#8193=CARTESIAN_POINT('',(-8.78E0,4.4E0,-1.38E0));
#8194=CARTESIAN_POINT('',(-9.E0,4.4E0,-1.38E0));
#8195=VERTEX_POINT('',#8193);
#8196=VERTEX_POINT('',#8194);
#8197=CARTESIAN_POINT('',(-8.58E0,3.6E0,-1.58E0));
#8198=CARTESIAN_POINT('',(-9.2E0,3.6E0,-1.58E0));
#8199=VERTEX_POINT('',#8197);
#8200=VERTEX_POINT('',#8198);
#8201=CARTESIAN_POINT('',(-8.78E0,4.4E0,-1.16E0));
#8202=VERTEX_POINT('',#8201);
#8203=CARTESIAN_POINT('',(-8.58E0,3.6E0,-9.6E-1));
#8204=VERTEX_POINT('',#8203);
#8205=CARTESIAN_POINT('',(-9.2E0,3.6E0,-9.6E-1));
#8206=VERTEX_POINT('',#8205);
#8207=CARTESIAN_POINT('',(-9.E0,4.4E0,-1.16E0));
#8208=VERTEX_POINT('',#8207);
#8209=CARTESIAN_POINT('',(-8.58E0,-6.95E0,-1.58E0));
#8210=CARTESIAN_POINT('',(-9.2E0,-6.95E0,-1.58E0));
#8211=VERTEX_POINT('',#8209);
#8212=VERTEX_POINT('',#8210);
#8213=CARTESIAN_POINT('',(-8.78E0,-7.75E0,-1.38E0));
#8214=CARTESIAN_POINT('',(-9.E0,-7.75E0,-1.38E0));
#8215=VERTEX_POINT('',#8213);
#8216=VERTEX_POINT('',#8214);
#8217=CARTESIAN_POINT('',(-8.78E0,-7.75E0,-1.16E0));
#8218=VERTEX_POINT('',#8217);
#8219=CARTESIAN_POINT('',(-8.58E0,-6.95E0,-9.6E-1));
#8220=VERTEX_POINT('',#8219);
#8221=CARTESIAN_POINT('',(-9.2E0,-6.95E0,-9.6E-1));
#8222=VERTEX_POINT('',#8221);
#8223=CARTESIAN_POINT('',(-9.E0,-7.75E0,-1.16E0));
#8224=VERTEX_POINT('',#8223);
#8225=CARTESIAN_POINT('',(-8.58E0,-6.95E0,9.6E-1));
#8226=CARTESIAN_POINT('',(-9.2E0,-6.95E0,9.6E-1));
#8227=VERTEX_POINT('',#8225);
#8228=VERTEX_POINT('',#8226);
#8229=CARTESIAN_POINT('',(-8.78E0,-7.75E0,1.16E0));
#8230=CARTESIAN_POINT('',(-9.E0,-7.75E0,1.16E0));
#8231=VERTEX_POINT('',#8229);
#8232=VERTEX_POINT('',#8230);
#8233=CARTESIAN_POINT('',(-8.78E0,-7.75E0,1.38E0));
#8234=VERTEX_POINT('',#8233);
#8235=CARTESIAN_POINT('',(-8.58E0,-6.95E0,1.58E0));
#8236=VERTEX_POINT('',#8235);
#8237=CARTESIAN_POINT('',(-9.2E0,-6.95E0,1.58E0));
#8238=VERTEX_POINT('',#8237);
#8239=CARTESIAN_POINT('',(-9.E0,-7.75E0,1.38E0));
#8240=VERTEX_POINT('',#8239);
#8241=CARTESIAN_POINT('',(-6.04E0,3.6E0,1.58E0));
#8242=CARTESIAN_POINT('',(-6.66E0,3.6E0,1.58E0));
#8243=VERTEX_POINT('',#8241);
#8244=VERTEX_POINT('',#8242);
#8245=CARTESIAN_POINT('',(-6.24E0,4.4E0,1.38E0));
#8246=CARTESIAN_POINT('',(-6.46E0,4.4E0,1.38E0));
#8247=VERTEX_POINT('',#8245);
#8248=VERTEX_POINT('',#8246);
#8249=CARTESIAN_POINT('',(-6.24E0,4.4E0,1.16E0));
#8250=VERTEX_POINT('',#8249);
#8251=CARTESIAN_POINT('',(-6.04E0,3.6E0,9.6E-1));
#8252=VERTEX_POINT('',#8251);
#8253=CARTESIAN_POINT('',(-6.66E0,3.6E0,9.6E-1));
#8254=VERTEX_POINT('',#8253);
#8255=CARTESIAN_POINT('',(-6.46E0,4.4E0,1.16E0));
#8256=VERTEX_POINT('',#8255);
#8257=CARTESIAN_POINT('',(-6.24E0,4.4E0,-1.38E0));
#8258=CARTESIAN_POINT('',(-6.46E0,4.4E0,-1.38E0));
#8259=VERTEX_POINT('',#8257);
#8260=VERTEX_POINT('',#8258);
#8261=CARTESIAN_POINT('',(-6.04E0,3.6E0,-1.58E0));
#8262=CARTESIAN_POINT('',(-6.66E0,3.6E0,-1.58E0));
#8263=VERTEX_POINT('',#8261);
#8264=VERTEX_POINT('',#8262);
#8265=CARTESIAN_POINT('',(-6.24E0,4.4E0,-1.16E0));
#8266=VERTEX_POINT('',#8265);
#8267=CARTESIAN_POINT('',(-6.04E0,3.6E0,-9.6E-1));
#8268=VERTEX_POINT('',#8267);
#8269=CARTESIAN_POINT('',(-6.66E0,3.6E0,-9.6E-1));
#8270=VERTEX_POINT('',#8269);
#8271=CARTESIAN_POINT('',(-6.46E0,4.4E0,-1.16E0));
#8272=VERTEX_POINT('',#8271);
#8273=CARTESIAN_POINT('',(-6.04E0,-6.95E0,-1.58E0));
#8274=CARTESIAN_POINT('',(-6.66E0,-6.95E0,-1.58E0));
#8275=VERTEX_POINT('',#8273);
#8276=VERTEX_POINT('',#8274);
#8277=CARTESIAN_POINT('',(-6.24E0,-7.75E0,-1.38E0));
#8278=CARTESIAN_POINT('',(-6.46E0,-7.75E0,-1.38E0));
#8279=VERTEX_POINT('',#8277);
#8280=VERTEX_POINT('',#8278);
#8281=CARTESIAN_POINT('',(-6.24E0,-7.75E0,-1.16E0));
#8282=VERTEX_POINT('',#8281);
#8283=CARTESIAN_POINT('',(-6.04E0,-6.95E0,-9.6E-1));
#8284=VERTEX_POINT('',#8283);
#8285=CARTESIAN_POINT('',(-6.66E0,-6.95E0,-9.6E-1));
#8286=VERTEX_POINT('',#8285);
#8287=CARTESIAN_POINT('',(-6.46E0,-7.75E0,-1.16E0));
#8288=VERTEX_POINT('',#8287);
#8289=CARTESIAN_POINT('',(-6.04E0,-6.95E0,9.6E-1));
#8290=CARTESIAN_POINT('',(-6.66E0,-6.95E0,9.6E-1));
#8291=VERTEX_POINT('',#8289);
#8292=VERTEX_POINT('',#8290);
#8293=CARTESIAN_POINT('',(-6.24E0,-7.75E0,1.16E0));
#8294=CARTESIAN_POINT('',(-6.46E0,-7.75E0,1.16E0));
#8295=VERTEX_POINT('',#8293);
#8296=VERTEX_POINT('',#8294);
#8297=CARTESIAN_POINT('',(-6.24E0,-7.75E0,1.38E0));
#8298=VERTEX_POINT('',#8297);
#8299=CARTESIAN_POINT('',(-6.04E0,-6.95E0,1.58E0));
#8300=VERTEX_POINT('',#8299);
#8301=CARTESIAN_POINT('',(-6.66E0,-6.95E0,1.58E0));
#8302=VERTEX_POINT('',#8301);
#8303=CARTESIAN_POINT('',(-6.46E0,-7.75E0,1.38E0));
#8304=VERTEX_POINT('',#8303);
#8305=CARTESIAN_POINT('',(-3.5E0,3.6E0,1.58E0));
#8306=CARTESIAN_POINT('',(-4.12E0,3.6E0,1.58E0));
#8307=VERTEX_POINT('',#8305);
#8308=VERTEX_POINT('',#8306);
#8309=CARTESIAN_POINT('',(-3.7E0,4.4E0,1.38E0));
#8310=CARTESIAN_POINT('',(-3.92E0,4.4E0,1.38E0));
#8311=VERTEX_POINT('',#8309);
#8312=VERTEX_POINT('',#8310);
#8313=CARTESIAN_POINT('',(-3.7E0,4.4E0,1.16E0));
#8314=VERTEX_POINT('',#8313);
#8315=CARTESIAN_POINT('',(-3.5E0,3.6E0,9.6E-1));
#8316=VERTEX_POINT('',#8315);
#8317=CARTESIAN_POINT('',(-4.12E0,3.6E0,9.6E-1));
#8318=VERTEX_POINT('',#8317);
#8319=CARTESIAN_POINT('',(-3.92E0,4.4E0,1.16E0));
#8320=VERTEX_POINT('',#8319);
#8321=CARTESIAN_POINT('',(-3.7E0,4.4E0,-1.38E0));
#8322=CARTESIAN_POINT('',(-3.92E0,4.4E0,-1.38E0));
#8323=VERTEX_POINT('',#8321);
#8324=VERTEX_POINT('',#8322);
#8325=CARTESIAN_POINT('',(-3.5E0,3.6E0,-1.58E0));
#8326=CARTESIAN_POINT('',(-4.12E0,3.6E0,-1.58E0));
#8327=VERTEX_POINT('',#8325);
#8328=VERTEX_POINT('',#8326);
#8329=CARTESIAN_POINT('',(-3.7E0,4.4E0,-1.16E0));
#8330=VERTEX_POINT('',#8329);
#8331=CARTESIAN_POINT('',(-3.5E0,3.6E0,-9.6E-1));
#8332=VERTEX_POINT('',#8331);
#8333=CARTESIAN_POINT('',(-4.12E0,3.6E0,-9.6E-1));
#8334=VERTEX_POINT('',#8333);
#8335=CARTESIAN_POINT('',(-3.92E0,4.4E0,-1.16E0));
#8336=VERTEX_POINT('',#8335);
#8337=CARTESIAN_POINT('',(-3.5E0,-6.95E0,-1.58E0));
#8338=CARTESIAN_POINT('',(-4.12E0,-6.95E0,-1.58E0));
#8339=VERTEX_POINT('',#8337);
#8340=VERTEX_POINT('',#8338);
#8341=CARTESIAN_POINT('',(-3.7E0,-7.75E0,-1.38E0));
#8342=CARTESIAN_POINT('',(-3.92E0,-7.75E0,-1.38E0));
#8343=VERTEX_POINT('',#8341);
#8344=VERTEX_POINT('',#8342);
#8345=CARTESIAN_POINT('',(-3.7E0,-7.75E0,-1.16E0));
#8346=VERTEX_POINT('',#8345);
#8347=CARTESIAN_POINT('',(-3.5E0,-6.95E0,-9.6E-1));
#8348=VERTEX_POINT('',#8347);
#8349=CARTESIAN_POINT('',(-4.12E0,-6.95E0,-9.6E-1));
#8350=VERTEX_POINT('',#8349);
#8351=CARTESIAN_POINT('',(-3.92E0,-7.75E0,-1.16E0));
#8352=VERTEX_POINT('',#8351);
#8353=CARTESIAN_POINT('',(-3.5E0,-6.95E0,9.6E-1));
#8354=CARTESIAN_POINT('',(-4.12E0,-6.95E0,9.6E-1));
#8355=VERTEX_POINT('',#8353);
#8356=VERTEX_POINT('',#8354);
#8357=CARTESIAN_POINT('',(-3.7E0,-7.75E0,1.16E0));
#8358=CARTESIAN_POINT('',(-3.92E0,-7.75E0,1.16E0));
#8359=VERTEX_POINT('',#8357);
#8360=VERTEX_POINT('',#8358);
#8361=CARTESIAN_POINT('',(-3.7E0,-7.75E0,1.38E0));
#8362=VERTEX_POINT('',#8361);
#8363=CARTESIAN_POINT('',(-3.5E0,-6.95E0,1.58E0));
#8364=VERTEX_POINT('',#8363);
#8365=CARTESIAN_POINT('',(-4.12E0,-6.95E0,1.58E0));
#8366=VERTEX_POINT('',#8365);
#8367=CARTESIAN_POINT('',(-3.92E0,-7.75E0,1.38E0));
#8368=VERTEX_POINT('',#8367);
#8369=CARTESIAN_POINT('',(-9.6E-1,3.6E0,1.58E0));
#8370=CARTESIAN_POINT('',(-1.58E0,3.6E0,1.58E0));
#8371=VERTEX_POINT('',#8369);
#8372=VERTEX_POINT('',#8370);
#8373=CARTESIAN_POINT('',(-1.16E0,4.4E0,1.38E0));
#8374=CARTESIAN_POINT('',(-1.38E0,4.4E0,1.38E0));
#8375=VERTEX_POINT('',#8373);
#8376=VERTEX_POINT('',#8374);
#8377=CARTESIAN_POINT('',(-1.16E0,4.4E0,1.16E0));
#8378=VERTEX_POINT('',#8377);
#8379=CARTESIAN_POINT('',(-9.6E-1,3.6E0,9.6E-1));
#8380=VERTEX_POINT('',#8379);
#8381=CARTESIAN_POINT('',(-1.58E0,3.6E0,9.6E-1));
#8382=VERTEX_POINT('',#8381);
#8383=CARTESIAN_POINT('',(-1.38E0,4.4E0,1.16E0));
#8384=VERTEX_POINT('',#8383);
#8385=CARTESIAN_POINT('',(-1.16E0,4.4E0,-1.38E0));
#8386=CARTESIAN_POINT('',(-1.38E0,4.4E0,-1.38E0));
#8387=VERTEX_POINT('',#8385);
#8388=VERTEX_POINT('',#8386);
#8389=CARTESIAN_POINT('',(-9.6E-1,3.6E0,-1.58E0));
#8390=CARTESIAN_POINT('',(-1.58E0,3.6E0,-1.58E0));
#8391=VERTEX_POINT('',#8389);
#8392=VERTEX_POINT('',#8390);
#8393=CARTESIAN_POINT('',(-1.16E0,4.4E0,-1.16E0));
#8394=VERTEX_POINT('',#8393);
#8395=CARTESIAN_POINT('',(-9.6E-1,3.6E0,-9.6E-1));
#8396=VERTEX_POINT('',#8395);
#8397=CARTESIAN_POINT('',(-1.58E0,3.6E0,-9.6E-1));
#8398=VERTEX_POINT('',#8397);
#8399=CARTESIAN_POINT('',(-1.38E0,4.4E0,-1.16E0));
#8400=VERTEX_POINT('',#8399);
#8401=CARTESIAN_POINT('',(-9.6E-1,-6.95E0,-1.58E0));
#8402=CARTESIAN_POINT('',(-1.58E0,-6.95E0,-1.58E0));
#8403=VERTEX_POINT('',#8401);
#8404=VERTEX_POINT('',#8402);
#8405=CARTESIAN_POINT('',(-1.16E0,-7.75E0,-1.38E0));
#8406=CARTESIAN_POINT('',(-1.38E0,-7.75E0,-1.38E0));
#8407=VERTEX_POINT('',#8405);
#8408=VERTEX_POINT('',#8406);
#8409=CARTESIAN_POINT('',(-1.16E0,-7.75E0,-1.16E0));
#8410=VERTEX_POINT('',#8409);
#8411=CARTESIAN_POINT('',(-9.6E-1,-6.95E0,-9.6E-1));
#8412=VERTEX_POINT('',#8411);
#8413=CARTESIAN_POINT('',(-1.58E0,-6.95E0,-9.6E-1));
#8414=VERTEX_POINT('',#8413);
#8415=CARTESIAN_POINT('',(-1.38E0,-7.75E0,-1.16E0));
#8416=VERTEX_POINT('',#8415);
#8417=CARTESIAN_POINT('',(-9.6E-1,-6.95E0,9.6E-1));
#8418=CARTESIAN_POINT('',(-1.58E0,-6.95E0,9.6E-1));
#8419=VERTEX_POINT('',#8417);
#8420=VERTEX_POINT('',#8418);
#8421=CARTESIAN_POINT('',(-1.16E0,-7.75E0,1.16E0));
#8422=CARTESIAN_POINT('',(-1.38E0,-7.75E0,1.16E0));
#8423=VERTEX_POINT('',#8421);
#8424=VERTEX_POINT('',#8422);
#8425=CARTESIAN_POINT('',(-1.16E0,-7.75E0,1.38E0));
#8426=VERTEX_POINT('',#8425);
#8427=CARTESIAN_POINT('',(-9.6E-1,-6.95E0,1.58E0));
#8428=VERTEX_POINT('',#8427);
#8429=CARTESIAN_POINT('',(-1.58E0,-6.95E0,1.58E0));
#8430=VERTEX_POINT('',#8429);
#8431=CARTESIAN_POINT('',(-1.38E0,-7.75E0,1.38E0));
#8432=VERTEX_POINT('',#8431);
#8433=CARTESIAN_POINT('',(1.58E0,3.6E0,1.58E0));
#8434=CARTESIAN_POINT('',(9.6E-1,3.6E0,1.58E0));
#8435=VERTEX_POINT('',#8433);
#8436=VERTEX_POINT('',#8434);
#8437=CARTESIAN_POINT('',(1.38E0,4.4E0,1.38E0));
#8438=CARTESIAN_POINT('',(1.16E0,4.4E0,1.38E0));
#8439=VERTEX_POINT('',#8437);
#8440=VERTEX_POINT('',#8438);
#8441=CARTESIAN_POINT('',(1.38E0,4.4E0,1.16E0));
#8442=VERTEX_POINT('',#8441);
#8443=CARTESIAN_POINT('',(1.58E0,3.6E0,9.6E-1));
#8444=VERTEX_POINT('',#8443);
#8445=CARTESIAN_POINT('',(9.6E-1,3.6E0,9.6E-1));
#8446=VERTEX_POINT('',#8445);
#8447=CARTESIAN_POINT('',(1.16E0,4.4E0,1.16E0));
#8448=VERTEX_POINT('',#8447);
#8449=CARTESIAN_POINT('',(1.38E0,4.4E0,-1.38E0));
#8450=CARTESIAN_POINT('',(1.16E0,4.4E0,-1.38E0));
#8451=VERTEX_POINT('',#8449);
#8452=VERTEX_POINT('',#8450);
#8453=CARTESIAN_POINT('',(1.58E0,3.6E0,-1.58E0));
#8454=CARTESIAN_POINT('',(9.6E-1,3.6E0,-1.58E0));
#8455=VERTEX_POINT('',#8453);
#8456=VERTEX_POINT('',#8454);
#8457=CARTESIAN_POINT('',(1.38E0,4.4E0,-1.16E0));
#8458=VERTEX_POINT('',#8457);
#8459=CARTESIAN_POINT('',(1.58E0,3.6E0,-9.6E-1));
#8460=VERTEX_POINT('',#8459);
#8461=CARTESIAN_POINT('',(9.6E-1,3.6E0,-9.6E-1));
#8462=VERTEX_POINT('',#8461);
#8463=CARTESIAN_POINT('',(1.16E0,4.4E0,-1.16E0));
#8464=VERTEX_POINT('',#8463);
#8465=CARTESIAN_POINT('',(1.58E0,-6.95E0,-1.58E0));
#8466=CARTESIAN_POINT('',(9.6E-1,-6.95E0,-1.58E0));
#8467=VERTEX_POINT('',#8465);
#8468=VERTEX_POINT('',#8466);
#8469=CARTESIAN_POINT('',(1.38E0,-7.75E0,-1.38E0));
#8470=CARTESIAN_POINT('',(1.16E0,-7.75E0,-1.38E0));
#8471=VERTEX_POINT('',#8469);
#8472=VERTEX_POINT('',#8470);
#8473=CARTESIAN_POINT('',(1.38E0,-7.75E0,-1.16E0));
#8474=VERTEX_POINT('',#8473);
#8475=CARTESIAN_POINT('',(1.58E0,-6.95E0,-9.6E-1));
#8476=VERTEX_POINT('',#8475);
#8477=CARTESIAN_POINT('',(9.6E-1,-6.95E0,-9.6E-1));
#8478=VERTEX_POINT('',#8477);
#8479=CARTESIAN_POINT('',(1.16E0,-7.75E0,-1.16E0));
#8480=VERTEX_POINT('',#8479);
#8481=CARTESIAN_POINT('',(1.58E0,-6.95E0,9.6E-1));
#8482=CARTESIAN_POINT('',(9.6E-1,-6.95E0,9.6E-1));
#8483=VERTEX_POINT('',#8481);
#8484=VERTEX_POINT('',#8482);
#8485=CARTESIAN_POINT('',(1.38E0,-7.75E0,1.16E0));
#8486=CARTESIAN_POINT('',(1.16E0,-7.75E0,1.16E0));
#8487=VERTEX_POINT('',#8485);
#8488=VERTEX_POINT('',#8486);
#8489=CARTESIAN_POINT('',(1.38E0,-7.75E0,1.38E0));
#8490=VERTEX_POINT('',#8489);
#8491=CARTESIAN_POINT('',(1.58E0,-6.95E0,1.58E0));
#8492=VERTEX_POINT('',#8491);
#8493=CARTESIAN_POINT('',(9.6E-1,-6.95E0,1.58E0));
#8494=VERTEX_POINT('',#8493);
#8495=CARTESIAN_POINT('',(1.16E0,-7.75E0,1.38E0));
#8496=VERTEX_POINT('',#8495);
#8497=CARTESIAN_POINT('',(4.12E0,3.6E0,1.58E0));
#8498=CARTESIAN_POINT('',(3.5E0,3.6E0,1.58E0));
#8499=VERTEX_POINT('',#8497);
#8500=VERTEX_POINT('',#8498);
#8501=CARTESIAN_POINT('',(3.92E0,4.4E0,1.38E0));
#8502=CARTESIAN_POINT('',(3.7E0,4.4E0,1.38E0));
#8503=VERTEX_POINT('',#8501);
#8504=VERTEX_POINT('',#8502);
#8505=CARTESIAN_POINT('',(3.92E0,4.4E0,1.16E0));
#8506=VERTEX_POINT('',#8505);
#8507=CARTESIAN_POINT('',(4.12E0,3.6E0,9.6E-1));
#8508=VERTEX_POINT('',#8507);
#8509=CARTESIAN_POINT('',(3.5E0,3.6E0,9.6E-1));
#8510=VERTEX_POINT('',#8509);
#8511=CARTESIAN_POINT('',(3.7E0,4.4E0,1.16E0));
#8512=VERTEX_POINT('',#8511);
#8513=CARTESIAN_POINT('',(3.92E0,4.4E0,-1.38E0));
#8514=CARTESIAN_POINT('',(3.7E0,4.4E0,-1.38E0));
#8515=VERTEX_POINT('',#8513);
#8516=VERTEX_POINT('',#8514);
#8517=CARTESIAN_POINT('',(4.12E0,3.6E0,-1.58E0));
#8518=CARTESIAN_POINT('',(3.5E0,3.6E0,-1.58E0));
#8519=VERTEX_POINT('',#8517);
#8520=VERTEX_POINT('',#8518);
#8521=CARTESIAN_POINT('',(3.92E0,4.4E0,-1.16E0));
#8522=VERTEX_POINT('',#8521);
#8523=CARTESIAN_POINT('',(4.12E0,3.6E0,-9.6E-1));
#8524=VERTEX_POINT('',#8523);
#8525=CARTESIAN_POINT('',(3.5E0,3.6E0,-9.6E-1));
#8526=VERTEX_POINT('',#8525);
#8527=CARTESIAN_POINT('',(3.7E0,4.4E0,-1.16E0));
#8528=VERTEX_POINT('',#8527);
#8529=CARTESIAN_POINT('',(4.12E0,-6.95E0,-1.58E0));
#8530=CARTESIAN_POINT('',(3.5E0,-6.95E0,-1.58E0));
#8531=VERTEX_POINT('',#8529);
#8532=VERTEX_POINT('',#8530);
#8533=CARTESIAN_POINT('',(3.92E0,-7.75E0,-1.38E0));
#8534=CARTESIAN_POINT('',(3.7E0,-7.75E0,-1.38E0));
#8535=VERTEX_POINT('',#8533);
#8536=VERTEX_POINT('',#8534);
#8537=CARTESIAN_POINT('',(3.92E0,-7.75E0,-1.16E0));
#8538=VERTEX_POINT('',#8537);
#8539=CARTESIAN_POINT('',(4.12E0,-6.95E0,-9.6E-1));
#8540=VERTEX_POINT('',#8539);
#8541=CARTESIAN_POINT('',(3.5E0,-6.95E0,-9.6E-1));
#8542=VERTEX_POINT('',#8541);
#8543=CARTESIAN_POINT('',(3.7E0,-7.75E0,-1.16E0));
#8544=VERTEX_POINT('',#8543);
#8545=CARTESIAN_POINT('',(4.12E0,-6.95E0,9.6E-1));
#8546=CARTESIAN_POINT('',(3.5E0,-6.95E0,9.6E-1));
#8547=VERTEX_POINT('',#8545);
#8548=VERTEX_POINT('',#8546);
#8549=CARTESIAN_POINT('',(3.92E0,-7.75E0,1.16E0));
#8550=CARTESIAN_POINT('',(3.7E0,-7.75E0,1.16E0));
#8551=VERTEX_POINT('',#8549);
#8552=VERTEX_POINT('',#8550);
#8553=CARTESIAN_POINT('',(3.92E0,-7.75E0,1.38E0));
#8554=VERTEX_POINT('',#8553);
#8555=CARTESIAN_POINT('',(4.12E0,-6.95E0,1.58E0));
#8556=VERTEX_POINT('',#8555);
#8557=CARTESIAN_POINT('',(3.5E0,-6.95E0,1.58E0));
#8558=VERTEX_POINT('',#8557);
#8559=CARTESIAN_POINT('',(3.7E0,-7.75E0,1.38E0));
#8560=VERTEX_POINT('',#8559);
#8561=CARTESIAN_POINT('',(6.66E0,3.6E0,1.58E0));
#8562=CARTESIAN_POINT('',(6.04E0,3.6E0,1.58E0));
#8563=VERTEX_POINT('',#8561);
#8564=VERTEX_POINT('',#8562);
#8565=CARTESIAN_POINT('',(6.46E0,4.4E0,1.38E0));
#8566=CARTESIAN_POINT('',(6.24E0,4.4E0,1.38E0));
#8567=VERTEX_POINT('',#8565);
#8568=VERTEX_POINT('',#8566);
#8569=CARTESIAN_POINT('',(6.46E0,4.4E0,1.16E0));
#8570=VERTEX_POINT('',#8569);
#8571=CARTESIAN_POINT('',(6.66E0,3.6E0,9.6E-1));
#8572=VERTEX_POINT('',#8571);
#8573=CARTESIAN_POINT('',(6.04E0,3.6E0,9.6E-1));
#8574=VERTEX_POINT('',#8573);
#8575=CARTESIAN_POINT('',(6.24E0,4.4E0,1.16E0));
#8576=VERTEX_POINT('',#8575);
#8577=CARTESIAN_POINT('',(6.46E0,4.4E0,-1.38E0));
#8578=CARTESIAN_POINT('',(6.24E0,4.4E0,-1.38E0));
#8579=VERTEX_POINT('',#8577);
#8580=VERTEX_POINT('',#8578);
#8581=CARTESIAN_POINT('',(6.66E0,3.6E0,-1.58E0));
#8582=CARTESIAN_POINT('',(6.04E0,3.6E0,-1.58E0));
#8583=VERTEX_POINT('',#8581);
#8584=VERTEX_POINT('',#8582);
#8585=CARTESIAN_POINT('',(6.46E0,4.4E0,-1.16E0));
#8586=VERTEX_POINT('',#8585);
#8587=CARTESIAN_POINT('',(6.66E0,3.6E0,-9.6E-1));
#8588=VERTEX_POINT('',#8587);
#8589=CARTESIAN_POINT('',(6.04E0,3.6E0,-9.6E-1));
#8590=VERTEX_POINT('',#8589);
#8591=CARTESIAN_POINT('',(6.24E0,4.4E0,-1.16E0));
#8592=VERTEX_POINT('',#8591);
#8593=CARTESIAN_POINT('',(6.66E0,-6.95E0,-1.58E0));
#8594=CARTESIAN_POINT('',(6.04E0,-6.95E0,-1.58E0));
#8595=VERTEX_POINT('',#8593);
#8596=VERTEX_POINT('',#8594);
#8597=CARTESIAN_POINT('',(6.46E0,-7.75E0,-1.38E0));
#8598=CARTESIAN_POINT('',(6.24E0,-7.75E0,-1.38E0));
#8599=VERTEX_POINT('',#8597);
#8600=VERTEX_POINT('',#8598);
#8601=CARTESIAN_POINT('',(6.46E0,-7.75E0,-1.16E0));
#8602=VERTEX_POINT('',#8601);
#8603=CARTESIAN_POINT('',(6.66E0,-6.95E0,-9.6E-1));
#8604=VERTEX_POINT('',#8603);
#8605=CARTESIAN_POINT('',(6.04E0,-6.95E0,-9.6E-1));
#8606=VERTEX_POINT('',#8605);
#8607=CARTESIAN_POINT('',(6.24E0,-7.75E0,-1.16E0));
#8608=VERTEX_POINT('',#8607);
#8609=CARTESIAN_POINT('',(6.66E0,-6.95E0,9.6E-1));
#8610=CARTESIAN_POINT('',(6.04E0,-6.95E0,9.6E-1));
#8611=VERTEX_POINT('',#8609);
#8612=VERTEX_POINT('',#8610);
#8613=CARTESIAN_POINT('',(6.46E0,-7.75E0,1.16E0));
#8614=CARTESIAN_POINT('',(6.24E0,-7.75E0,1.16E0));
#8615=VERTEX_POINT('',#8613);
#8616=VERTEX_POINT('',#8614);
#8617=CARTESIAN_POINT('',(6.46E0,-7.75E0,1.38E0));
#8618=VERTEX_POINT('',#8617);
#8619=CARTESIAN_POINT('',(6.66E0,-6.95E0,1.58E0));
#8620=VERTEX_POINT('',#8619);
#8621=CARTESIAN_POINT('',(6.04E0,-6.95E0,1.58E0));
#8622=VERTEX_POINT('',#8621);
#8623=CARTESIAN_POINT('',(6.24E0,-7.75E0,1.38E0));
#8624=VERTEX_POINT('',#8623);
#8625=CARTESIAN_POINT('',(9.2E0,3.6E0,1.58E0));
#8626=CARTESIAN_POINT('',(8.58E0,3.6E0,1.58E0));
#8627=VERTEX_POINT('',#8625);
#8628=VERTEX_POINT('',#8626);
#8629=CARTESIAN_POINT('',(9.E0,4.4E0,1.38E0));
#8630=CARTESIAN_POINT('',(8.78E0,4.4E0,1.38E0));
#8631=VERTEX_POINT('',#8629);
#8632=VERTEX_POINT('',#8630);
#8633=CARTESIAN_POINT('',(9.E0,4.4E0,1.16E0));
#8634=VERTEX_POINT('',#8633);
#8635=CARTESIAN_POINT('',(9.2E0,3.6E0,9.6E-1));
#8636=VERTEX_POINT('',#8635);
#8637=CARTESIAN_POINT('',(8.58E0,3.6E0,9.6E-1));
#8638=VERTEX_POINT('',#8637);
#8639=CARTESIAN_POINT('',(8.78E0,4.4E0,1.16E0));
#8640=VERTEX_POINT('',#8639);
#8641=CARTESIAN_POINT('',(9.E0,4.4E0,-1.38E0));
#8642=CARTESIAN_POINT('',(8.78E0,4.4E0,-1.38E0));
#8643=VERTEX_POINT('',#8641);
#8644=VERTEX_POINT('',#8642);
#8645=CARTESIAN_POINT('',(9.2E0,3.6E0,-1.58E0));
#8646=CARTESIAN_POINT('',(8.58E0,3.6E0,-1.58E0));
#8647=VERTEX_POINT('',#8645);
#8648=VERTEX_POINT('',#8646);
#8649=CARTESIAN_POINT('',(9.E0,4.4E0,-1.16E0));
#8650=VERTEX_POINT('',#8649);
#8651=CARTESIAN_POINT('',(9.2E0,3.6E0,-9.6E-1));
#8652=VERTEX_POINT('',#8651);
#8653=CARTESIAN_POINT('',(8.58E0,3.6E0,-9.6E-1));
#8654=VERTEX_POINT('',#8653);
#8655=CARTESIAN_POINT('',(8.78E0,4.4E0,-1.16E0));
#8656=VERTEX_POINT('',#8655);
#8657=CARTESIAN_POINT('',(9.2E0,-6.95E0,-1.58E0));
#8658=CARTESIAN_POINT('',(8.58E0,-6.95E0,-1.58E0));
#8659=VERTEX_POINT('',#8657);
#8660=VERTEX_POINT('',#8658);
#8661=CARTESIAN_POINT('',(9.E0,-7.75E0,-1.38E0));
#8662=CARTESIAN_POINT('',(8.78E0,-7.75E0,-1.38E0));
#8663=VERTEX_POINT('',#8661);
#8664=VERTEX_POINT('',#8662);
#8665=CARTESIAN_POINT('',(9.E0,-7.75E0,-1.16E0));
#8666=VERTEX_POINT('',#8665);
#8667=CARTESIAN_POINT('',(9.2E0,-6.95E0,-9.6E-1));
#8668=VERTEX_POINT('',#8667);
#8669=CARTESIAN_POINT('',(8.58E0,-6.95E0,-9.6E-1));
#8670=VERTEX_POINT('',#8669);
#8671=CARTESIAN_POINT('',(8.78E0,-7.75E0,-1.16E0));
#8672=VERTEX_POINT('',#8671);
#8673=CARTESIAN_POINT('',(9.2E0,-6.95E0,9.6E-1));
#8674=CARTESIAN_POINT('',(8.58E0,-6.95E0,9.6E-1));
#8675=VERTEX_POINT('',#8673);
#8676=VERTEX_POINT('',#8674);
#8677=CARTESIAN_POINT('',(9.E0,-7.75E0,1.16E0));
#8678=CARTESIAN_POINT('',(8.78E0,-7.75E0,1.16E0));
#8679=VERTEX_POINT('',#8677);
#8680=VERTEX_POINT('',#8678);
#8681=CARTESIAN_POINT('',(9.E0,-7.75E0,1.38E0));
#8682=VERTEX_POINT('',#8681);
#8683=CARTESIAN_POINT('',(9.2E0,-6.95E0,1.58E0));
#8684=VERTEX_POINT('',#8683);
#8685=CARTESIAN_POINT('',(8.58E0,-6.95E0,1.58E0));
#8686=VERTEX_POINT('',#8685);
#8687=CARTESIAN_POINT('',(8.78E0,-7.75E0,1.38E0));
#8688=VERTEX_POINT('',#8687);
#8689=CARTESIAN_POINT('',(1.032367301929E1,1.5E0,-8.5E-1));
#8690=CARTESIAN_POINT('',(1.098E1,1.5E0,-8.5E-1));
#8691=VERTEX_POINT('',#8689);
#8692=VERTEX_POINT('',#8690);
#8693=CARTESIAN_POINT('',(1.098E1,1.5E0,-1.85E0));
#8694=VERTEX_POINT('',#8693);
#8695=CARTESIAN_POINT('',(1.05E1,1.5E0,-1.85E0));
#8696=VERTEX_POINT('',#8695);
#8697=CARTESIAN_POINT('',(1.253632698071E1,1.5E0,-8.5E-1));
#8698=CARTESIAN_POINT('',(1.236E1,1.5E0,-1.85E0));
#8699=VERTEX_POINT('',#8697);
#8700=VERTEX_POINT('',#8698);
#8701=CARTESIAN_POINT('',(1.188E1,1.5E0,-1.85E0));
#8702=VERTEX_POINT('',#8701);
#8703=CARTESIAN_POINT('',(1.188E1,1.5E0,-8.5E-1));
#8704=VERTEX_POINT('',#8703);
#8705=CARTESIAN_POINT('',(1.253632698071E1,1.5E0,8.5E-1));
#8706=CARTESIAN_POINT('',(1.188E1,1.5E0,8.5E-1));
#8707=VERTEX_POINT('',#8705);
#8708=VERTEX_POINT('',#8706);
#8709=CARTESIAN_POINT('',(1.188E1,1.5E0,1.85E0));
#8710=VERTEX_POINT('',#8709);
#8711=CARTESIAN_POINT('',(1.236E1,1.5E0,1.85E0));
#8712=VERTEX_POINT('',#8711);
#8713=CARTESIAN_POINT('',(1.032367301929E1,1.5E0,8.5E-1));
#8714=CARTESIAN_POINT('',(1.05E1,1.5E0,1.85E0));
#8715=VERTEX_POINT('',#8713);
#8716=VERTEX_POINT('',#8714);
#8717=CARTESIAN_POINT('',(1.098E1,1.5E0,1.85E0));
#8718=VERTEX_POINT('',#8717);
#8719=CARTESIAN_POINT('',(1.098E1,1.5E0,8.5E-1));
#8720=VERTEX_POINT('',#8719);
#8721=CARTESIAN_POINT('',(1.032367301929E1,1.E0,-8.5E-1));
#8722=CARTESIAN_POINT('',(1.098E1,1.E0,-8.5E-1));
#8723=VERTEX_POINT('',#8721);
#8724=VERTEX_POINT('',#8722);
#8725=CARTESIAN_POINT('',(1.098E1,1.E0,-1.85E0));
#8726=VERTEX_POINT('',#8725);
#8727=CARTESIAN_POINT('',(1.05E1,1.E0,-1.85E0));
#8728=VERTEX_POINT('',#8727);
#8729=CARTESIAN_POINT('',(1.253632698071E1,1.E0,-8.5E-1));
#8730=CARTESIAN_POINT('',(1.236E1,1.E0,-1.85E0));
#8731=VERTEX_POINT('',#8729);
#8732=VERTEX_POINT('',#8730);
#8733=CARTESIAN_POINT('',(1.188E1,1.E0,-1.85E0));
#8734=VERTEX_POINT('',#8733);
#8735=CARTESIAN_POINT('',(1.188E1,1.E0,-8.5E-1));
#8736=VERTEX_POINT('',#8735);
#8737=CARTESIAN_POINT('',(1.253632698071E1,1.E0,8.5E-1));
#8738=CARTESIAN_POINT('',(1.188E1,1.E0,8.5E-1));
#8739=VERTEX_POINT('',#8737);
#8740=VERTEX_POINT('',#8738);
#8741=CARTESIAN_POINT('',(1.188E1,1.E0,1.85E0));
#8742=VERTEX_POINT('',#8741);
#8743=CARTESIAN_POINT('',(1.236E1,1.E0,1.85E0));
#8744=VERTEX_POINT('',#8743);
#8745=CARTESIAN_POINT('',(1.032367301929E1,1.E0,8.5E-1));
#8746=CARTESIAN_POINT('',(1.05E1,1.E0,1.85E0));
#8747=VERTEX_POINT('',#8745);
#8748=VERTEX_POINT('',#8746);
#8749=CARTESIAN_POINT('',(1.098E1,1.E0,1.85E0));
#8750=VERTEX_POINT('',#8749);
#8751=CARTESIAN_POINT('',(1.098E1,1.E0,8.5E-1));
#8752=VERTEX_POINT('',#8751);
#8753=CARTESIAN_POINT('',(1.286367301929E1,1.5E0,-8.5E-1));
#8754=CARTESIAN_POINT('',(1.352E1,1.5E0,-8.5E-1));
#8755=VERTEX_POINT('',#8753);
#8756=VERTEX_POINT('',#8754);
#8757=CARTESIAN_POINT('',(1.352E1,1.5E0,-1.85E0));
#8758=VERTEX_POINT('',#8757);
#8759=CARTESIAN_POINT('',(1.304E1,1.5E0,-1.85E0));
#8760=VERTEX_POINT('',#8759);
#8761=CARTESIAN_POINT('',(1.507632698071E1,1.5E0,-8.5E-1));
#8762=CARTESIAN_POINT('',(1.49E1,1.5E0,-1.85E0));
#8763=VERTEX_POINT('',#8761);
#8764=VERTEX_POINT('',#8762);
#8765=CARTESIAN_POINT('',(1.442E1,1.5E0,-1.85E0));
#8766=VERTEX_POINT('',#8765);
#8767=CARTESIAN_POINT('',(1.442E1,1.5E0,-8.5E-1));
#8768=VERTEX_POINT('',#8767);
#8769=CARTESIAN_POINT('',(1.507632698071E1,1.5E0,8.5E-1));
#8770=CARTESIAN_POINT('',(1.442E1,1.5E0,8.5E-1));
#8771=VERTEX_POINT('',#8769);
#8772=VERTEX_POINT('',#8770);
#8773=CARTESIAN_POINT('',(1.442E1,1.5E0,1.85E0));
#8774=VERTEX_POINT('',#8773);
#8775=CARTESIAN_POINT('',(1.49E1,1.5E0,1.85E0));
#8776=VERTEX_POINT('',#8775);
#8777=CARTESIAN_POINT('',(1.286367301929E1,1.5E0,8.5E-1));
#8778=CARTESIAN_POINT('',(1.304E1,1.5E0,1.85E0));
#8779=VERTEX_POINT('',#8777);
#8780=VERTEX_POINT('',#8778);
#8781=CARTESIAN_POINT('',(1.352E1,1.5E0,1.85E0));
#8782=VERTEX_POINT('',#8781);
#8783=CARTESIAN_POINT('',(1.352E1,1.5E0,8.5E-1));
#8784=VERTEX_POINT('',#8783);
#8785=CARTESIAN_POINT('',(1.286367301929E1,1.E0,-8.5E-1));
#8786=CARTESIAN_POINT('',(1.352E1,1.E0,-8.5E-1));
#8787=VERTEX_POINT('',#8785);
#8788=VERTEX_POINT('',#8786);
#8789=CARTESIAN_POINT('',(1.352E1,1.E0,-1.85E0));
#8790=VERTEX_POINT('',#8789);
#8791=CARTESIAN_POINT('',(1.304E1,1.E0,-1.85E0));
#8792=VERTEX_POINT('',#8791);
#8793=CARTESIAN_POINT('',(1.507632698071E1,1.E0,-8.5E-1));
#8794=CARTESIAN_POINT('',(1.49E1,1.E0,-1.85E0));
#8795=VERTEX_POINT('',#8793);
#8796=VERTEX_POINT('',#8794);
#8797=CARTESIAN_POINT('',(1.442E1,1.E0,-1.85E0));
#8798=VERTEX_POINT('',#8797);
#8799=CARTESIAN_POINT('',(1.442E1,1.E0,-8.5E-1));
#8800=VERTEX_POINT('',#8799);
#8801=CARTESIAN_POINT('',(1.507632698071E1,1.E0,8.5E-1));
#8802=CARTESIAN_POINT('',(1.442E1,1.E0,8.5E-1));
#8803=VERTEX_POINT('',#8801);
#8804=VERTEX_POINT('',#8802);
#8805=CARTESIAN_POINT('',(1.442E1,1.E0,1.85E0));
#8806=VERTEX_POINT('',#8805);
#8807=CARTESIAN_POINT('',(1.49E1,1.E0,1.85E0));
#8808=VERTEX_POINT('',#8807);
#8809=CARTESIAN_POINT('',(1.286367301929E1,1.E0,8.5E-1));
#8810=CARTESIAN_POINT('',(1.304E1,1.E0,1.85E0));
#8811=VERTEX_POINT('',#8809);
#8812=VERTEX_POINT('',#8810);
#8813=CARTESIAN_POINT('',(1.352E1,1.E0,1.85E0));
#8814=VERTEX_POINT('',#8813);
#8815=CARTESIAN_POINT('',(1.352E1,1.E0,8.5E-1));
#8816=VERTEX_POINT('',#8815);
#8817=CARTESIAN_POINT('',(1.112E1,-1.E0,1.58E0));
#8818=CARTESIAN_POINT('',(1.112E1,-1.E0,9.6E-1));
#8819=VERTEX_POINT('',#8817);
#8820=VERTEX_POINT('',#8818);
#8821=CARTESIAN_POINT('',(1.112E1,-1.E0,-9.6E-1));
#8822=CARTESIAN_POINT('',(1.112E1,-1.E0,-1.58E0));
#8823=VERTEX_POINT('',#8821);
#8824=VERTEX_POINT('',#8822);
#8825=CARTESIAN_POINT('',(1.174E1,-1.E0,1.58E0));
#8826=CARTESIAN_POINT('',(1.174E1,-1.E0,9.6E-1));
#8827=VERTEX_POINT('',#8825);
#8828=VERTEX_POINT('',#8826);
#8829=CARTESIAN_POINT('',(1.174E1,-1.E0,-9.6E-1));
#8830=CARTESIAN_POINT('',(1.174E1,-1.E0,-1.58E0));
#8831=VERTEX_POINT('',#8829);
#8832=VERTEX_POINT('',#8830);
#8833=CARTESIAN_POINT('',(1.112E1,1.E0,1.58E0));
#8834=CARTESIAN_POINT('',(1.112E1,1.E0,9.6E-1));
#8835=VERTEX_POINT('',#8833);
#8836=VERTEX_POINT('',#8834);
#8837=CARTESIAN_POINT('',(1.112E1,1.E0,-9.6E-1));
#8838=CARTESIAN_POINT('',(1.112E1,1.E0,-1.58E0));
#8839=VERTEX_POINT('',#8837);
#8840=VERTEX_POINT('',#8838);
#8841=CARTESIAN_POINT('',(1.174E1,1.E0,1.58E0));
#8842=CARTESIAN_POINT('',(1.174E1,1.E0,9.6E-1));
#8843=VERTEX_POINT('',#8841);
#8844=VERTEX_POINT('',#8842);
#8845=CARTESIAN_POINT('',(1.174E1,1.E0,-9.6E-1));
#8846=CARTESIAN_POINT('',(1.174E1,1.E0,-1.58E0));
#8847=VERTEX_POINT('',#8845);
#8848=VERTEX_POINT('',#8846);
#8849=CARTESIAN_POINT('',(1.366E1,-1.E0,1.58E0));
#8850=CARTESIAN_POINT('',(1.366E1,-1.E0,9.6E-1));
#8851=VERTEX_POINT('',#8849);
#8852=VERTEX_POINT('',#8850);
#8853=CARTESIAN_POINT('',(1.366E1,-1.E0,-9.6E-1));
#8854=CARTESIAN_POINT('',(1.366E1,-1.E0,-1.58E0));
#8855=VERTEX_POINT('',#8853);
#8856=VERTEX_POINT('',#8854);
#8857=CARTESIAN_POINT('',(1.428E1,-1.E0,1.58E0));
#8858=CARTESIAN_POINT('',(1.428E1,-1.E0,9.6E-1));
#8859=VERTEX_POINT('',#8857);
#8860=VERTEX_POINT('',#8858);
#8861=CARTESIAN_POINT('',(1.428E1,-1.E0,-9.6E-1));
#8862=CARTESIAN_POINT('',(1.428E1,-1.E0,-1.58E0));
#8863=VERTEX_POINT('',#8861);
#8864=VERTEX_POINT('',#8862);
#8865=CARTESIAN_POINT('',(1.366E1,1.E0,1.58E0));
#8866=CARTESIAN_POINT('',(1.366E1,1.E0,9.6E-1));
#8867=VERTEX_POINT('',#8865);
#8868=VERTEX_POINT('',#8866);
#8869=CARTESIAN_POINT('',(1.366E1,1.E0,-9.6E-1));
#8870=CARTESIAN_POINT('',(1.366E1,1.E0,-1.58E0));
#8871=VERTEX_POINT('',#8869);
#8872=VERTEX_POINT('',#8870);
#8873=CARTESIAN_POINT('',(1.428E1,1.E0,1.58E0));
#8874=CARTESIAN_POINT('',(1.428E1,1.E0,9.6E-1));
#8875=VERTEX_POINT('',#8873);
#8876=VERTEX_POINT('',#8874);
#8877=CARTESIAN_POINT('',(1.428E1,1.E0,-9.6E-1));
#8878=CARTESIAN_POINT('',(1.428E1,1.E0,-1.58E0));
#8879=VERTEX_POINT('',#8877);
#8880=VERTEX_POINT('',#8878);
#8881=CARTESIAN_POINT('',(1.174E1,3.6E0,1.58E0));
#8882=CARTESIAN_POINT('',(1.112E1,3.6E0,1.58E0));
#8883=VERTEX_POINT('',#8881);
#8884=VERTEX_POINT('',#8882);
#8885=CARTESIAN_POINT('',(1.154E1,4.4E0,1.38E0));
#8886=CARTESIAN_POINT('',(1.132E1,4.4E0,1.38E0));
#8887=VERTEX_POINT('',#8885);
#8888=VERTEX_POINT('',#8886);
#8889=CARTESIAN_POINT('',(1.154E1,4.4E0,1.16E0));
#8890=VERTEX_POINT('',#8889);
#8891=CARTESIAN_POINT('',(1.174E1,3.6E0,9.6E-1));
#8892=VERTEX_POINT('',#8891);
#8893=CARTESIAN_POINT('',(1.112E1,3.6E0,9.6E-1));
#8894=VERTEX_POINT('',#8893);
#8895=CARTESIAN_POINT('',(1.132E1,4.4E0,1.16E0));
#8896=VERTEX_POINT('',#8895);
#8897=CARTESIAN_POINT('',(1.154E1,4.4E0,-1.38E0));
#8898=CARTESIAN_POINT('',(1.132E1,4.4E0,-1.38E0));
#8899=VERTEX_POINT('',#8897);
#8900=VERTEX_POINT('',#8898);
#8901=CARTESIAN_POINT('',(1.174E1,3.6E0,-1.58E0));
#8902=CARTESIAN_POINT('',(1.112E1,3.6E0,-1.58E0));
#8903=VERTEX_POINT('',#8901);
#8904=VERTEX_POINT('',#8902);
#8905=CARTESIAN_POINT('',(1.154E1,4.4E0,-1.16E0));
#8906=VERTEX_POINT('',#8905);
#8907=CARTESIAN_POINT('',(1.174E1,3.6E0,-9.6E-1));
#8908=VERTEX_POINT('',#8907);
#8909=CARTESIAN_POINT('',(1.112E1,3.6E0,-9.6E-1));
#8910=VERTEX_POINT('',#8909);
#8911=CARTESIAN_POINT('',(1.132E1,4.4E0,-1.16E0));
#8912=VERTEX_POINT('',#8911);
#8913=CARTESIAN_POINT('',(1.174E1,-6.95E0,-1.58E0));
#8914=CARTESIAN_POINT('',(1.112E1,-6.95E0,-1.58E0));
#8915=VERTEX_POINT('',#8913);
#8916=VERTEX_POINT('',#8914);
#8917=CARTESIAN_POINT('',(1.154E1,-7.75E0,-1.38E0));
#8918=CARTESIAN_POINT('',(1.132E1,-7.75E0,-1.38E0));
#8919=VERTEX_POINT('',#8917);
#8920=VERTEX_POINT('',#8918);
#8921=CARTESIAN_POINT('',(1.154E1,-7.75E0,-1.16E0));
#8922=VERTEX_POINT('',#8921);
#8923=CARTESIAN_POINT('',(1.174E1,-6.95E0,-9.6E-1));
#8924=VERTEX_POINT('',#8923);
#8925=CARTESIAN_POINT('',(1.112E1,-6.95E0,-9.6E-1));
#8926=VERTEX_POINT('',#8925);
#8927=CARTESIAN_POINT('',(1.132E1,-7.75E0,-1.16E0));
#8928=VERTEX_POINT('',#8927);
#8929=CARTESIAN_POINT('',(1.174E1,-6.95E0,9.6E-1));
#8930=CARTESIAN_POINT('',(1.112E1,-6.95E0,9.6E-1));
#8931=VERTEX_POINT('',#8929);
#8932=VERTEX_POINT('',#8930);
#8933=CARTESIAN_POINT('',(1.154E1,-7.75E0,1.16E0));
#8934=CARTESIAN_POINT('',(1.132E1,-7.75E0,1.16E0));
#8935=VERTEX_POINT('',#8933);
#8936=VERTEX_POINT('',#8934);
#8937=CARTESIAN_POINT('',(1.154E1,-7.75E0,1.38E0));
#8938=VERTEX_POINT('',#8937);
#8939=CARTESIAN_POINT('',(1.174E1,-6.95E0,1.58E0));
#8940=VERTEX_POINT('',#8939);
#8941=CARTESIAN_POINT('',(1.112E1,-6.95E0,1.58E0));
#8942=VERTEX_POINT('',#8941);
#8943=CARTESIAN_POINT('',(1.132E1,-7.75E0,1.38E0));
#8944=VERTEX_POINT('',#8943);
#8945=CARTESIAN_POINT('',(1.428E1,3.6E0,1.58E0));
#8946=CARTESIAN_POINT('',(1.366E1,3.6E0,1.58E0));
#8947=VERTEX_POINT('',#8945);
#8948=VERTEX_POINT('',#8946);
#8949=CARTESIAN_POINT('',(1.408E1,4.4E0,1.38E0));
#8950=CARTESIAN_POINT('',(1.386E1,4.4E0,1.38E0));
#8951=VERTEX_POINT('',#8949);
#8952=VERTEX_POINT('',#8950);
#8953=CARTESIAN_POINT('',(1.408E1,4.4E0,1.16E0));
#8954=VERTEX_POINT('',#8953);
#8955=CARTESIAN_POINT('',(1.428E1,3.6E0,9.6E-1));
#8956=VERTEX_POINT('',#8955);
#8957=CARTESIAN_POINT('',(1.366E1,3.6E0,9.6E-1));
#8958=VERTEX_POINT('',#8957);
#8959=CARTESIAN_POINT('',(1.386E1,4.4E0,1.16E0));
#8960=VERTEX_POINT('',#8959);
#8961=CARTESIAN_POINT('',(1.408E1,4.4E0,-1.38E0));
#8962=CARTESIAN_POINT('',(1.386E1,4.4E0,-1.38E0));
#8963=VERTEX_POINT('',#8961);
#8964=VERTEX_POINT('',#8962);
#8965=CARTESIAN_POINT('',(1.428E1,3.6E0,-1.58E0));
#8966=CARTESIAN_POINT('',(1.366E1,3.6E0,-1.58E0));
#8967=VERTEX_POINT('',#8965);
#8968=VERTEX_POINT('',#8966);
#8969=CARTESIAN_POINT('',(1.408E1,4.4E0,-1.16E0));
#8970=VERTEX_POINT('',#8969);
#8971=CARTESIAN_POINT('',(1.428E1,3.6E0,-9.6E-1));
#8972=VERTEX_POINT('',#8971);
#8973=CARTESIAN_POINT('',(1.366E1,3.6E0,-9.6E-1));
#8974=VERTEX_POINT('',#8973);
#8975=CARTESIAN_POINT('',(1.386E1,4.4E0,-1.16E0));
#8976=VERTEX_POINT('',#8975);
#8977=CARTESIAN_POINT('',(1.428E1,-6.95E0,-1.58E0));
#8978=CARTESIAN_POINT('',(1.366E1,-6.95E0,-1.58E0));
#8979=VERTEX_POINT('',#8977);
#8980=VERTEX_POINT('',#8978);
#8981=CARTESIAN_POINT('',(1.408E1,-7.75E0,-1.38E0));
#8982=CARTESIAN_POINT('',(1.386E1,-7.75E0,-1.38E0));
#8983=VERTEX_POINT('',#8981);
#8984=VERTEX_POINT('',#8982);
#8985=CARTESIAN_POINT('',(1.408E1,-7.75E0,-1.16E0));
#8986=VERTEX_POINT('',#8985);
#8987=CARTESIAN_POINT('',(1.428E1,-6.95E0,-9.6E-1));
#8988=VERTEX_POINT('',#8987);
#8989=CARTESIAN_POINT('',(1.366E1,-6.95E0,-9.6E-1));
#8990=VERTEX_POINT('',#8989);
#8991=CARTESIAN_POINT('',(1.386E1,-7.75E0,-1.16E0));
#8992=VERTEX_POINT('',#8991);
#8993=CARTESIAN_POINT('',(1.428E1,-6.95E0,9.6E-1));
#8994=CARTESIAN_POINT('',(1.366E1,-6.95E0,9.6E-1));
#8995=VERTEX_POINT('',#8993);
#8996=VERTEX_POINT('',#8994);
#8997=CARTESIAN_POINT('',(1.408E1,-7.75E0,1.16E0));
#8998=CARTESIAN_POINT('',(1.386E1,-7.75E0,1.16E0));
#8999=VERTEX_POINT('',#8997);
#9000=VERTEX_POINT('',#8998);
#9001=CARTESIAN_POINT('',(1.408E1,-7.75E0,1.38E0));
#9002=VERTEX_POINT('',#9001);
#9003=CARTESIAN_POINT('',(1.428E1,-6.95E0,1.58E0));
#9004=VERTEX_POINT('',#9003);
#9005=CARTESIAN_POINT('',(1.366E1,-6.95E0,1.58E0));
#9006=VERTEX_POINT('',#9005);
#9007=CARTESIAN_POINT('',(1.386E1,-7.75E0,1.38E0));
#9008=VERTEX_POINT('',#9007);
#9009=CARTESIAN_POINT('',(-1.046680894643E1,-1.E0,-2.54E0));
#9010=CARTESIAN_POINT('',(-1.016E1,-1.E0,-8.E-1));
#9011=VERTEX_POINT('',#9009);
#9012=VERTEX_POINT('',#9010);
#9013=CARTESIAN_POINT('',(-9.853191053567E0,-1.E0,-2.54E0));
#9014=VERTEX_POINT('',#9013);
#9015=CARTESIAN_POINT('',(-9.853191053567E0,-1.E0,2.54E0));
#9016=CARTESIAN_POINT('',(-1.016E1,-1.E0,8.E-1));
#9017=VERTEX_POINT('',#9015);
#9018=VERTEX_POINT('',#9016);
#9019=CARTESIAN_POINT('',(-1.046680894643E1,-1.E0,2.54E0));
#9020=VERTEX_POINT('',#9019);
#9021=CARTESIAN_POINT('',(-1.046680894643E1,1.E0,-2.54E0));
#9022=CARTESIAN_POINT('',(-1.016E1,1.E0,-8.E-1));
#9023=VERTEX_POINT('',#9021);
#9024=VERTEX_POINT('',#9022);
#9025=CARTESIAN_POINT('',(-9.853191053567E0,1.E0,-2.54E0));
#9026=VERTEX_POINT('',#9025);
#9027=CARTESIAN_POINT('',(-9.853191053567E0,1.E0,2.54E0));
#9028=CARTESIAN_POINT('',(-1.016E1,1.E0,8.E-1));
#9029=VERTEX_POINT('',#9027);
#9030=VERTEX_POINT('',#9028);
#9031=CARTESIAN_POINT('',(-1.046680894643E1,1.E0,2.54E0));
#9032=VERTEX_POINT('',#9031);
#9033=CARTESIAN_POINT('',(-7.926808946433E0,-1.E0,-2.54E0));
#9034=CARTESIAN_POINT('',(-7.62E0,-1.E0,-8.E-1));
#9035=VERTEX_POINT('',#9033);
#9036=VERTEX_POINT('',#9034);
#9037=CARTESIAN_POINT('',(-7.313191053567E0,-1.E0,-2.54E0));
#9038=VERTEX_POINT('',#9037);
#9039=CARTESIAN_POINT('',(-7.313191053567E0,-1.E0,2.54E0));
#9040=CARTESIAN_POINT('',(-7.62E0,-1.E0,8.E-1));
#9041=VERTEX_POINT('',#9039);
#9042=VERTEX_POINT('',#9040);
#9043=CARTESIAN_POINT('',(-7.926808946433E0,-1.E0,2.54E0));
#9044=VERTEX_POINT('',#9043);
#9045=CARTESIAN_POINT('',(-7.926808946433E0,1.E0,-2.54E0));
#9046=CARTESIAN_POINT('',(-7.62E0,1.E0,-8.E-1));
#9047=VERTEX_POINT('',#9045);
#9048=VERTEX_POINT('',#9046);
#9049=CARTESIAN_POINT('',(-7.313191053567E0,1.E0,-2.54E0));
#9050=VERTEX_POINT('',#9049);
#9051=CARTESIAN_POINT('',(-7.313191053567E0,1.E0,2.54E0));
#9052=CARTESIAN_POINT('',(-7.62E0,1.E0,8.E-1));
#9053=VERTEX_POINT('',#9051);
#9054=VERTEX_POINT('',#9052);
#9055=CARTESIAN_POINT('',(-7.926808946433E0,1.E0,2.54E0));
#9056=VERTEX_POINT('',#9055);
#9057=CARTESIAN_POINT('',(-5.386808946433E0,-1.E0,-2.54E0));
#9058=CARTESIAN_POINT('',(-5.08E0,-1.E0,-8.E-1));
#9059=VERTEX_POINT('',#9057);
#9060=VERTEX_POINT('',#9058);
#9061=CARTESIAN_POINT('',(-4.773191053567E0,-1.E0,-2.54E0));
#9062=VERTEX_POINT('',#9061);
#9063=CARTESIAN_POINT('',(-4.773191053567E0,-1.E0,2.54E0));
#9064=CARTESIAN_POINT('',(-5.08E0,-1.E0,8.E-1));
#9065=VERTEX_POINT('',#9063);
#9066=VERTEX_POINT('',#9064);
#9067=CARTESIAN_POINT('',(-5.386808946433E0,-1.E0,2.54E0));
#9068=VERTEX_POINT('',#9067);
#9069=CARTESIAN_POINT('',(-5.386808946433E0,1.E0,-2.54E0));
#9070=CARTESIAN_POINT('',(-5.08E0,1.E0,-8.E-1));
#9071=VERTEX_POINT('',#9069);
#9072=VERTEX_POINT('',#9070);
#9073=CARTESIAN_POINT('',(-4.773191053567E0,1.E0,-2.54E0));
#9074=VERTEX_POINT('',#9073);
#9075=CARTESIAN_POINT('',(-4.773191053567E0,1.E0,2.54E0));
#9076=CARTESIAN_POINT('',(-5.08E0,1.E0,8.E-1));
#9077=VERTEX_POINT('',#9075);
#9078=VERTEX_POINT('',#9076);
#9079=CARTESIAN_POINT('',(-5.386808946433E0,1.E0,2.54E0));
#9080=VERTEX_POINT('',#9079);
#9081=CARTESIAN_POINT('',(-2.846808946433E0,-1.E0,-2.54E0));
#9082=CARTESIAN_POINT('',(-2.54E0,-1.E0,-8.E-1));
#9083=VERTEX_POINT('',#9081);
#9084=VERTEX_POINT('',#9082);
#9085=CARTESIAN_POINT('',(-2.233191053567E0,-1.E0,-2.54E0));
#9086=VERTEX_POINT('',#9085);
#9087=CARTESIAN_POINT('',(-2.233191053567E0,-1.E0,2.54E0));
#9088=CARTESIAN_POINT('',(-2.54E0,-1.E0,8.E-1));
#9089=VERTEX_POINT('',#9087);
#9090=VERTEX_POINT('',#9088);
#9091=CARTESIAN_POINT('',(-2.846808946433E0,-1.E0,2.54E0));
#9092=VERTEX_POINT('',#9091);
#9093=CARTESIAN_POINT('',(-2.846808946433E0,1.E0,-2.54E0));
#9094=CARTESIAN_POINT('',(-2.54E0,1.E0,-8.E-1));
#9095=VERTEX_POINT('',#9093);
#9096=VERTEX_POINT('',#9094);
#9097=CARTESIAN_POINT('',(-2.233191053567E0,1.E0,-2.54E0));
#9098=VERTEX_POINT('',#9097);
#9099=CARTESIAN_POINT('',(-2.233191053567E0,1.E0,2.54E0));
#9100=CARTESIAN_POINT('',(-2.54E0,1.E0,8.E-1));
#9101=VERTEX_POINT('',#9099);
#9102=VERTEX_POINT('',#9100);
#9103=CARTESIAN_POINT('',(-2.846808946433E0,1.E0,2.54E0));
#9104=VERTEX_POINT('',#9103);
#9105=CARTESIAN_POINT('',(-3.068089464327E-1,-1.E0,-2.54E0));
#9106=CARTESIAN_POINT('',(0.E0,-1.E0,-8.E-1));
#9107=VERTEX_POINT('',#9105);
#9108=VERTEX_POINT('',#9106);
#9109=CARTESIAN_POINT('',(3.068089464327E-1,-1.E0,-2.54E0));
#9110=VERTEX_POINT('',#9109);
#9111=CARTESIAN_POINT('',(3.068089464327E-1,-1.E0,2.54E0));
#9112=CARTESIAN_POINT('',(0.E0,-1.E0,8.E-1));
#9113=VERTEX_POINT('',#9111);
#9114=VERTEX_POINT('',#9112);
#9115=CARTESIAN_POINT('',(-3.068089464327E-1,-1.E0,2.54E0));
#9116=VERTEX_POINT('',#9115);
#9117=CARTESIAN_POINT('',(-3.068089464327E-1,1.E0,-2.54E0));
#9118=CARTESIAN_POINT('',(0.E0,1.E0,-8.E-1));
#9119=VERTEX_POINT('',#9117);
#9120=VERTEX_POINT('',#9118);
#9121=CARTESIAN_POINT('',(3.068089464327E-1,1.E0,-2.54E0));
#9122=VERTEX_POINT('',#9121);
#9123=CARTESIAN_POINT('',(3.068089464327E-1,1.E0,2.54E0));
#9124=CARTESIAN_POINT('',(0.E0,1.E0,8.E-1));
#9125=VERTEX_POINT('',#9123);
#9126=VERTEX_POINT('',#9124);
#9127=CARTESIAN_POINT('',(-3.068089464327E-1,1.E0,2.54E0));
#9128=VERTEX_POINT('',#9127);
#9129=CARTESIAN_POINT('',(2.233191053567E0,-1.E0,-2.54E0));
#9130=CARTESIAN_POINT('',(2.54E0,-1.E0,-8.E-1));
#9131=VERTEX_POINT('',#9129);
#9132=VERTEX_POINT('',#9130);
#9133=CARTESIAN_POINT('',(2.846808946433E0,-1.E0,-2.54E0));
#9134=VERTEX_POINT('',#9133);
#9135=CARTESIAN_POINT('',(2.846808946433E0,-1.E0,2.54E0));
#9136=CARTESIAN_POINT('',(2.54E0,-1.E0,8.E-1));
#9137=VERTEX_POINT('',#9135);
#9138=VERTEX_POINT('',#9136);
#9139=CARTESIAN_POINT('',(2.233191053567E0,-1.E0,2.54E0));
#9140=VERTEX_POINT('',#9139);
#9141=CARTESIAN_POINT('',(2.233191053567E0,1.E0,-2.54E0));
#9142=CARTESIAN_POINT('',(2.54E0,1.E0,-8.E-1));
#9143=VERTEX_POINT('',#9141);
#9144=VERTEX_POINT('',#9142);
#9145=CARTESIAN_POINT('',(2.846808946433E0,1.E0,-2.54E0));
#9146=VERTEX_POINT('',#9145);
#9147=CARTESIAN_POINT('',(2.846808946433E0,1.E0,2.54E0));
#9148=CARTESIAN_POINT('',(2.54E0,1.E0,8.E-1));
#9149=VERTEX_POINT('',#9147);
#9150=VERTEX_POINT('',#9148);
#9151=CARTESIAN_POINT('',(2.233191053567E0,1.E0,2.54E0));
#9152=VERTEX_POINT('',#9151);
#9153=CARTESIAN_POINT('',(4.773191053567E0,-1.E0,-2.54E0));
#9154=CARTESIAN_POINT('',(5.08E0,-1.E0,-8.E-1));
#9155=VERTEX_POINT('',#9153);
#9156=VERTEX_POINT('',#9154);
#9157=CARTESIAN_POINT('',(5.386808946433E0,-1.E0,-2.54E0));
#9158=VERTEX_POINT('',#9157);
#9159=CARTESIAN_POINT('',(5.386808946433E0,-1.E0,2.54E0));
#9160=CARTESIAN_POINT('',(5.08E0,-1.E0,8.E-1));
#9161=VERTEX_POINT('',#9159);
#9162=VERTEX_POINT('',#9160);
#9163=CARTESIAN_POINT('',(4.773191053567E0,-1.E0,2.54E0));
#9164=VERTEX_POINT('',#9163);
#9165=CARTESIAN_POINT('',(4.773191053567E0,1.E0,-2.54E0));
#9166=CARTESIAN_POINT('',(5.08E0,1.E0,-8.E-1));
#9167=VERTEX_POINT('',#9165);
#9168=VERTEX_POINT('',#9166);
#9169=CARTESIAN_POINT('',(5.386808946433E0,1.E0,-2.54E0));
#9170=VERTEX_POINT('',#9169);
#9171=CARTESIAN_POINT('',(5.386808946433E0,1.E0,2.54E0));
#9172=CARTESIAN_POINT('',(5.08E0,1.E0,8.E-1));
#9173=VERTEX_POINT('',#9171);
#9174=VERTEX_POINT('',#9172);
#9175=CARTESIAN_POINT('',(4.773191053567E0,1.E0,2.54E0));
#9176=VERTEX_POINT('',#9175);
#9177=CARTESIAN_POINT('',(7.313191053567E0,-1.E0,-2.54E0));
#9178=CARTESIAN_POINT('',(7.62E0,-1.E0,-8.E-1));
#9179=VERTEX_POINT('',#9177);
#9180=VERTEX_POINT('',#9178);
#9181=CARTESIAN_POINT('',(7.926808946433E0,-1.E0,-2.54E0));
#9182=VERTEX_POINT('',#9181);
#9183=CARTESIAN_POINT('',(7.926808946433E0,-1.E0,2.54E0));
#9184=CARTESIAN_POINT('',(7.62E0,-1.E0,8.E-1));
#9185=VERTEX_POINT('',#9183);
#9186=VERTEX_POINT('',#9184);
#9187=CARTESIAN_POINT('',(7.313191053567E0,-1.E0,2.54E0));
#9188=VERTEX_POINT('',#9187);
#9189=CARTESIAN_POINT('',(7.313191053567E0,1.E0,-2.54E0));
#9190=CARTESIAN_POINT('',(7.62E0,1.E0,-8.E-1));
#9191=VERTEX_POINT('',#9189);
#9192=VERTEX_POINT('',#9190);
#9193=CARTESIAN_POINT('',(7.926808946433E0,1.E0,-2.54E0));
#9194=VERTEX_POINT('',#9193);
#9195=CARTESIAN_POINT('',(7.926808946433E0,1.E0,2.54E0));
#9196=CARTESIAN_POINT('',(7.62E0,1.E0,8.E-1));
#9197=VERTEX_POINT('',#9195);
#9198=VERTEX_POINT('',#9196);
#9199=CARTESIAN_POINT('',(7.313191053567E0,1.E0,2.54E0));
#9200=VERTEX_POINT('',#9199);
#9201=CARTESIAN_POINT('',(9.853191053567E0,-1.E0,-2.54E0));
#9202=CARTESIAN_POINT('',(1.016E1,-1.E0,-8.E-1));
#9203=VERTEX_POINT('',#9201);
#9204=VERTEX_POINT('',#9202);
#9205=CARTESIAN_POINT('',(1.046680894643E1,-1.E0,-2.54E0));
#9206=VERTEX_POINT('',#9205);
#9207=CARTESIAN_POINT('',(1.046680894643E1,-1.E0,2.54E0));
#9208=CARTESIAN_POINT('',(1.016E1,-1.E0,8.E-1));
#9209=VERTEX_POINT('',#9207);
#9210=VERTEX_POINT('',#9208);
#9211=CARTESIAN_POINT('',(9.853191053567E0,-1.E0,2.54E0));
#9212=VERTEX_POINT('',#9211);
#9213=CARTESIAN_POINT('',(9.853191053567E0,1.E0,-2.54E0));
#9214=CARTESIAN_POINT('',(1.016E1,1.E0,-8.E-1));
#9215=VERTEX_POINT('',#9213);
#9216=VERTEX_POINT('',#9214);
#9217=CARTESIAN_POINT('',(1.046680894643E1,1.E0,-2.54E0));
#9218=VERTEX_POINT('',#9217);
#9219=CARTESIAN_POINT('',(1.046680894643E1,1.E0,2.54E0));
#9220=CARTESIAN_POINT('',(1.016E1,1.E0,8.E-1));
#9221=VERTEX_POINT('',#9219);
#9222=VERTEX_POINT('',#9220);
#9223=CARTESIAN_POINT('',(9.853191053567E0,1.E0,2.54E0));
#9224=VERTEX_POINT('',#9223);
#9225=CARTESIAN_POINT('',(1.239319105357E1,-1.E0,-2.54E0));
#9226=CARTESIAN_POINT('',(1.27E1,-1.E0,-8.E-1));
#9227=VERTEX_POINT('',#9225);
#9228=VERTEX_POINT('',#9226);
#9229=CARTESIAN_POINT('',(1.300680894643E1,-1.E0,-2.54E0));
#9230=VERTEX_POINT('',#9229);
#9231=CARTESIAN_POINT('',(1.300680894643E1,-1.E0,2.54E0));
#9232=CARTESIAN_POINT('',(1.27E1,-1.E0,8.E-1));
#9233=VERTEX_POINT('',#9231);
#9234=VERTEX_POINT('',#9232);
#9235=CARTESIAN_POINT('',(1.239319105357E1,-1.E0,2.54E0));
#9236=VERTEX_POINT('',#9235);
#9237=CARTESIAN_POINT('',(1.239319105357E1,1.E0,-2.54E0));
#9238=CARTESIAN_POINT('',(1.27E1,1.E0,-8.E-1));
#9239=VERTEX_POINT('',#9237);
#9240=VERTEX_POINT('',#9238);
#9241=CARTESIAN_POINT('',(1.300680894643E1,1.E0,-2.54E0));
#9242=VERTEX_POINT('',#9241);
#9243=CARTESIAN_POINT('',(1.300680894643E1,1.E0,2.54E0));
#9244=CARTESIAN_POINT('',(1.27E1,1.E0,8.E-1));
#9245=VERTEX_POINT('',#9243);
#9246=VERTEX_POINT('',#9244);
#9247=CARTESIAN_POINT('',(1.239319105357E1,1.E0,2.54E0));
#9248=VERTEX_POINT('',#9247);
#9249=CARTESIAN_POINT('',(0.E0,-1.E0,0.E0));
#9250=DIRECTION('',(0.E0,1.E0,0.E0));
#9251=DIRECTION('',(1.E0,0.E0,0.E0));
#9252=AXIS2_PLACEMENT_3D('',#9249,#9250,#9251);
#9253=PLANE('',#9252);
#9255=ORIENTED_EDGE('',*,*,#9254,.F.);
#9257=ORIENTED_EDGE('',*,*,#9256,.T.);
#9259=ORIENTED_EDGE('',*,*,#9258,.F.);
#9261=ORIENTED_EDGE('',*,*,#9260,.F.);
#9263=ORIENTED_EDGE('',*,*,#9262,.T.);
#9265=ORIENTED_EDGE('',*,*,#9264,.F.);
#9267=ORIENTED_EDGE('',*,*,#9266,.F.);
#9269=ORIENTED_EDGE('',*,*,#9268,.T.);
#9271=ORIENTED_EDGE('',*,*,#9270,.F.);
#9273=ORIENTED_EDGE('',*,*,#9272,.F.);
#9275=ORIENTED_EDGE('',*,*,#9274,.T.);
#9277=ORIENTED_EDGE('',*,*,#9276,.F.);
#9279=ORIENTED_EDGE('',*,*,#9278,.F.);
#9281=ORIENTED_EDGE('',*,*,#9280,.T.);
#9283=ORIENTED_EDGE('',*,*,#9282,.F.);
#9285=ORIENTED_EDGE('',*,*,#9284,.F.);
#9287=ORIENTED_EDGE('',*,*,#9286,.T.);
#9289=ORIENTED_EDGE('',*,*,#9288,.F.);
#9291=ORIENTED_EDGE('',*,*,#9290,.F.);
#9293=ORIENTED_EDGE('',*,*,#9292,.T.);
#9295=ORIENTED_EDGE('',*,*,#9294,.F.);
#9297=ORIENTED_EDGE('',*,*,#9296,.F.);
#9299=ORIENTED_EDGE('',*,*,#9298,.T.);
#9301=ORIENTED_EDGE('',*,*,#9300,.F.);
#9303=ORIENTED_EDGE('',*,*,#9302,.F.);
#9305=ORIENTED_EDGE('',*,*,#9304,.T.);
#9307=ORIENTED_EDGE('',*,*,#9306,.F.);
#9309=ORIENTED_EDGE('',*,*,#9308,.F.);
#9311=ORIENTED_EDGE('',*,*,#9310,.T.);
#9313=ORIENTED_EDGE('',*,*,#9312,.F.);
#9315=ORIENTED_EDGE('',*,*,#9314,.F.);
#9317=ORIENTED_EDGE('',*,*,#9316,.T.);
#9319=ORIENTED_EDGE('',*,*,#9318,.T.);
#9321=ORIENTED_EDGE('',*,*,#9320,.T.);
#9323=ORIENTED_EDGE('',*,*,#9322,.T.);
#9325=ORIENTED_EDGE('',*,*,#9324,.T.);
#9327=ORIENTED_EDGE('',*,*,#9326,.F.);
#9329=ORIENTED_EDGE('',*,*,#9328,.F.);
#9331=ORIENTED_EDGE('',*,*,#9330,.T.);
#9333=ORIENTED_EDGE('',*,*,#9332,.F.);
#9335=ORIENTED_EDGE('',*,*,#9334,.F.);
#9337=ORIENTED_EDGE('',*,*,#9336,.T.);
#9339=ORIENTED_EDGE('',*,*,#9338,.F.);
#9341=ORIENTED_EDGE('',*,*,#9340,.F.);
#9343=ORIENTED_EDGE('',*,*,#9342,.T.);
#9345=ORIENTED_EDGE('',*,*,#9344,.F.);
#9347=ORIENTED_EDGE('',*,*,#9346,.F.);
#9349=ORIENTED_EDGE('',*,*,#9348,.T.);
#9351=ORIENTED_EDGE('',*,*,#9350,.F.);
#9353=ORIENTED_EDGE('',*,*,#9352,.F.);
#9355=ORIENTED_EDGE('',*,*,#9354,.T.);
#9357=ORIENTED_EDGE('',*,*,#9356,.F.);
#9359=ORIENTED_EDGE('',*,*,#9358,.F.);
#9361=ORIENTED_EDGE('',*,*,#9360,.T.);
#9363=ORIENTED_EDGE('',*,*,#9362,.F.);
#9365=ORIENTED_EDGE('',*,*,#9364,.F.);
#9367=ORIENTED_EDGE('',*,*,#9366,.T.);
#9369=ORIENTED_EDGE('',*,*,#9368,.F.);
#9371=ORIENTED_EDGE('',*,*,#9370,.F.);
#9373=ORIENTED_EDGE('',*,*,#9372,.T.);
#9375=ORIENTED_EDGE('',*,*,#9374,.F.);
#9377=ORIENTED_EDGE('',*,*,#9376,.F.);
#9379=ORIENTED_EDGE('',*,*,#9378,.T.);
#9381=ORIENTED_EDGE('',*,*,#9380,.F.);
#9383=ORIENTED_EDGE('',*,*,#9382,.F.);
#9385=ORIENTED_EDGE('',*,*,#9384,.T.);
#9387=ORIENTED_EDGE('',*,*,#9386,.F.);
#9389=ORIENTED_EDGE('',*,*,#9388,.F.);
#9391=ORIENTED_EDGE('',*,*,#9390,.T.);
#9393=ORIENTED_EDGE('',*,*,#9392,.T.);
#9395=ORIENTED_EDGE('',*,*,#9394,.T.);
#9397=ORIENTED_EDGE('',*,*,#9396,.T.);
#9399=ORIENTED_EDGE('',*,*,#9398,.T.);
#9401=ORIENTED_EDGE('',*,*,#9400,.F.);
#9402=EDGE_LOOP('',(#9255,#9257,#9259,#9261,#9263,#9265,#9267,#9269,#9271,#9273,
#9275,#9277,#9279,#9281,#9283,#9285,#9287,#9289,#9291,#9293,#9295,#9297,#9299,
#9301,#9303,#9305,#9307,#9309,#9311,#9313,#9315,#9317,#9319,#9321,#9323,#9325,
#9327,#9329,#9331,#9333,#9335,#9337,#9339,#9341,#9343,#9345,#9347,#9349,#9351,
#9353,#9355,#9357,#9359,#9361,#9363,#9365,#9367,#9369,#9371,#9373,#9375,#9377,
#9379,#9381,#9383,#9385,#9387,#9389,#9391,#9393,#9395,#9397,#9399,#9401));
#9403=FACE_OUTER_BOUND('',#9402,.F.);
#9405=ORIENTED_EDGE('',*,*,#9404,.T.);
#9407=ORIENTED_EDGE('',*,*,#9406,.T.);
#9409=ORIENTED_EDGE('',*,*,#9408,.F.);
#9411=ORIENTED_EDGE('',*,*,#9410,.F.);
#9412=EDGE_LOOP('',(#9405,#9407,#9409,#9411));
#9413=FACE_BOUND('',#9412,.F.);
#9415=ORIENTED_EDGE('',*,*,#9414,.T.);
#9417=ORIENTED_EDGE('',*,*,#9416,.T.);
#9419=ORIENTED_EDGE('',*,*,#9418,.F.);
#9421=ORIENTED_EDGE('',*,*,#9420,.F.);
#9422=EDGE_LOOP('',(#9415,#9417,#9419,#9421));
#9423=FACE_BOUND('',#9422,.F.);
#9425=ORIENTED_EDGE('',*,*,#9424,.T.);
#9427=ORIENTED_EDGE('',*,*,#9426,.T.);
#9429=ORIENTED_EDGE('',*,*,#9428,.F.);
#9431=ORIENTED_EDGE('',*,*,#9430,.F.);
#9432=EDGE_LOOP('',(#9425,#9427,#9429,#9431));
#9433=FACE_BOUND('',#9432,.F.);
#9435=ORIENTED_EDGE('',*,*,#9434,.T.);
#9437=ORIENTED_EDGE('',*,*,#9436,.T.);
#9439=ORIENTED_EDGE('',*,*,#9438,.F.);
#9441=ORIENTED_EDGE('',*,*,#9440,.F.);
#9442=EDGE_LOOP('',(#9435,#9437,#9439,#9441));
#9443=FACE_BOUND('',#9442,.F.);
#9445=ORIENTED_EDGE('',*,*,#9444,.T.);
#9447=ORIENTED_EDGE('',*,*,#9446,.T.);
#9449=ORIENTED_EDGE('',*,*,#9448,.F.);
#9451=ORIENTED_EDGE('',*,*,#9450,.F.);
#9452=EDGE_LOOP('',(#9445,#9447,#9449,#9451));
#9453=FACE_BOUND('',#9452,.F.);
#9455=ORIENTED_EDGE('',*,*,#9454,.T.);
#9457=ORIENTED_EDGE('',*,*,#9456,.T.);
#9459=ORIENTED_EDGE('',*,*,#9458,.F.);
#9461=ORIENTED_EDGE('',*,*,#9460,.F.);
#9462=EDGE_LOOP('',(#9455,#9457,#9459,#9461));
#9463=FACE_BOUND('',#9462,.F.);
#9465=ORIENTED_EDGE('',*,*,#9464,.T.);
#9467=ORIENTED_EDGE('',*,*,#9466,.T.);
#9469=ORIENTED_EDGE('',*,*,#9468,.F.);
#9471=ORIENTED_EDGE('',*,*,#9470,.F.);
#9472=EDGE_LOOP('',(#9465,#9467,#9469,#9471));
#9473=FACE_BOUND('',#9472,.F.);
#9475=ORIENTED_EDGE('',*,*,#9474,.T.);
#9477=ORIENTED_EDGE('',*,*,#9476,.T.);
#9479=ORIENTED_EDGE('',*,*,#9478,.F.);
#9481=ORIENTED_EDGE('',*,*,#9480,.F.);
#9482=EDGE_LOOP('',(#9475,#9477,#9479,#9481));
#9483=FACE_BOUND('',#9482,.F.);
#9485=ORIENTED_EDGE('',*,*,#9484,.T.);
#9487=ORIENTED_EDGE('',*,*,#9486,.T.);
#9489=ORIENTED_EDGE('',*,*,#9488,.F.);
#9491=ORIENTED_EDGE('',*,*,#9490,.F.);
#9492=EDGE_LOOP('',(#9485,#9487,#9489,#9491));
#9493=FACE_BOUND('',#9492,.F.);
#9495=ORIENTED_EDGE('',*,*,#9494,.T.);
#9497=ORIENTED_EDGE('',*,*,#9496,.T.);
#9499=ORIENTED_EDGE('',*,*,#9498,.F.);
#9501=ORIENTED_EDGE('',*,*,#9500,.F.);
#9502=EDGE_LOOP('',(#9495,#9497,#9499,#9501));
#9503=FACE_BOUND('',#9502,.F.);
#9505=ORIENTED_EDGE('',*,*,#9504,.T.);
#9507=ORIENTED_EDGE('',*,*,#9506,.T.);
#9509=ORIENTED_EDGE('',*,*,#9508,.F.);
#9511=ORIENTED_EDGE('',*,*,#9510,.F.);
#9512=EDGE_LOOP('',(#9505,#9507,#9509,#9511));
#9513=FACE_BOUND('',#9512,.F.);
#9515=ORIENTED_EDGE('',*,*,#9514,.T.);
#9517=ORIENTED_EDGE('',*,*,#9516,.T.);
#9519=ORIENTED_EDGE('',*,*,#9518,.F.);
#9521=ORIENTED_EDGE('',*,*,#9520,.F.);
#9522=EDGE_LOOP('',(#9515,#9517,#9519,#9521));
#9523=FACE_BOUND('',#9522,.F.);
#9525=ORIENTED_EDGE('',*,*,#9524,.T.);
#9527=ORIENTED_EDGE('',*,*,#9526,.T.);
#9529=ORIENTED_EDGE('',*,*,#9528,.F.);
#9531=ORIENTED_EDGE('',*,*,#9530,.F.);
#9532=EDGE_LOOP('',(#9525,#9527,#9529,#9531));
#9533=FACE_BOUND('',#9532,.F.);
#9535=ORIENTED_EDGE('',*,*,#9534,.T.);
#9537=ORIENTED_EDGE('',*,*,#9536,.T.);
#9539=ORIENTED_EDGE('',*,*,#9538,.F.);
#9541=ORIENTED_EDGE('',*,*,#9540,.F.);
#9542=EDGE_LOOP('',(#9535,#9537,#9539,#9541));
#9543=FACE_BOUND('',#9542,.F.);
#9545=ORIENTED_EDGE('',*,*,#9544,.T.);
#9547=ORIENTED_EDGE('',*,*,#9546,.T.);
#9549=ORIENTED_EDGE('',*,*,#9548,.F.);
#9551=ORIENTED_EDGE('',*,*,#9550,.F.);
#9552=EDGE_LOOP('',(#9545,#9547,#9549,#9551));
#9553=FACE_BOUND('',#9552,.F.);
#9555=ORIENTED_EDGE('',*,*,#9554,.T.);
#9557=ORIENTED_EDGE('',*,*,#9556,.T.);
#9559=ORIENTED_EDGE('',*,*,#9558,.F.);
#9561=ORIENTED_EDGE('',*,*,#9560,.F.);
#9562=EDGE_LOOP('',(#9555,#9557,#9559,#9561));
#9563=FACE_BOUND('',#9562,.F.);
#9565=ORIENTED_EDGE('',*,*,#9564,.T.);
#9567=ORIENTED_EDGE('',*,*,#9566,.T.);
#9569=ORIENTED_EDGE('',*,*,#9568,.F.);
#9571=ORIENTED_EDGE('',*,*,#9570,.F.);
#9572=EDGE_LOOP('',(#9565,#9567,#9569,#9571));
#9573=FACE_BOUND('',#9572,.F.);
#9575=ORIENTED_EDGE('',*,*,#9574,.T.);
#9577=ORIENTED_EDGE('',*,*,#9576,.T.);
#9579=ORIENTED_EDGE('',*,*,#9578,.F.);
#9581=ORIENTED_EDGE('',*,*,#9580,.F.);
#9582=EDGE_LOOP('',(#9575,#9577,#9579,#9581));
#9583=FACE_BOUND('',#9582,.F.);
#9585=ORIENTED_EDGE('',*,*,#9584,.T.);
#9587=ORIENTED_EDGE('',*,*,#9586,.T.);
#9589=ORIENTED_EDGE('',*,*,#9588,.F.);
#9591=ORIENTED_EDGE('',*,*,#9590,.F.);
#9592=EDGE_LOOP('',(#9585,#9587,#9589,#9591));
#9593=FACE_BOUND('',#9592,.F.);
#9595=ORIENTED_EDGE('',*,*,#9594,.T.);
#9597=ORIENTED_EDGE('',*,*,#9596,.T.);
#9599=ORIENTED_EDGE('',*,*,#9598,.F.);
#9601=ORIENTED_EDGE('',*,*,#9600,.F.);
#9602=EDGE_LOOP('',(#9595,#9597,#9599,#9601));
#9603=FACE_BOUND('',#9602,.F.);
#9605=ORIENTED_EDGE('',*,*,#9604,.T.);
#9607=ORIENTED_EDGE('',*,*,#9606,.T.);
#9609=ORIENTED_EDGE('',*,*,#9608,.F.);
#9611=ORIENTED_EDGE('',*,*,#9610,.F.);
#9612=EDGE_LOOP('',(#9605,#9607,#9609,#9611));
#9613=FACE_BOUND('',#9612,.F.);
#9615=ORIENTED_EDGE('',*,*,#9614,.T.);
#9617=ORIENTED_EDGE('',*,*,#9616,.T.);
#9619=ORIENTED_EDGE('',*,*,#9618,.F.);
#9621=ORIENTED_EDGE('',*,*,#9620,.F.);
#9622=EDGE_LOOP('',(#9615,#9617,#9619,#9621));
#9623=FACE_BOUND('',#9622,.F.);
#9625=ORIENTED_EDGE('',*,*,#9624,.T.);
#9627=ORIENTED_EDGE('',*,*,#9626,.T.);
#9629=ORIENTED_EDGE('',*,*,#9628,.F.);
#9631=ORIENTED_EDGE('',*,*,#9630,.F.);
#9632=EDGE_LOOP('',(#9625,#9627,#9629,#9631));
#9633=FACE_BOUND('',#9632,.F.);
#9635=ORIENTED_EDGE('',*,*,#9634,.T.);
#9637=ORIENTED_EDGE('',*,*,#9636,.T.);
#9639=ORIENTED_EDGE('',*,*,#9638,.F.);
#9641=ORIENTED_EDGE('',*,*,#9640,.F.);
#9642=EDGE_LOOP('',(#9635,#9637,#9639,#9641));
#9643=FACE_BOUND('',#9642,.F.);
#9644=ADVANCED_FACE('',(#9403,#9413,#9423,#9433,#9443,#9453,#9463,#9473,#9483,
#9493,#9503,#9513,#9523,#9533,#9543,#9553,#9563,#9573,#9583,#9593,#9603,#9613,
#9623,#9633,#9643),#9253,.F.);
#9645=CARTESIAN_POINT('',(-1.428E1,0.E0,0.E0));
#9646=DIRECTION('',(1.E0,0.E0,0.E0));
#9647=DIRECTION('',(0.E0,0.E0,-1.E0));
#9648=AXIS2_PLACEMENT_3D('',#9645,#9646,#9647);
#9649=PLANE('',#9648);
#9651=ORIENTED_EDGE('',*,*,#9650,.F.);
#9653=ORIENTED_EDGE('',*,*,#9652,.T.);
#9655=ORIENTED_EDGE('',*,*,#9654,.T.);
#9657=ORIENTED_EDGE('',*,*,#9656,.T.);
#9658=EDGE_LOOP('',(#9651,#9653,#9655,#9657));
#9659=FACE_OUTER_BOUND('',#9658,.F.);
#9660=ADVANCED_FACE('',(#9659),#9649,.F.);
#9661=CARTESIAN_POINT('',(-1.428E1,0.E0,0.E0));
#9662=DIRECTION('',(1.E0,0.E0,0.E0));
#9663=DIRECTION('',(0.E0,0.E0,-1.E0));
#9664=AXIS2_PLACEMENT_3D('',#9661,#9662,#9663);
#9665=PLANE('',#9664);
#9667=ORIENTED_EDGE('',*,*,#9666,.F.);
#9669=ORIENTED_EDGE('',*,*,#9668,.T.);
#9671=ORIENTED_EDGE('',*,*,#9670,.T.);
#9673=ORIENTED_EDGE('',*,*,#9672,.T.);
#9674=EDGE_LOOP('',(#9667,#9669,#9671,#9673));
#9675=FACE_OUTER_BOUND('',#9674,.F.);
#9676=ADVANCED_FACE('',(#9675),#9665,.F.);
#9677=CARTESIAN_POINT('',(-1.428E1,0.E0,0.E0));
#9678=DIRECTION('',(1.E0,0.E0,0.E0));
#9679=DIRECTION('',(0.E0,0.E0,-1.E0));
#9680=AXIS2_PLACEMENT_3D('',#9677,#9678,#9679);
#9681=PLANE('',#9680);
#9683=ORIENTED_EDGE('',*,*,#9682,.F.);
#9685=ORIENTED_EDGE('',*,*,#9684,.T.);
#9686=ORIENTED_EDGE('',*,*,#9404,.F.);
#9688=ORIENTED_EDGE('',*,*,#9687,.T.);
#9689=EDGE_LOOP('',(#9683,#9685,#9686,#9688));
#9690=FACE_OUTER_BOUND('',#9689,.F.);
#9691=ADVANCED_FACE('',(#9690),#9681,.F.);
#9692=CARTESIAN_POINT('',(-1.428E1,0.E0,0.E0));
#9693=DIRECTION('',(1.E0,0.E0,0.E0));
#9694=DIRECTION('',(0.E0,0.E0,-1.E0));
#9695=AXIS2_PLACEMENT_3D('',#9692,#9693,#9694);
#9696=PLANE('',#9695);
#9698=ORIENTED_EDGE('',*,*,#9697,.F.);
#9700=ORIENTED_EDGE('',*,*,#9699,.T.);
#9701=ORIENTED_EDGE('',*,*,#9634,.F.);
#9703=ORIENTED_EDGE('',*,*,#9702,.T.);
#9704=EDGE_LOOP('',(#9698,#9700,#9701,#9703));
#9705=FACE_OUTER_BOUND('',#9704,.F.);
#9706=ADVANCED_FACE('',(#9705),#9696,.F.);
#9707=CARTESIAN_POINT('',(-1.418E1,4.E0,1.27E0));
#9708=DIRECTION('',(-9.701425001453E-1,2.425356250363E-1,0.E0));
#9709=DIRECTION('',(2.425356250363E-1,9.701425001453E-1,0.E0));
#9710=AXIS2_PLACEMENT_3D('',#9707,#9708,#9709);
#9711=PLANE('',#9710);
#9712=ORIENTED_EDGE('',*,*,#9650,.T.);
#9714=ORIENTED_EDGE('',*,*,#9713,.F.);
#9716=ORIENTED_EDGE('',*,*,#9715,.F.);
#9718=ORIENTED_EDGE('',*,*,#9717,.T.);
#9719=EDGE_LOOP('',(#9712,#9714,#9716,#9718));
#9720=FACE_OUTER_BOUND('',#9719,.F.);
#9721=ADVANCED_FACE('',(#9720),#9711,.T.);
#9722=CARTESIAN_POINT('',(-1.397E1,4.E0,1.06E0));
#9723=DIRECTION('',(0.E0,2.425356250363E-1,-9.701425001453E-1));
#9724=DIRECTION('',(0.E0,-9.701425001453E-1,-2.425356250363E-1));
#9725=AXIS2_PLACEMENT_3D('',#9722,#9723,#9724);
#9726=PLANE('',#9725);
#9728=ORIENTED_EDGE('',*,*,#9727,.F.);
#9730=ORIENTED_EDGE('',*,*,#9729,.F.);
#9732=ORIENTED_EDGE('',*,*,#9731,.T.);
#9733=ORIENTED_EDGE('',*,*,#9713,.T.);
#9734=EDGE_LOOP('',(#9728,#9730,#9732,#9733));
#9735=FACE_OUTER_BOUND('',#9734,.F.);
#9736=ADVANCED_FACE('',(#9735),#9726,.T.);
#9737=CARTESIAN_POINT('',(-1.428E1,-7.75E0,9.6E-1));
#9738=DIRECTION('',(0.E0,0.E0,-1.E0));
#9739=DIRECTION('',(0.E0,1.E0,0.E0));
#9740=AXIS2_PLACEMENT_3D('',#9737,#9738,#9739);
#9741=PLANE('',#9740);
#9742=ORIENTED_EDGE('',*,*,#9727,.T.);
#9743=ORIENTED_EDGE('',*,*,#9656,.F.);
#9745=ORIENTED_EDGE('',*,*,#9744,.T.);
#9747=ORIENTED_EDGE('',*,*,#9746,.T.);
#9748=EDGE_LOOP('',(#9742,#9743,#9745,#9747));
#9749=FACE_OUTER_BOUND('',#9748,.F.);
#9750=ADVANCED_FACE('',(#9749),#9741,.T.);
#9751=CARTESIAN_POINT('',(-1.428E1,-7.75E0,9.6E-1));
#9752=DIRECTION('',(0.E0,0.E0,-1.E0));
#9753=DIRECTION('',(0.E0,1.E0,0.E0));
#9754=AXIS2_PLACEMENT_3D('',#9751,#9752,#9753);
#9755=PLANE('',#9754);
#9757=ORIENTED_EDGE('',*,*,#9756,.F.);
#9759=ORIENTED_EDGE('',*,*,#9758,.T.);
#9760=ORIENTED_EDGE('',*,*,#9636,.F.);
#9761=ORIENTED_EDGE('',*,*,#9699,.F.);
#9762=EDGE_LOOP('',(#9757,#9759,#9760,#9761));
#9763=FACE_OUTER_BOUND('',#9762,.F.);
#9764=ADVANCED_FACE('',(#9763),#9755,.T.);
#9765=CARTESIAN_POINT('',(0.E0,1.E0,0.E0));
#9766=DIRECTION('',(0.E0,1.E0,0.E0));
#9767=DIRECTION('',(1.E0,0.E0,0.E0));
#9768=AXIS2_PLACEMENT_3D('',#9765,#9766,#9767);
#9769=PLANE('',#9768);
#9771=ORIENTED_EDGE('',*,*,#9770,.T.);
#9773=ORIENTED_EDGE('',*,*,#9772,.T.);
#9775=ORIENTED_EDGE('',*,*,#9774,.F.);
#9777=ORIENTED_EDGE('',*,*,#9776,.F.);
#9779=ORIENTED_EDGE('',*,*,#9778,.F.);
#9781=ORIENTED_EDGE('',*,*,#9780,.F.);
#9783=ORIENTED_EDGE('',*,*,#9782,.F.);
#9785=ORIENTED_EDGE('',*,*,#9784,.T.);
#9787=ORIENTED_EDGE('',*,*,#9786,.T.);
#9789=ORIENTED_EDGE('',*,*,#9788,.F.);
#9791=ORIENTED_EDGE('',*,*,#9790,.T.);
#9793=ORIENTED_EDGE('',*,*,#9792,.T.);
#9795=ORIENTED_EDGE('',*,*,#9794,.F.);
#9797=ORIENTED_EDGE('',*,*,#9796,.T.);
#9799=ORIENTED_EDGE('',*,*,#9798,.T.);
#9801=ORIENTED_EDGE('',*,*,#9800,.F.);
#9803=ORIENTED_EDGE('',*,*,#9802,.T.);
#9805=ORIENTED_EDGE('',*,*,#9804,.T.);
#9807=ORIENTED_EDGE('',*,*,#9806,.F.);
#9809=ORIENTED_EDGE('',*,*,#9808,.T.);
#9811=ORIENTED_EDGE('',*,*,#9810,.T.);
#9813=ORIENTED_EDGE('',*,*,#9812,.F.);
#9815=ORIENTED_EDGE('',*,*,#9814,.T.);
#9817=ORIENTED_EDGE('',*,*,#9816,.T.);
#9819=ORIENTED_EDGE('',*,*,#9818,.F.);
#9821=ORIENTED_EDGE('',*,*,#9820,.T.);
#9823=ORIENTED_EDGE('',*,*,#9822,.T.);
#9825=ORIENTED_EDGE('',*,*,#9824,.F.);
#9827=ORIENTED_EDGE('',*,*,#9826,.T.);
#9829=ORIENTED_EDGE('',*,*,#9828,.T.);
#9831=ORIENTED_EDGE('',*,*,#9830,.F.);
#9833=ORIENTED_EDGE('',*,*,#9832,.T.);
#9835=ORIENTED_EDGE('',*,*,#9834,.T.);
#9837=ORIENTED_EDGE('',*,*,#9836,.F.);
#9839=ORIENTED_EDGE('',*,*,#9838,.T.);
#9841=ORIENTED_EDGE('',*,*,#9840,.T.);
#9843=ORIENTED_EDGE('',*,*,#9842,.F.);
#9845=ORIENTED_EDGE('',*,*,#9844,.T.);
#9847=ORIENTED_EDGE('',*,*,#9846,.T.);
#9849=ORIENTED_EDGE('',*,*,#9848,.F.);
#9851=ORIENTED_EDGE('',*,*,#9850,.F.);
#9853=ORIENTED_EDGE('',*,*,#9852,.F.);
#9855=ORIENTED_EDGE('',*,*,#9854,.F.);
#9857=ORIENTED_EDGE('',*,*,#9856,.F.);
#9859=ORIENTED_EDGE('',*,*,#9858,.T.);
#9861=ORIENTED_EDGE('',*,*,#9860,.T.);
#9863=ORIENTED_EDGE('',*,*,#9862,.F.);
#9865=ORIENTED_EDGE('',*,*,#9864,.T.);
#9867=ORIENTED_EDGE('',*,*,#9866,.T.);
#9869=ORIENTED_EDGE('',*,*,#9868,.F.);
#9871=ORIENTED_EDGE('',*,*,#9870,.T.);
#9873=ORIENTED_EDGE('',*,*,#9872,.T.);
#9875=ORIENTED_EDGE('',*,*,#9874,.F.);
#9877=ORIENTED_EDGE('',*,*,#9876,.T.);
#9879=ORIENTED_EDGE('',*,*,#9878,.T.);
#9881=ORIENTED_EDGE('',*,*,#9880,.F.);
#9883=ORIENTED_EDGE('',*,*,#9882,.T.);
#9885=ORIENTED_EDGE('',*,*,#9884,.T.);
#9887=ORIENTED_EDGE('',*,*,#9886,.F.);
#9889=ORIENTED_EDGE('',*,*,#9888,.T.);
#9891=ORIENTED_EDGE('',*,*,#9890,.T.);
#9893=ORIENTED_EDGE('',*,*,#9892,.F.);
#9895=ORIENTED_EDGE('',*,*,#9894,.T.);
#9897=ORIENTED_EDGE('',*,*,#9896,.T.);
#9899=ORIENTED_EDGE('',*,*,#9898,.F.);
#9901=ORIENTED_EDGE('',*,*,#9900,.T.);
#9903=ORIENTED_EDGE('',*,*,#9902,.T.);
#9905=ORIENTED_EDGE('',*,*,#9904,.F.);
#9907=ORIENTED_EDGE('',*,*,#9906,.T.);
#9909=ORIENTED_EDGE('',*,*,#9908,.T.);
#9911=ORIENTED_EDGE('',*,*,#9910,.F.);
#9913=ORIENTED_EDGE('',*,*,#9912,.T.);
#9915=ORIENTED_EDGE('',*,*,#9914,.T.);
#9917=ORIENTED_EDGE('',*,*,#9916,.F.);
#9918=EDGE_LOOP('',(#9771,#9773,#9775,#9777,#9779,#9781,#9783,#9785,#9787,#9789,
#9791,#9793,#9795,#9797,#9799,#9801,#9803,#9805,#9807,#9809,#9811,#9813,#9815,
#9817,#9819,#9821,#9823,#9825,#9827,#9829,#9831,#9833,#9835,#9837,#9839,#9841,
#9843,#9845,#9847,#9849,#9851,#9853,#9855,#9857,#9859,#9861,#9863,#9865,#9867,
#9869,#9871,#9873,#9875,#9877,#9879,#9881,#9883,#9885,#9887,#9889,#9891,#9893,
#9895,#9897,#9899,#9901,#9903,#9905,#9907,#9909,#9911,#9913,#9915,#9917));
#9919=FACE_OUTER_BOUND('',#9918,.F.);
#9921=ORIENTED_EDGE('',*,*,#9920,.T.);
#9923=ORIENTED_EDGE('',*,*,#9922,.T.);
#9925=ORIENTED_EDGE('',*,*,#9924,.T.);
#9927=ORIENTED_EDGE('',*,*,#9926,.T.);
#9928=EDGE_LOOP('',(#9921,#9923,#9925,#9927));
#9929=FACE_BOUND('',#9928,.F.);
#9931=ORIENTED_EDGE('',*,*,#9930,.T.);
#9933=ORIENTED_EDGE('',*,*,#9932,.T.);
#9935=ORIENTED_EDGE('',*,*,#9934,.T.);
#9937=ORIENTED_EDGE('',*,*,#9936,.T.);
#9938=EDGE_LOOP('',(#9931,#9933,#9935,#9937));
#9939=FACE_BOUND('',#9938,.F.);
#9941=ORIENTED_EDGE('',*,*,#9940,.T.);
#9943=ORIENTED_EDGE('',*,*,#9942,.T.);
#9945=ORIENTED_EDGE('',*,*,#9944,.T.);
#9947=ORIENTED_EDGE('',*,*,#9946,.T.);
#9948=EDGE_LOOP('',(#9941,#9943,#9945,#9947));
#9949=FACE_BOUND('',#9948,.F.);
#9951=ORIENTED_EDGE('',*,*,#9950,.T.);
#9953=ORIENTED_EDGE('',*,*,#9952,.T.);
#9955=ORIENTED_EDGE('',*,*,#9954,.T.);
#9957=ORIENTED_EDGE('',*,*,#9956,.T.);
#9958=EDGE_LOOP('',(#9951,#9953,#9955,#9957));
#9959=FACE_BOUND('',#9958,.F.);
#9961=ORIENTED_EDGE('',*,*,#9960,.T.);
#9963=ORIENTED_EDGE('',*,*,#9962,.T.);
#9965=ORIENTED_EDGE('',*,*,#9964,.T.);
#9967=ORIENTED_EDGE('',*,*,#9966,.T.);
#9968=EDGE_LOOP('',(#9961,#9963,#9965,#9967));
#9969=FACE_BOUND('',#9968,.F.);
#9971=ORIENTED_EDGE('',*,*,#9970,.T.);
#9973=ORIENTED_EDGE('',*,*,#9972,.T.);
#9975=ORIENTED_EDGE('',*,*,#9974,.T.);
#9977=ORIENTED_EDGE('',*,*,#9976,.T.);
#9978=EDGE_LOOP('',(#9971,#9973,#9975,#9977));
#9979=FACE_BOUND('',#9978,.F.);
#9981=ORIENTED_EDGE('',*,*,#9980,.T.);
#9983=ORIENTED_EDGE('',*,*,#9982,.T.);
#9985=ORIENTED_EDGE('',*,*,#9984,.T.);
#9987=ORIENTED_EDGE('',*,*,#9986,.T.);
#9988=EDGE_LOOP('',(#9981,#9983,#9985,#9987));
#9989=FACE_BOUND('',#9988,.F.);
#9991=ORIENTED_EDGE('',*,*,#9990,.T.);
#9993=ORIENTED_EDGE('',*,*,#9992,.T.);
#9995=ORIENTED_EDGE('',*,*,#9994,.T.);
#9997=ORIENTED_EDGE('',*,*,#9996,.T.);
#9998=EDGE_LOOP('',(#9991,#9993,#9995,#9997));
#9999=FACE_BOUND('',#9998,.F.);
#10001=ORIENTED_EDGE('',*,*,#10000,.T.);
#10003=ORIENTED_EDGE('',*,*,#10002,.T.);
#10005=ORIENTED_EDGE('',*,*,#10004,.T.);
#10007=ORIENTED_EDGE('',*,*,#10006,.T.);
#10008=EDGE_LOOP('',(#10001,#10003,#10005,#10007));
#10009=FACE_BOUND('',#10008,.F.);
#10011=ORIENTED_EDGE('',*,*,#10010,.T.);
#10013=ORIENTED_EDGE('',*,*,#10012,.T.);
#10015=ORIENTED_EDGE('',*,*,#10014,.T.);
#10017=ORIENTED_EDGE('',*,*,#10016,.T.);
#10018=EDGE_LOOP('',(#10011,#10013,#10015,#10017));
#10019=FACE_BOUND('',#10018,.F.);
#10021=ORIENTED_EDGE('',*,*,#10020,.T.);
#10023=ORIENTED_EDGE('',*,*,#10022,.T.);
#10025=ORIENTED_EDGE('',*,*,#10024,.T.);
#10027=ORIENTED_EDGE('',*,*,#10026,.T.);
#10028=EDGE_LOOP('',(#10021,#10023,#10025,#10027));
#10029=FACE_BOUND('',#10028,.F.);
#10031=ORIENTED_EDGE('',*,*,#10030,.T.);
#10033=ORIENTED_EDGE('',*,*,#10032,.T.);
#10035=ORIENTED_EDGE('',*,*,#10034,.T.);
#10037=ORIENTED_EDGE('',*,*,#10036,.T.);
#10038=EDGE_LOOP('',(#10031,#10033,#10035,#10037));
#10039=FACE_BOUND('',#10038,.F.);
#10041=ORIENTED_EDGE('',*,*,#10040,.T.);
#10043=ORIENTED_EDGE('',*,*,#10042,.T.);
#10045=ORIENTED_EDGE('',*,*,#10044,.T.);
#10047=ORIENTED_EDGE('',*,*,#10046,.T.);
#10048=EDGE_LOOP('',(#10041,#10043,#10045,#10047));
#10049=FACE_BOUND('',#10048,.F.);
#10051=ORIENTED_EDGE('',*,*,#10050,.T.);
#10053=ORIENTED_EDGE('',*,*,#10052,.T.);
#10055=ORIENTED_EDGE('',*,*,#10054,.T.);
#10057=ORIENTED_EDGE('',*,*,#10056,.T.);
#10058=EDGE_LOOP('',(#10051,#10053,#10055,#10057));
#10059=FACE_BOUND('',#10058,.F.);
#10061=ORIENTED_EDGE('',*,*,#10060,.T.);
#10063=ORIENTED_EDGE('',*,*,#10062,.T.);
#10065=ORIENTED_EDGE('',*,*,#10064,.T.);
#10067=ORIENTED_EDGE('',*,*,#10066,.T.);
#10068=EDGE_LOOP('',(#10061,#10063,#10065,#10067));
#10069=FACE_BOUND('',#10068,.F.);
#10071=ORIENTED_EDGE('',*,*,#10070,.T.);
#10073=ORIENTED_EDGE('',*,*,#10072,.T.);
#10075=ORIENTED_EDGE('',*,*,#10074,.T.);
#10077=ORIENTED_EDGE('',*,*,#10076,.T.);
#10078=EDGE_LOOP('',(#10071,#10073,#10075,#10077));
#10079=FACE_BOUND('',#10078,.F.);
#10081=ORIENTED_EDGE('',*,*,#10080,.T.);
#10083=ORIENTED_EDGE('',*,*,#10082,.T.);
#10085=ORIENTED_EDGE('',*,*,#10084,.T.);
#10087=ORIENTED_EDGE('',*,*,#10086,.T.);
#10088=EDGE_LOOP('',(#10081,#10083,#10085,#10087));
#10089=FACE_BOUND('',#10088,.F.);
#10091=ORIENTED_EDGE('',*,*,#10090,.T.);
#10093=ORIENTED_EDGE('',*,*,#10092,.T.);
#10095=ORIENTED_EDGE('',*,*,#10094,.T.);
#10097=ORIENTED_EDGE('',*,*,#10096,.T.);
#10098=EDGE_LOOP('',(#10091,#10093,#10095,#10097));
#10099=FACE_BOUND('',#10098,.F.);
#10101=ORIENTED_EDGE('',*,*,#10100,.T.);
#10103=ORIENTED_EDGE('',*,*,#10102,.T.);
#10105=ORIENTED_EDGE('',*,*,#10104,.T.);
#10107=ORIENTED_EDGE('',*,*,#10106,.T.);
#10108=EDGE_LOOP('',(#10101,#10103,#10105,#10107));
#10109=FACE_BOUND('',#10108,.F.);
#10111=ORIENTED_EDGE('',*,*,#10110,.T.);
#10113=ORIENTED_EDGE('',*,*,#10112,.T.);
#10115=ORIENTED_EDGE('',*,*,#10114,.T.);
#10117=ORIENTED_EDGE('',*,*,#10116,.T.);
#10118=EDGE_LOOP('',(#10111,#10113,#10115,#10117));
#10119=FACE_BOUND('',#10118,.F.);
#10121=ORIENTED_EDGE('',*,*,#10120,.T.);
#10123=ORIENTED_EDGE('',*,*,#10122,.T.);
#10125=ORIENTED_EDGE('',*,*,#10124,.T.);
#10127=ORIENTED_EDGE('',*,*,#10126,.T.);
#10128=EDGE_LOOP('',(#10121,#10123,#10125,#10127));
#10129=FACE_BOUND('',#10128,.F.);
#10131=ORIENTED_EDGE('',*,*,#10130,.T.);
#10133=ORIENTED_EDGE('',*,*,#10132,.T.);
#10135=ORIENTED_EDGE('',*,*,#10134,.T.);
#10137=ORIENTED_EDGE('',*,*,#10136,.T.);
#10138=EDGE_LOOP('',(#10131,#10133,#10135,#10137));
#10139=FACE_BOUND('',#10138,.F.);
#10141=ORIENTED_EDGE('',*,*,#10140,.T.);
#10143=ORIENTED_EDGE('',*,*,#10142,.T.);
#10145=ORIENTED_EDGE('',*,*,#10144,.T.);
#10147=ORIENTED_EDGE('',*,*,#10146,.T.);
#10148=EDGE_LOOP('',(#10141,#10143,#10145,#10147));
#10149=FACE_BOUND('',#10148,.F.);
#10151=ORIENTED_EDGE('',*,*,#10150,.T.);
#10153=ORIENTED_EDGE('',*,*,#10152,.T.);
#10155=ORIENTED_EDGE('',*,*,#10154,.T.);
#10157=ORIENTED_EDGE('',*,*,#10156,.T.);
#10158=EDGE_LOOP('',(#10151,#10153,#10155,#10157));
#10159=FACE_BOUND('',#10158,.F.);
#10161=ORIENTED_EDGE('',*,*,#10160,.T.);
#10163=ORIENTED_EDGE('',*,*,#10162,.T.);
#10165=ORIENTED_EDGE('',*,*,#10164,.T.);
#10167=ORIENTED_EDGE('',*,*,#10166,.T.);
#10168=EDGE_LOOP('',(#10161,#10163,#10165,#10167));
#10169=FACE_BOUND('',#10168,.F.);
#10171=ORIENTED_EDGE('',*,*,#10170,.T.);
#10173=ORIENTED_EDGE('',*,*,#10172,.T.);
#10175=ORIENTED_EDGE('',*,*,#10174,.T.);
#10177=ORIENTED_EDGE('',*,*,#10176,.T.);
#10178=EDGE_LOOP('',(#10171,#10173,#10175,#10177));
#10179=FACE_BOUND('',#10178,.F.);
#10181=ORIENTED_EDGE('',*,*,#10180,.T.);
#10183=ORIENTED_EDGE('',*,*,#10182,.T.);
#10185=ORIENTED_EDGE('',*,*,#10184,.T.);
#10187=ORIENTED_EDGE('',*,*,#10186,.T.);
#10188=EDGE_LOOP('',(#10181,#10183,#10185,#10187));
#10189=FACE_BOUND('',#10188,.F.);
#10191=ORIENTED_EDGE('',*,*,#10190,.T.);
#10193=ORIENTED_EDGE('',*,*,#10192,.T.);
#10195=ORIENTED_EDGE('',*,*,#10194,.T.);
#10197=ORIENTED_EDGE('',*,*,#10196,.T.);
#10198=EDGE_LOOP('',(#10191,#10193,#10195,#10197));
#10199=FACE_BOUND('',#10198,.F.);
#10201=ORIENTED_EDGE('',*,*,#10200,.T.);
#10203=ORIENTED_EDGE('',*,*,#10202,.T.);
#10205=ORIENTED_EDGE('',*,*,#10204,.T.);
#10207=ORIENTED_EDGE('',*,*,#10206,.T.);
#10208=EDGE_LOOP('',(#10201,#10203,#10205,#10207));
#10209=FACE_BOUND('',#10208,.F.);
#10211=ORIENTED_EDGE('',*,*,#10210,.T.);
#10213=ORIENTED_EDGE('',*,*,#10212,.T.);
#10215=ORIENTED_EDGE('',*,*,#10214,.T.);
#10217=ORIENTED_EDGE('',*,*,#10216,.T.);
#10218=EDGE_LOOP('',(#10211,#10213,#10215,#10217));
#10219=FACE_BOUND('',#10218,.F.);
#10221=ORIENTED_EDGE('',*,*,#10220,.T.);
#10223=ORIENTED_EDGE('',*,*,#10222,.T.);
#10225=ORIENTED_EDGE('',*,*,#10224,.T.);
#10227=ORIENTED_EDGE('',*,*,#10226,.T.);
#10228=EDGE_LOOP('',(#10221,#10223,#10225,#10227));
#10229=FACE_BOUND('',#10228,.F.);
#10231=ORIENTED_EDGE('',*,*,#10230,.T.);
#10233=ORIENTED_EDGE('',*,*,#10232,.T.);
#10235=ORIENTED_EDGE('',*,*,#10234,.T.);
#10237=ORIENTED_EDGE('',*,*,#10236,.T.);
#10238=EDGE_LOOP('',(#10231,#10233,#10235,#10237));
#10239=FACE_BOUND('',#10238,.F.);
#10241=ORIENTED_EDGE('',*,*,#10240,.T.);
#10243=ORIENTED_EDGE('',*,*,#10242,.T.);
#10245=ORIENTED_EDGE('',*,*,#10244,.T.);
#10247=ORIENTED_EDGE('',*,*,#10246,.T.);
#10248=EDGE_LOOP('',(#10241,#10243,#10245,#10247));
#10249=FACE_BOUND('',#10248,.F.);
#10251=ORIENTED_EDGE('',*,*,#10250,.T.);
#10253=ORIENTED_EDGE('',*,*,#10252,.T.);
#10255=ORIENTED_EDGE('',*,*,#10254,.T.);
#10257=ORIENTED_EDGE('',*,*,#10256,.T.);
#10258=EDGE_LOOP('',(#10251,#10253,#10255,#10257));
#10259=FACE_BOUND('',#10258,.F.);
#10261=ORIENTED_EDGE('',*,*,#10260,.T.);
#10263=ORIENTED_EDGE('',*,*,#10262,.T.);
#10265=ORIENTED_EDGE('',*,*,#10264,.T.);
#10267=ORIENTED_EDGE('',*,*,#10266,.T.);
#10268=EDGE_LOOP('',(#10261,#10263,#10265,#10267));
#10269=FACE_BOUND('',#10268,.F.);
#10271=ORIENTED_EDGE('',*,*,#10270,.T.);
#10273=ORIENTED_EDGE('',*,*,#10272,.T.);
#10275=ORIENTED_EDGE('',*,*,#10274,.T.);
#10277=ORIENTED_EDGE('',*,*,#10276,.T.);
#10278=EDGE_LOOP('',(#10271,#10273,#10275,#10277));
#10279=FACE_BOUND('',#10278,.F.);
#10281=ORIENTED_EDGE('',*,*,#10280,.T.);
#10283=ORIENTED_EDGE('',*,*,#10282,.T.);
#10285=ORIENTED_EDGE('',*,*,#10284,.T.);
#10287=ORIENTED_EDGE('',*,*,#10286,.T.);
#10288=EDGE_LOOP('',(#10281,#10283,#10285,#10287));
#10289=FACE_BOUND('',#10288,.F.);
#10291=ORIENTED_EDGE('',*,*,#10290,.T.);
#10293=ORIENTED_EDGE('',*,*,#10292,.T.);
#10295=ORIENTED_EDGE('',*,*,#10294,.T.);
#10297=ORIENTED_EDGE('',*,*,#10296,.T.);
#10298=EDGE_LOOP('',(#10291,#10293,#10295,#10297));
#10299=FACE_BOUND('',#10298,.F.);
#10301=ORIENTED_EDGE('',*,*,#10300,.T.);
#10303=ORIENTED_EDGE('',*,*,#10302,.T.);
#10305=ORIENTED_EDGE('',*,*,#10304,.T.);
#10307=ORIENTED_EDGE('',*,*,#10306,.T.);
#10308=EDGE_LOOP('',(#10301,#10303,#10305,#10307));
#10309=FACE_BOUND('',#10308,.F.);
#10311=ORIENTED_EDGE('',*,*,#10310,.T.);
#10313=ORIENTED_EDGE('',*,*,#10312,.T.);
#10315=ORIENTED_EDGE('',*,*,#10314,.T.);
#10317=ORIENTED_EDGE('',*,*,#10316,.T.);
#10318=EDGE_LOOP('',(#10311,#10313,#10315,#10317));
#10319=FACE_BOUND('',#10318,.F.);
#10321=ORIENTED_EDGE('',*,*,#10320,.T.);
#10323=ORIENTED_EDGE('',*,*,#10322,.T.);
#10325=ORIENTED_EDGE('',*,*,#10324,.T.);
#10327=ORIENTED_EDGE('',*,*,#10326,.T.);
#10328=EDGE_LOOP('',(#10321,#10323,#10325,#10327));
#10329=FACE_BOUND('',#10328,.F.);
#10331=ORIENTED_EDGE('',*,*,#10330,.T.);
#10333=ORIENTED_EDGE('',*,*,#10332,.T.);
#10335=ORIENTED_EDGE('',*,*,#10334,.T.);
#10337=ORIENTED_EDGE('',*,*,#10336,.T.);
#10338=EDGE_LOOP('',(#10331,#10333,#10335,#10337));
#10339=FACE_BOUND('',#10338,.F.);
#10341=ORIENTED_EDGE('',*,*,#10340,.T.);
#10343=ORIENTED_EDGE('',*,*,#10342,.T.);
#10345=ORIENTED_EDGE('',*,*,#10344,.T.);
#10347=ORIENTED_EDGE('',*,*,#10346,.T.);
#10348=EDGE_LOOP('',(#10341,#10343,#10345,#10347));
#10349=FACE_BOUND('',#10348,.F.);
#10351=ORIENTED_EDGE('',*,*,#10350,.T.);
#10353=ORIENTED_EDGE('',*,*,#10352,.T.);
#10355=ORIENTED_EDGE('',*,*,#10354,.T.);
#10357=ORIENTED_EDGE('',*,*,#10356,.T.);
#10358=EDGE_LOOP('',(#10351,#10353,#10355,#10357));
#10359=FACE_BOUND('',#10358,.F.);
#10361=ORIENTED_EDGE('',*,*,#10360,.T.);
#10363=ORIENTED_EDGE('',*,*,#10362,.T.);
#10365=ORIENTED_EDGE('',*,*,#10364,.T.);
#10367=ORIENTED_EDGE('',*,*,#10366,.T.);
#10368=EDGE_LOOP('',(#10361,#10363,#10365,#10367));
#10369=FACE_BOUND('',#10368,.F.);
#10371=ORIENTED_EDGE('',*,*,#10370,.T.);
#10373=ORIENTED_EDGE('',*,*,#10372,.T.);
#10375=ORIENTED_EDGE('',*,*,#10374,.T.);
#10377=ORIENTED_EDGE('',*,*,#10376,.T.);
#10378=EDGE_LOOP('',(#10371,#10373,#10375,#10377));
#10379=FACE_BOUND('',#10378,.F.);
#10381=ORIENTED_EDGE('',*,*,#10380,.T.);
#10383=ORIENTED_EDGE('',*,*,#10382,.T.);
#10385=ORIENTED_EDGE('',*,*,#10384,.T.);
#10387=ORIENTED_EDGE('',*,*,#10386,.T.);
#10388=EDGE_LOOP('',(#10381,#10383,#10385,#10387));
#10389=FACE_BOUND('',#10388,.F.);
#10390=ORIENTED_EDGE('',*,*,#9654,.F.);
#10392=ORIENTED_EDGE('',*,*,#10391,.T.);
#10394=ORIENTED_EDGE('',*,*,#10393,.T.);
#10395=ORIENTED_EDGE('',*,*,#9744,.F.);
#10396=EDGE_LOOP('',(#10390,#10392,#10394,#10395));
#10397=FACE_BOUND('',#10396,.F.);
#10398=ORIENTED_EDGE('',*,*,#9670,.F.);
#10400=ORIENTED_EDGE('',*,*,#10399,.T.);
#10402=ORIENTED_EDGE('',*,*,#10401,.T.);
#10404=ORIENTED_EDGE('',*,*,#10403,.F.);
#10405=EDGE_LOOP('',(#10398,#10400,#10402,#10404));
#10406=FACE_BOUND('',#10405,.F.);
#10408=ORIENTED_EDGE('',*,*,#10407,.F.);
#10410=ORIENTED_EDGE('',*,*,#10409,.T.);
#10412=ORIENTED_EDGE('',*,*,#10411,.T.);
#10414=ORIENTED_EDGE('',*,*,#10413,.F.);
#10415=EDGE_LOOP('',(#10408,#10410,#10412,#10414));
#10416=FACE_BOUND('',#10415,.F.);
#10418=ORIENTED_EDGE('',*,*,#10417,.F.);
#10420=ORIENTED_EDGE('',*,*,#10419,.T.);
#10422=ORIENTED_EDGE('',*,*,#10421,.T.);
#10424=ORIENTED_EDGE('',*,*,#10423,.F.);
#10425=EDGE_LOOP('',(#10418,#10420,#10422,#10424));
#10426=FACE_BOUND('',#10425,.F.);
#10428=ORIENTED_EDGE('',*,*,#10427,.F.);
#10430=ORIENTED_EDGE('',*,*,#10429,.T.);
#10432=ORIENTED_EDGE('',*,*,#10431,.T.);
#10434=ORIENTED_EDGE('',*,*,#10433,.F.);
#10435=EDGE_LOOP('',(#10428,#10430,#10432,#10434));
#10436=FACE_BOUND('',#10435,.F.);
#10438=ORIENTED_EDGE('',*,*,#10437,.F.);
#10440=ORIENTED_EDGE('',*,*,#10439,.T.);
#10442=ORIENTED_EDGE('',*,*,#10441,.T.);
#10444=ORIENTED_EDGE('',*,*,#10443,.F.);
#10445=EDGE_LOOP('',(#10438,#10440,#10442,#10444));
#10446=FACE_BOUND('',#10445,.F.);
#10448=ORIENTED_EDGE('',*,*,#10447,.F.);
#10450=ORIENTED_EDGE('',*,*,#10449,.T.);
#10452=ORIENTED_EDGE('',*,*,#10451,.T.);
#10454=ORIENTED_EDGE('',*,*,#10453,.F.);
#10455=EDGE_LOOP('',(#10448,#10450,#10452,#10454));
#10456=FACE_BOUND('',#10455,.F.);
#10458=ORIENTED_EDGE('',*,*,#10457,.F.);
#10460=ORIENTED_EDGE('',*,*,#10459,.T.);
#10462=ORIENTED_EDGE('',*,*,#10461,.T.);
#10464=ORIENTED_EDGE('',*,*,#10463,.F.);
#10465=EDGE_LOOP('',(#10458,#10460,#10462,#10464));
#10466=FACE_BOUND('',#10465,.F.);
#10468=ORIENTED_EDGE('',*,*,#10467,.F.);
#10470=ORIENTED_EDGE('',*,*,#10469,.T.);
#10472=ORIENTED_EDGE('',*,*,#10471,.T.);
#10474=ORIENTED_EDGE('',*,*,#10473,.F.);
#10475=EDGE_LOOP('',(#10468,#10470,#10472,#10474));
#10476=FACE_BOUND('',#10475,.F.);
#10478=ORIENTED_EDGE('',*,*,#10477,.F.);
#10480=ORIENTED_EDGE('',*,*,#10479,.T.);
#10482=ORIENTED_EDGE('',*,*,#10481,.T.);
#10484=ORIENTED_EDGE('',*,*,#10483,.F.);
#10485=EDGE_LOOP('',(#10478,#10480,#10482,#10484));
#10486=FACE_BOUND('',#10485,.F.);
#10488=ORIENTED_EDGE('',*,*,#10487,.F.);
#10490=ORIENTED_EDGE('',*,*,#10489,.T.);
#10492=ORIENTED_EDGE('',*,*,#10491,.T.);
#10494=ORIENTED_EDGE('',*,*,#10493,.F.);
#10495=EDGE_LOOP('',(#10488,#10490,#10492,#10494));
#10496=FACE_BOUND('',#10495,.F.);
#10498=ORIENTED_EDGE('',*,*,#10497,.F.);
#10500=ORIENTED_EDGE('',*,*,#10499,.T.);
#10502=ORIENTED_EDGE('',*,*,#10501,.T.);
#10504=ORIENTED_EDGE('',*,*,#10503,.F.);
#10505=EDGE_LOOP('',(#10498,#10500,#10502,#10504));
#10506=FACE_BOUND('',#10505,.F.);
#10508=ORIENTED_EDGE('',*,*,#10507,.F.);
#10510=ORIENTED_EDGE('',*,*,#10509,.T.);
#10512=ORIENTED_EDGE('',*,*,#10511,.T.);
#10514=ORIENTED_EDGE('',*,*,#10513,.F.);
#10515=EDGE_LOOP('',(#10508,#10510,#10512,#10514));
#10516=FACE_BOUND('',#10515,.F.);
#10518=ORIENTED_EDGE('',*,*,#10517,.F.);
#10520=ORIENTED_EDGE('',*,*,#10519,.T.);
#10522=ORIENTED_EDGE('',*,*,#10521,.T.);
#10524=ORIENTED_EDGE('',*,*,#10523,.F.);
#10525=EDGE_LOOP('',(#10518,#10520,#10522,#10524));
#10526=FACE_BOUND('',#10525,.F.);
#10528=ORIENTED_EDGE('',*,*,#10527,.F.);
#10530=ORIENTED_EDGE('',*,*,#10529,.T.);
#10532=ORIENTED_EDGE('',*,*,#10531,.T.);
#10534=ORIENTED_EDGE('',*,*,#10533,.F.);
#10535=EDGE_LOOP('',(#10528,#10530,#10532,#10534));
#10536=FACE_BOUND('',#10535,.F.);
#10538=ORIENTED_EDGE('',*,*,#10537,.F.);
#10540=ORIENTED_EDGE('',*,*,#10539,.T.);
#10542=ORIENTED_EDGE('',*,*,#10541,.T.);
#10544=ORIENTED_EDGE('',*,*,#10543,.F.);
#10545=EDGE_LOOP('',(#10538,#10540,#10542,#10544));
#10546=FACE_BOUND('',#10545,.F.);
#10548=ORIENTED_EDGE('',*,*,#10547,.F.);
#10550=ORIENTED_EDGE('',*,*,#10549,.T.);
#10552=ORIENTED_EDGE('',*,*,#10551,.T.);
#10554=ORIENTED_EDGE('',*,*,#10553,.F.);
#10555=EDGE_LOOP('',(#10548,#10550,#10552,#10554));
#10556=FACE_BOUND('',#10555,.F.);
#10558=ORIENTED_EDGE('',*,*,#10557,.F.);
#10560=ORIENTED_EDGE('',*,*,#10559,.T.);
#10562=ORIENTED_EDGE('',*,*,#10561,.T.);
#10564=ORIENTED_EDGE('',*,*,#10563,.F.);
#10565=EDGE_LOOP('',(#10558,#10560,#10562,#10564));
#10566=FACE_BOUND('',#10565,.F.);
#10568=ORIENTED_EDGE('',*,*,#10567,.F.);
#10570=ORIENTED_EDGE('',*,*,#10569,.T.);
#10572=ORIENTED_EDGE('',*,*,#10571,.T.);
#10574=ORIENTED_EDGE('',*,*,#10573,.F.);
#10575=EDGE_LOOP('',(#10568,#10570,#10572,#10574));
#10576=FACE_BOUND('',#10575,.F.);
#10578=ORIENTED_EDGE('',*,*,#10577,.F.);
#10580=ORIENTED_EDGE('',*,*,#10579,.T.);
#10582=ORIENTED_EDGE('',*,*,#10581,.T.);
#10584=ORIENTED_EDGE('',*,*,#10583,.F.);
#10585=EDGE_LOOP('',(#10578,#10580,#10582,#10584));
#10586=FACE_BOUND('',#10585,.F.);
#10588=ORIENTED_EDGE('',*,*,#10587,.F.);
#10590=ORIENTED_EDGE('',*,*,#10589,.T.);
#10592=ORIENTED_EDGE('',*,*,#10591,.T.);
#10594=ORIENTED_EDGE('',*,*,#10593,.F.);
#10595=EDGE_LOOP('',(#10588,#10590,#10592,#10594));
#10596=FACE_BOUND('',#10595,.F.);
#10598=ORIENTED_EDGE('',*,*,#10597,.F.);
#10600=ORIENTED_EDGE('',*,*,#10599,.T.);
#10602=ORIENTED_EDGE('',*,*,#10601,.T.);
#10604=ORIENTED_EDGE('',*,*,#10603,.F.);
#10605=EDGE_LOOP('',(#10598,#10600,#10602,#10604));
#10606=FACE_BOUND('',#10605,.F.);
#10608=ORIENTED_EDGE('',*,*,#10607,.F.);
#10610=ORIENTED_EDGE('',*,*,#10609,.T.);
#10612=ORIENTED_EDGE('',*,*,#10611,.T.);
#10614=ORIENTED_EDGE('',*,*,#10613,.F.);
#10615=EDGE_LOOP('',(#10608,#10610,#10612,#10614));
#10616=FACE_BOUND('',#10615,.F.);
#10618=ORIENTED_EDGE('',*,*,#10617,.F.);
#10620=ORIENTED_EDGE('',*,*,#10619,.T.);
#10622=ORIENTED_EDGE('',*,*,#10621,.T.);
#10624=ORIENTED_EDGE('',*,*,#10623,.F.);
#10625=EDGE_LOOP('',(#10618,#10620,#10622,#10624));
#10626=FACE_BOUND('',#10625,.F.);
#10628=ORIENTED_EDGE('',*,*,#10627,.T.);
#10630=ORIENTED_EDGE('',*,*,#10629,.T.);
#10632=ORIENTED_EDGE('',*,*,#10631,.T.);
#10634=ORIENTED_EDGE('',*,*,#10633,.T.);
#10635=EDGE_LOOP('',(#10628,#10630,#10632,#10634));
#10636=FACE_BOUND('',#10635,.F.);
#10637=ADVANCED_FACE('',(#9919,#9929,#9939,#9949,#9959,#9969,#9979,#9989,#9999,
#10009,#10019,#10029,#10039,#10049,#10059,#10069,#10079,#10089,#10099,#10109,
#10119,#10129,#10139,#10149,#10159,#10169,#10179,#10189,#10199,#10209,#10219,
#10229,#10239,#10249,#10259,#10269,#10279,#10289,#10299,#10309,#10319,#10329,
#10339,#10349,#10359,#10369,#10379,#10389,#10397,#10406,#10416,#10426,#10436,
#10446,#10456,#10466,#10476,#10486,#10496,#10506,#10516,#10526,#10536,#10546,
#10556,#10566,#10576,#10586,#10596,#10606,#10616,#10626,#10636),#9769,.T.);
#10638=CARTESIAN_POINT('',(-1.507632698071E1,1.E0,-8.5E-1));
#10639=DIRECTION('',(0.E0,0.E0,1.E0));
#10640=DIRECTION('',(1.E0,0.E0,0.E0));
#10641=AXIS2_PLACEMENT_3D('',#10638,#10639,#10640);
#10642=PLANE('',#10641);
#10643=ORIENTED_EDGE('',*,*,#10627,.F.);
#10645=ORIENTED_EDGE('',*,*,#10644,.T.);
#10647=ORIENTED_EDGE('',*,*,#10646,.T.);
#10649=ORIENTED_EDGE('',*,*,#10648,.F.);
#10650=EDGE_LOOP('',(#10643,#10645,#10647,#10649));
#10651=FACE_OUTER_BOUND('',#10650,.F.);
#10652=ADVANCED_FACE('',(#10651),#10642,.T.);
#10653=CARTESIAN_POINT('',(-1.49E1,1.E0,-1.85E0));
#10654=DIRECTION('',(-9.848077530122E-1,0.E0,-1.736481776669E-1));
#10655=DIRECTION('',(-1.736481776669E-1,0.E0,9.848077530122E-1));
#10656=AXIS2_PLACEMENT_3D('',#10653,#10654,#10655);
#10657=PLANE('',#10656);
#10658=ORIENTED_EDGE('',*,*,#10633,.F.);
#10660=ORIENTED_EDGE('',*,*,#10659,.T.);
#10662=ORIENTED_EDGE('',*,*,#10661,.T.);
#10663=ORIENTED_EDGE('',*,*,#10644,.F.);
#10664=EDGE_LOOP('',(#10658,#10660,#10662,#10663));
#10665=FACE_OUTER_BOUND('',#10664,.F.);
#10666=ADVANCED_FACE('',(#10665),#10657,.T.);
#10667=CARTESIAN_POINT('',(-1.442E1,1.E0,-1.85E0));
#10668=DIRECTION('',(0.E0,0.E0,-1.E0));
#10669=DIRECTION('',(-1.E0,0.E0,0.E0));
#10670=AXIS2_PLACEMENT_3D('',#10667,#10668,#10669);
#10671=PLANE('',#10670);
#10672=ORIENTED_EDGE('',*,*,#10631,.F.);
#10674=ORIENTED_EDGE('',*,*,#10673,.T.);
#10676=ORIENTED_EDGE('',*,*,#10675,.T.);
#10677=ORIENTED_EDGE('',*,*,#10659,.F.);
#10678=EDGE_LOOP('',(#10672,#10674,#10676,#10677));
#10679=FACE_OUTER_BOUND('',#10678,.F.);
#10680=ADVANCED_FACE('',(#10679),#10671,.T.);
#10681=CARTESIAN_POINT('',(-1.442E1,1.E0,-8.5E-1));
#10682=DIRECTION('',(1.E0,0.E0,0.E0));
#10683=DIRECTION('',(0.E0,0.E0,-1.E0));
#10684=AXIS2_PLACEMENT_3D('',#10681,#10682,#10683);
#10685=PLANE('',#10684);
#10686=ORIENTED_EDGE('',*,*,#10629,.F.);
#10687=ORIENTED_EDGE('',*,*,#10648,.T.);
#10689=ORIENTED_EDGE('',*,*,#10688,.T.);
#10690=ORIENTED_EDGE('',*,*,#10673,.F.);
#10691=EDGE_LOOP('',(#10686,#10687,#10689,#10690));
#10692=FACE_OUTER_BOUND('',#10691,.F.);
#10693=ADVANCED_FACE('',(#10692),#10685,.T.);
#10694=CARTESIAN_POINT('',(0.E0,1.5E0,0.E0));
#10695=DIRECTION('',(0.E0,1.E0,0.E0));
#10696=DIRECTION('',(1.E0,0.E0,0.E0));
#10697=AXIS2_PLACEMENT_3D('',#10694,#10695,#10696);
#10698=PLANE('',#10697);
#10699=ORIENTED_EDGE('',*,*,#10646,.F.);
#10700=ORIENTED_EDGE('',*,*,#10661,.F.);
#10701=ORIENTED_EDGE('',*,*,#10675,.F.);
#10702=ORIENTED_EDGE('',*,*,#10688,.F.);
#10703=EDGE_LOOP('',(#10699,#10700,#10701,#10702));
#10704=FACE_OUTER_BOUND('',#10703,.F.);
#10705=ADVANCED_FACE('',(#10704),#10698,.T.);
#10706=CARTESIAN_POINT('',(0.E0,1.5E0,0.E0));
#10707=DIRECTION('',(0.E0,1.E0,0.E0));
#10708=DIRECTION('',(1.E0,0.E0,0.E0));
#10709=AXIS2_PLACEMENT_3D('',#10706,#10707,#10708);
#10710=PLANE('',#10709);
#10712=ORIENTED_EDGE('',*,*,#10711,.F.);
#10714=ORIENTED_EDGE('',*,*,#10713,.F.);
#10716=ORIENTED_EDGE('',*,*,#10715,.F.);
#10718=ORIENTED_EDGE('',*,*,#10717,.F.);
#10719=EDGE_LOOP('',(#10712,#10714,#10716,#10718));
#10720=FACE_OUTER_BOUND('',#10719,.F.);
#10721=ADVANCED_FACE('',(#10720),#10710,.T.);
#10722=CARTESIAN_POINT('',(0.E0,1.5E0,0.E0));
#10723=DIRECTION('',(0.E0,1.E0,0.E0));
#10724=DIRECTION('',(1.E0,0.E0,0.E0));
#10725=AXIS2_PLACEMENT_3D('',#10722,#10723,#10724);
#10726=PLANE('',#10725);
#10728=ORIENTED_EDGE('',*,*,#10727,.F.);
#10730=ORIENTED_EDGE('',*,*,#10729,.F.);
#10732=ORIENTED_EDGE('',*,*,#10731,.F.);
#10734=ORIENTED_EDGE('',*,*,#10733,.F.);
#10735=EDGE_LOOP('',(#10728,#10730,#10732,#10734));
#10736=FACE_OUTER_BOUND('',#10735,.F.);
#10737=ADVANCED_FACE('',(#10736),#10726,.T.);
#10738=CARTESIAN_POINT('',(0.E0,1.5E0,0.E0));
#10739=DIRECTION('',(0.E0,1.E0,0.E0));
#10740=DIRECTION('',(1.E0,0.E0,0.E0));
#10741=AXIS2_PLACEMENT_3D('',#10738,#10739,#10740);
#10742=PLANE('',#10741);
#10744=ORIENTED_EDGE('',*,*,#10743,.F.);
#10746=ORIENTED_EDGE('',*,*,#10745,.F.);
#10748=ORIENTED_EDGE('',*,*,#10747,.F.);
#10750=ORIENTED_EDGE('',*,*,#10749,.F.);
#10751=EDGE_LOOP('',(#10744,#10746,#10748,#10750));
#10752=FACE_OUTER_BOUND('',#10751,.F.);
#10753=ADVANCED_FACE('',(#10752),#10742,.T.);
#10754=CARTESIAN_POINT('',(-1.286367301929E1,1.E0,-8.5E-1));
#10755=DIRECTION('',(9.848077530122E-1,0.E0,-1.736481776669E-1));
#10756=DIRECTION('',(-1.736481776669E-1,0.E0,-9.848077530122E-1));
#10757=AXIS2_PLACEMENT_3D('',#10754,#10755,#10756);
#10758=PLANE('',#10757);
#10759=ORIENTED_EDGE('',*,*,#9920,.F.);
#10761=ORIENTED_EDGE('',*,*,#10760,.T.);
#10762=ORIENTED_EDGE('',*,*,#10711,.T.);
#10764=ORIENTED_EDGE('',*,*,#10763,.F.);
#10765=EDGE_LOOP('',(#10759,#10761,#10762,#10764));
#10766=FACE_OUTER_BOUND('',#10765,.F.);
#10767=ADVANCED_FACE('',(#10766),#10758,.T.);
#10768=CARTESIAN_POINT('',(-1.352E1,1.E0,-8.5E-1));
#10769=DIRECTION('',(0.E0,0.E0,1.E0));
#10770=DIRECTION('',(1.E0,0.E0,0.E0));
#10771=AXIS2_PLACEMENT_3D('',#10768,#10769,#10770);
#10772=PLANE('',#10771);
#10773=ORIENTED_EDGE('',*,*,#9926,.F.);
#10775=ORIENTED_EDGE('',*,*,#10774,.T.);
#10776=ORIENTED_EDGE('',*,*,#10713,.T.);
#10777=ORIENTED_EDGE('',*,*,#10760,.F.);
#10778=EDGE_LOOP('',(#10773,#10775,#10776,#10777));
#10779=FACE_OUTER_BOUND('',#10778,.F.);
#10780=ADVANCED_FACE('',(#10779),#10772,.T.);
#10781=CARTESIAN_POINT('',(-1.352E1,1.E0,-1.85E0));
#10782=DIRECTION('',(-1.E0,0.E0,0.E0));
#10783=DIRECTION('',(0.E0,0.E0,1.E0));
#10784=AXIS2_PLACEMENT_3D('',#10781,#10782,#10783);
#10785=PLANE('',#10784);
#10786=ORIENTED_EDGE('',*,*,#9924,.F.);
#10788=ORIENTED_EDGE('',*,*,#10787,.T.);
#10789=ORIENTED_EDGE('',*,*,#10715,.T.);
#10790=ORIENTED_EDGE('',*,*,#10774,.F.);
#10791=EDGE_LOOP('',(#10786,#10788,#10789,#10790));
#10792=FACE_OUTER_BOUND('',#10791,.F.);
#10793=ADVANCED_FACE('',(#10792),#10785,.T.);
#10794=CARTESIAN_POINT('',(-1.304E1,1.E0,-1.85E0));
#10795=DIRECTION('',(0.E0,0.E0,-1.E0));
#10796=DIRECTION('',(-1.E0,0.E0,0.E0));
#10797=AXIS2_PLACEMENT_3D('',#10794,#10795,#10796);
#10798=PLANE('',#10797);
#10799=ORIENTED_EDGE('',*,*,#9922,.F.);
#10800=ORIENTED_EDGE('',*,*,#10763,.T.);
#10801=ORIENTED_EDGE('',*,*,#10717,.T.);
#10802=ORIENTED_EDGE('',*,*,#10787,.F.);
#10803=EDGE_LOOP('',(#10799,#10800,#10801,#10802));
#10804=FACE_OUTER_BOUND('',#10803,.F.);
#10805=ADVANCED_FACE('',(#10804),#10798,.T.);
#10806=CARTESIAN_POINT('',(-1.286367301929E1,1.E0,8.5E-1));
#10807=DIRECTION('',(0.E0,0.E0,-1.E0));
#10808=DIRECTION('',(-1.E0,0.E0,0.E0));
#10809=AXIS2_PLACEMENT_3D('',#10806,#10807,#10808);
#10810=PLANE('',#10809);
#10811=ORIENTED_EDGE('',*,*,#9930,.F.);
#10813=ORIENTED_EDGE('',*,*,#10812,.T.);
#10814=ORIENTED_EDGE('',*,*,#10727,.T.);
#10816=ORIENTED_EDGE('',*,*,#10815,.F.);
#10817=EDGE_LOOP('',(#10811,#10813,#10814,#10816));
#10818=FACE_OUTER_BOUND('',#10817,.F.);
#10819=ADVANCED_FACE('',(#10818),#10810,.T.);
#10820=CARTESIAN_POINT('',(-1.304E1,1.E0,1.85E0));
#10821=DIRECTION('',(9.848077530122E-1,0.E0,1.736481776669E-1));
#10822=DIRECTION('',(1.736481776669E-1,0.E0,-9.848077530122E-1));
#10823=AXIS2_PLACEMENT_3D('',#10820,#10821,#10822);
#10824=PLANE('',#10823);
#10825=ORIENTED_EDGE('',*,*,#9936,.F.);
#10827=ORIENTED_EDGE('',*,*,#10826,.T.);
#10828=ORIENTED_EDGE('',*,*,#10729,.T.);
#10829=ORIENTED_EDGE('',*,*,#10812,.F.);
#10830=EDGE_LOOP('',(#10825,#10827,#10828,#10829));
#10831=FACE_OUTER_BOUND('',#10830,.F.);
#10832=ADVANCED_FACE('',(#10831),#10824,.T.);
#10833=CARTESIAN_POINT('',(-1.352E1,1.E0,1.85E0));
#10834=DIRECTION('',(0.E0,0.E0,1.E0));
#10835=DIRECTION('',(1.E0,0.E0,0.E0));
#10836=AXIS2_PLACEMENT_3D('',#10833,#10834,#10835);
#10837=PLANE('',#10836);
#10838=ORIENTED_EDGE('',*,*,#9934,.F.);
#10840=ORIENTED_EDGE('',*,*,#10839,.T.);
#10841=ORIENTED_EDGE('',*,*,#10731,.T.);
#10842=ORIENTED_EDGE('',*,*,#10826,.F.);
#10843=EDGE_LOOP('',(#10838,#10840,#10841,#10842));
#10844=FACE_OUTER_BOUND('',#10843,.F.);
#10845=ADVANCED_FACE('',(#10844),#10837,.T.);
#10846=CARTESIAN_POINT('',(-1.352E1,1.E0,8.5E-1));
#10847=DIRECTION('',(-1.E0,0.E0,0.E0));
#10848=DIRECTION('',(0.E0,0.E0,1.E0));
#10849=AXIS2_PLACEMENT_3D('',#10846,#10847,#10848);
#10850=PLANE('',#10849);
#10851=ORIENTED_EDGE('',*,*,#9932,.F.);
#10852=ORIENTED_EDGE('',*,*,#10815,.T.);
#10853=ORIENTED_EDGE('',*,*,#10733,.T.);
#10854=ORIENTED_EDGE('',*,*,#10839,.F.);
#10855=EDGE_LOOP('',(#10851,#10852,#10853,#10854));
#10856=FACE_OUTER_BOUND('',#10855,.F.);
#10857=ADVANCED_FACE('',(#10856),#10850,.T.);
#10858=CARTESIAN_POINT('',(-1.507632698071E1,1.E0,8.5E-1));
#10859=DIRECTION('',(-9.848077530122E-1,0.E0,1.736481776669E-1));
#10860=DIRECTION('',(1.736481776669E-1,0.E0,9.848077530122E-1));
#10861=AXIS2_PLACEMENT_3D('',#10858,#10859,#10860);
#10862=PLANE('',#10861);
#10863=ORIENTED_EDGE('',*,*,#9940,.F.);
#10865=ORIENTED_EDGE('',*,*,#10864,.T.);
#10866=ORIENTED_EDGE('',*,*,#10743,.T.);
#10868=ORIENTED_EDGE('',*,*,#10867,.F.);
#10869=EDGE_LOOP('',(#10863,#10865,#10866,#10868));
#10870=FACE_OUTER_BOUND('',#10869,.F.);
#10871=ADVANCED_FACE('',(#10870),#10862,.T.);
#10872=CARTESIAN_POINT('',(-1.442E1,1.E0,8.5E-1));
#10873=DIRECTION('',(0.E0,0.E0,-1.E0));
#10874=DIRECTION('',(-1.E0,0.E0,0.E0));
#10875=AXIS2_PLACEMENT_3D('',#10872,#10873,#10874);
#10876=PLANE('',#10875);
#10877=ORIENTED_EDGE('',*,*,#9946,.F.);
#10879=ORIENTED_EDGE('',*,*,#10878,.T.);
#10880=ORIENTED_EDGE('',*,*,#10745,.T.);
#10881=ORIENTED_EDGE('',*,*,#10864,.F.);
#10882=EDGE_LOOP('',(#10877,#10879,#10880,#10881));
#10883=FACE_OUTER_BOUND('',#10882,.F.);
#10884=ADVANCED_FACE('',(#10883),#10876,.T.);
#10885=CARTESIAN_POINT('',(-1.442E1,1.E0,1.85E0));
#10886=DIRECTION('',(1.E0,0.E0,0.E0));
#10887=DIRECTION('',(0.E0,0.E0,-1.E0));
#10888=AXIS2_PLACEMENT_3D('',#10885,#10886,#10887);
#10889=PLANE('',#10888);
#10890=ORIENTED_EDGE('',*,*,#9944,.F.);
#10892=ORIENTED_EDGE('',*,*,#10891,.T.);
#10893=ORIENTED_EDGE('',*,*,#10747,.T.);
#10894=ORIENTED_EDGE('',*,*,#10878,.F.);
#10895=EDGE_LOOP('',(#10890,#10892,#10893,#10894));
#10896=FACE_OUTER_BOUND('',#10895,.F.);
#10897=ADVANCED_FACE('',(#10896),#10889,.T.);
#10898=CARTESIAN_POINT('',(-1.49E1,1.E0,1.85E0));
#10899=DIRECTION('',(0.E0,0.E0,1.E0));
#10900=DIRECTION('',(1.E0,0.E0,0.E0));
#10901=AXIS2_PLACEMENT_3D('',#10898,#10899,#10900);
#10902=PLANE('',#10901);
#10903=ORIENTED_EDGE('',*,*,#9942,.F.);
#10904=ORIENTED_EDGE('',*,*,#10867,.T.);
#10905=ORIENTED_EDGE('',*,*,#10749,.T.);
#10906=ORIENTED_EDGE('',*,*,#10891,.F.);
#10907=EDGE_LOOP('',(#10903,#10904,#10905,#10906));
#10908=FACE_OUTER_BOUND('',#10907,.F.);
#10909=ADVANCED_FACE('',(#10908),#10902,.T.);
#10910=CARTESIAN_POINT('',(-1.253632698071E1,1.E0,-8.5E-1));
#10911=DIRECTION('',(0.E0,0.E0,1.E0));
#10912=DIRECTION('',(1.E0,0.E0,0.E0));
#10913=AXIS2_PLACEMENT_3D('',#10910,#10911,#10912);
#10914=PLANE('',#10913);
#10915=ORIENTED_EDGE('',*,*,#9950,.F.);
#10917=ORIENTED_EDGE('',*,*,#10916,.T.);
#10919=ORIENTED_EDGE('',*,*,#10918,.T.);
#10921=ORIENTED_EDGE('',*,*,#10920,.F.);
#10922=EDGE_LOOP('',(#10915,#10917,#10919,#10921));
#10923=FACE_OUTER_BOUND('',#10922,.F.);
#10924=ADVANCED_FACE('',(#10923),#10914,.T.);
#10925=CARTESIAN_POINT('',(-1.236E1,1.E0,-1.85E0));
#10926=DIRECTION('',(-9.848077530122E-1,0.E0,-1.736481776669E-1));
#10927=DIRECTION('',(-1.736481776669E-1,0.E0,9.848077530122E-1));
#10928=AXIS2_PLACEMENT_3D('',#10925,#10926,#10927);
#10929=PLANE('',#10928);
#10930=ORIENTED_EDGE('',*,*,#9956,.F.);
#10932=ORIENTED_EDGE('',*,*,#10931,.T.);
#10934=ORIENTED_EDGE('',*,*,#10933,.T.);
#10935=ORIENTED_EDGE('',*,*,#10916,.F.);
#10936=EDGE_LOOP('',(#10930,#10932,#10934,#10935));
#10937=FACE_OUTER_BOUND('',#10936,.F.);
#10938=ADVANCED_FACE('',(#10937),#10929,.T.);
#10939=CARTESIAN_POINT('',(-1.188E1,1.E0,-1.85E0));
#10940=DIRECTION('',(0.E0,0.E0,-1.E0));
#10941=DIRECTION('',(-1.E0,0.E0,0.E0));
#10942=AXIS2_PLACEMENT_3D('',#10939,#10940,#10941);
#10943=PLANE('',#10942);
#10944=ORIENTED_EDGE('',*,*,#9954,.F.);
#10946=ORIENTED_EDGE('',*,*,#10945,.T.);
#10948=ORIENTED_EDGE('',*,*,#10947,.T.);
#10949=ORIENTED_EDGE('',*,*,#10931,.F.);
#10950=EDGE_LOOP('',(#10944,#10946,#10948,#10949));
#10951=FACE_OUTER_BOUND('',#10950,.F.);
#10952=ADVANCED_FACE('',(#10951),#10943,.T.);
#10953=CARTESIAN_POINT('',(-1.188E1,1.E0,-8.5E-1));
#10954=DIRECTION('',(1.E0,0.E0,0.E0));
#10955=DIRECTION('',(0.E0,0.E0,-1.E0));
#10956=AXIS2_PLACEMENT_3D('',#10953,#10954,#10955);
#10957=PLANE('',#10956);
#10958=ORIENTED_EDGE('',*,*,#9952,.F.);
#10959=ORIENTED_EDGE('',*,*,#10920,.T.);
#10961=ORIENTED_EDGE('',*,*,#10960,.T.);
#10962=ORIENTED_EDGE('',*,*,#10945,.F.);
#10963=EDGE_LOOP('',(#10958,#10959,#10961,#10962));
#10964=FACE_OUTER_BOUND('',#10963,.F.);
#10965=ADVANCED_FACE('',(#10964),#10957,.T.);
#10966=CARTESIAN_POINT('',(0.E0,1.5E0,0.E0));
#10967=DIRECTION('',(0.E0,1.E0,0.E0));
#10968=DIRECTION('',(1.E0,0.E0,0.E0));
#10969=AXIS2_PLACEMENT_3D('',#10966,#10967,#10968);
#10970=PLANE('',#10969);
#10971=ORIENTED_EDGE('',*,*,#10918,.F.);
#10972=ORIENTED_EDGE('',*,*,#10933,.F.);
#10973=ORIENTED_EDGE('',*,*,#10947,.F.);
#10974=ORIENTED_EDGE('',*,*,#10960,.F.);
#10975=EDGE_LOOP('',(#10971,#10972,#10973,#10974));
#10976=FACE_OUTER_BOUND('',#10975,.F.);
#10977=ADVANCED_FACE('',(#10976),#10970,.T.);
#10978=CARTESIAN_POINT('',(0.E0,1.5E0,0.E0));
#10979=DIRECTION('',(0.E0,1.E0,0.E0));
#10980=DIRECTION('',(1.E0,0.E0,0.E0));
#10981=AXIS2_PLACEMENT_3D('',#10978,#10979,#10980);
#10982=PLANE('',#10981);
#10984=ORIENTED_EDGE('',*,*,#10983,.F.);
#10986=ORIENTED_EDGE('',*,*,#10985,.F.);
#10988=ORIENTED_EDGE('',*,*,#10987,.F.);
#10990=ORIENTED_EDGE('',*,*,#10989,.F.);
#10991=EDGE_LOOP('',(#10984,#10986,#10988,#10990));
#10992=FACE_OUTER_BOUND('',#10991,.F.);
#10993=ADVANCED_FACE('',(#10992),#10982,.T.);
#10994=CARTESIAN_POINT('',(0.E0,1.5E0,0.E0));
#10995=DIRECTION('',(0.E0,1.E0,0.E0));
#10996=DIRECTION('',(1.E0,0.E0,0.E0));
#10997=AXIS2_PLACEMENT_3D('',#10994,#10995,#10996);
#10998=PLANE('',#10997);
#11000=ORIENTED_EDGE('',*,*,#10999,.F.);
#11002=ORIENTED_EDGE('',*,*,#11001,.F.);
#11004=ORIENTED_EDGE('',*,*,#11003,.F.);
#11006=ORIENTED_EDGE('',*,*,#11005,.F.);
#11007=EDGE_LOOP('',(#11000,#11002,#11004,#11006));
#11008=FACE_OUTER_BOUND('',#11007,.F.);
#11009=ADVANCED_FACE('',(#11008),#10998,.T.);
#11010=CARTESIAN_POINT('',(0.E0,1.5E0,0.E0));
#11011=DIRECTION('',(0.E0,1.E0,0.E0));
#11012=DIRECTION('',(1.E0,0.E0,0.E0));
#11013=AXIS2_PLACEMENT_3D('',#11010,#11011,#11012);
#11014=PLANE('',#11013);
#11016=ORIENTED_EDGE('',*,*,#11015,.F.);
#11018=ORIENTED_EDGE('',*,*,#11017,.F.);
#11020=ORIENTED_EDGE('',*,*,#11019,.F.);
#11022=ORIENTED_EDGE('',*,*,#11021,.F.);
#11023=EDGE_LOOP('',(#11016,#11018,#11020,#11022));
#11024=FACE_OUTER_BOUND('',#11023,.F.);
#11025=ADVANCED_FACE('',(#11024),#11014,.T.);
#11026=CARTESIAN_POINT('',(-1.032367301929E1,1.E0,-8.5E-1));
#11027=DIRECTION('',(9.848077530122E-1,0.E0,-1.736481776669E-1));
#11028=DIRECTION('',(-1.736481776669E-1,0.E0,-9.848077530122E-1));
#11029=AXIS2_PLACEMENT_3D('',#11026,#11027,#11028);
#11030=PLANE('',#11029);
#11031=ORIENTED_EDGE('',*,*,#9960,.F.);
#11033=ORIENTED_EDGE('',*,*,#11032,.T.);
#11034=ORIENTED_EDGE('',*,*,#10983,.T.);
#11036=ORIENTED_EDGE('',*,*,#11035,.F.);
#11037=EDGE_LOOP('',(#11031,#11033,#11034,#11036));
#11038=FACE_OUTER_BOUND('',#11037,.F.);
#11039=ADVANCED_FACE('',(#11038),#11030,.T.);
#11040=CARTESIAN_POINT('',(-1.098E1,1.E0,-8.5E-1));
#11041=DIRECTION('',(0.E0,0.E0,1.E0));
#11042=DIRECTION('',(1.E0,0.E0,0.E0));
#11043=AXIS2_PLACEMENT_3D('',#11040,#11041,#11042);
#11044=PLANE('',#11043);
#11045=ORIENTED_EDGE('',*,*,#9966,.F.);
#11047=ORIENTED_EDGE('',*,*,#11046,.T.);
#11048=ORIENTED_EDGE('',*,*,#10985,.T.);
#11049=ORIENTED_EDGE('',*,*,#11032,.F.);
#11050=EDGE_LOOP('',(#11045,#11047,#11048,#11049));
#11051=FACE_OUTER_BOUND('',#11050,.F.);
#11052=ADVANCED_FACE('',(#11051),#11044,.T.);
#11053=CARTESIAN_POINT('',(-1.098E1,1.E0,-1.85E0));
#11054=DIRECTION('',(-1.E0,0.E0,0.E0));
#11055=DIRECTION('',(0.E0,0.E0,1.E0));
#11056=AXIS2_PLACEMENT_3D('',#11053,#11054,#11055);
#11057=PLANE('',#11056);
#11058=ORIENTED_EDGE('',*,*,#9964,.F.);
#11060=ORIENTED_EDGE('',*,*,#11059,.T.);
#11061=ORIENTED_EDGE('',*,*,#10987,.T.);
#11062=ORIENTED_EDGE('',*,*,#11046,.F.);
#11063=EDGE_LOOP('',(#11058,#11060,#11061,#11062));
#11064=FACE_OUTER_BOUND('',#11063,.F.);
#11065=ADVANCED_FACE('',(#11064),#11057,.T.);
#11066=CARTESIAN_POINT('',(-1.05E1,1.E0,-1.85E0));
#11067=DIRECTION('',(0.E0,0.E0,-1.E0));
#11068=DIRECTION('',(-1.E0,0.E0,0.E0));
#11069=AXIS2_PLACEMENT_3D('',#11066,#11067,#11068);
#11070=PLANE('',#11069);
#11071=ORIENTED_EDGE('',*,*,#9962,.F.);
#11072=ORIENTED_EDGE('',*,*,#11035,.T.);
#11073=ORIENTED_EDGE('',*,*,#10989,.T.);
#11074=ORIENTED_EDGE('',*,*,#11059,.F.);
#11075=EDGE_LOOP('',(#11071,#11072,#11073,#11074));
#11076=FACE_OUTER_BOUND('',#11075,.F.);
#11077=ADVANCED_FACE('',(#11076),#11070,.T.);
#11078=CARTESIAN_POINT('',(-1.032367301929E1,1.E0,8.5E-1));
#11079=DIRECTION('',(0.E0,0.E0,-1.E0));
#11080=DIRECTION('',(-1.E0,0.E0,0.E0));
#11081=AXIS2_PLACEMENT_3D('',#11078,#11079,#11080);
#11082=PLANE('',#11081);
#11083=ORIENTED_EDGE('',*,*,#9970,.F.);
#11085=ORIENTED_EDGE('',*,*,#11084,.T.);
#11086=ORIENTED_EDGE('',*,*,#10999,.T.);
#11088=ORIENTED_EDGE('',*,*,#11087,.F.);
#11089=EDGE_LOOP('',(#11083,#11085,#11086,#11088));
#11090=FACE_OUTER_BOUND('',#11089,.F.);
#11091=ADVANCED_FACE('',(#11090),#11082,.T.);
#11092=CARTESIAN_POINT('',(-1.05E1,1.E0,1.85E0));
#11093=DIRECTION('',(9.848077530122E-1,0.E0,1.736481776669E-1));
#11094=DIRECTION('',(1.736481776669E-1,0.E0,-9.848077530122E-1));
#11095=AXIS2_PLACEMENT_3D('',#11092,#11093,#11094);
#11096=PLANE('',#11095);
#11097=ORIENTED_EDGE('',*,*,#9976,.F.);
#11099=ORIENTED_EDGE('',*,*,#11098,.T.);
#11100=ORIENTED_EDGE('',*,*,#11001,.T.);
#11101=ORIENTED_EDGE('',*,*,#11084,.F.);
#11102=EDGE_LOOP('',(#11097,#11099,#11100,#11101));
#11103=FACE_OUTER_BOUND('',#11102,.F.);
#11104=ADVANCED_FACE('',(#11103),#11096,.T.);
#11105=CARTESIAN_POINT('',(-1.098E1,1.E0,1.85E0));
#11106=DIRECTION('',(0.E0,0.E0,1.E0));
#11107=DIRECTION('',(1.E0,0.E0,0.E0));
#11108=AXIS2_PLACEMENT_3D('',#11105,#11106,#11107);
#11109=PLANE('',#11108);
#11110=ORIENTED_EDGE('',*,*,#9974,.F.);
#11112=ORIENTED_EDGE('',*,*,#11111,.T.);
#11113=ORIENTED_EDGE('',*,*,#11003,.T.);
#11114=ORIENTED_EDGE('',*,*,#11098,.F.);
#11115=EDGE_LOOP('',(#11110,#11112,#11113,#11114));
#11116=FACE_OUTER_BOUND('',#11115,.F.);
#11117=ADVANCED_FACE('',(#11116),#11109,.T.);
#11118=CARTESIAN_POINT('',(-1.098E1,1.E0,8.5E-1));
#11119=DIRECTION('',(-1.E0,0.E0,0.E0));
#11120=DIRECTION('',(0.E0,0.E0,1.E0));
#11121=AXIS2_PLACEMENT_3D('',#11118,#11119,#11120);
#11122=PLANE('',#11121);
#11123=ORIENTED_EDGE('',*,*,#9972,.F.);
#11124=ORIENTED_EDGE('',*,*,#11087,.T.);
#11125=ORIENTED_EDGE('',*,*,#11005,.T.);
#11126=ORIENTED_EDGE('',*,*,#11111,.F.);
#11127=EDGE_LOOP('',(#11123,#11124,#11125,#11126));
#11128=FACE_OUTER_BOUND('',#11127,.F.);
#11129=ADVANCED_FACE('',(#11128),#11122,.T.);
#11130=CARTESIAN_POINT('',(-1.253632698071E1,1.E0,8.5E-1));
#11131=DIRECTION('',(-9.848077530122E-1,0.E0,1.736481776669E-1));
#11132=DIRECTION('',(1.736481776669E-1,0.E0,9.848077530122E-1));
#11133=AXIS2_PLACEMENT_3D('',#11130,#11131,#11132);
#11134=PLANE('',#11133);
#11135=ORIENTED_EDGE('',*,*,#9980,.F.);
#11137=ORIENTED_EDGE('',*,*,#11136,.T.);
#11138=ORIENTED_EDGE('',*,*,#11015,.T.);
#11140=ORIENTED_EDGE('',*,*,#11139,.F.);
#11141=EDGE_LOOP('',(#11135,#11137,#11138,#11140));
#11142=FACE_OUTER_BOUND('',#11141,.F.);
#11143=ADVANCED_FACE('',(#11142),#11134,.T.);
#11144=CARTESIAN_POINT('',(-1.188E1,1.E0,8.5E-1));
#11145=DIRECTION('',(0.E0,0.E0,-1.E0));
#11146=DIRECTION('',(-1.E0,0.E0,0.E0));
#11147=AXIS2_PLACEMENT_3D('',#11144,#11145,#11146);
#11148=PLANE('',#11147);
#11149=ORIENTED_EDGE('',*,*,#9986,.F.);
#11151=ORIENTED_EDGE('',*,*,#11150,.T.);
#11152=ORIENTED_EDGE('',*,*,#11017,.T.);
#11153=ORIENTED_EDGE('',*,*,#11136,.F.);
#11154=EDGE_LOOP('',(#11149,#11151,#11152,#11153));
#11155=FACE_OUTER_BOUND('',#11154,.F.);
#11156=ADVANCED_FACE('',(#11155),#11148,.T.);
#11157=CARTESIAN_POINT('',(-1.188E1,1.E0,1.85E0));
#11158=DIRECTION('',(1.E0,0.E0,0.E0));
#11159=DIRECTION('',(0.E0,0.E0,-1.E0));
#11160=AXIS2_PLACEMENT_3D('',#11157,#11158,#11159);
#11161=PLANE('',#11160);
#11162=ORIENTED_EDGE('',*,*,#9984,.F.);
#11164=ORIENTED_EDGE('',*,*,#11163,.T.);
#11165=ORIENTED_EDGE('',*,*,#11019,.T.);
#11166=ORIENTED_EDGE('',*,*,#11150,.F.);
#11167=EDGE_LOOP('',(#11162,#11164,#11165,#11166));
#11168=FACE_OUTER_BOUND('',#11167,.F.);
#11169=ADVANCED_FACE('',(#11168),#11161,.T.);
#11170=CARTESIAN_POINT('',(-1.236E1,1.E0,1.85E0));
#11171=DIRECTION('',(0.E0,0.E0,1.E0));
#11172=DIRECTION('',(1.E0,0.E0,0.E0));
#11173=AXIS2_PLACEMENT_3D('',#11170,#11171,#11172);
#11174=PLANE('',#11173);
#11175=ORIENTED_EDGE('',*,*,#9982,.F.);
#11176=ORIENTED_EDGE('',*,*,#11139,.T.);
#11177=ORIENTED_EDGE('',*,*,#11021,.T.);
#11178=ORIENTED_EDGE('',*,*,#11163,.F.);
#11179=EDGE_LOOP('',(#11175,#11176,#11177,#11178));
#11180=FACE_OUTER_BOUND('',#11179,.F.);
#11181=ADVANCED_FACE('',(#11180),#11174,.T.);
#11182=CARTESIAN_POINT('',(-9.996326980708E0,1.E0,-8.5E-1));
#11183=DIRECTION('',(0.E0,0.E0,1.E0));
#11184=DIRECTION('',(1.E0,0.E0,0.E0));
#11185=AXIS2_PLACEMENT_3D('',#11182,#11183,#11184);
#11186=PLANE('',#11185);
#11187=ORIENTED_EDGE('',*,*,#9990,.F.);
#11189=ORIENTED_EDGE('',*,*,#11188,.T.);
#11191=ORIENTED_EDGE('',*,*,#11190,.T.);
#11193=ORIENTED_EDGE('',*,*,#11192,.F.);
#11194=EDGE_LOOP('',(#11187,#11189,#11191,#11193));
#11195=FACE_OUTER_BOUND('',#11194,.F.);
#11196=ADVANCED_FACE('',(#11195),#11186,.T.);
#11197=CARTESIAN_POINT('',(-9.82E0,1.E0,-1.85E0));
#11198=DIRECTION('',(-9.848077530122E-1,0.E0,-1.736481776669E-1));
#11199=DIRECTION('',(-1.736481776669E-1,0.E0,9.848077530122E-1));
#11200=AXIS2_PLACEMENT_3D('',#11197,#11198,#11199);
#11201=PLANE('',#11200);
#11202=ORIENTED_EDGE('',*,*,#9996,.F.);
#11204=ORIENTED_EDGE('',*,*,#11203,.T.);
#11206=ORIENTED_EDGE('',*,*,#11205,.T.);
#11207=ORIENTED_EDGE('',*,*,#11188,.F.);
#11208=EDGE_LOOP('',(#11202,#11204,#11206,#11207));
#11209=FACE_OUTER_BOUND('',#11208,.F.);
#11210=ADVANCED_FACE('',(#11209),#11201,.T.);
#11211=CARTESIAN_POINT('',(-9.34E0,1.E0,-1.85E0));
#11212=DIRECTION('',(0.E0,0.E0,-1.E0));
#11213=DIRECTION('',(-1.E0,0.E0,0.E0));
#11214=AXIS2_PLACEMENT_3D('',#11211,#11212,#11213);
#11215=PLANE('',#11214);
#11216=ORIENTED_EDGE('',*,*,#9994,.F.);
#11218=ORIENTED_EDGE('',*,*,#11217,.T.);
#11220=ORIENTED_EDGE('',*,*,#11219,.T.);
#11221=ORIENTED_EDGE('',*,*,#11203,.F.);
#11222=EDGE_LOOP('',(#11216,#11218,#11220,#11221));
#11223=FACE_OUTER_BOUND('',#11222,.F.);
#11224=ADVANCED_FACE('',(#11223),#11215,.T.);
#11225=CARTESIAN_POINT('',(-9.34E0,1.E0,-8.5E-1));
#11226=DIRECTION('',(1.E0,0.E0,0.E0));
#11227=DIRECTION('',(0.E0,0.E0,-1.E0));
#11228=AXIS2_PLACEMENT_3D('',#11225,#11226,#11227);
#11229=PLANE('',#11228);
#11230=ORIENTED_EDGE('',*,*,#9992,.F.);
#11231=ORIENTED_EDGE('',*,*,#11192,.T.);
#11233=ORIENTED_EDGE('',*,*,#11232,.T.);
#11234=ORIENTED_EDGE('',*,*,#11217,.F.);
#11235=EDGE_LOOP('',(#11230,#11231,#11233,#11234));
#11236=FACE_OUTER_BOUND('',#11235,.F.);
#11237=ADVANCED_FACE('',(#11236),#11229,.T.);
#11238=CARTESIAN_POINT('',(0.E0,1.5E0,0.E0));
#11239=DIRECTION('',(0.E0,1.E0,0.E0));
#11240=DIRECTION('',(1.E0,0.E0,0.E0));
#11241=AXIS2_PLACEMENT_3D('',#11238,#11239,#11240);
#11242=PLANE('',#11241);
#11243=ORIENTED_EDGE('',*,*,#11190,.F.);
#11244=ORIENTED_EDGE('',*,*,#11205,.F.);
#11245=ORIENTED_EDGE('',*,*,#11219,.F.);
#11246=ORIENTED_EDGE('',*,*,#11232,.F.);
#11247=EDGE_LOOP('',(#11243,#11244,#11245,#11246));
#11248=FACE_OUTER_BOUND('',#11247,.F.);
#11249=ADVANCED_FACE('',(#11248),#11242,.T.);
#11250=CARTESIAN_POINT('',(0.E0,1.5E0,0.E0));
#11251=DIRECTION('',(0.E0,1.E0,0.E0));
#11252=DIRECTION('',(1.E0,0.E0,0.E0));
#11253=AXIS2_PLACEMENT_3D('',#11250,#11251,#11252);
#11254=PLANE('',#11253);
#11256=ORIENTED_EDGE('',*,*,#11255,.F.);
#11258=ORIENTED_EDGE('',*,*,#11257,.F.);
#11260=ORIENTED_EDGE('',*,*,#11259,.F.);
#11262=ORIENTED_EDGE('',*,*,#11261,.F.);
#11263=EDGE_LOOP('',(#11256,#11258,#11260,#11262));
#11264=FACE_OUTER_BOUND('',#11263,.F.);
#11265=ADVANCED_FACE('',(#11264),#11254,.T.);
#11266=CARTESIAN_POINT('',(0.E0,1.5E0,0.E0));
#11267=DIRECTION('',(0.E0,1.E0,0.E0));
#11268=DIRECTION('',(1.E0,0.E0,0.E0));
#11269=AXIS2_PLACEMENT_3D('',#11266,#11267,#11268);
#11270=PLANE('',#11269);
#11272=ORIENTED_EDGE('',*,*,#11271,.F.);
#11274=ORIENTED_EDGE('',*,*,#11273,.F.);
#11276=ORIENTED_EDGE('',*,*,#11275,.F.);
#11278=ORIENTED_EDGE('',*,*,#11277,.F.);
#11279=EDGE_LOOP('',(#11272,#11274,#11276,#11278));
#11280=FACE_OUTER_BOUND('',#11279,.F.);
#11281=ADVANCED_FACE('',(#11280),#11270,.T.);
#11282=CARTESIAN_POINT('',(0.E0,1.5E0,0.E0));
#11283=DIRECTION('',(0.E0,1.E0,0.E0));
#11284=DIRECTION('',(1.E0,0.E0,0.E0));
#11285=AXIS2_PLACEMENT_3D('',#11282,#11283,#11284);
#11286=PLANE('',#11285);
#11288=ORIENTED_EDGE('',*,*,#11287,.F.);
#11290=ORIENTED_EDGE('',*,*,#11289,.F.);
#11292=ORIENTED_EDGE('',*,*,#11291,.F.);
#11294=ORIENTED_EDGE('',*,*,#11293,.F.);
#11295=EDGE_LOOP('',(#11288,#11290,#11292,#11294));
#11296=FACE_OUTER_BOUND('',#11295,.F.);
#11297=ADVANCED_FACE('',(#11296),#11286,.T.);
#11298=CARTESIAN_POINT('',(-7.783673019292E0,1.E0,-8.5E-1));
#11299=DIRECTION('',(9.848077530122E-1,0.E0,-1.736481776669E-1));
#11300=DIRECTION('',(-1.736481776669E-1,0.E0,-9.848077530122E-1));
#11301=AXIS2_PLACEMENT_3D('',#11298,#11299,#11300);
#11302=PLANE('',#11301);
#11303=ORIENTED_EDGE('',*,*,#10000,.F.);
#11305=ORIENTED_EDGE('',*,*,#11304,.T.);
#11306=ORIENTED_EDGE('',*,*,#11255,.T.);
#11308=ORIENTED_EDGE('',*,*,#11307,.F.);
#11309=EDGE_LOOP('',(#11303,#11305,#11306,#11308));
#11310=FACE_OUTER_BOUND('',#11309,.F.);
#11311=ADVANCED_FACE('',(#11310),#11302,.T.);
#11312=CARTESIAN_POINT('',(-8.44E0,1.E0,-8.5E-1));
#11313=DIRECTION('',(0.E0,0.E0,1.E0));
#11314=DIRECTION('',(1.E0,0.E0,0.E0));
#11315=AXIS2_PLACEMENT_3D('',#11312,#11313,#11314);
#11316=PLANE('',#11315);
#11317=ORIENTED_EDGE('',*,*,#10006,.F.);
#11319=ORIENTED_EDGE('',*,*,#11318,.T.);
#11320=ORIENTED_EDGE('',*,*,#11257,.T.);
#11321=ORIENTED_EDGE('',*,*,#11304,.F.);
#11322=EDGE_LOOP('',(#11317,#11319,#11320,#11321));
#11323=FACE_OUTER_BOUND('',#11322,.F.);
#11324=ADVANCED_FACE('',(#11323),#11316,.T.);
#11325=CARTESIAN_POINT('',(-8.44E0,1.E0,-1.85E0));
#11326=DIRECTION('',(-1.E0,0.E0,0.E0));
#11327=DIRECTION('',(0.E0,0.E0,1.E0));
#11328=AXIS2_PLACEMENT_3D('',#11325,#11326,#11327);
#11329=PLANE('',#11328);
#11330=ORIENTED_EDGE('',*,*,#10004,.F.);
#11332=ORIENTED_EDGE('',*,*,#11331,.T.);
#11333=ORIENTED_EDGE('',*,*,#11259,.T.);
#11334=ORIENTED_EDGE('',*,*,#11318,.F.);
#11335=EDGE_LOOP('',(#11330,#11332,#11333,#11334));
#11336=FACE_OUTER_BOUND('',#11335,.F.);
#11337=ADVANCED_FACE('',(#11336),#11329,.T.);
#11338=CARTESIAN_POINT('',(-7.96E0,1.E0,-1.85E0));
#11339=DIRECTION('',(0.E0,0.E0,-1.E0));
#11340=DIRECTION('',(-1.E0,0.E0,0.E0));
#11341=AXIS2_PLACEMENT_3D('',#11338,#11339,#11340);
#11342=PLANE('',#11341);
#11343=ORIENTED_EDGE('',*,*,#10002,.F.);
#11344=ORIENTED_EDGE('',*,*,#11307,.T.);
#11345=ORIENTED_EDGE('',*,*,#11261,.T.);
#11346=ORIENTED_EDGE('',*,*,#11331,.F.);
#11347=EDGE_LOOP('',(#11343,#11344,#11345,#11346));
#11348=FACE_OUTER_BOUND('',#11347,.F.);
#11349=ADVANCED_FACE('',(#11348),#11342,.T.);
#11350=CARTESIAN_POINT('',(-7.783673019292E0,1.E0,8.5E-1));
#11351=DIRECTION('',(0.E0,0.E0,-1.E0));
#11352=DIRECTION('',(-1.E0,0.E0,0.E0));
#11353=AXIS2_PLACEMENT_3D('',#11350,#11351,#11352);
#11354=PLANE('',#11353);
#11355=ORIENTED_EDGE('',*,*,#10010,.F.);
#11357=ORIENTED_EDGE('',*,*,#11356,.T.);
#11358=ORIENTED_EDGE('',*,*,#11271,.T.);
#11360=ORIENTED_EDGE('',*,*,#11359,.F.);
#11361=EDGE_LOOP('',(#11355,#11357,#11358,#11360));
#11362=FACE_OUTER_BOUND('',#11361,.F.);
#11363=ADVANCED_FACE('',(#11362),#11354,.T.);
#11364=CARTESIAN_POINT('',(-7.96E0,1.E0,1.85E0));
#11365=DIRECTION('',(9.848077530122E-1,0.E0,1.736481776669E-1));
#11366=DIRECTION('',(1.736481776669E-1,0.E0,-9.848077530122E-1));
#11367=AXIS2_PLACEMENT_3D('',#11364,#11365,#11366);
#11368=PLANE('',#11367);
#11369=ORIENTED_EDGE('',*,*,#10016,.F.);
#11371=ORIENTED_EDGE('',*,*,#11370,.T.);
#11372=ORIENTED_EDGE('',*,*,#11273,.T.);
#11373=ORIENTED_EDGE('',*,*,#11356,.F.);
#11374=EDGE_LOOP('',(#11369,#11371,#11372,#11373));
#11375=FACE_OUTER_BOUND('',#11374,.F.);
#11376=ADVANCED_FACE('',(#11375),#11368,.T.);
#11377=CARTESIAN_POINT('',(-8.44E0,1.E0,1.85E0));
#11378=DIRECTION('',(0.E0,0.E0,1.E0));
#11379=DIRECTION('',(1.E0,0.E0,0.E0));
#11380=AXIS2_PLACEMENT_3D('',#11377,#11378,#11379);
#11381=PLANE('',#11380);
#11382=ORIENTED_EDGE('',*,*,#10014,.F.);
#11384=ORIENTED_EDGE('',*,*,#11383,.T.);
#11385=ORIENTED_EDGE('',*,*,#11275,.T.);
#11386=ORIENTED_EDGE('',*,*,#11370,.F.);
#11387=EDGE_LOOP('',(#11382,#11384,#11385,#11386));
#11388=FACE_OUTER_BOUND('',#11387,.F.);
#11389=ADVANCED_FACE('',(#11388),#11381,.T.);
#11390=CARTESIAN_POINT('',(-8.44E0,1.E0,8.5E-1));
#11391=DIRECTION('',(-1.E0,0.E0,0.E0));
#11392=DIRECTION('',(0.E0,0.E0,1.E0));
#11393=AXIS2_PLACEMENT_3D('',#11390,#11391,#11392);
#11394=PLANE('',#11393);
#11395=ORIENTED_EDGE('',*,*,#10012,.F.);
#11396=ORIENTED_EDGE('',*,*,#11359,.T.);
#11397=ORIENTED_EDGE('',*,*,#11277,.T.);
#11398=ORIENTED_EDGE('',*,*,#11383,.F.);
#11399=EDGE_LOOP('',(#11395,#11396,#11397,#11398));
#11400=FACE_OUTER_BOUND('',#11399,.F.);
#11401=ADVANCED_FACE('',(#11400),#11394,.T.);
#11402=CARTESIAN_POINT('',(-9.996326980708E0,1.E0,8.5E-1));
#11403=DIRECTION('',(-9.848077530122E-1,0.E0,1.736481776669E-1));
#11404=DIRECTION('',(1.736481776669E-1,0.E0,9.848077530122E-1));
#11405=AXIS2_PLACEMENT_3D('',#11402,#11403,#11404);
#11406=PLANE('',#11405);
#11407=ORIENTED_EDGE('',*,*,#10020,.F.);
#11409=ORIENTED_EDGE('',*,*,#11408,.T.);
#11410=ORIENTED_EDGE('',*,*,#11287,.T.);
#11412=ORIENTED_EDGE('',*,*,#11411,.F.);
#11413=EDGE_LOOP('',(#11407,#11409,#11410,#11412));
#11414=FACE_OUTER_BOUND('',#11413,.F.);
#11415=ADVANCED_FACE('',(#11414),#11406,.T.);
#11416=CARTESIAN_POINT('',(-9.34E0,1.E0,8.5E-1));
#11417=DIRECTION('',(0.E0,0.E0,-1.E0));
#11418=DIRECTION('',(-1.E0,0.E0,0.E0));
#11419=AXIS2_PLACEMENT_3D('',#11416,#11417,#11418);
#11420=PLANE('',#11419);
#11421=ORIENTED_EDGE('',*,*,#10026,.F.);
#11423=ORIENTED_EDGE('',*,*,#11422,.T.);
#11424=ORIENTED_EDGE('',*,*,#11289,.T.);
#11425=ORIENTED_EDGE('',*,*,#11408,.F.);
#11426=EDGE_LOOP('',(#11421,#11423,#11424,#11425));
#11427=FACE_OUTER_BOUND('',#11426,.F.);
#11428=ADVANCED_FACE('',(#11427),#11420,.T.);
#11429=CARTESIAN_POINT('',(-9.34E0,1.E0,1.85E0));
#11430=DIRECTION('',(1.E0,0.E0,0.E0));
#11431=DIRECTION('',(0.E0,0.E0,-1.E0));
#11432=AXIS2_PLACEMENT_3D('',#11429,#11430,#11431);
#11433=PLANE('',#11432);
#11434=ORIENTED_EDGE('',*,*,#10024,.F.);
#11436=ORIENTED_EDGE('',*,*,#11435,.T.);
#11437=ORIENTED_EDGE('',*,*,#11291,.T.);
#11438=ORIENTED_EDGE('',*,*,#11422,.F.);
#11439=EDGE_LOOP('',(#11434,#11436,#11437,#11438));
#11440=FACE_OUTER_BOUND('',#11439,.F.);
#11441=ADVANCED_FACE('',(#11440),#11433,.T.);
#11442=CARTESIAN_POINT('',(-9.82E0,1.E0,1.85E0));
#11443=DIRECTION('',(0.E0,0.E0,1.E0));
#11444=DIRECTION('',(1.E0,0.E0,0.E0));
#11445=AXIS2_PLACEMENT_3D('',#11442,#11443,#11444);
#11446=PLANE('',#11445);
#11447=ORIENTED_EDGE('',*,*,#10022,.F.);
#11448=ORIENTED_EDGE('',*,*,#11411,.T.);
#11449=ORIENTED_EDGE('',*,*,#11293,.T.);
#11450=ORIENTED_EDGE('',*,*,#11435,.F.);
#11451=EDGE_LOOP('',(#11447,#11448,#11449,#11450));
#11452=FACE_OUTER_BOUND('',#11451,.F.);
#11453=ADVANCED_FACE('',(#11452),#11446,.T.);
#11454=CARTESIAN_POINT('',(-7.456326980708E0,1.E0,-8.5E-1));
#11455=DIRECTION('',(0.E0,0.E0,1.E0));
#11456=DIRECTION('',(1.E0,0.E0,0.E0));
#11457=AXIS2_PLACEMENT_3D('',#11454,#11455,#11456);
#11458=PLANE('',#11457);
#11459=ORIENTED_EDGE('',*,*,#10030,.F.);
#11461=ORIENTED_EDGE('',*,*,#11460,.T.);
#11463=ORIENTED_EDGE('',*,*,#11462,.T.);
#11465=ORIENTED_EDGE('',*,*,#11464,.F.);
#11466=EDGE_LOOP('',(#11459,#11461,#11463,#11465));
#11467=FACE_OUTER_BOUND('',#11466,.F.);
#11468=ADVANCED_FACE('',(#11467),#11458,.T.);
#11469=CARTESIAN_POINT('',(-7.28E0,1.E0,-1.85E0));
#11470=DIRECTION('',(-9.848077530122E-1,0.E0,-1.736481776669E-1));
#11471=DIRECTION('',(-1.736481776669E-1,0.E0,9.848077530122E-1));
#11472=AXIS2_PLACEMENT_3D('',#11469,#11470,#11471);
#11473=PLANE('',#11472);
#11474=ORIENTED_EDGE('',*,*,#10036,.F.);
#11476=ORIENTED_EDGE('',*,*,#11475,.T.);
#11478=ORIENTED_EDGE('',*,*,#11477,.T.);
#11479=ORIENTED_EDGE('',*,*,#11460,.F.);
#11480=EDGE_LOOP('',(#11474,#11476,#11478,#11479));
#11481=FACE_OUTER_BOUND('',#11480,.F.);
#11482=ADVANCED_FACE('',(#11481),#11473,.T.);
#11483=CARTESIAN_POINT('',(-6.8E0,1.E0,-1.85E0));
#11484=DIRECTION('',(0.E0,0.E0,-1.E0));
#11485=DIRECTION('',(-1.E0,0.E0,0.E0));
#11486=AXIS2_PLACEMENT_3D('',#11483,#11484,#11485);
#11487=PLANE('',#11486);
#11488=ORIENTED_EDGE('',*,*,#10034,.F.);
#11490=ORIENTED_EDGE('',*,*,#11489,.T.);
#11492=ORIENTED_EDGE('',*,*,#11491,.T.);
#11493=ORIENTED_EDGE('',*,*,#11475,.F.);
#11494=EDGE_LOOP('',(#11488,#11490,#11492,#11493));
#11495=FACE_OUTER_BOUND('',#11494,.F.);
#11496=ADVANCED_FACE('',(#11495),#11487,.T.);
#11497=CARTESIAN_POINT('',(-6.8E0,1.E0,-8.5E-1));
#11498=DIRECTION('',(1.E0,0.E0,0.E0));
#11499=DIRECTION('',(0.E0,0.E0,-1.E0));
#11500=AXIS2_PLACEMENT_3D('',#11497,#11498,#11499);
#11501=PLANE('',#11500);
#11502=ORIENTED_EDGE('',*,*,#10032,.F.);
#11503=ORIENTED_EDGE('',*,*,#11464,.T.);
#11505=ORIENTED_EDGE('',*,*,#11504,.T.);
#11506=ORIENTED_EDGE('',*,*,#11489,.F.);
#11507=EDGE_LOOP('',(#11502,#11503,#11505,#11506));
#11508=FACE_OUTER_BOUND('',#11507,.F.);
#11509=ADVANCED_FACE('',(#11508),#11501,.T.);
#11510=CARTESIAN_POINT('',(0.E0,1.5E0,0.E0));
#11511=DIRECTION('',(0.E0,1.E0,0.E0));
#11512=DIRECTION('',(1.E0,0.E0,0.E0));
#11513=AXIS2_PLACEMENT_3D('',#11510,#11511,#11512);
#11514=PLANE('',#11513);
#11515=ORIENTED_EDGE('',*,*,#11462,.F.);
#11516=ORIENTED_EDGE('',*,*,#11477,.F.);
#11517=ORIENTED_EDGE('',*,*,#11491,.F.);
#11518=ORIENTED_EDGE('',*,*,#11504,.F.);
#11519=EDGE_LOOP('',(#11515,#11516,#11517,#11518));
#11520=FACE_OUTER_BOUND('',#11519,.F.);
#11521=ADVANCED_FACE('',(#11520),#11514,.T.);
#11522=CARTESIAN_POINT('',(0.E0,1.5E0,0.E0));
#11523=DIRECTION('',(0.E0,1.E0,0.E0));
#11524=DIRECTION('',(1.E0,0.E0,0.E0));
#11525=AXIS2_PLACEMENT_3D('',#11522,#11523,#11524);
#11526=PLANE('',#11525);
#11528=ORIENTED_EDGE('',*,*,#11527,.F.);
#11530=ORIENTED_EDGE('',*,*,#11529,.F.);
#11532=ORIENTED_EDGE('',*,*,#11531,.F.);
#11534=ORIENTED_EDGE('',*,*,#11533,.F.);
#11535=EDGE_LOOP('',(#11528,#11530,#11532,#11534));
#11536=FACE_OUTER_BOUND('',#11535,.F.);
#11537=ADVANCED_FACE('',(#11536),#11526,.T.);
#11538=CARTESIAN_POINT('',(0.E0,1.5E0,0.E0));
#11539=DIRECTION('',(0.E0,1.E0,0.E0));
#11540=DIRECTION('',(1.E0,0.E0,0.E0));
#11541=AXIS2_PLACEMENT_3D('',#11538,#11539,#11540);
#11542=PLANE('',#11541);
#11544=ORIENTED_EDGE('',*,*,#11543,.F.);
#11546=ORIENTED_EDGE('',*,*,#11545,.F.);
#11548=ORIENTED_EDGE('',*,*,#11547,.F.);
#11550=ORIENTED_EDGE('',*,*,#11549,.F.);
#11551=EDGE_LOOP('',(#11544,#11546,#11548,#11550));
#11552=FACE_OUTER_BOUND('',#11551,.F.);
#11553=ADVANCED_FACE('',(#11552),#11542,.T.);
#11554=CARTESIAN_POINT('',(0.E0,1.5E0,0.E0));
#11555=DIRECTION('',(0.E0,1.E0,0.E0));
#11556=DIRECTION('',(1.E0,0.E0,0.E0));
#11557=AXIS2_PLACEMENT_3D('',#11554,#11555,#11556);
#11558=PLANE('',#11557);
#11560=ORIENTED_EDGE('',*,*,#11559,.F.);
#11562=ORIENTED_EDGE('',*,*,#11561,.F.);
#11564=ORIENTED_EDGE('',*,*,#11563,.F.);
#11566=ORIENTED_EDGE('',*,*,#11565,.F.);
#11567=EDGE_LOOP('',(#11560,#11562,#11564,#11566));
#11568=FACE_OUTER_BOUND('',#11567,.F.);
#11569=ADVANCED_FACE('',(#11568),#11558,.T.);
#11570=CARTESIAN_POINT('',(-5.243673019292E0,1.E0,-8.5E-1));
#11571=DIRECTION('',(9.848077530122E-1,0.E0,-1.736481776669E-1));
#11572=DIRECTION('',(-1.736481776669E-1,0.E0,-9.848077530122E-1));
#11573=AXIS2_PLACEMENT_3D('',#11570,#11571,#11572);
#11574=PLANE('',#11573);
#11575=ORIENTED_EDGE('',*,*,#10040,.F.);
#11577=ORIENTED_EDGE('',*,*,#11576,.T.);
#11578=ORIENTED_EDGE('',*,*,#11527,.T.);
#11580=ORIENTED_EDGE('',*,*,#11579,.F.);
#11581=EDGE_LOOP('',(#11575,#11577,#11578,#11580));
#11582=FACE_OUTER_BOUND('',#11581,.F.);
#11583=ADVANCED_FACE('',(#11582),#11574,.T.);
#11584=CARTESIAN_POINT('',(-5.9E0,1.E0,-8.5E-1));
#11585=DIRECTION('',(0.E0,0.E0,1.E0));
#11586=DIRECTION('',(1.E0,0.E0,0.E0));
#11587=AXIS2_PLACEMENT_3D('',#11584,#11585,#11586);
#11588=PLANE('',#11587);
#11589=ORIENTED_EDGE('',*,*,#10046,.F.);
#11591=ORIENTED_EDGE('',*,*,#11590,.T.);
#11592=ORIENTED_EDGE('',*,*,#11529,.T.);
#11593=ORIENTED_EDGE('',*,*,#11576,.F.);
#11594=EDGE_LOOP('',(#11589,#11591,#11592,#11593));
#11595=FACE_OUTER_BOUND('',#11594,.F.);
#11596=ADVANCED_FACE('',(#11595),#11588,.T.);
#11597=CARTESIAN_POINT('',(-5.9E0,1.E0,-1.85E0));
#11598=DIRECTION('',(-1.E0,0.E0,0.E0));
#11599=DIRECTION('',(0.E0,0.E0,1.E0));
#11600=AXIS2_PLACEMENT_3D('',#11597,#11598,#11599);
#11601=PLANE('',#11600);
#11602=ORIENTED_EDGE('',*,*,#10044,.F.);
#11604=ORIENTED_EDGE('',*,*,#11603,.T.);
#11605=ORIENTED_EDGE('',*,*,#11531,.T.);
#11606=ORIENTED_EDGE('',*,*,#11590,.F.);
#11607=EDGE_LOOP('',(#11602,#11604,#11605,#11606));
#11608=FACE_OUTER_BOUND('',#11607,.F.);
#11609=ADVANCED_FACE('',(#11608),#11601,.T.);
#11610=CARTESIAN_POINT('',(-5.42E0,1.E0,-1.85E0));
#11611=DIRECTION('',(0.E0,0.E0,-1.E0));
#11612=DIRECTION('',(-1.E0,0.E0,0.E0));
#11613=AXIS2_PLACEMENT_3D('',#11610,#11611,#11612);
#11614=PLANE('',#11613);
#11615=ORIENTED_EDGE('',*,*,#10042,.F.);
#11616=ORIENTED_EDGE('',*,*,#11579,.T.);
#11617=ORIENTED_EDGE('',*,*,#11533,.T.);
#11618=ORIENTED_EDGE('',*,*,#11603,.F.);
#11619=EDGE_LOOP('',(#11615,#11616,#11617,#11618));
#11620=FACE_OUTER_BOUND('',#11619,.F.);
#11621=ADVANCED_FACE('',(#11620),#11614,.T.);
#11622=CARTESIAN_POINT('',(-5.243673019292E0,1.E0,8.5E-1));
#11623=DIRECTION('',(0.E0,0.E0,-1.E0));
#11624=DIRECTION('',(-1.E0,0.E0,0.E0));
#11625=AXIS2_PLACEMENT_3D('',#11622,#11623,#11624);
#11626=PLANE('',#11625);
#11627=ORIENTED_EDGE('',*,*,#10050,.F.);
#11629=ORIENTED_EDGE('',*,*,#11628,.T.);
#11630=ORIENTED_EDGE('',*,*,#11543,.T.);
#11632=ORIENTED_EDGE('',*,*,#11631,.F.);
#11633=EDGE_LOOP('',(#11627,#11629,#11630,#11632));
#11634=FACE_OUTER_BOUND('',#11633,.F.);
#11635=ADVANCED_FACE('',(#11634),#11626,.T.);
#11636=CARTESIAN_POINT('',(-5.42E0,1.E0,1.85E0));
#11637=DIRECTION('',(9.848077530122E-1,0.E0,1.736481776669E-1));
#11638=DIRECTION('',(1.736481776669E-1,0.E0,-9.848077530122E-1));
#11639=AXIS2_PLACEMENT_3D('',#11636,#11637,#11638);
#11640=PLANE('',#11639);
#11641=ORIENTED_EDGE('',*,*,#10056,.F.);
#11643=ORIENTED_EDGE('',*,*,#11642,.T.);
#11644=ORIENTED_EDGE('',*,*,#11545,.T.);
#11645=ORIENTED_EDGE('',*,*,#11628,.F.);
#11646=EDGE_LOOP('',(#11641,#11643,#11644,#11645));
#11647=FACE_OUTER_BOUND('',#11646,.F.);
#11648=ADVANCED_FACE('',(#11647),#11640,.T.);
#11649=CARTESIAN_POINT('',(-5.9E0,1.E0,1.85E0));
#11650=DIRECTION('',(0.E0,0.E0,1.E0));
#11651=DIRECTION('',(1.E0,0.E0,0.E0));
#11652=AXIS2_PLACEMENT_3D('',#11649,#11650,#11651);
#11653=PLANE('',#11652);
#11654=ORIENTED_EDGE('',*,*,#10054,.F.);
#11656=ORIENTED_EDGE('',*,*,#11655,.T.);
#11657=ORIENTED_EDGE('',*,*,#11547,.T.);
#11658=ORIENTED_EDGE('',*,*,#11642,.F.);
#11659=EDGE_LOOP('',(#11654,#11656,#11657,#11658));
#11660=FACE_OUTER_BOUND('',#11659,.F.);
#11661=ADVANCED_FACE('',(#11660),#11653,.T.);
#11662=CARTESIAN_POINT('',(-5.9E0,1.E0,8.5E-1));
#11663=DIRECTION('',(-1.E0,0.E0,0.E0));
#11664=DIRECTION('',(0.E0,0.E0,1.E0));
#11665=AXIS2_PLACEMENT_3D('',#11662,#11663,#11664);
#11666=PLANE('',#11665);
#11667=ORIENTED_EDGE('',*,*,#10052,.F.);
#11668=ORIENTED_EDGE('',*,*,#11631,.T.);
#11669=ORIENTED_EDGE('',*,*,#11549,.T.);
#11670=ORIENTED_EDGE('',*,*,#11655,.F.);
#11671=EDGE_LOOP('',(#11667,#11668,#11669,#11670));
#11672=FACE_OUTER_BOUND('',#11671,.F.);
#11673=ADVANCED_FACE('',(#11672),#11666,.T.);
#11674=CARTESIAN_POINT('',(-7.456326980708E0,1.E0,8.5E-1));
#11675=DIRECTION('',(-9.848077530122E-1,0.E0,1.736481776669E-1));
#11676=DIRECTION('',(1.736481776669E-1,0.E0,9.848077530122E-1));
#11677=AXIS2_PLACEMENT_3D('',#11674,#11675,#11676);
#11678=PLANE('',#11677);
#11679=ORIENTED_EDGE('',*,*,#10060,.F.);
#11681=ORIENTED_EDGE('',*,*,#11680,.T.);
#11682=ORIENTED_EDGE('',*,*,#11559,.T.);
#11684=ORIENTED_EDGE('',*,*,#11683,.F.);
#11685=EDGE_LOOP('',(#11679,#11681,#11682,#11684));
#11686=FACE_OUTER_BOUND('',#11685,.F.);
#11687=ADVANCED_FACE('',(#11686),#11678,.T.);
#11688=CARTESIAN_POINT('',(-6.8E0,1.E0,8.5E-1));
#11689=DIRECTION('',(0.E0,0.E0,-1.E0));
#11690=DIRECTION('',(-1.E0,0.E0,0.E0));
#11691=AXIS2_PLACEMENT_3D('',#11688,#11689,#11690);
#11692=PLANE('',#11691);
#11693=ORIENTED_EDGE('',*,*,#10066,.F.);
#11695=ORIENTED_EDGE('',*,*,#11694,.T.);
#11696=ORIENTED_EDGE('',*,*,#11561,.T.);
#11697=ORIENTED_EDGE('',*,*,#11680,.F.);
#11698=EDGE_LOOP('',(#11693,#11695,#11696,#11697));
#11699=FACE_OUTER_BOUND('',#11698,.F.);
#11700=ADVANCED_FACE('',(#11699),#11692,.T.);
#11701=CARTESIAN_POINT('',(-6.8E0,1.E0,1.85E0));
#11702=DIRECTION('',(1.E0,0.E0,0.E0));
#11703=DIRECTION('',(0.E0,0.E0,-1.E0));
#11704=AXIS2_PLACEMENT_3D('',#11701,#11702,#11703);
#11705=PLANE('',#11704);
#11706=ORIENTED_EDGE('',*,*,#10064,.F.);
#11708=ORIENTED_EDGE('',*,*,#11707,.T.);
#11709=ORIENTED_EDGE('',*,*,#11563,.T.);
#11710=ORIENTED_EDGE('',*,*,#11694,.F.);
#11711=EDGE_LOOP('',(#11706,#11708,#11709,#11710));
#11712=FACE_OUTER_BOUND('',#11711,.F.);
#11713=ADVANCED_FACE('',(#11712),#11705,.T.);
#11714=CARTESIAN_POINT('',(-7.28E0,1.E0,1.85E0));
#11715=DIRECTION('',(0.E0,0.E0,1.E0));
#11716=DIRECTION('',(1.E0,0.E0,0.E0));
#11717=AXIS2_PLACEMENT_3D('',#11714,#11715,#11716);
#11718=PLANE('',#11717);
#11719=ORIENTED_EDGE('',*,*,#10062,.F.);
#11720=ORIENTED_EDGE('',*,*,#11683,.T.);
#11721=ORIENTED_EDGE('',*,*,#11565,.T.);
#11722=ORIENTED_EDGE('',*,*,#11707,.F.);
#11723=EDGE_LOOP('',(#11719,#11720,#11721,#11722));
#11724=FACE_OUTER_BOUND('',#11723,.F.);
#11725=ADVANCED_FACE('',(#11724),#11718,.T.);
#11726=CARTESIAN_POINT('',(-4.916326980708E0,1.E0,-8.5E-1));
#11727=DIRECTION('',(0.E0,0.E0,1.E0));
#11728=DIRECTION('',(1.E0,0.E0,0.E0));
#11729=AXIS2_PLACEMENT_3D('',#11726,#11727,#11728);
#11730=PLANE('',#11729);
#11731=ORIENTED_EDGE('',*,*,#10070,.F.);
#11733=ORIENTED_EDGE('',*,*,#11732,.T.);
#11735=ORIENTED_EDGE('',*,*,#11734,.T.);
#11737=ORIENTED_EDGE('',*,*,#11736,.F.);
#11738=EDGE_LOOP('',(#11731,#11733,#11735,#11737));
#11739=FACE_OUTER_BOUND('',#11738,.F.);
#11740=ADVANCED_FACE('',(#11739),#11730,.T.);
#11741=CARTESIAN_POINT('',(-4.74E0,1.E0,-1.85E0));
#11742=DIRECTION('',(-9.848077530122E-1,0.E0,-1.736481776669E-1));
#11743=DIRECTION('',(-1.736481776669E-1,0.E0,9.848077530122E-1));
#11744=AXIS2_PLACEMENT_3D('',#11741,#11742,#11743);
#11745=PLANE('',#11744);
#11746=ORIENTED_EDGE('',*,*,#10076,.F.);
#11748=ORIENTED_EDGE('',*,*,#11747,.T.);
#11750=ORIENTED_EDGE('',*,*,#11749,.T.);
#11751=ORIENTED_EDGE('',*,*,#11732,.F.);
#11752=EDGE_LOOP('',(#11746,#11748,#11750,#11751));
#11753=FACE_OUTER_BOUND('',#11752,.F.);
#11754=ADVANCED_FACE('',(#11753),#11745,.T.);
#11755=CARTESIAN_POINT('',(-4.26E0,1.E0,-1.85E0));
#11756=DIRECTION('',(0.E0,0.E0,-1.E0));
#11757=DIRECTION('',(-1.E0,0.E0,0.E0));
#11758=AXIS2_PLACEMENT_3D('',#11755,#11756,#11757);
#11759=PLANE('',#11758);
#11760=ORIENTED_EDGE('',*,*,#10074,.F.);
#11762=ORIENTED_EDGE('',*,*,#11761,.T.);
#11764=ORIENTED_EDGE('',*,*,#11763,.T.);
#11765=ORIENTED_EDGE('',*,*,#11747,.F.);
#11766=EDGE_LOOP('',(#11760,#11762,#11764,#11765));
#11767=FACE_OUTER_BOUND('',#11766,.F.);
#11768=ADVANCED_FACE('',(#11767),#11759,.T.);
#11769=CARTESIAN_POINT('',(-4.26E0,1.E0,-8.5E-1));
#11770=DIRECTION('',(1.E0,0.E0,0.E0));
#11771=DIRECTION('',(0.E0,0.E0,-1.E0));
#11772=AXIS2_PLACEMENT_3D('',#11769,#11770,#11771);
#11773=PLANE('',#11772);
#11774=ORIENTED_EDGE('',*,*,#10072,.F.);
#11775=ORIENTED_EDGE('',*,*,#11736,.T.);
#11777=ORIENTED_EDGE('',*,*,#11776,.T.);
#11778=ORIENTED_EDGE('',*,*,#11761,.F.);
#11779=EDGE_LOOP('',(#11774,#11775,#11777,#11778));
#11780=FACE_OUTER_BOUND('',#11779,.F.);
#11781=ADVANCED_FACE('',(#11780),#11773,.T.);
#11782=CARTESIAN_POINT('',(0.E0,1.5E0,0.E0));
#11783=DIRECTION('',(0.E0,1.E0,0.E0));
#11784=DIRECTION('',(1.E0,0.E0,0.E0));
#11785=AXIS2_PLACEMENT_3D('',#11782,#11783,#11784);
#11786=PLANE('',#11785);
#11787=ORIENTED_EDGE('',*,*,#11734,.F.);
#11788=ORIENTED_EDGE('',*,*,#11749,.F.);
#11789=ORIENTED_EDGE('',*,*,#11763,.F.);
#11790=ORIENTED_EDGE('',*,*,#11776,.F.);
#11791=EDGE_LOOP('',(#11787,#11788,#11789,#11790));
#11792=FACE_OUTER_BOUND('',#11791,.F.);
#11793=ADVANCED_FACE('',(#11792),#11786,.T.);
#11794=CARTESIAN_POINT('',(0.E0,1.5E0,0.E0));
#11795=DIRECTION('',(0.E0,1.E0,0.E0));
#11796=DIRECTION('',(1.E0,0.E0,0.E0));
#11797=AXIS2_PLACEMENT_3D('',#11794,#11795,#11796);
#11798=PLANE('',#11797);
#11800=ORIENTED_EDGE('',*,*,#11799,.F.);
#11802=ORIENTED_EDGE('',*,*,#11801,.F.);
#11804=ORIENTED_EDGE('',*,*,#11803,.F.);
#11806=ORIENTED_EDGE('',*,*,#11805,.F.);
#11807=EDGE_LOOP('',(#11800,#11802,#11804,#11806));
#11808=FACE_OUTER_BOUND('',#11807,.F.);
#11809=ADVANCED_FACE('',(#11808),#11798,.T.);
#11810=CARTESIAN_POINT('',(0.E0,1.5E0,0.E0));
#11811=DIRECTION('',(0.E0,1.E0,0.E0));
#11812=DIRECTION('',(1.E0,0.E0,0.E0));
#11813=AXIS2_PLACEMENT_3D('',#11810,#11811,#11812);
#11814=PLANE('',#11813);
#11816=ORIENTED_EDGE('',*,*,#11815,.F.);
#11818=ORIENTED_EDGE('',*,*,#11817,.F.);
#11820=ORIENTED_EDGE('',*,*,#11819,.F.);
#11822=ORIENTED_EDGE('',*,*,#11821,.F.);
#11823=EDGE_LOOP('',(#11816,#11818,#11820,#11822));
#11824=FACE_OUTER_BOUND('',#11823,.F.);
#11825=ADVANCED_FACE('',(#11824),#11814,.T.);
#11826=CARTESIAN_POINT('',(0.E0,1.5E0,0.E0));
#11827=DIRECTION('',(0.E0,1.E0,0.E0));
#11828=DIRECTION('',(1.E0,0.E0,0.E0));
#11829=AXIS2_PLACEMENT_3D('',#11826,#11827,#11828);
#11830=PLANE('',#11829);
#11832=ORIENTED_EDGE('',*,*,#11831,.F.);
#11834=ORIENTED_EDGE('',*,*,#11833,.F.);
#11836=ORIENTED_EDGE('',*,*,#11835,.F.);
#11838=ORIENTED_EDGE('',*,*,#11837,.F.);
#11839=EDGE_LOOP('',(#11832,#11834,#11836,#11838));
#11840=FACE_OUTER_BOUND('',#11839,.F.);
#11841=ADVANCED_FACE('',(#11840),#11830,.T.);
#11842=CARTESIAN_POINT('',(-2.703673019292E0,1.E0,-8.5E-1));
#11843=DIRECTION('',(9.848077530122E-1,0.E0,-1.736481776669E-1));
#11844=DIRECTION('',(-1.736481776669E-1,0.E0,-9.848077530122E-1));
#11845=AXIS2_PLACEMENT_3D('',#11842,#11843,#11844);
#11846=PLANE('',#11845);
#11847=ORIENTED_EDGE('',*,*,#10080,.F.);
#11849=ORIENTED_EDGE('',*,*,#11848,.T.);
#11850=ORIENTED_EDGE('',*,*,#11799,.T.);
#11852=ORIENTED_EDGE('',*,*,#11851,.F.);
#11853=EDGE_LOOP('',(#11847,#11849,#11850,#11852));
#11854=FACE_OUTER_BOUND('',#11853,.F.);
#11855=ADVANCED_FACE('',(#11854),#11846,.T.);
#11856=CARTESIAN_POINT('',(-3.36E0,1.E0,-8.5E-1));
#11857=DIRECTION('',(0.E0,0.E0,1.E0));
#11858=DIRECTION('',(1.E0,0.E0,0.E0));
#11859=AXIS2_PLACEMENT_3D('',#11856,#11857,#11858);
#11860=PLANE('',#11859);
#11861=ORIENTED_EDGE('',*,*,#10086,.F.);
#11863=ORIENTED_EDGE('',*,*,#11862,.T.);
#11864=ORIENTED_EDGE('',*,*,#11801,.T.);
#11865=ORIENTED_EDGE('',*,*,#11848,.F.);
#11866=EDGE_LOOP('',(#11861,#11863,#11864,#11865));
#11867=FACE_OUTER_BOUND('',#11866,.F.);
#11868=ADVANCED_FACE('',(#11867),#11860,.T.);
#11869=CARTESIAN_POINT('',(-3.36E0,1.E0,-1.85E0));
#11870=DIRECTION('',(-1.E0,0.E0,0.E0));
#11871=DIRECTION('',(0.E0,0.E0,1.E0));
#11872=AXIS2_PLACEMENT_3D('',#11869,#11870,#11871);
#11873=PLANE('',#11872);
#11874=ORIENTED_EDGE('',*,*,#10084,.F.);
#11876=ORIENTED_EDGE('',*,*,#11875,.T.);
#11877=ORIENTED_EDGE('',*,*,#11803,.T.);
#11878=ORIENTED_EDGE('',*,*,#11862,.F.);
#11879=EDGE_LOOP('',(#11874,#11876,#11877,#11878));
#11880=FACE_OUTER_BOUND('',#11879,.F.);
#11881=ADVANCED_FACE('',(#11880),#11873,.T.);
#11882=CARTESIAN_POINT('',(-2.88E0,1.E0,-1.85E0));
#11883=DIRECTION('',(0.E0,0.E0,-1.E0));
#11884=DIRECTION('',(-1.E0,0.E0,0.E0));
#11885=AXIS2_PLACEMENT_3D('',#11882,#11883,#11884);
#11886=PLANE('',#11885);
#11887=ORIENTED_EDGE('',*,*,#10082,.F.);
#11888=ORIENTED_EDGE('',*,*,#11851,.T.);
#11889=ORIENTED_EDGE('',*,*,#11805,.T.);
#11890=ORIENTED_EDGE('',*,*,#11875,.F.);
#11891=EDGE_LOOP('',(#11887,#11888,#11889,#11890));
#11892=FACE_OUTER_BOUND('',#11891,.F.);
#11893=ADVANCED_FACE('',(#11892),#11886,.T.);
#11894=CARTESIAN_POINT('',(-2.703673019292E0,1.E0,8.5E-1));
#11895=DIRECTION('',(0.E0,0.E0,-1.E0));
#11896=DIRECTION('',(-1.E0,0.E0,0.E0));
#11897=AXIS2_PLACEMENT_3D('',#11894,#11895,#11896);
#11898=PLANE('',#11897);
#11899=ORIENTED_EDGE('',*,*,#10090,.F.);
#11901=ORIENTED_EDGE('',*,*,#11900,.T.);
#11902=ORIENTED_EDGE('',*,*,#11815,.T.);
#11904=ORIENTED_EDGE('',*,*,#11903,.F.);
#11905=EDGE_LOOP('',(#11899,#11901,#11902,#11904));
#11906=FACE_OUTER_BOUND('',#11905,.F.);
#11907=ADVANCED_FACE('',(#11906),#11898,.T.);
#11908=CARTESIAN_POINT('',(-2.88E0,1.E0,1.85E0));
#11909=DIRECTION('',(9.848077530122E-1,0.E0,1.736481776669E-1));
#11910=DIRECTION('',(1.736481776669E-1,0.E0,-9.848077530122E-1));
#11911=AXIS2_PLACEMENT_3D('',#11908,#11909,#11910);
#11912=PLANE('',#11911);
#11913=ORIENTED_EDGE('',*,*,#10096,.F.);
#11915=ORIENTED_EDGE('',*,*,#11914,.T.);
#11916=ORIENTED_EDGE('',*,*,#11817,.T.);
#11917=ORIENTED_EDGE('',*,*,#11900,.F.);
#11918=EDGE_LOOP('',(#11913,#11915,#11916,#11917));
#11919=FACE_OUTER_BOUND('',#11918,.F.);
#11920=ADVANCED_FACE('',(#11919),#11912,.T.);
#11921=CARTESIAN_POINT('',(-3.36E0,1.E0,1.85E0));
#11922=DIRECTION('',(0.E0,0.E0,1.E0));
#11923=DIRECTION('',(1.E0,0.E0,0.E0));
#11924=AXIS2_PLACEMENT_3D('',#11921,#11922,#11923);
#11925=PLANE('',#11924);
#11926=ORIENTED_EDGE('',*,*,#10094,.F.);
#11928=ORIENTED_EDGE('',*,*,#11927,.T.);
#11929=ORIENTED_EDGE('',*,*,#11819,.T.);
#11930=ORIENTED_EDGE('',*,*,#11914,.F.);
#11931=EDGE_LOOP('',(#11926,#11928,#11929,#11930));
#11932=FACE_OUTER_BOUND('',#11931,.F.);
#11933=ADVANCED_FACE('',(#11932),#11925,.T.);
#11934=CARTESIAN_POINT('',(-3.36E0,1.E0,8.5E-1));
#11935=DIRECTION('',(-1.E0,0.E0,0.E0));
#11936=DIRECTION('',(0.E0,0.E0,1.E0));
#11937=AXIS2_PLACEMENT_3D('',#11934,#11935,#11936);
#11938=PLANE('',#11937);
#11939=ORIENTED_EDGE('',*,*,#10092,.F.);
#11940=ORIENTED_EDGE('',*,*,#11903,.T.);
#11941=ORIENTED_EDGE('',*,*,#11821,.T.);
#11942=ORIENTED_EDGE('',*,*,#11927,.F.);
#11943=EDGE_LOOP('',(#11939,#11940,#11941,#11942));
#11944=FACE_OUTER_BOUND('',#11943,.F.);
#11945=ADVANCED_FACE('',(#11944),#11938,.T.);
#11946=CARTESIAN_POINT('',(-4.916326980708E0,1.E0,8.5E-1));
#11947=DIRECTION('',(-9.848077530122E-1,0.E0,1.736481776669E-1));
#11948=DIRECTION('',(1.736481776669E-1,0.E0,9.848077530122E-1));
#11949=AXIS2_PLACEMENT_3D('',#11946,#11947,#11948);
#11950=PLANE('',#11949);
#11951=ORIENTED_EDGE('',*,*,#10100,.F.);
#11953=ORIENTED_EDGE('',*,*,#11952,.T.);
#11954=ORIENTED_EDGE('',*,*,#11831,.T.);
#11956=ORIENTED_EDGE('',*,*,#11955,.F.);
#11957=EDGE_LOOP('',(#11951,#11953,#11954,#11956));
#11958=FACE_OUTER_BOUND('',#11957,.F.);
#11959=ADVANCED_FACE('',(#11958),#11950,.T.);
#11960=CARTESIAN_POINT('',(-4.26E0,1.E0,8.5E-1));
#11961=DIRECTION('',(0.E0,0.E0,-1.E0));
#11962=DIRECTION('',(-1.E0,0.E0,0.E0));
#11963=AXIS2_PLACEMENT_3D('',#11960,#11961,#11962);
#11964=PLANE('',#11963);
#11965=ORIENTED_EDGE('',*,*,#10106,.F.);
#11967=ORIENTED_EDGE('',*,*,#11966,.T.);
#11968=ORIENTED_EDGE('',*,*,#11833,.T.);
#11969=ORIENTED_EDGE('',*,*,#11952,.F.);
#11970=EDGE_LOOP('',(#11965,#11967,#11968,#11969));
#11971=FACE_OUTER_BOUND('',#11970,.F.);
#11972=ADVANCED_FACE('',(#11971),#11964,.T.);
#11973=CARTESIAN_POINT('',(-4.26E0,1.E0,1.85E0));
#11974=DIRECTION('',(1.E0,0.E0,0.E0));
#11975=DIRECTION('',(0.E0,0.E0,-1.E0));
#11976=AXIS2_PLACEMENT_3D('',#11973,#11974,#11975);
#11977=PLANE('',#11976);
#11978=ORIENTED_EDGE('',*,*,#10104,.F.);
#11980=ORIENTED_EDGE('',*,*,#11979,.T.);
#11981=ORIENTED_EDGE('',*,*,#11835,.T.);
#11982=ORIENTED_EDGE('',*,*,#11966,.F.);
#11983=EDGE_LOOP('',(#11978,#11980,#11981,#11982));
#11984=FACE_OUTER_BOUND('',#11983,.F.);
#11985=ADVANCED_FACE('',(#11984),#11977,.T.);
#11986=CARTESIAN_POINT('',(-4.74E0,1.E0,1.85E0));
#11987=DIRECTION('',(0.E0,0.E0,1.E0));
#11988=DIRECTION('',(1.E0,0.E0,0.E0));
#11989=AXIS2_PLACEMENT_3D('',#11986,#11987,#11988);
#11990=PLANE('',#11989);
#11991=ORIENTED_EDGE('',*,*,#10102,.F.);
#11992=ORIENTED_EDGE('',*,*,#11955,.T.);
#11993=ORIENTED_EDGE('',*,*,#11837,.T.);
#11994=ORIENTED_EDGE('',*,*,#11979,.F.);
#11995=EDGE_LOOP('',(#11991,#11992,#11993,#11994));
#11996=FACE_OUTER_BOUND('',#11995,.F.);
#11997=ADVANCED_FACE('',(#11996),#11990,.T.);
#11998=CARTESIAN_POINT('',(-2.376326980708E0,1.E0,-8.5E-1));
#11999=DIRECTION('',(0.E0,0.E0,1.E0));
#12000=DIRECTION('',(1.E0,0.E0,0.E0));
#12001=AXIS2_PLACEMENT_3D('',#11998,#11999,#12000);
#12002=PLANE('',#12001);
#12003=ORIENTED_EDGE('',*,*,#10110,.F.);
#12005=ORIENTED_EDGE('',*,*,#12004,.T.);
#12007=ORIENTED_EDGE('',*,*,#12006,.T.);
#12009=ORIENTED_EDGE('',*,*,#12008,.F.);
#12010=EDGE_LOOP('',(#12003,#12005,#12007,#12009));
#12011=FACE_OUTER_BOUND('',#12010,.F.);
#12012=ADVANCED_FACE('',(#12011),#12002,.T.);
#12013=CARTESIAN_POINT('',(-2.2E0,1.E0,-1.85E0));
#12014=DIRECTION('',(-9.848077530122E-1,0.E0,-1.736481776669E-1));
#12015=DIRECTION('',(-1.736481776669E-1,0.E0,9.848077530122E-1));
#12016=AXIS2_PLACEMENT_3D('',#12013,#12014,#12015);
#12017=PLANE('',#12016);
#12018=ORIENTED_EDGE('',*,*,#10116,.F.);
#12020=ORIENTED_EDGE('',*,*,#12019,.T.);
#12022=ORIENTED_EDGE('',*,*,#12021,.T.);
#12023=ORIENTED_EDGE('',*,*,#12004,.F.);
#12024=EDGE_LOOP('',(#12018,#12020,#12022,#12023));
#12025=FACE_OUTER_BOUND('',#12024,.F.);
#12026=ADVANCED_FACE('',(#12025),#12017,.T.);
#12027=CARTESIAN_POINT('',(-1.72E0,1.E0,-1.85E0));
#12028=DIRECTION('',(0.E0,0.E0,-1.E0));
#12029=DIRECTION('',(-1.E0,0.E0,0.E0));
#12030=AXIS2_PLACEMENT_3D('',#12027,#12028,#12029);
#12031=PLANE('',#12030);
#12032=ORIENTED_EDGE('',*,*,#10114,.F.);
#12034=ORIENTED_EDGE('',*,*,#12033,.T.);
#12036=ORIENTED_EDGE('',*,*,#12035,.T.);
#12037=ORIENTED_EDGE('',*,*,#12019,.F.);
#12038=EDGE_LOOP('',(#12032,#12034,#12036,#12037));
#12039=FACE_OUTER_BOUND('',#12038,.F.);
#12040=ADVANCED_FACE('',(#12039),#12031,.T.);
#12041=CARTESIAN_POINT('',(-1.72E0,1.E0,-8.5E-1));
#12042=DIRECTION('',(1.E0,0.E0,0.E0));
#12043=DIRECTION('',(0.E0,0.E0,-1.E0));
#12044=AXIS2_PLACEMENT_3D('',#12041,#12042,#12043);
#12045=PLANE('',#12044);
#12046=ORIENTED_EDGE('',*,*,#10112,.F.);
#12047=ORIENTED_EDGE('',*,*,#12008,.T.);
#12049=ORIENTED_EDGE('',*,*,#12048,.T.);
#12050=ORIENTED_EDGE('',*,*,#12033,.F.);
#12051=EDGE_LOOP('',(#12046,#12047,#12049,#12050));
#12052=FACE_OUTER_BOUND('',#12051,.F.);
#12053=ADVANCED_FACE('',(#12052),#12045,.T.);
#12054=CARTESIAN_POINT('',(0.E0,1.5E0,0.E0));
#12055=DIRECTION('',(0.E0,1.E0,0.E0));
#12056=DIRECTION('',(1.E0,0.E0,0.E0));
#12057=AXIS2_PLACEMENT_3D('',#12054,#12055,#12056);
#12058=PLANE('',#12057);
#12059=ORIENTED_EDGE('',*,*,#12006,.F.);
#12060=ORIENTED_EDGE('',*,*,#12021,.F.);
#12061=ORIENTED_EDGE('',*,*,#12035,.F.);
#12062=ORIENTED_EDGE('',*,*,#12048,.F.);
#12063=EDGE_LOOP('',(#12059,#12060,#12061,#12062));
#12064=FACE_OUTER_BOUND('',#12063,.F.);
#12065=ADVANCED_FACE('',(#12064),#12058,.T.);
#12066=CARTESIAN_POINT('',(0.E0,1.5E0,0.E0));
#12067=DIRECTION('',(0.E0,1.E0,0.E0));
#12068=DIRECTION('',(1.E0,0.E0,0.E0));
#12069=AXIS2_PLACEMENT_3D('',#12066,#12067,#12068);
#12070=PLANE('',#12069);
#12072=ORIENTED_EDGE('',*,*,#12071,.F.);
#12074=ORIENTED_EDGE('',*,*,#12073,.F.);
#12076=ORIENTED_EDGE('',*,*,#12075,.F.);
#12078=ORIENTED_EDGE('',*,*,#12077,.F.);
#12079=EDGE_LOOP('',(#12072,#12074,#12076,#12078));
#12080=FACE_OUTER_BOUND('',#12079,.F.);
#12081=ADVANCED_FACE('',(#12080),#12070,.T.);
#12082=CARTESIAN_POINT('',(0.E0,1.5E0,0.E0));
#12083=DIRECTION('',(0.E0,1.E0,0.E0));
#12084=DIRECTION('',(1.E0,0.E0,0.E0));
#12085=AXIS2_PLACEMENT_3D('',#12082,#12083,#12084);
#12086=PLANE('',#12085);
#12088=ORIENTED_EDGE('',*,*,#12087,.F.);
#12090=ORIENTED_EDGE('',*,*,#12089,.F.);
#12092=ORIENTED_EDGE('',*,*,#12091,.F.);
#12094=ORIENTED_EDGE('',*,*,#12093,.F.);
#12095=EDGE_LOOP('',(#12088,#12090,#12092,#12094));
#12096=FACE_OUTER_BOUND('',#12095,.F.);
#12097=ADVANCED_FACE('',(#12096),#12086,.T.);
#12098=CARTESIAN_POINT('',(0.E0,1.5E0,0.E0));
#12099=DIRECTION('',(0.E0,1.E0,0.E0));
#12100=DIRECTION('',(1.E0,0.E0,0.E0));
#12101=AXIS2_PLACEMENT_3D('',#12098,#12099,#12100);
#12102=PLANE('',#12101);
#12104=ORIENTED_EDGE('',*,*,#12103,.F.);
#12106=ORIENTED_EDGE('',*,*,#12105,.F.);
#12108=ORIENTED_EDGE('',*,*,#12107,.F.);
#12110=ORIENTED_EDGE('',*,*,#12109,.F.);
#12111=EDGE_LOOP('',(#12104,#12106,#12108,#12110));
#12112=FACE_OUTER_BOUND('',#12111,.F.);
#12113=ADVANCED_FACE('',(#12112),#12102,.T.);
#12114=CARTESIAN_POINT('',(-1.636730192916E-1,1.E0,-8.5E-1));
#12115=DIRECTION('',(9.848077530122E-1,0.E0,-1.736481776669E-1));
#12116=DIRECTION('',(-1.736481776669E-1,0.E0,-9.848077530122E-1));
#12117=AXIS2_PLACEMENT_3D('',#12114,#12115,#12116);
#12118=PLANE('',#12117);
#12119=ORIENTED_EDGE('',*,*,#10120,.F.);
#12121=ORIENTED_EDGE('',*,*,#12120,.T.);
#12122=ORIENTED_EDGE('',*,*,#12071,.T.);
#12124=ORIENTED_EDGE('',*,*,#12123,.F.);
#12125=EDGE_LOOP('',(#12119,#12121,#12122,#12124));
#12126=FACE_OUTER_BOUND('',#12125,.F.);
#12127=ADVANCED_FACE('',(#12126),#12118,.T.);
#12128=CARTESIAN_POINT('',(-8.2E-1,1.E0,-8.5E-1));
#12129=DIRECTION('',(0.E0,0.E0,1.E0));
#12130=DIRECTION('',(1.E0,0.E0,0.E0));
#12131=AXIS2_PLACEMENT_3D('',#12128,#12129,#12130);
#12132=PLANE('',#12131);
#12133=ORIENTED_EDGE('',*,*,#10126,.F.);
#12135=ORIENTED_EDGE('',*,*,#12134,.T.);
#12136=ORIENTED_EDGE('',*,*,#12073,.T.);
#12137=ORIENTED_EDGE('',*,*,#12120,.F.);
#12138=EDGE_LOOP('',(#12133,#12135,#12136,#12137));
#12139=FACE_OUTER_BOUND('',#12138,.F.);
#12140=ADVANCED_FACE('',(#12139),#12132,.T.);
#12141=CARTESIAN_POINT('',(-8.2E-1,1.E0,-1.85E0));
#12142=DIRECTION('',(-1.E0,0.E0,0.E0));
#12143=DIRECTION('',(0.E0,0.E0,1.E0));
#12144=AXIS2_PLACEMENT_3D('',#12141,#12142,#12143);
#12145=PLANE('',#12144);
#12146=ORIENTED_EDGE('',*,*,#10124,.F.);
#12148=ORIENTED_EDGE('',*,*,#12147,.T.);
#12149=ORIENTED_EDGE('',*,*,#12075,.T.);
#12150=ORIENTED_EDGE('',*,*,#12134,.F.);
#12151=EDGE_LOOP('',(#12146,#12148,#12149,#12150));
#12152=FACE_OUTER_BOUND('',#12151,.F.);
#12153=ADVANCED_FACE('',(#12152),#12145,.T.);
#12154=CARTESIAN_POINT('',(-3.4E-1,1.E0,-1.85E0));
#12155=DIRECTION('',(0.E0,0.E0,-1.E0));
#12156=DIRECTION('',(-1.E0,0.E0,0.E0));
#12157=AXIS2_PLACEMENT_3D('',#12154,#12155,#12156);
#12158=PLANE('',#12157);
#12159=ORIENTED_EDGE('',*,*,#10122,.F.);
#12160=ORIENTED_EDGE('',*,*,#12123,.T.);
#12161=ORIENTED_EDGE('',*,*,#12077,.T.);
#12162=ORIENTED_EDGE('',*,*,#12147,.F.);
#12163=EDGE_LOOP('',(#12159,#12160,#12161,#12162));
#12164=FACE_OUTER_BOUND('',#12163,.F.);
#12165=ADVANCED_FACE('',(#12164),#12158,.T.);
#12166=CARTESIAN_POINT('',(-1.636730192916E-1,1.E0,8.5E-1));
#12167=DIRECTION('',(0.E0,0.E0,-1.E0));
#12168=DIRECTION('',(-1.E0,0.E0,0.E0));
#12169=AXIS2_PLACEMENT_3D('',#12166,#12167,#12168);
#12170=PLANE('',#12169);
#12171=ORIENTED_EDGE('',*,*,#10130,.F.);
#12173=ORIENTED_EDGE('',*,*,#12172,.T.);
#12174=ORIENTED_EDGE('',*,*,#12087,.T.);
#12176=ORIENTED_EDGE('',*,*,#12175,.F.);
#12177=EDGE_LOOP('',(#12171,#12173,#12174,#12176));
#12178=FACE_OUTER_BOUND('',#12177,.F.);
#12179=ADVANCED_FACE('',(#12178),#12170,.T.);
#12180=CARTESIAN_POINT('',(-3.4E-1,1.E0,1.85E0));
#12181=DIRECTION('',(9.848077530122E-1,0.E0,1.736481776669E-1));
#12182=DIRECTION('',(1.736481776669E-1,0.E0,-9.848077530122E-1));
#12183=AXIS2_PLACEMENT_3D('',#12180,#12181,#12182);
#12184=PLANE('',#12183);
#12185=ORIENTED_EDGE('',*,*,#10136,.F.);
#12187=ORIENTED_EDGE('',*,*,#12186,.T.);
#12188=ORIENTED_EDGE('',*,*,#12089,.T.);
#12189=ORIENTED_EDGE('',*,*,#12172,.F.);
#12190=EDGE_LOOP('',(#12185,#12187,#12188,#12189));
#12191=FACE_OUTER_BOUND('',#12190,.F.);
#12192=ADVANCED_FACE('',(#12191),#12184,.T.);
#12193=CARTESIAN_POINT('',(-8.2E-1,1.E0,1.85E0));
#12194=DIRECTION('',(0.E0,0.E0,1.E0));
#12195=DIRECTION('',(1.E0,0.E0,0.E0));
#12196=AXIS2_PLACEMENT_3D('',#12193,#12194,#12195);
#12197=PLANE('',#12196);
#12198=ORIENTED_EDGE('',*,*,#10134,.F.);
#12200=ORIENTED_EDGE('',*,*,#12199,.T.);
#12201=ORIENTED_EDGE('',*,*,#12091,.T.);
#12202=ORIENTED_EDGE('',*,*,#12186,.F.);
#12203=EDGE_LOOP('',(#12198,#12200,#12201,#12202));
#12204=FACE_OUTER_BOUND('',#12203,.F.);
#12205=ADVANCED_FACE('',(#12204),#12197,.T.);
#12206=CARTESIAN_POINT('',(-8.2E-1,1.E0,8.5E-1));
#12207=DIRECTION('',(-1.E0,0.E0,0.E0));
#12208=DIRECTION('',(0.E0,0.E0,1.E0));
#12209=AXIS2_PLACEMENT_3D('',#12206,#12207,#12208);
#12210=PLANE('',#12209);
#12211=ORIENTED_EDGE('',*,*,#10132,.F.);
#12212=ORIENTED_EDGE('',*,*,#12175,.T.);
#12213=ORIENTED_EDGE('',*,*,#12093,.T.);
#12214=ORIENTED_EDGE('',*,*,#12199,.F.);
#12215=EDGE_LOOP('',(#12211,#12212,#12213,#12214));
#12216=FACE_OUTER_BOUND('',#12215,.F.);
#12217=ADVANCED_FACE('',(#12216),#12210,.T.);
#12218=CARTESIAN_POINT('',(-2.376326980708E0,1.E0,8.5E-1));
#12219=DIRECTION('',(-9.848077530122E-1,0.E0,1.736481776669E-1));
#12220=DIRECTION('',(1.736481776669E-1,0.E0,9.848077530122E-1));
#12221=AXIS2_PLACEMENT_3D('',#12218,#12219,#12220);
#12222=PLANE('',#12221);
#12223=ORIENTED_EDGE('',*,*,#10140,.F.);
#12225=ORIENTED_EDGE('',*,*,#12224,.T.);
#12226=ORIENTED_EDGE('',*,*,#12103,.T.);
#12228=ORIENTED_EDGE('',*,*,#12227,.F.);
#12229=EDGE_LOOP('',(#12223,#12225,#12226,#12228));
#12230=FACE_OUTER_BOUND('',#12229,.F.);
#12231=ADVANCED_FACE('',(#12230),#12222,.T.);
#12232=CARTESIAN_POINT('',(-1.72E0,1.E0,8.5E-1));
#12233=DIRECTION('',(0.E0,0.E0,-1.E0));
#12234=DIRECTION('',(-1.E0,0.E0,0.E0));
#12235=AXIS2_PLACEMENT_3D('',#12232,#12233,#12234);
#12236=PLANE('',#12235);
#12237=ORIENTED_EDGE('',*,*,#10146,.F.);
#12239=ORIENTED_EDGE('',*,*,#12238,.T.);
#12240=ORIENTED_EDGE('',*,*,#12105,.T.);
#12241=ORIENTED_EDGE('',*,*,#12224,.F.);
#12242=EDGE_LOOP('',(#12237,#12239,#12240,#12241));
#12243=FACE_OUTER_BOUND('',#12242,.F.);
#12244=ADVANCED_FACE('',(#12243),#12236,.T.);
#12245=CARTESIAN_POINT('',(-1.72E0,1.E0,1.85E0));
#12246=DIRECTION('',(1.E0,0.E0,0.E0));
#12247=DIRECTION('',(0.E0,0.E0,-1.E0));
#12248=AXIS2_PLACEMENT_3D('',#12245,#12246,#12247);
#12249=PLANE('',#12248);
#12250=ORIENTED_EDGE('',*,*,#10144,.F.);
#12252=ORIENTED_EDGE('',*,*,#12251,.T.);
#12253=ORIENTED_EDGE('',*,*,#12107,.T.);
#12254=ORIENTED_EDGE('',*,*,#12238,.F.);
#12255=EDGE_LOOP('',(#12250,#12252,#12253,#12254));
#12256=FACE_OUTER_BOUND('',#12255,.F.);
#12257=ADVANCED_FACE('',(#12256),#12249,.T.);
#12258=CARTESIAN_POINT('',(-2.2E0,1.E0,1.85E0));
#12259=DIRECTION('',(0.E0,0.E0,1.E0));
#12260=DIRECTION('',(1.E0,0.E0,0.E0));
#12261=AXIS2_PLACEMENT_3D('',#12258,#12259,#12260);
#12262=PLANE('',#12261);
#12263=ORIENTED_EDGE('',*,*,#10142,.F.);
#12264=ORIENTED_EDGE('',*,*,#12227,.T.);
#12265=ORIENTED_EDGE('',*,*,#12109,.T.);
#12266=ORIENTED_EDGE('',*,*,#12251,.F.);
#12267=EDGE_LOOP('',(#12263,#12264,#12265,#12266));
#12268=FACE_OUTER_BOUND('',#12267,.F.);
#12269=ADVANCED_FACE('',(#12268),#12262,.T.);
#12270=CARTESIAN_POINT('',(1.636730192916E-1,1.E0,-8.5E-1));
#12271=DIRECTION('',(0.E0,0.E0,1.E0));
#12272=DIRECTION('',(1.E0,0.E0,0.E0));
#12273=AXIS2_PLACEMENT_3D('',#12270,#12271,#12272);
#12274=PLANE('',#12273);
#12275=ORIENTED_EDGE('',*,*,#10150,.F.);
#12277=ORIENTED_EDGE('',*,*,#12276,.T.);
#12279=ORIENTED_EDGE('',*,*,#12278,.T.);
#12281=ORIENTED_EDGE('',*,*,#12280,.F.);
#12282=EDGE_LOOP('',(#12275,#12277,#12279,#12281));
#12283=FACE_OUTER_BOUND('',#12282,.F.);
#12284=ADVANCED_FACE('',(#12283),#12274,.T.);
#12285=CARTESIAN_POINT('',(3.4E-1,1.E0,-1.85E0));
#12286=DIRECTION('',(-9.848077530122E-1,0.E0,-1.736481776669E-1));
#12287=DIRECTION('',(-1.736481776669E-1,0.E0,9.848077530122E-1));
#12288=AXIS2_PLACEMENT_3D('',#12285,#12286,#12287);
#12289=PLANE('',#12288);
#12290=ORIENTED_EDGE('',*,*,#10156,.F.);
#12292=ORIENTED_EDGE('',*,*,#12291,.T.);
#12294=ORIENTED_EDGE('',*,*,#12293,.T.);
#12295=ORIENTED_EDGE('',*,*,#12276,.F.);
#12296=EDGE_LOOP('',(#12290,#12292,#12294,#12295));
#12297=FACE_OUTER_BOUND('',#12296,.F.);
#12298=ADVANCED_FACE('',(#12297),#12289,.T.);
#12299=CARTESIAN_POINT('',(8.2E-1,1.E0,-1.85E0));
#12300=DIRECTION('',(0.E0,0.E0,-1.E0));
#12301=DIRECTION('',(-1.E0,0.E0,0.E0));
#12302=AXIS2_PLACEMENT_3D('',#12299,#12300,#12301);
#12303=PLANE('',#12302);
#12304=ORIENTED_EDGE('',*,*,#10154,.F.);
#12306=ORIENTED_EDGE('',*,*,#12305,.T.);
#12308=ORIENTED_EDGE('',*,*,#12307,.T.);
#12309=ORIENTED_EDGE('',*,*,#12291,.F.);
#12310=EDGE_LOOP('',(#12304,#12306,#12308,#12309));
#12311=FACE_OUTER_BOUND('',#12310,.F.);
#12312=ADVANCED_FACE('',(#12311),#12303,.T.);
#12313=CARTESIAN_POINT('',(8.2E-1,1.E0,-8.5E-1));
#12314=DIRECTION('',(1.E0,0.E0,0.E0));
#12315=DIRECTION('',(0.E0,0.E0,-1.E0));
#12316=AXIS2_PLACEMENT_3D('',#12313,#12314,#12315);
#12317=PLANE('',#12316);
#12318=ORIENTED_EDGE('',*,*,#10152,.F.);
#12319=ORIENTED_EDGE('',*,*,#12280,.T.);
#12321=ORIENTED_EDGE('',*,*,#12320,.T.);
#12322=ORIENTED_EDGE('',*,*,#12305,.F.);
#12323=EDGE_LOOP('',(#12318,#12319,#12321,#12322));
#12324=FACE_OUTER_BOUND('',#12323,.F.);
#12325=ADVANCED_FACE('',(#12324),#12317,.T.);
#12326=CARTESIAN_POINT('',(0.E0,1.5E0,0.E0));
#12327=DIRECTION('',(0.E0,1.E0,0.E0));
#12328=DIRECTION('',(1.E0,0.E0,0.E0));
#12329=AXIS2_PLACEMENT_3D('',#12326,#12327,#12328);
#12330=PLANE('',#12329);
#12331=ORIENTED_EDGE('',*,*,#12278,.F.);
#12332=ORIENTED_EDGE('',*,*,#12293,.F.);
#12333=ORIENTED_EDGE('',*,*,#12307,.F.);
#12334=ORIENTED_EDGE('',*,*,#12320,.F.);
#12335=EDGE_LOOP('',(#12331,#12332,#12333,#12334));
#12336=FACE_OUTER_BOUND('',#12335,.F.);
#12337=ADVANCED_FACE('',(#12336),#12330,.T.);
#12338=CARTESIAN_POINT('',(0.E0,1.5E0,0.E0));
#12339=DIRECTION('',(0.E0,1.E0,0.E0));
#12340=DIRECTION('',(1.E0,0.E0,0.E0));
#12341=AXIS2_PLACEMENT_3D('',#12338,#12339,#12340);
#12342=PLANE('',#12341);
#12344=ORIENTED_EDGE('',*,*,#12343,.F.);
#12346=ORIENTED_EDGE('',*,*,#12345,.F.);
#12348=ORIENTED_EDGE('',*,*,#12347,.F.);
#12350=ORIENTED_EDGE('',*,*,#12349,.F.);
#12351=EDGE_LOOP('',(#12344,#12346,#12348,#12350));
#12352=FACE_OUTER_BOUND('',#12351,.F.);
#12353=ADVANCED_FACE('',(#12352),#12342,.T.);
#12354=CARTESIAN_POINT('',(0.E0,1.5E0,0.E0));
#12355=DIRECTION('',(0.E0,1.E0,0.E0));
#12356=DIRECTION('',(1.E0,0.E0,0.E0));
#12357=AXIS2_PLACEMENT_3D('',#12354,#12355,#12356);
#12358=PLANE('',#12357);
#12360=ORIENTED_EDGE('',*,*,#12359,.F.);
#12362=ORIENTED_EDGE('',*,*,#12361,.F.);
#12364=ORIENTED_EDGE('',*,*,#12363,.F.);
#12366=ORIENTED_EDGE('',*,*,#12365,.F.);
#12367=EDGE_LOOP('',(#12360,#12362,#12364,#12366));
#12368=FACE_OUTER_BOUND('',#12367,.F.);
#12369=ADVANCED_FACE('',(#12368),#12358,.T.);
#12370=CARTESIAN_POINT('',(0.E0,1.5E0,0.E0));
#12371=DIRECTION('',(0.E0,1.E0,0.E0));
#12372=DIRECTION('',(1.E0,0.E0,0.E0));
#12373=AXIS2_PLACEMENT_3D('',#12370,#12371,#12372);
#12374=PLANE('',#12373);
#12376=ORIENTED_EDGE('',*,*,#12375,.F.);
#12378=ORIENTED_EDGE('',*,*,#12377,.F.);
#12380=ORIENTED_EDGE('',*,*,#12379,.F.);
#12382=ORIENTED_EDGE('',*,*,#12381,.F.);
#12383=EDGE_LOOP('',(#12376,#12378,#12380,#12382));
#12384=FACE_OUTER_BOUND('',#12383,.F.);
#12385=ADVANCED_FACE('',(#12384),#12374,.T.);
#12386=CARTESIAN_POINT('',(2.376326980708E0,1.E0,-8.5E-1));
#12387=DIRECTION('',(9.848077530122E-1,0.E0,-1.736481776669E-1));
#12388=DIRECTION('',(-1.736481776669E-1,0.E0,-9.848077530122E-1));
#12389=AXIS2_PLACEMENT_3D('',#12386,#12387,#12388);
#12390=PLANE('',#12389);
#12391=ORIENTED_EDGE('',*,*,#10160,.F.);
#12393=ORIENTED_EDGE('',*,*,#12392,.T.);
#12394=ORIENTED_EDGE('',*,*,#12343,.T.);
#12396=ORIENTED_EDGE('',*,*,#12395,.F.);
#12397=EDGE_LOOP('',(#12391,#12393,#12394,#12396));
#12398=FACE_OUTER_BOUND('',#12397,.F.);
#12399=ADVANCED_FACE('',(#12398),#12390,.T.);
#12400=CARTESIAN_POINT('',(1.72E0,1.E0,-8.5E-1));
#12401=DIRECTION('',(0.E0,0.E0,1.E0));
#12402=DIRECTION('',(1.E0,0.E0,0.E0));
#12403=AXIS2_PLACEMENT_3D('',#12400,#12401,#12402);
#12404=PLANE('',#12403);
#12405=ORIENTED_EDGE('',*,*,#10166,.F.);
#12407=ORIENTED_EDGE('',*,*,#12406,.T.);
#12408=ORIENTED_EDGE('',*,*,#12345,.T.);
#12409=ORIENTED_EDGE('',*,*,#12392,.F.);
#12410=EDGE_LOOP('',(#12405,#12407,#12408,#12409));
#12411=FACE_OUTER_BOUND('',#12410,.F.);
#12412=ADVANCED_FACE('',(#12411),#12404,.T.);
#12413=CARTESIAN_POINT('',(1.72E0,1.E0,-1.85E0));
#12414=DIRECTION('',(-1.E0,0.E0,0.E0));
#12415=DIRECTION('',(0.E0,0.E0,1.E0));
#12416=AXIS2_PLACEMENT_3D('',#12413,#12414,#12415);
#12417=PLANE('',#12416);
#12418=ORIENTED_EDGE('',*,*,#10164,.F.);
#12420=ORIENTED_EDGE('',*,*,#12419,.T.);
#12421=ORIENTED_EDGE('',*,*,#12347,.T.);
#12422=ORIENTED_EDGE('',*,*,#12406,.F.);
#12423=EDGE_LOOP('',(#12418,#12420,#12421,#12422));
#12424=FACE_OUTER_BOUND('',#12423,.F.);
#12425=ADVANCED_FACE('',(#12424),#12417,.T.);
#12426=CARTESIAN_POINT('',(2.2E0,1.E0,-1.85E0));
#12427=DIRECTION('',(0.E0,0.E0,-1.E0));
#12428=DIRECTION('',(-1.E0,0.E0,0.E0));
#12429=AXIS2_PLACEMENT_3D('',#12426,#12427,#12428);
#12430=PLANE('',#12429);
#12431=ORIENTED_EDGE('',*,*,#10162,.F.);
#12432=ORIENTED_EDGE('',*,*,#12395,.T.);
#12433=ORIENTED_EDGE('',*,*,#12349,.T.);
#12434=ORIENTED_EDGE('',*,*,#12419,.F.);
#12435=EDGE_LOOP('',(#12431,#12432,#12433,#12434));
#12436=FACE_OUTER_BOUND('',#12435,.F.);
#12437=ADVANCED_FACE('',(#12436),#12430,.T.);
#12438=CARTESIAN_POINT('',(2.376326980708E0,1.E0,8.5E-1));
#12439=DIRECTION('',(0.E0,0.E0,-1.E0));
#12440=DIRECTION('',(-1.E0,0.E0,0.E0));
#12441=AXIS2_PLACEMENT_3D('',#12438,#12439,#12440);
#12442=PLANE('',#12441);
#12443=ORIENTED_EDGE('',*,*,#10170,.F.);
#12445=ORIENTED_EDGE('',*,*,#12444,.T.);
#12446=ORIENTED_EDGE('',*,*,#12359,.T.);
#12448=ORIENTED_EDGE('',*,*,#12447,.F.);
#12449=EDGE_LOOP('',(#12443,#12445,#12446,#12448));
#12450=FACE_OUTER_BOUND('',#12449,.F.);
#12451=ADVANCED_FACE('',(#12450),#12442,.T.);
#12452=CARTESIAN_POINT('',(2.2E0,1.E0,1.85E0));
#12453=DIRECTION('',(9.848077530122E-1,0.E0,1.736481776669E-1));
#12454=DIRECTION('',(1.736481776669E-1,0.E0,-9.848077530122E-1));
#12455=AXIS2_PLACEMENT_3D('',#12452,#12453,#12454);
#12456=PLANE('',#12455);
#12457=ORIENTED_EDGE('',*,*,#10176,.F.);
#12459=ORIENTED_EDGE('',*,*,#12458,.T.);
#12460=ORIENTED_EDGE('',*,*,#12361,.T.);
#12461=ORIENTED_EDGE('',*,*,#12444,.F.);
#12462=EDGE_LOOP('',(#12457,#12459,#12460,#12461));
#12463=FACE_OUTER_BOUND('',#12462,.F.);
#12464=ADVANCED_FACE('',(#12463),#12456,.T.);
#12465=CARTESIAN_POINT('',(1.72E0,1.E0,1.85E0));
#12466=DIRECTION('',(0.E0,0.E0,1.E0));
#12467=DIRECTION('',(1.E0,0.E0,0.E0));
#12468=AXIS2_PLACEMENT_3D('',#12465,#12466,#12467);
#12469=PLANE('',#12468);
#12470=ORIENTED_EDGE('',*,*,#10174,.F.);
#12472=ORIENTED_EDGE('',*,*,#12471,.T.);
#12473=ORIENTED_EDGE('',*,*,#12363,.T.);
#12474=ORIENTED_EDGE('',*,*,#12458,.F.);
#12475=EDGE_LOOP('',(#12470,#12472,#12473,#12474));
#12476=FACE_OUTER_BOUND('',#12475,.F.);
#12477=ADVANCED_FACE('',(#12476),#12469,.T.);
#12478=CARTESIAN_POINT('',(1.72E0,1.E0,8.5E-1));
#12479=DIRECTION('',(-1.E0,0.E0,0.E0));
#12480=DIRECTION('',(0.E0,0.E0,1.E0));
#12481=AXIS2_PLACEMENT_3D('',#12478,#12479,#12480);
#12482=PLANE('',#12481);
#12483=ORIENTED_EDGE('',*,*,#10172,.F.);
#12484=ORIENTED_EDGE('',*,*,#12447,.T.);
#12485=ORIENTED_EDGE('',*,*,#12365,.T.);
#12486=ORIENTED_EDGE('',*,*,#12471,.F.);
#12487=EDGE_LOOP('',(#12483,#12484,#12485,#12486));
#12488=FACE_OUTER_BOUND('',#12487,.F.);
#12489=ADVANCED_FACE('',(#12488),#12482,.T.);
#12490=CARTESIAN_POINT('',(1.636730192916E-1,1.E0,8.5E-1));
#12491=DIRECTION('',(-9.848077530122E-1,0.E0,1.736481776669E-1));
#12492=DIRECTION('',(1.736481776669E-1,0.E0,9.848077530122E-1));
#12493=AXIS2_PLACEMENT_3D('',#12490,#12491,#12492);
#12494=PLANE('',#12493);
#12495=ORIENTED_EDGE('',*,*,#10180,.F.);
#12497=ORIENTED_EDGE('',*,*,#12496,.T.);
#12498=ORIENTED_EDGE('',*,*,#12375,.T.);
#12500=ORIENTED_EDGE('',*,*,#12499,.F.);
#12501=EDGE_LOOP('',(#12495,#12497,#12498,#12500));
#12502=FACE_OUTER_BOUND('',#12501,.F.);
#12503=ADVANCED_FACE('',(#12502),#12494,.T.);
#12504=CARTESIAN_POINT('',(8.2E-1,1.E0,8.5E-1));
#12505=DIRECTION('',(0.E0,0.E0,-1.E0));
#12506=DIRECTION('',(-1.E0,0.E0,0.E0));
#12507=AXIS2_PLACEMENT_3D('',#12504,#12505,#12506);
#12508=PLANE('',#12507);
#12509=ORIENTED_EDGE('',*,*,#10186,.F.);
#12511=ORIENTED_EDGE('',*,*,#12510,.T.);
#12512=ORIENTED_EDGE('',*,*,#12377,.T.);
#12513=ORIENTED_EDGE('',*,*,#12496,.F.);
#12514=EDGE_LOOP('',(#12509,#12511,#12512,#12513));
#12515=FACE_OUTER_BOUND('',#12514,.F.);
#12516=ADVANCED_FACE('',(#12515),#12508,.T.);
#12517=CARTESIAN_POINT('',(8.2E-1,1.E0,1.85E0));
#12518=DIRECTION('',(1.E0,0.E0,0.E0));
#12519=DIRECTION('',(0.E0,0.E0,-1.E0));
#12520=AXIS2_PLACEMENT_3D('',#12517,#12518,#12519);
#12521=PLANE('',#12520);
#12522=ORIENTED_EDGE('',*,*,#10184,.F.);
#12524=ORIENTED_EDGE('',*,*,#12523,.T.);
#12525=ORIENTED_EDGE('',*,*,#12379,.T.);
#12526=ORIENTED_EDGE('',*,*,#12510,.F.);
#12527=EDGE_LOOP('',(#12522,#12524,#12525,#12526));
#12528=FACE_OUTER_BOUND('',#12527,.F.);
#12529=ADVANCED_FACE('',(#12528),#12521,.T.);
#12530=CARTESIAN_POINT('',(3.4E-1,1.E0,1.85E0));
#12531=DIRECTION('',(0.E0,0.E0,1.E0));
#12532=DIRECTION('',(1.E0,0.E0,0.E0));
#12533=AXIS2_PLACEMENT_3D('',#12530,#12531,#12532);
#12534=PLANE('',#12533);
#12535=ORIENTED_EDGE('',*,*,#10182,.F.);
#12536=ORIENTED_EDGE('',*,*,#12499,.T.);
#12537=ORIENTED_EDGE('',*,*,#12381,.T.);
#12538=ORIENTED_EDGE('',*,*,#12523,.F.);
#12539=EDGE_LOOP('',(#12535,#12536,#12537,#12538));
#12540=FACE_OUTER_BOUND('',#12539,.F.);
#12541=ADVANCED_FACE('',(#12540),#12534,.T.);
#12542=CARTESIAN_POINT('',(2.703673019292E0,1.E0,-8.5E-1));
#12543=DIRECTION('',(0.E0,0.E0,1.E0));
#12544=DIRECTION('',(1.E0,0.E0,0.E0));
#12545=AXIS2_PLACEMENT_3D('',#12542,#12543,#12544);
#12546=PLANE('',#12545);
#12547=ORIENTED_EDGE('',*,*,#10190,.F.);
#12549=ORIENTED_EDGE('',*,*,#12548,.T.);
#12551=ORIENTED_EDGE('',*,*,#12550,.T.);
#12553=ORIENTED_EDGE('',*,*,#12552,.F.);
#12554=EDGE_LOOP('',(#12547,#12549,#12551,#12553));
#12555=FACE_OUTER_BOUND('',#12554,.F.);
#12556=ADVANCED_FACE('',(#12555),#12546,.T.);
#12557=CARTESIAN_POINT('',(2.88E0,1.E0,-1.85E0));
#12558=DIRECTION('',(-9.848077530122E-1,0.E0,-1.736481776669E-1));
#12559=DIRECTION('',(-1.736481776669E-1,0.E0,9.848077530122E-1));
#12560=AXIS2_PLACEMENT_3D('',#12557,#12558,#12559);
#12561=PLANE('',#12560);
#12562=ORIENTED_EDGE('',*,*,#10196,.F.);
#12564=ORIENTED_EDGE('',*,*,#12563,.T.);
#12566=ORIENTED_EDGE('',*,*,#12565,.T.);
#12567=ORIENTED_EDGE('',*,*,#12548,.F.);
#12568=EDGE_LOOP('',(#12562,#12564,#12566,#12567));
#12569=FACE_OUTER_BOUND('',#12568,.F.);
#12570=ADVANCED_FACE('',(#12569),#12561,.T.);
#12571=CARTESIAN_POINT('',(3.36E0,1.E0,-1.85E0));
#12572=DIRECTION('',(0.E0,0.E0,-1.E0));
#12573=DIRECTION('',(-1.E0,0.E0,0.E0));
#12574=AXIS2_PLACEMENT_3D('',#12571,#12572,#12573);
#12575=PLANE('',#12574);
#12576=ORIENTED_EDGE('',*,*,#10194,.F.);
#12578=ORIENTED_EDGE('',*,*,#12577,.T.);
#12580=ORIENTED_EDGE('',*,*,#12579,.T.);
#12581=ORIENTED_EDGE('',*,*,#12563,.F.);
#12582=EDGE_LOOP('',(#12576,#12578,#12580,#12581));
#12583=FACE_OUTER_BOUND('',#12582,.F.);
#12584=ADVANCED_FACE('',(#12583),#12575,.T.);
#12585=CARTESIAN_POINT('',(3.36E0,1.E0,-8.5E-1));
#12586=DIRECTION('',(1.E0,0.E0,0.E0));
#12587=DIRECTION('',(0.E0,0.E0,-1.E0));
#12588=AXIS2_PLACEMENT_3D('',#12585,#12586,#12587);
#12589=PLANE('',#12588);
#12590=ORIENTED_EDGE('',*,*,#10192,.F.);
#12591=ORIENTED_EDGE('',*,*,#12552,.T.);
#12593=ORIENTED_EDGE('',*,*,#12592,.T.);
#12594=ORIENTED_EDGE('',*,*,#12577,.F.);
#12595=EDGE_LOOP('',(#12590,#12591,#12593,#12594));
#12596=FACE_OUTER_BOUND('',#12595,.F.);
#12597=ADVANCED_FACE('',(#12596),#12589,.T.);
#12598=CARTESIAN_POINT('',(0.E0,1.5E0,0.E0));
#12599=DIRECTION('',(0.E0,1.E0,0.E0));
#12600=DIRECTION('',(1.E0,0.E0,0.E0));
#12601=AXIS2_PLACEMENT_3D('',#12598,#12599,#12600);
#12602=PLANE('',#12601);
#12603=ORIENTED_EDGE('',*,*,#12550,.F.);
#12604=ORIENTED_EDGE('',*,*,#12565,.F.);
#12605=ORIENTED_EDGE('',*,*,#12579,.F.);
#12606=ORIENTED_EDGE('',*,*,#12592,.F.);
#12607=EDGE_LOOP('',(#12603,#12604,#12605,#12606));
#12608=FACE_OUTER_BOUND('',#12607,.F.);
#12609=ADVANCED_FACE('',(#12608),#12602,.T.);
#12610=CARTESIAN_POINT('',(0.E0,1.5E0,0.E0));
#12611=DIRECTION('',(0.E0,1.E0,0.E0));
#12612=DIRECTION('',(1.E0,0.E0,0.E0));
#12613=AXIS2_PLACEMENT_3D('',#12610,#12611,#12612);
#12614=PLANE('',#12613);
#12616=ORIENTED_EDGE('',*,*,#12615,.F.);
#12618=ORIENTED_EDGE('',*,*,#12617,.F.);
#12620=ORIENTED_EDGE('',*,*,#12619,.F.);
#12622=ORIENTED_EDGE('',*,*,#12621,.F.);
#12623=EDGE_LOOP('',(#12616,#12618,#12620,#12622));
#12624=FACE_OUTER_BOUND('',#12623,.F.);
#12625=ADVANCED_FACE('',(#12624),#12614,.T.);
#12626=CARTESIAN_POINT('',(0.E0,1.5E0,0.E0));
#12627=DIRECTION('',(0.E0,1.E0,0.E0));
#12628=DIRECTION('',(1.E0,0.E0,0.E0));
#12629=AXIS2_PLACEMENT_3D('',#12626,#12627,#12628);
#12630=PLANE('',#12629);
#12632=ORIENTED_EDGE('',*,*,#12631,.F.);
#12634=ORIENTED_EDGE('',*,*,#12633,.F.);
#12636=ORIENTED_EDGE('',*,*,#12635,.F.);
#12638=ORIENTED_EDGE('',*,*,#12637,.F.);
#12639=EDGE_LOOP('',(#12632,#12634,#12636,#12638));
#12640=FACE_OUTER_BOUND('',#12639,.F.);
#12641=ADVANCED_FACE('',(#12640),#12630,.T.);
#12642=CARTESIAN_POINT('',(0.E0,1.5E0,0.E0));
#12643=DIRECTION('',(0.E0,1.E0,0.E0));
#12644=DIRECTION('',(1.E0,0.E0,0.E0));
#12645=AXIS2_PLACEMENT_3D('',#12642,#12643,#12644);
#12646=PLANE('',#12645);
#12648=ORIENTED_EDGE('',*,*,#12647,.F.);
#12650=ORIENTED_EDGE('',*,*,#12649,.F.);
#12652=ORIENTED_EDGE('',*,*,#12651,.F.);
#12654=ORIENTED_EDGE('',*,*,#12653,.F.);
#12655=EDGE_LOOP('',(#12648,#12650,#12652,#12654));
#12656=FACE_OUTER_BOUND('',#12655,.F.);
#12657=ADVANCED_FACE('',(#12656),#12646,.T.);
#12658=CARTESIAN_POINT('',(4.916326980708E0,1.E0,-8.5E-1));
#12659=DIRECTION('',(9.848077530122E-1,0.E0,-1.736481776669E-1));
#12660=DIRECTION('',(-1.736481776669E-1,0.E0,-9.848077530122E-1));
#12661=AXIS2_PLACEMENT_3D('',#12658,#12659,#12660);
#12662=PLANE('',#12661);
#12663=ORIENTED_EDGE('',*,*,#10200,.F.);
#12665=ORIENTED_EDGE('',*,*,#12664,.T.);
#12666=ORIENTED_EDGE('',*,*,#12615,.T.);
#12668=ORIENTED_EDGE('',*,*,#12667,.F.);
#12669=EDGE_LOOP('',(#12663,#12665,#12666,#12668));
#12670=FACE_OUTER_BOUND('',#12669,.F.);
#12671=ADVANCED_FACE('',(#12670),#12662,.T.);
#12672=CARTESIAN_POINT('',(4.26E0,1.E0,-8.5E-1));
#12673=DIRECTION('',(0.E0,0.E0,1.E0));
#12674=DIRECTION('',(1.E0,0.E0,0.E0));
#12675=AXIS2_PLACEMENT_3D('',#12672,#12673,#12674);
#12676=PLANE('',#12675);
#12677=ORIENTED_EDGE('',*,*,#10206,.F.);
#12679=ORIENTED_EDGE('',*,*,#12678,.T.);
#12680=ORIENTED_EDGE('',*,*,#12617,.T.);
#12681=ORIENTED_EDGE('',*,*,#12664,.F.);
#12682=EDGE_LOOP('',(#12677,#12679,#12680,#12681));
#12683=FACE_OUTER_BOUND('',#12682,.F.);
#12684=ADVANCED_FACE('',(#12683),#12676,.T.);
#12685=CARTESIAN_POINT('',(4.26E0,1.E0,-1.85E0));
#12686=DIRECTION('',(-1.E0,0.E0,0.E0));
#12687=DIRECTION('',(0.E0,0.E0,1.E0));
#12688=AXIS2_PLACEMENT_3D('',#12685,#12686,#12687);
#12689=PLANE('',#12688);
#12690=ORIENTED_EDGE('',*,*,#10204,.F.);
#12692=ORIENTED_EDGE('',*,*,#12691,.T.);
#12693=ORIENTED_EDGE('',*,*,#12619,.T.);
#12694=ORIENTED_EDGE('',*,*,#12678,.F.);
#12695=EDGE_LOOP('',(#12690,#12692,#12693,#12694));
#12696=FACE_OUTER_BOUND('',#12695,.F.);
#12697=ADVANCED_FACE('',(#12696),#12689,.T.);
#12698=CARTESIAN_POINT('',(4.74E0,1.E0,-1.85E0));
#12699=DIRECTION('',(0.E0,0.E0,-1.E0));
#12700=DIRECTION('',(-1.E0,0.E0,0.E0));
#12701=AXIS2_PLACEMENT_3D('',#12698,#12699,#12700);
#12702=PLANE('',#12701);
#12703=ORIENTED_EDGE('',*,*,#10202,.F.);
#12704=ORIENTED_EDGE('',*,*,#12667,.T.);
#12705=ORIENTED_EDGE('',*,*,#12621,.T.);
#12706=ORIENTED_EDGE('',*,*,#12691,.F.);
#12707=EDGE_LOOP('',(#12703,#12704,#12705,#12706));
#12708=FACE_OUTER_BOUND('',#12707,.F.);
#12709=ADVANCED_FACE('',(#12708),#12702,.T.);
#12710=CARTESIAN_POINT('',(4.916326980708E0,1.E0,8.5E-1));
#12711=DIRECTION('',(0.E0,0.E0,-1.E0));
#12712=DIRECTION('',(-1.E0,0.E0,0.E0));
#12713=AXIS2_PLACEMENT_3D('',#12710,#12711,#12712);
#12714=PLANE('',#12713);
#12715=ORIENTED_EDGE('',*,*,#10210,.F.);
#12717=ORIENTED_EDGE('',*,*,#12716,.T.);
#12718=ORIENTED_EDGE('',*,*,#12631,.T.);
#12720=ORIENTED_EDGE('',*,*,#12719,.F.);
#12721=EDGE_LOOP('',(#12715,#12717,#12718,#12720));
#12722=FACE_OUTER_BOUND('',#12721,.F.);
#12723=ADVANCED_FACE('',(#12722),#12714,.T.);
#12724=CARTESIAN_POINT('',(4.74E0,1.E0,1.85E0));
#12725=DIRECTION('',(9.848077530122E-1,0.E0,1.736481776669E-1));
#12726=DIRECTION('',(1.736481776669E-1,0.E0,-9.848077530122E-1));
#12727=AXIS2_PLACEMENT_3D('',#12724,#12725,#12726);
#12728=PLANE('',#12727);
#12729=ORIENTED_EDGE('',*,*,#10216,.F.);
#12731=ORIENTED_EDGE('',*,*,#12730,.T.);
#12732=ORIENTED_EDGE('',*,*,#12633,.T.);
#12733=ORIENTED_EDGE('',*,*,#12716,.F.);
#12734=EDGE_LOOP('',(#12729,#12731,#12732,#12733));
#12735=FACE_OUTER_BOUND('',#12734,.F.);
#12736=ADVANCED_FACE('',(#12735),#12728,.T.);
#12737=CARTESIAN_POINT('',(4.26E0,1.E0,1.85E0));
#12738=DIRECTION('',(0.E0,0.E0,1.E0));
#12739=DIRECTION('',(1.E0,0.E0,0.E0));
#12740=AXIS2_PLACEMENT_3D('',#12737,#12738,#12739);
#12741=PLANE('',#12740);
#12742=ORIENTED_EDGE('',*,*,#10214,.F.);
#12744=ORIENTED_EDGE('',*,*,#12743,.T.);
#12745=ORIENTED_EDGE('',*,*,#12635,.T.);
#12746=ORIENTED_EDGE('',*,*,#12730,.F.);
#12747=EDGE_LOOP('',(#12742,#12744,#12745,#12746));
#12748=FACE_OUTER_BOUND('',#12747,.F.);
#12749=ADVANCED_FACE('',(#12748),#12741,.T.);
#12750=CARTESIAN_POINT('',(4.26E0,1.E0,8.5E-1));
#12751=DIRECTION('',(-1.E0,0.E0,0.E0));
#12752=DIRECTION('',(0.E0,0.E0,1.E0));
#12753=AXIS2_PLACEMENT_3D('',#12750,#12751,#12752);
#12754=PLANE('',#12753);
#12755=ORIENTED_EDGE('',*,*,#10212,.F.);
#12756=ORIENTED_EDGE('',*,*,#12719,.T.);
#12757=ORIENTED_EDGE('',*,*,#12637,.T.);
#12758=ORIENTED_EDGE('',*,*,#12743,.F.);
#12759=EDGE_LOOP('',(#12755,#12756,#12757,#12758));
#12760=FACE_OUTER_BOUND('',#12759,.F.);
#12761=ADVANCED_FACE('',(#12760),#12754,.T.);
#12762=CARTESIAN_POINT('',(2.703673019292E0,1.E0,8.5E-1));
#12763=DIRECTION('',(-9.848077530122E-1,0.E0,1.736481776669E-1));
#12764=DIRECTION('',(1.736481776669E-1,0.E0,9.848077530122E-1));
#12765=AXIS2_PLACEMENT_3D('',#12762,#12763,#12764);
#12766=PLANE('',#12765);
#12767=ORIENTED_EDGE('',*,*,#10220,.F.);
#12769=ORIENTED_EDGE('',*,*,#12768,.T.);
#12770=ORIENTED_EDGE('',*,*,#12647,.T.);
#12772=ORIENTED_EDGE('',*,*,#12771,.F.);
#12773=EDGE_LOOP('',(#12767,#12769,#12770,#12772));
#12774=FACE_OUTER_BOUND('',#12773,.F.);
#12775=ADVANCED_FACE('',(#12774),#12766,.T.);
#12776=CARTESIAN_POINT('',(3.36E0,1.E0,8.5E-1));
#12777=DIRECTION('',(0.E0,0.E0,-1.E0));
#12778=DIRECTION('',(-1.E0,0.E0,0.E0));
#12779=AXIS2_PLACEMENT_3D('',#12776,#12777,#12778);
#12780=PLANE('',#12779);
#12781=ORIENTED_EDGE('',*,*,#10226,.F.);
#12783=ORIENTED_EDGE('',*,*,#12782,.T.);
#12784=ORIENTED_EDGE('',*,*,#12649,.T.);
#12785=ORIENTED_EDGE('',*,*,#12768,.F.);
#12786=EDGE_LOOP('',(#12781,#12783,#12784,#12785));
#12787=FACE_OUTER_BOUND('',#12786,.F.);
#12788=ADVANCED_FACE('',(#12787),#12780,.T.);
#12789=CARTESIAN_POINT('',(3.36E0,1.E0,1.85E0));
#12790=DIRECTION('',(1.E0,0.E0,0.E0));
#12791=DIRECTION('',(0.E0,0.E0,-1.E0));
#12792=AXIS2_PLACEMENT_3D('',#12789,#12790,#12791);
#12793=PLANE('',#12792);
#12794=ORIENTED_EDGE('',*,*,#10224,.F.);
#12796=ORIENTED_EDGE('',*,*,#12795,.T.);
#12797=ORIENTED_EDGE('',*,*,#12651,.T.);
#12798=ORIENTED_EDGE('',*,*,#12782,.F.);
#12799=EDGE_LOOP('',(#12794,#12796,#12797,#12798));
#12800=FACE_OUTER_BOUND('',#12799,.F.);
#12801=ADVANCED_FACE('',(#12800),#12793,.T.);
#12802=CARTESIAN_POINT('',(2.88E0,1.E0,1.85E0));
#12803=DIRECTION('',(0.E0,0.E0,1.E0));
#12804=DIRECTION('',(1.E0,0.E0,0.E0));
#12805=AXIS2_PLACEMENT_3D('',#12802,#12803,#12804);
#12806=PLANE('',#12805);
#12807=ORIENTED_EDGE('',*,*,#10222,.F.);
#12808=ORIENTED_EDGE('',*,*,#12771,.T.);
#12809=ORIENTED_EDGE('',*,*,#12653,.T.);
#12810=ORIENTED_EDGE('',*,*,#12795,.F.);
#12811=EDGE_LOOP('',(#12807,#12808,#12809,#12810));
#12812=FACE_OUTER_BOUND('',#12811,.F.);
#12813=ADVANCED_FACE('',(#12812),#12806,.T.);
#12814=CARTESIAN_POINT('',(5.243673019292E0,1.E0,-8.5E-1));
#12815=DIRECTION('',(0.E0,0.E0,1.E0));
#12816=DIRECTION('',(1.E0,0.E0,0.E0));
#12817=AXIS2_PLACEMENT_3D('',#12814,#12815,#12816);
#12818=PLANE('',#12817);
#12819=ORIENTED_EDGE('',*,*,#10230,.F.);
#12821=ORIENTED_EDGE('',*,*,#12820,.T.);
#12823=ORIENTED_EDGE('',*,*,#12822,.T.);
#12825=ORIENTED_EDGE('',*,*,#12824,.F.);
#12826=EDGE_LOOP('',(#12819,#12821,#12823,#12825));
#12827=FACE_OUTER_BOUND('',#12826,.F.);
#12828=ADVANCED_FACE('',(#12827),#12818,.T.);
#12829=CARTESIAN_POINT('',(5.42E0,1.E0,-1.85E0));
#12830=DIRECTION('',(-9.848077530122E-1,0.E0,-1.736481776669E-1));
#12831=DIRECTION('',(-1.736481776669E-1,0.E0,9.848077530122E-1));
#12832=AXIS2_PLACEMENT_3D('',#12829,#12830,#12831);
#12833=PLANE('',#12832);
#12834=ORIENTED_EDGE('',*,*,#10236,.F.);
#12836=ORIENTED_EDGE('',*,*,#12835,.T.);
#12838=ORIENTED_EDGE('',*,*,#12837,.T.);
#12839=ORIENTED_EDGE('',*,*,#12820,.F.);
#12840=EDGE_LOOP('',(#12834,#12836,#12838,#12839));
#12841=FACE_OUTER_BOUND('',#12840,.F.);
#12842=ADVANCED_FACE('',(#12841),#12833,.T.);
#12843=CARTESIAN_POINT('',(5.9E0,1.E0,-1.85E0));
#12844=DIRECTION('',(0.E0,0.E0,-1.E0));
#12845=DIRECTION('',(-1.E0,0.E0,0.E0));
#12846=AXIS2_PLACEMENT_3D('',#12843,#12844,#12845);
#12847=PLANE('',#12846);
#12848=ORIENTED_EDGE('',*,*,#10234,.F.);
#12850=ORIENTED_EDGE('',*,*,#12849,.T.);
#12852=ORIENTED_EDGE('',*,*,#12851,.T.);
#12853=ORIENTED_EDGE('',*,*,#12835,.F.);
#12854=EDGE_LOOP('',(#12848,#12850,#12852,#12853));
#12855=FACE_OUTER_BOUND('',#12854,.F.);
#12856=ADVANCED_FACE('',(#12855),#12847,.T.);
#12857=CARTESIAN_POINT('',(5.9E0,1.E0,-8.5E-1));
#12858=DIRECTION('',(1.E0,0.E0,0.E0));
#12859=DIRECTION('',(0.E0,0.E0,-1.E0));
#12860=AXIS2_PLACEMENT_3D('',#12857,#12858,#12859);
#12861=PLANE('',#12860);
#12862=ORIENTED_EDGE('',*,*,#10232,.F.);
#12863=ORIENTED_EDGE('',*,*,#12824,.T.);
#12865=ORIENTED_EDGE('',*,*,#12864,.T.);
#12866=ORIENTED_EDGE('',*,*,#12849,.F.);
#12867=EDGE_LOOP('',(#12862,#12863,#12865,#12866));
#12868=FACE_OUTER_BOUND('',#12867,.F.);
#12869=ADVANCED_FACE('',(#12868),#12861,.T.);
#12870=CARTESIAN_POINT('',(0.E0,1.5E0,0.E0));
#12871=DIRECTION('',(0.E0,1.E0,0.E0));
#12872=DIRECTION('',(1.E0,0.E0,0.E0));
#12873=AXIS2_PLACEMENT_3D('',#12870,#12871,#12872);
#12874=PLANE('',#12873);
#12875=ORIENTED_EDGE('',*,*,#12822,.F.);
#12876=ORIENTED_EDGE('',*,*,#12837,.F.);
#12877=ORIENTED_EDGE('',*,*,#12851,.F.);
#12878=ORIENTED_EDGE('',*,*,#12864,.F.);
#12879=EDGE_LOOP('',(#12875,#12876,#12877,#12878));
#12880=FACE_OUTER_BOUND('',#12879,.F.);
#12881=ADVANCED_FACE('',(#12880),#12874,.T.);
#12882=CARTESIAN_POINT('',(0.E0,1.5E0,0.E0));
#12883=DIRECTION('',(0.E0,1.E0,0.E0));
#12884=DIRECTION('',(1.E0,0.E0,0.E0));
#12885=AXIS2_PLACEMENT_3D('',#12882,#12883,#12884);
#12886=PLANE('',#12885);
#12888=ORIENTED_EDGE('',*,*,#12887,.F.);
#12890=ORIENTED_EDGE('',*,*,#12889,.F.);
#12892=ORIENTED_EDGE('',*,*,#12891,.F.);
#12894=ORIENTED_EDGE('',*,*,#12893,.F.);
#12895=EDGE_LOOP('',(#12888,#12890,#12892,#12894));
#12896=FACE_OUTER_BOUND('',#12895,.F.);
#12897=ADVANCED_FACE('',(#12896),#12886,.T.);
#12898=CARTESIAN_POINT('',(0.E0,1.5E0,0.E0));
#12899=DIRECTION('',(0.E0,1.E0,0.E0));
#12900=DIRECTION('',(1.E0,0.E0,0.E0));
#12901=AXIS2_PLACEMENT_3D('',#12898,#12899,#12900);
#12902=PLANE('',#12901);
#12904=ORIENTED_EDGE('',*,*,#12903,.F.);
#12906=ORIENTED_EDGE('',*,*,#12905,.F.);
#12908=ORIENTED_EDGE('',*,*,#12907,.F.);
#12910=ORIENTED_EDGE('',*,*,#12909,.F.);
#12911=EDGE_LOOP('',(#12904,#12906,#12908,#12910));
#12912=FACE_OUTER_BOUND('',#12911,.F.);
#12913=ADVANCED_FACE('',(#12912),#12902,.T.);
#12914=CARTESIAN_POINT('',(0.E0,1.5E0,0.E0));
#12915=DIRECTION('',(0.E0,1.E0,0.E0));
#12916=DIRECTION('',(1.E0,0.E0,0.E0));
#12917=AXIS2_PLACEMENT_3D('',#12914,#12915,#12916);
#12918=PLANE('',#12917);
#12920=ORIENTED_EDGE('',*,*,#12919,.F.);
#12922=ORIENTED_EDGE('',*,*,#12921,.F.);
#12924=ORIENTED_EDGE('',*,*,#12923,.F.);
#12926=ORIENTED_EDGE('',*,*,#12925,.F.);
#12927=EDGE_LOOP('',(#12920,#12922,#12924,#12926));
#12928=FACE_OUTER_BOUND('',#12927,.F.);
#12929=ADVANCED_FACE('',(#12928),#12918,.T.);
#12930=CARTESIAN_POINT('',(7.456326980708E0,1.E0,-8.5E-1));
#12931=DIRECTION('',(9.848077530122E-1,0.E0,-1.736481776669E-1));
#12932=DIRECTION('',(-1.736481776669E-1,0.E0,-9.848077530122E-1));
#12933=AXIS2_PLACEMENT_3D('',#12930,#12931,#12932);
#12934=PLANE('',#12933);
#12935=ORIENTED_EDGE('',*,*,#10240,.F.);
#12937=ORIENTED_EDGE('',*,*,#12936,.T.);
#12938=ORIENTED_EDGE('',*,*,#12887,.T.);
#12940=ORIENTED_EDGE('',*,*,#12939,.F.);
#12941=EDGE_LOOP('',(#12935,#12937,#12938,#12940));
#12942=FACE_OUTER_BOUND('',#12941,.F.);
#12943=ADVANCED_FACE('',(#12942),#12934,.T.);
#12944=CARTESIAN_POINT('',(6.8E0,1.E0,-8.5E-1));
#12945=DIRECTION('',(0.E0,0.E0,1.E0));
#12946=DIRECTION('',(1.E0,0.E0,0.E0));
#12947=AXIS2_PLACEMENT_3D('',#12944,#12945,#12946);
#12948=PLANE('',#12947);
#12949=ORIENTED_EDGE('',*,*,#10246,.F.);
#12951=ORIENTED_EDGE('',*,*,#12950,.T.);
#12952=ORIENTED_EDGE('',*,*,#12889,.T.);
#12953=ORIENTED_EDGE('',*,*,#12936,.F.);
#12954=EDGE_LOOP('',(#12949,#12951,#12952,#12953));
#12955=FACE_OUTER_BOUND('',#12954,.F.);
#12956=ADVANCED_FACE('',(#12955),#12948,.T.);
#12957=CARTESIAN_POINT('',(6.8E0,1.E0,-1.85E0));
#12958=DIRECTION('',(-1.E0,0.E0,0.E0));
#12959=DIRECTION('',(0.E0,0.E0,1.E0));
#12960=AXIS2_PLACEMENT_3D('',#12957,#12958,#12959);
#12961=PLANE('',#12960);
#12962=ORIENTED_EDGE('',*,*,#10244,.F.);
#12964=ORIENTED_EDGE('',*,*,#12963,.T.);
#12965=ORIENTED_EDGE('',*,*,#12891,.T.);
#12966=ORIENTED_EDGE('',*,*,#12950,.F.);
#12967=EDGE_LOOP('',(#12962,#12964,#12965,#12966));
#12968=FACE_OUTER_BOUND('',#12967,.F.);
#12969=ADVANCED_FACE('',(#12968),#12961,.T.);
#12970=CARTESIAN_POINT('',(7.28E0,1.E0,-1.85E0));
#12971=DIRECTION('',(0.E0,0.E0,-1.E0));
#12972=DIRECTION('',(-1.E0,0.E0,0.E0));
#12973=AXIS2_PLACEMENT_3D('',#12970,#12971,#12972);
#12974=PLANE('',#12973);
#12975=ORIENTED_EDGE('',*,*,#10242,.F.);
#12976=ORIENTED_EDGE('',*,*,#12939,.T.);
#12977=ORIENTED_EDGE('',*,*,#12893,.T.);
#12978=ORIENTED_EDGE('',*,*,#12963,.F.);
#12979=EDGE_LOOP('',(#12975,#12976,#12977,#12978));
#12980=FACE_OUTER_BOUND('',#12979,.F.);
#12981=ADVANCED_FACE('',(#12980),#12974,.T.);
#12982=CARTESIAN_POINT('',(7.456326980708E0,1.E0,8.5E-1));
#12983=DIRECTION('',(0.E0,0.E0,-1.E0));
#12984=DIRECTION('',(-1.E0,0.E0,0.E0));
#12985=AXIS2_PLACEMENT_3D('',#12982,#12983,#12984);
#12986=PLANE('',#12985);
#12987=ORIENTED_EDGE('',*,*,#10250,.F.);
#12989=ORIENTED_EDGE('',*,*,#12988,.T.);
#12990=ORIENTED_EDGE('',*,*,#12903,.T.);
#12992=ORIENTED_EDGE('',*,*,#12991,.F.);
#12993=EDGE_LOOP('',(#12987,#12989,#12990,#12992));
#12994=FACE_OUTER_BOUND('',#12993,.F.);
#12995=ADVANCED_FACE('',(#12994),#12986,.T.);
#12996=CARTESIAN_POINT('',(7.28E0,1.E0,1.85E0));
#12997=DIRECTION('',(9.848077530122E-1,0.E0,1.736481776669E-1));
#12998=DIRECTION('',(1.736481776669E-1,0.E0,-9.848077530122E-1));
#12999=AXIS2_PLACEMENT_3D('',#12996,#12997,#12998);
#13000=PLANE('',#12999);
#13001=ORIENTED_EDGE('',*,*,#10256,.F.);
#13003=ORIENTED_EDGE('',*,*,#13002,.T.);
#13004=ORIENTED_EDGE('',*,*,#12905,.T.);
#13005=ORIENTED_EDGE('',*,*,#12988,.F.);
#13006=EDGE_LOOP('',(#13001,#13003,#13004,#13005));
#13007=FACE_OUTER_BOUND('',#13006,.F.);
#13008=ADVANCED_FACE('',(#13007),#13000,.T.);
#13009=CARTESIAN_POINT('',(6.8E0,1.E0,1.85E0));
#13010=DIRECTION('',(0.E0,0.E0,1.E0));
#13011=DIRECTION('',(1.E0,0.E0,0.E0));
#13012=AXIS2_PLACEMENT_3D('',#13009,#13010,#13011);
#13013=PLANE('',#13012);
#13014=ORIENTED_EDGE('',*,*,#10254,.F.);
#13016=ORIENTED_EDGE('',*,*,#13015,.T.);
#13017=ORIENTED_EDGE('',*,*,#12907,.T.);
#13018=ORIENTED_EDGE('',*,*,#13002,.F.);
#13019=EDGE_LOOP('',(#13014,#13016,#13017,#13018));
#13020=FACE_OUTER_BOUND('',#13019,.F.);
#13021=ADVANCED_FACE('',(#13020),#13013,.T.);
#13022=CARTESIAN_POINT('',(6.8E0,1.E0,8.5E-1));
#13023=DIRECTION('',(-1.E0,0.E0,0.E0));
#13024=DIRECTION('',(0.E0,0.E0,1.E0));
#13025=AXIS2_PLACEMENT_3D('',#13022,#13023,#13024);
#13026=PLANE('',#13025);
#13027=ORIENTED_EDGE('',*,*,#10252,.F.);
#13028=ORIENTED_EDGE('',*,*,#12991,.T.);
#13029=ORIENTED_EDGE('',*,*,#12909,.T.);
#13030=ORIENTED_EDGE('',*,*,#13015,.F.);
#13031=EDGE_LOOP('',(#13027,#13028,#13029,#13030));
#13032=FACE_OUTER_BOUND('',#13031,.F.);
#13033=ADVANCED_FACE('',(#13032),#13026,.T.);
#13034=CARTESIAN_POINT('',(5.243673019292E0,1.E0,8.5E-1));
#13035=DIRECTION('',(-9.848077530122E-1,0.E0,1.736481776669E-1));
#13036=DIRECTION('',(1.736481776669E-1,0.E0,9.848077530122E-1));
#13037=AXIS2_PLACEMENT_3D('',#13034,#13035,#13036);
#13038=PLANE('',#13037);
#13039=ORIENTED_EDGE('',*,*,#10260,.F.);
#13041=ORIENTED_EDGE('',*,*,#13040,.T.);
#13042=ORIENTED_EDGE('',*,*,#12919,.T.);
#13044=ORIENTED_EDGE('',*,*,#13043,.F.);
#13045=EDGE_LOOP('',(#13039,#13041,#13042,#13044));
#13046=FACE_OUTER_BOUND('',#13045,.F.);
#13047=ADVANCED_FACE('',(#13046),#13038,.T.);
#13048=CARTESIAN_POINT('',(5.9E0,1.E0,8.5E-1));
#13049=DIRECTION('',(0.E0,0.E0,-1.E0));
#13050=DIRECTION('',(-1.E0,0.E0,0.E0));
#13051=AXIS2_PLACEMENT_3D('',#13048,#13049,#13050);
#13052=PLANE('',#13051);
#13053=ORIENTED_EDGE('',*,*,#10266,.F.);
#13055=ORIENTED_EDGE('',*,*,#13054,.T.);
#13056=ORIENTED_EDGE('',*,*,#12921,.T.);
#13057=ORIENTED_EDGE('',*,*,#13040,.F.);
#13058=EDGE_LOOP('',(#13053,#13055,#13056,#13057));
#13059=FACE_OUTER_BOUND('',#13058,.F.);
#13060=ADVANCED_FACE('',(#13059),#13052,.T.);
#13061=CARTESIAN_POINT('',(5.9E0,1.E0,1.85E0));
#13062=DIRECTION('',(1.E0,0.E0,0.E0));
#13063=DIRECTION('',(0.E0,0.E0,-1.E0));
#13064=AXIS2_PLACEMENT_3D('',#13061,#13062,#13063);
#13065=PLANE('',#13064);
#13066=ORIENTED_EDGE('',*,*,#10264,.F.);
#13068=ORIENTED_EDGE('',*,*,#13067,.T.);
#13069=ORIENTED_EDGE('',*,*,#12923,.T.);
#13070=ORIENTED_EDGE('',*,*,#13054,.F.);
#13071=EDGE_LOOP('',(#13066,#13068,#13069,#13070));
#13072=FACE_OUTER_BOUND('',#13071,.F.);
#13073=ADVANCED_FACE('',(#13072),#13065,.T.);
#13074=CARTESIAN_POINT('',(5.42E0,1.E0,1.85E0));
#13075=DIRECTION('',(0.E0,0.E0,1.E0));
#13076=DIRECTION('',(1.E0,0.E0,0.E0));
#13077=AXIS2_PLACEMENT_3D('',#13074,#13075,#13076);
#13078=PLANE('',#13077);
#13079=ORIENTED_EDGE('',*,*,#10262,.F.);
#13080=ORIENTED_EDGE('',*,*,#13043,.T.);
#13081=ORIENTED_EDGE('',*,*,#12925,.T.);
#13082=ORIENTED_EDGE('',*,*,#13067,.F.);
#13083=EDGE_LOOP('',(#13079,#13080,#13081,#13082));
#13084=FACE_OUTER_BOUND('',#13083,.F.);
#13085=ADVANCED_FACE('',(#13084),#13078,.T.);
#13086=CARTESIAN_POINT('',(7.783673019292E0,1.E0,-8.5E-1));
#13087=DIRECTION('',(0.E0,0.E0,1.E0));
#13088=DIRECTION('',(1.E0,0.E0,0.E0));
#13089=AXIS2_PLACEMENT_3D('',#13086,#13087,#13088);
#13090=PLANE('',#13089);
#13091=ORIENTED_EDGE('',*,*,#10270,.F.);
#13093=ORIENTED_EDGE('',*,*,#13092,.T.);
#13095=ORIENTED_EDGE('',*,*,#13094,.T.);
#13097=ORIENTED_EDGE('',*,*,#13096,.F.);
#13098=EDGE_LOOP('',(#13091,#13093,#13095,#13097));
#13099=FACE_OUTER_BOUND('',#13098,.F.);
#13100=ADVANCED_FACE('',(#13099),#13090,.T.);
#13101=CARTESIAN_POINT('',(7.96E0,1.E0,-1.85E0));
#13102=DIRECTION('',(-9.848077530122E-1,0.E0,-1.736481776669E-1));
#13103=DIRECTION('',(-1.736481776669E-1,0.E0,9.848077530122E-1));
#13104=AXIS2_PLACEMENT_3D('',#13101,#13102,#13103);
#13105=PLANE('',#13104);
#13106=ORIENTED_EDGE('',*,*,#10276,.F.);
#13108=ORIENTED_EDGE('',*,*,#13107,.T.);
#13110=ORIENTED_EDGE('',*,*,#13109,.T.);
#13111=ORIENTED_EDGE('',*,*,#13092,.F.);
#13112=EDGE_LOOP('',(#13106,#13108,#13110,#13111));
#13113=FACE_OUTER_BOUND('',#13112,.F.);
#13114=ADVANCED_FACE('',(#13113),#13105,.T.);
#13115=CARTESIAN_POINT('',(8.44E0,1.E0,-1.85E0));
#13116=DIRECTION('',(0.E0,0.E0,-1.E0));
#13117=DIRECTION('',(-1.E0,0.E0,0.E0));
#13118=AXIS2_PLACEMENT_3D('',#13115,#13116,#13117);
#13119=PLANE('',#13118);
#13120=ORIENTED_EDGE('',*,*,#10274,.F.);
#13122=ORIENTED_EDGE('',*,*,#13121,.T.);
#13124=ORIENTED_EDGE('',*,*,#13123,.T.);
#13125=ORIENTED_EDGE('',*,*,#13107,.F.);
#13126=EDGE_LOOP('',(#13120,#13122,#13124,#13125));
#13127=FACE_OUTER_BOUND('',#13126,.F.);
#13128=ADVANCED_FACE('',(#13127),#13119,.T.);
#13129=CARTESIAN_POINT('',(8.44E0,1.E0,-8.5E-1));
#13130=DIRECTION('',(1.E0,0.E0,0.E0));
#13131=DIRECTION('',(0.E0,0.E0,-1.E0));
#13132=AXIS2_PLACEMENT_3D('',#13129,#13130,#13131);
#13133=PLANE('',#13132);
#13134=ORIENTED_EDGE('',*,*,#10272,.F.);
#13135=ORIENTED_EDGE('',*,*,#13096,.T.);
#13137=ORIENTED_EDGE('',*,*,#13136,.T.);
#13138=ORIENTED_EDGE('',*,*,#13121,.F.);
#13139=EDGE_LOOP('',(#13134,#13135,#13137,#13138));
#13140=FACE_OUTER_BOUND('',#13139,.F.);
#13141=ADVANCED_FACE('',(#13140),#13133,.T.);
#13142=CARTESIAN_POINT('',(0.E0,1.5E0,0.E0));
#13143=DIRECTION('',(0.E0,1.E0,0.E0));
#13144=DIRECTION('',(1.E0,0.E0,0.E0));
#13145=AXIS2_PLACEMENT_3D('',#13142,#13143,#13144);
#13146=PLANE('',#13145);
#13147=ORIENTED_EDGE('',*,*,#13094,.F.);
#13148=ORIENTED_EDGE('',*,*,#13109,.F.);
#13149=ORIENTED_EDGE('',*,*,#13123,.F.);
#13150=ORIENTED_EDGE('',*,*,#13136,.F.);
#13151=EDGE_LOOP('',(#13147,#13148,#13149,#13150));
#13152=FACE_OUTER_BOUND('',#13151,.F.);
#13153=ADVANCED_FACE('',(#13152),#13146,.T.);
#13154=CARTESIAN_POINT('',(0.E0,1.5E0,0.E0));
#13155=DIRECTION('',(0.E0,1.E0,0.E0));
#13156=DIRECTION('',(1.E0,0.E0,0.E0));
#13157=AXIS2_PLACEMENT_3D('',#13154,#13155,#13156);
#13158=PLANE('',#13157);
#13160=ORIENTED_EDGE('',*,*,#13159,.F.);
#13162=ORIENTED_EDGE('',*,*,#13161,.F.);
#13164=ORIENTED_EDGE('',*,*,#13163,.F.);
#13166=ORIENTED_EDGE('',*,*,#13165,.F.);
#13167=EDGE_LOOP('',(#13160,#13162,#13164,#13166));
#13168=FACE_OUTER_BOUND('',#13167,.F.);
#13169=ADVANCED_FACE('',(#13168),#13158,.T.);
#13170=CARTESIAN_POINT('',(0.E0,1.5E0,0.E0));
#13171=DIRECTION('',(0.E0,1.E0,0.E0));
#13172=DIRECTION('',(1.E0,0.E0,0.E0));
#13173=AXIS2_PLACEMENT_3D('',#13170,#13171,#13172);
#13174=PLANE('',#13173);
#13176=ORIENTED_EDGE('',*,*,#13175,.F.);
#13178=ORIENTED_EDGE('',*,*,#13177,.F.);
#13180=ORIENTED_EDGE('',*,*,#13179,.F.);
#13182=ORIENTED_EDGE('',*,*,#13181,.F.);
#13183=EDGE_LOOP('',(#13176,#13178,#13180,#13182));
#13184=FACE_OUTER_BOUND('',#13183,.F.);
#13185=ADVANCED_FACE('',(#13184),#13174,.T.);
#13186=CARTESIAN_POINT('',(0.E0,1.5E0,0.E0));
#13187=DIRECTION('',(0.E0,1.E0,0.E0));
#13188=DIRECTION('',(1.E0,0.E0,0.E0));
#13189=AXIS2_PLACEMENT_3D('',#13186,#13187,#13188);
#13190=PLANE('',#13189);
#13192=ORIENTED_EDGE('',*,*,#13191,.F.);
#13194=ORIENTED_EDGE('',*,*,#13193,.F.);
#13196=ORIENTED_EDGE('',*,*,#13195,.F.);
#13198=ORIENTED_EDGE('',*,*,#13197,.F.);
#13199=EDGE_LOOP('',(#13192,#13194,#13196,#13198));
#13200=FACE_OUTER_BOUND('',#13199,.F.);
#13201=ADVANCED_FACE('',(#13200),#13190,.T.);
#13202=CARTESIAN_POINT('',(9.996326980708E0,1.E0,-8.5E-1));
#13203=DIRECTION('',(9.848077530122E-1,0.E0,-1.736481776669E-1));
#13204=DIRECTION('',(-1.736481776669E-1,0.E0,-9.848077530122E-1));
#13205=AXIS2_PLACEMENT_3D('',#13202,#13203,#13204);
#13206=PLANE('',#13205);
#13207=ORIENTED_EDGE('',*,*,#10280,.F.);
#13209=ORIENTED_EDGE('',*,*,#13208,.T.);
#13210=ORIENTED_EDGE('',*,*,#13159,.T.);
#13212=ORIENTED_EDGE('',*,*,#13211,.F.);
#13213=EDGE_LOOP('',(#13207,#13209,#13210,#13212));
#13214=FACE_OUTER_BOUND('',#13213,.F.);
#13215=ADVANCED_FACE('',(#13214),#13206,.T.);
#13216=CARTESIAN_POINT('',(9.34E0,1.E0,-8.5E-1));
#13217=DIRECTION('',(0.E0,0.E0,1.E0));
#13218=DIRECTION('',(1.E0,0.E0,0.E0));
#13219=AXIS2_PLACEMENT_3D('',#13216,#13217,#13218);
#13220=PLANE('',#13219);
#13221=ORIENTED_EDGE('',*,*,#10286,.F.);
#13223=ORIENTED_EDGE('',*,*,#13222,.T.);
#13224=ORIENTED_EDGE('',*,*,#13161,.T.);
#13225=ORIENTED_EDGE('',*,*,#13208,.F.);
#13226=EDGE_LOOP('',(#13221,#13223,#13224,#13225));
#13227=FACE_OUTER_BOUND('',#13226,.F.);
#13228=ADVANCED_FACE('',(#13227),#13220,.T.);
#13229=CARTESIAN_POINT('',(9.34E0,1.E0,-1.85E0));
#13230=DIRECTION('',(-1.E0,0.E0,0.E0));
#13231=DIRECTION('',(0.E0,0.E0,1.E0));
#13232=AXIS2_PLACEMENT_3D('',#13229,#13230,#13231);
#13233=PLANE('',#13232);
#13234=ORIENTED_EDGE('',*,*,#10284,.F.);
#13236=ORIENTED_EDGE('',*,*,#13235,.T.);
#13237=ORIENTED_EDGE('',*,*,#13163,.T.);
#13238=ORIENTED_EDGE('',*,*,#13222,.F.);
#13239=EDGE_LOOP('',(#13234,#13236,#13237,#13238));
#13240=FACE_OUTER_BOUND('',#13239,.F.);
#13241=ADVANCED_FACE('',(#13240),#13233,.T.);
#13242=CARTESIAN_POINT('',(9.82E0,1.E0,-1.85E0));
#13243=DIRECTION('',(0.E0,0.E0,-1.E0));
#13244=DIRECTION('',(-1.E0,0.E0,0.E0));
#13245=AXIS2_PLACEMENT_3D('',#13242,#13243,#13244);
#13246=PLANE('',#13245);
#13247=ORIENTED_EDGE('',*,*,#10282,.F.);
#13248=ORIENTED_EDGE('',*,*,#13211,.T.);
#13249=ORIENTED_EDGE('',*,*,#13165,.T.);
#13250=ORIENTED_EDGE('',*,*,#13235,.F.);
#13251=EDGE_LOOP('',(#13247,#13248,#13249,#13250));
#13252=FACE_OUTER_BOUND('',#13251,.F.);
#13253=ADVANCED_FACE('',(#13252),#13246,.T.);
#13254=CARTESIAN_POINT('',(9.996326980708E0,1.E0,8.5E-1));
#13255=DIRECTION('',(0.E0,0.E0,-1.E0));
#13256=DIRECTION('',(-1.E0,0.E0,0.E0));
#13257=AXIS2_PLACEMENT_3D('',#13254,#13255,#13256);
#13258=PLANE('',#13257);
#13259=ORIENTED_EDGE('',*,*,#10290,.F.);
#13261=ORIENTED_EDGE('',*,*,#13260,.T.);
#13262=ORIENTED_EDGE('',*,*,#13175,.T.);
#13264=ORIENTED_EDGE('',*,*,#13263,.F.);
#13265=EDGE_LOOP('',(#13259,#13261,#13262,#13264));
#13266=FACE_OUTER_BOUND('',#13265,.F.);
#13267=ADVANCED_FACE('',(#13266),#13258,.T.);
#13268=CARTESIAN_POINT('',(9.82E0,1.E0,1.85E0));
#13269=DIRECTION('',(9.848077530122E-1,0.E0,1.736481776669E-1));
#13270=DIRECTION('',(1.736481776669E-1,0.E0,-9.848077530122E-1));
#13271=AXIS2_PLACEMENT_3D('',#13268,#13269,#13270);
#13272=PLANE('',#13271);
#13273=ORIENTED_EDGE('',*,*,#10296,.F.);
#13275=ORIENTED_EDGE('',*,*,#13274,.T.);
#13276=ORIENTED_EDGE('',*,*,#13177,.T.);
#13277=ORIENTED_EDGE('',*,*,#13260,.F.);
#13278=EDGE_LOOP('',(#13273,#13275,#13276,#13277));
#13279=FACE_OUTER_BOUND('',#13278,.F.);
#13280=ADVANCED_FACE('',(#13279),#13272,.T.);
#13281=CARTESIAN_POINT('',(9.34E0,1.E0,1.85E0));
#13282=DIRECTION('',(0.E0,0.E0,1.E0));
#13283=DIRECTION('',(1.E0,0.E0,0.E0));
#13284=AXIS2_PLACEMENT_3D('',#13281,#13282,#13283);
#13285=PLANE('',#13284);
#13286=ORIENTED_EDGE('',*,*,#10294,.F.);
#13288=ORIENTED_EDGE('',*,*,#13287,.T.);
#13289=ORIENTED_EDGE('',*,*,#13179,.T.);
#13290=ORIENTED_EDGE('',*,*,#13274,.F.);
#13291=EDGE_LOOP('',(#13286,#13288,#13289,#13290));
#13292=FACE_OUTER_BOUND('',#13291,.F.);
#13293=ADVANCED_FACE('',(#13292),#13285,.T.);
#13294=CARTESIAN_POINT('',(9.34E0,1.E0,8.5E-1));
#13295=DIRECTION('',(-1.E0,0.E0,0.E0));
#13296=DIRECTION('',(0.E0,0.E0,1.E0));
#13297=AXIS2_PLACEMENT_3D('',#13294,#13295,#13296);
#13298=PLANE('',#13297);
#13299=ORIENTED_EDGE('',*,*,#10292,.F.);
#13300=ORIENTED_EDGE('',*,*,#13263,.T.);
#13301=ORIENTED_EDGE('',*,*,#13181,.T.);
#13302=ORIENTED_EDGE('',*,*,#13287,.F.);
#13303=EDGE_LOOP('',(#13299,#13300,#13301,#13302));
#13304=FACE_OUTER_BOUND('',#13303,.F.);
#13305=ADVANCED_FACE('',(#13304),#13298,.T.);
#13306=CARTESIAN_POINT('',(7.783673019292E0,1.E0,8.5E-1));
#13307=DIRECTION('',(-9.848077530122E-1,0.E0,1.736481776669E-1));
#13308=DIRECTION('',(1.736481776669E-1,0.E0,9.848077530122E-1));
#13309=AXIS2_PLACEMENT_3D('',#13306,#13307,#13308);
#13310=PLANE('',#13309);
#13311=ORIENTED_EDGE('',*,*,#10300,.F.);
#13313=ORIENTED_EDGE('',*,*,#13312,.T.);
#13314=ORIENTED_EDGE('',*,*,#13191,.T.);
#13316=ORIENTED_EDGE('',*,*,#13315,.F.);
#13317=EDGE_LOOP('',(#13311,#13313,#13314,#13316));
#13318=FACE_OUTER_BOUND('',#13317,.F.);
#13319=ADVANCED_FACE('',(#13318),#13310,.T.);
#13320=CARTESIAN_POINT('',(8.44E0,1.E0,8.5E-1));
#13321=DIRECTION('',(0.E0,0.E0,-1.E0));
#13322=DIRECTION('',(-1.E0,0.E0,0.E0));
#13323=AXIS2_PLACEMENT_3D('',#13320,#13321,#13322);
#13324=PLANE('',#13323);
#13325=ORIENTED_EDGE('',*,*,#10306,.F.);
#13327=ORIENTED_EDGE('',*,*,#13326,.T.);
#13328=ORIENTED_EDGE('',*,*,#13193,.T.);
#13329=ORIENTED_EDGE('',*,*,#13312,.F.);
#13330=EDGE_LOOP('',(#13325,#13327,#13328,#13329));
#13331=FACE_OUTER_BOUND('',#13330,.F.);
#13332=ADVANCED_FACE('',(#13331),#13324,.T.);
#13333=CARTESIAN_POINT('',(8.44E0,1.E0,1.85E0));
#13334=DIRECTION('',(1.E0,0.E0,0.E0));
#13335=DIRECTION('',(0.E0,0.E0,-1.E0));
#13336=AXIS2_PLACEMENT_3D('',#13333,#13334,#13335);
#13337=PLANE('',#13336);
#13338=ORIENTED_EDGE('',*,*,#10304,.F.);
#13340=ORIENTED_EDGE('',*,*,#13339,.T.);
#13341=ORIENTED_EDGE('',*,*,#13195,.T.);
#13342=ORIENTED_EDGE('',*,*,#13326,.F.);
#13343=EDGE_LOOP('',(#13338,#13340,#13341,#13342));
#13344=FACE_OUTER_BOUND('',#13343,.F.);
#13345=ADVANCED_FACE('',(#13344),#13337,.T.);
#13346=CARTESIAN_POINT('',(7.96E0,1.E0,1.85E0));
#13347=DIRECTION('',(0.E0,0.E0,1.E0));
#13348=DIRECTION('',(1.E0,0.E0,0.E0));
#13349=AXIS2_PLACEMENT_3D('',#13346,#13347,#13348);
#13350=PLANE('',#13349);
#13351=ORIENTED_EDGE('',*,*,#10302,.F.);
#13352=ORIENTED_EDGE('',*,*,#13315,.T.);
#13353=ORIENTED_EDGE('',*,*,#13197,.T.);
#13354=ORIENTED_EDGE('',*,*,#13339,.F.);
#13355=EDGE_LOOP('',(#13351,#13352,#13353,#13354));
#13356=FACE_OUTER_BOUND('',#13355,.F.);
#13357=ADVANCED_FACE('',(#13356),#13350,.T.);
#13358=CARTESIAN_POINT('',(1.032367301929E1,1.E0,-8.5E-1));
#13359=DIRECTION('',(0.E0,0.E0,1.E0));
#13360=DIRECTION('',(1.E0,0.E0,0.E0));
#13361=AXIS2_PLACEMENT_3D('',#13358,#13359,#13360);
#13362=PLANE('',#13361);
#13363=ORIENTED_EDGE('',*,*,#10310,.F.);
#13365=ORIENTED_EDGE('',*,*,#13364,.T.);
#13367=ORIENTED_EDGE('',*,*,#13366,.T.);
#13369=ORIENTED_EDGE('',*,*,#13368,.F.);
#13370=EDGE_LOOP('',(#13363,#13365,#13367,#13369));
#13371=FACE_OUTER_BOUND('',#13370,.F.);
#13372=ADVANCED_FACE('',(#13371),#13362,.T.);
#13373=CARTESIAN_POINT('',(1.05E1,1.E0,-1.85E0));
#13374=DIRECTION('',(-9.848077530122E-1,0.E0,-1.736481776669E-1));
#13375=DIRECTION('',(-1.736481776669E-1,0.E0,9.848077530122E-1));
#13376=AXIS2_PLACEMENT_3D('',#13373,#13374,#13375);
#13377=PLANE('',#13376);
#13378=ORIENTED_EDGE('',*,*,#10316,.F.);
#13380=ORIENTED_EDGE('',*,*,#13379,.T.);
#13382=ORIENTED_EDGE('',*,*,#13381,.T.);
#13383=ORIENTED_EDGE('',*,*,#13364,.F.);
#13384=EDGE_LOOP('',(#13378,#13380,#13382,#13383));
#13385=FACE_OUTER_BOUND('',#13384,.F.);
#13386=ADVANCED_FACE('',(#13385),#13377,.T.);
#13387=CARTESIAN_POINT('',(1.098E1,1.E0,-1.85E0));
#13388=DIRECTION('',(0.E0,0.E0,-1.E0));
#13389=DIRECTION('',(-1.E0,0.E0,0.E0));
#13390=AXIS2_PLACEMENT_3D('',#13387,#13388,#13389);
#13391=PLANE('',#13390);
#13392=ORIENTED_EDGE('',*,*,#10314,.F.);
#13394=ORIENTED_EDGE('',*,*,#13393,.T.);
#13396=ORIENTED_EDGE('',*,*,#13395,.T.);
#13397=ORIENTED_EDGE('',*,*,#13379,.F.);
#13398=EDGE_LOOP('',(#13392,#13394,#13396,#13397));
#13399=FACE_OUTER_BOUND('',#13398,.F.);
#13400=ADVANCED_FACE('',(#13399),#13391,.T.);
#13401=CARTESIAN_POINT('',(1.098E1,1.E0,-8.5E-1));
#13402=DIRECTION('',(1.E0,0.E0,0.E0));
#13403=DIRECTION('',(0.E0,0.E0,-1.E0));
#13404=AXIS2_PLACEMENT_3D('',#13401,#13402,#13403);
#13405=PLANE('',#13404);
#13406=ORIENTED_EDGE('',*,*,#10312,.F.);
#13407=ORIENTED_EDGE('',*,*,#13368,.T.);
#13409=ORIENTED_EDGE('',*,*,#13408,.T.);
#13410=ORIENTED_EDGE('',*,*,#13393,.F.);
#13411=EDGE_LOOP('',(#13406,#13407,#13409,#13410));
#13412=FACE_OUTER_BOUND('',#13411,.F.);
#13413=ADVANCED_FACE('',(#13412),#13405,.T.);
#13414=CARTESIAN_POINT('',(0.E0,1.5E0,0.E0));
#13415=DIRECTION('',(0.E0,1.E0,0.E0));
#13416=DIRECTION('',(1.E0,0.E0,0.E0));
#13417=AXIS2_PLACEMENT_3D('',#13414,#13415,#13416);
#13418=PLANE('',#13417);
#13419=ORIENTED_EDGE('',*,*,#13366,.F.);
#13420=ORIENTED_EDGE('',*,*,#13381,.F.);
#13421=ORIENTED_EDGE('',*,*,#13395,.F.);
#13422=ORIENTED_EDGE('',*,*,#13408,.F.);
#13423=EDGE_LOOP('',(#13419,#13420,#13421,#13422));
#13424=FACE_OUTER_BOUND('',#13423,.F.);
#13425=ADVANCED_FACE('',(#13424),#13418,.T.);
#13426=CARTESIAN_POINT('',(0.E0,1.5E0,0.E0));
#13427=DIRECTION('',(0.E0,1.E0,0.E0));
#13428=DIRECTION('',(1.E0,0.E0,0.E0));
#13429=AXIS2_PLACEMENT_3D('',#13426,#13427,#13428);
#13430=PLANE('',#13429);
#13432=ORIENTED_EDGE('',*,*,#13431,.F.);
#13434=ORIENTED_EDGE('',*,*,#13433,.F.);
#13436=ORIENTED_EDGE('',*,*,#13435,.F.);
#13438=ORIENTED_EDGE('',*,*,#13437,.F.);
#13439=EDGE_LOOP('',(#13432,#13434,#13436,#13438));
#13440=FACE_OUTER_BOUND('',#13439,.F.);
#13441=ADVANCED_FACE('',(#13440),#13430,.T.);
#13442=CARTESIAN_POINT('',(0.E0,1.5E0,0.E0));
#13443=DIRECTION('',(0.E0,1.E0,0.E0));
#13444=DIRECTION('',(1.E0,0.E0,0.E0));
#13445=AXIS2_PLACEMENT_3D('',#13442,#13443,#13444);
#13446=PLANE('',#13445);
#13448=ORIENTED_EDGE('',*,*,#13447,.F.);
#13450=ORIENTED_EDGE('',*,*,#13449,.F.);
#13452=ORIENTED_EDGE('',*,*,#13451,.F.);
#13454=ORIENTED_EDGE('',*,*,#13453,.F.);
#13455=EDGE_LOOP('',(#13448,#13450,#13452,#13454));
#13456=FACE_OUTER_BOUND('',#13455,.F.);
#13457=ADVANCED_FACE('',(#13456),#13446,.T.);
#13458=CARTESIAN_POINT('',(0.E0,1.5E0,0.E0));
#13459=DIRECTION('',(0.E0,1.E0,0.E0));
#13460=DIRECTION('',(1.E0,0.E0,0.E0));
#13461=AXIS2_PLACEMENT_3D('',#13458,#13459,#13460);
#13462=PLANE('',#13461);
#13464=ORIENTED_EDGE('',*,*,#13463,.F.);
#13466=ORIENTED_EDGE('',*,*,#13465,.F.);
#13468=ORIENTED_EDGE('',*,*,#13467,.F.);
#13470=ORIENTED_EDGE('',*,*,#13469,.F.);
#13471=EDGE_LOOP('',(#13464,#13466,#13468,#13470));
#13472=FACE_OUTER_BOUND('',#13471,.F.);
#13473=ADVANCED_FACE('',(#13472),#13462,.T.);
#13474=CARTESIAN_POINT('',(1.253632698071E1,1.E0,-8.5E-1));
#13475=DIRECTION('',(9.848077530122E-1,0.E0,-1.736481776669E-1));
#13476=DIRECTION('',(-1.736481776669E-1,0.E0,-9.848077530122E-1));
#13477=AXIS2_PLACEMENT_3D('',#13474,#13475,#13476);
#13478=PLANE('',#13477);
#13479=ORIENTED_EDGE('',*,*,#10320,.F.);
#13481=ORIENTED_EDGE('',*,*,#13480,.T.);
#13482=ORIENTED_EDGE('',*,*,#13431,.T.);
#13484=ORIENTED_EDGE('',*,*,#13483,.F.);
#13485=EDGE_LOOP('',(#13479,#13481,#13482,#13484));
#13486=FACE_OUTER_BOUND('',#13485,.F.);
#13487=ADVANCED_FACE('',(#13486),#13478,.T.);
#13488=CARTESIAN_POINT('',(1.188E1,1.E0,-8.5E-1));
#13489=DIRECTION('',(0.E0,0.E0,1.E0));
#13490=DIRECTION('',(1.E0,0.E0,0.E0));
#13491=AXIS2_PLACEMENT_3D('',#13488,#13489,#13490);
#13492=PLANE('',#13491);
#13493=ORIENTED_EDGE('',*,*,#10326,.F.);
#13495=ORIENTED_EDGE('',*,*,#13494,.T.);
#13496=ORIENTED_EDGE('',*,*,#13433,.T.);
#13497=ORIENTED_EDGE('',*,*,#13480,.F.);
#13498=EDGE_LOOP('',(#13493,#13495,#13496,#13497));
#13499=FACE_OUTER_BOUND('',#13498,.F.);
#13500=ADVANCED_FACE('',(#13499),#13492,.T.);
#13501=CARTESIAN_POINT('',(1.188E1,1.E0,-1.85E0));
#13502=DIRECTION('',(-1.E0,0.E0,0.E0));
#13503=DIRECTION('',(0.E0,0.E0,1.E0));
#13504=AXIS2_PLACEMENT_3D('',#13501,#13502,#13503);
#13505=PLANE('',#13504);
#13506=ORIENTED_EDGE('',*,*,#10324,.F.);
#13508=ORIENTED_EDGE('',*,*,#13507,.T.);
#13509=ORIENTED_EDGE('',*,*,#13435,.T.);
#13510=ORIENTED_EDGE('',*,*,#13494,.F.);
#13511=EDGE_LOOP('',(#13506,#13508,#13509,#13510));
#13512=FACE_OUTER_BOUND('',#13511,.F.);
#13513=ADVANCED_FACE('',(#13512),#13505,.T.);
#13514=CARTESIAN_POINT('',(1.236E1,1.E0,-1.85E0));
#13515=DIRECTION('',(0.E0,0.E0,-1.E0));
#13516=DIRECTION('',(-1.E0,0.E0,0.E0));
#13517=AXIS2_PLACEMENT_3D('',#13514,#13515,#13516);
#13518=PLANE('',#13517);
#13519=ORIENTED_EDGE('',*,*,#10322,.F.);
#13520=ORIENTED_EDGE('',*,*,#13483,.T.);
#13521=ORIENTED_EDGE('',*,*,#13437,.T.);
#13522=ORIENTED_EDGE('',*,*,#13507,.F.);
#13523=EDGE_LOOP('',(#13519,#13520,#13521,#13522));
#13524=FACE_OUTER_BOUND('',#13523,.F.);
#13525=ADVANCED_FACE('',(#13524),#13518,.T.);
#13526=CARTESIAN_POINT('',(1.253632698071E1,1.E0,8.5E-1));
#13527=DIRECTION('',(0.E0,0.E0,-1.E0));
#13528=DIRECTION('',(-1.E0,0.E0,0.E0));
#13529=AXIS2_PLACEMENT_3D('',#13526,#13527,#13528);
#13530=PLANE('',#13529);
#13531=ORIENTED_EDGE('',*,*,#10330,.F.);
#13533=ORIENTED_EDGE('',*,*,#13532,.T.);
#13534=ORIENTED_EDGE('',*,*,#13447,.T.);
#13536=ORIENTED_EDGE('',*,*,#13535,.F.);
#13537=EDGE_LOOP('',(#13531,#13533,#13534,#13536));
#13538=FACE_OUTER_BOUND('',#13537,.F.);
#13539=ADVANCED_FACE('',(#13538),#13530,.T.);
#13540=CARTESIAN_POINT('',(1.236E1,1.E0,1.85E0));
#13541=DIRECTION('',(9.848077530122E-1,0.E0,1.736481776669E-1));
#13542=DIRECTION('',(1.736481776669E-1,0.E0,-9.848077530122E-1));
#13543=AXIS2_PLACEMENT_3D('',#13540,#13541,#13542);
#13544=PLANE('',#13543);
#13545=ORIENTED_EDGE('',*,*,#10336,.F.);
#13547=ORIENTED_EDGE('',*,*,#13546,.T.);
#13548=ORIENTED_EDGE('',*,*,#13449,.T.);
#13549=ORIENTED_EDGE('',*,*,#13532,.F.);
#13550=EDGE_LOOP('',(#13545,#13547,#13548,#13549));
#13551=FACE_OUTER_BOUND('',#13550,.F.);
#13552=ADVANCED_FACE('',(#13551),#13544,.T.);
#13553=CARTESIAN_POINT('',(1.188E1,1.E0,1.85E0));
#13554=DIRECTION('',(0.E0,0.E0,1.E0));
#13555=DIRECTION('',(1.E0,0.E0,0.E0));
#13556=AXIS2_PLACEMENT_3D('',#13553,#13554,#13555);
#13557=PLANE('',#13556);
#13558=ORIENTED_EDGE('',*,*,#10334,.F.);
#13560=ORIENTED_EDGE('',*,*,#13559,.T.);
#13561=ORIENTED_EDGE('',*,*,#13451,.T.);
#13562=ORIENTED_EDGE('',*,*,#13546,.F.);
#13563=EDGE_LOOP('',(#13558,#13560,#13561,#13562));
#13564=FACE_OUTER_BOUND('',#13563,.F.);
#13565=ADVANCED_FACE('',(#13564),#13557,.T.);
#13566=CARTESIAN_POINT('',(1.188E1,1.E0,8.5E-1));
#13567=DIRECTION('',(-1.E0,0.E0,0.E0));
#13568=DIRECTION('',(0.E0,0.E0,1.E0));
#13569=AXIS2_PLACEMENT_3D('',#13566,#13567,#13568);
#13570=PLANE('',#13569);
#13571=ORIENTED_EDGE('',*,*,#10332,.F.);
#13572=ORIENTED_EDGE('',*,*,#13535,.T.);
#13573=ORIENTED_EDGE('',*,*,#13453,.T.);
#13574=ORIENTED_EDGE('',*,*,#13559,.F.);
#13575=EDGE_LOOP('',(#13571,#13572,#13573,#13574));
#13576=FACE_OUTER_BOUND('',#13575,.F.);
#13577=ADVANCED_FACE('',(#13576),#13570,.T.);
#13578=CARTESIAN_POINT('',(1.032367301929E1,1.E0,8.5E-1));
#13579=DIRECTION('',(-9.848077530122E-1,0.E0,1.736481776669E-1));
#13580=DIRECTION('',(1.736481776669E-1,0.E0,9.848077530122E-1));
#13581=AXIS2_PLACEMENT_3D('',#13578,#13579,#13580);
#13582=PLANE('',#13581);
#13583=ORIENTED_EDGE('',*,*,#10340,.F.);
#13585=ORIENTED_EDGE('',*,*,#13584,.T.);
#13586=ORIENTED_EDGE('',*,*,#13463,.T.);
#13588=ORIENTED_EDGE('',*,*,#13587,.F.);
#13589=EDGE_LOOP('',(#13583,#13585,#13586,#13588));
#13590=FACE_OUTER_BOUND('',#13589,.F.);
#13591=ADVANCED_FACE('',(#13590),#13582,.T.);
#13592=CARTESIAN_POINT('',(1.098E1,1.E0,8.5E-1));
#13593=DIRECTION('',(0.E0,0.E0,-1.E0));
#13594=DIRECTION('',(-1.E0,0.E0,0.E0));
#13595=AXIS2_PLACEMENT_3D('',#13592,#13593,#13594);
#13596=PLANE('',#13595);
#13597=ORIENTED_EDGE('',*,*,#10346,.F.);
#13599=ORIENTED_EDGE('',*,*,#13598,.T.);
#13600=ORIENTED_EDGE('',*,*,#13465,.T.);
#13601=ORIENTED_EDGE('',*,*,#13584,.F.);
#13602=EDGE_LOOP('',(#13597,#13599,#13600,#13601));
#13603=FACE_OUTER_BOUND('',#13602,.F.);
#13604=ADVANCED_FACE('',(#13603),#13596,.T.);
#13605=CARTESIAN_POINT('',(1.098E1,1.E0,1.85E0));
#13606=DIRECTION('',(1.E0,0.E0,0.E0));
#13607=DIRECTION('',(0.E0,0.E0,-1.E0));
#13608=AXIS2_PLACEMENT_3D('',#13605,#13606,#13607);
#13609=PLANE('',#13608);
#13610=ORIENTED_EDGE('',*,*,#10344,.F.);
#13612=ORIENTED_EDGE('',*,*,#13611,.T.);
#13613=ORIENTED_EDGE('',*,*,#13467,.T.);
#13614=ORIENTED_EDGE('',*,*,#13598,.F.);
#13615=EDGE_LOOP('',(#13610,#13612,#13613,#13614));
#13616=FACE_OUTER_BOUND('',#13615,.F.);
#13617=ADVANCED_FACE('',(#13616),#13609,.T.);
#13618=CARTESIAN_POINT('',(1.05E1,1.E0,1.85E0));
#13619=DIRECTION('',(0.E0,0.E0,1.E0));
#13620=DIRECTION('',(1.E0,0.E0,0.E0));
#13621=AXIS2_PLACEMENT_3D('',#13618,#13619,#13620);
#13622=PLANE('',#13621);
#13623=ORIENTED_EDGE('',*,*,#10342,.F.);
#13624=ORIENTED_EDGE('',*,*,#13587,.T.);
#13625=ORIENTED_EDGE('',*,*,#13469,.T.);
#13626=ORIENTED_EDGE('',*,*,#13611,.F.);
#13627=EDGE_LOOP('',(#13623,#13624,#13625,#13626));
#13628=FACE_OUTER_BOUND('',#13627,.F.);
#13629=ADVANCED_FACE('',(#13628),#13622,.T.);
#13630=CARTESIAN_POINT('',(1.286367301929E1,1.E0,-8.5E-1));
#13631=DIRECTION('',(0.E0,0.E0,1.E0));
#13632=DIRECTION('',(1.E0,0.E0,0.E0));
#13633=AXIS2_PLACEMENT_3D('',#13630,#13631,#13632);
#13634=PLANE('',#13633);
#13635=ORIENTED_EDGE('',*,*,#10350,.F.);
#13637=ORIENTED_EDGE('',*,*,#13636,.T.);
#13639=ORIENTED_EDGE('',*,*,#13638,.T.);
#13641=ORIENTED_EDGE('',*,*,#13640,.F.);
#13642=EDGE_LOOP('',(#13635,#13637,#13639,#13641));
#13643=FACE_OUTER_BOUND('',#13642,.F.);
#13644=ADVANCED_FACE('',(#13643),#13634,.T.);
#13645=CARTESIAN_POINT('',(1.304E1,1.E0,-1.85E0));
#13646=DIRECTION('',(-9.848077530122E-1,0.E0,-1.736481776669E-1));
#13647=DIRECTION('',(-1.736481776669E-1,0.E0,9.848077530122E-1));
#13648=AXIS2_PLACEMENT_3D('',#13645,#13646,#13647);
#13649=PLANE('',#13648);
#13650=ORIENTED_EDGE('',*,*,#10356,.F.);
#13652=ORIENTED_EDGE('',*,*,#13651,.T.);
#13654=ORIENTED_EDGE('',*,*,#13653,.T.);
#13655=ORIENTED_EDGE('',*,*,#13636,.F.);
#13656=EDGE_LOOP('',(#13650,#13652,#13654,#13655));
#13657=FACE_OUTER_BOUND('',#13656,.F.);
#13658=ADVANCED_FACE('',(#13657),#13649,.T.);
#13659=CARTESIAN_POINT('',(1.352E1,1.E0,-1.85E0));
#13660=DIRECTION('',(0.E0,0.E0,-1.E0));
#13661=DIRECTION('',(-1.E0,0.E0,0.E0));
#13662=AXIS2_PLACEMENT_3D('',#13659,#13660,#13661);
#13663=PLANE('',#13662);
#13664=ORIENTED_EDGE('',*,*,#10354,.F.);
#13666=ORIENTED_EDGE('',*,*,#13665,.T.);
#13668=ORIENTED_EDGE('',*,*,#13667,.T.);
#13669=ORIENTED_EDGE('',*,*,#13651,.F.);
#13670=EDGE_LOOP('',(#13664,#13666,#13668,#13669));
#13671=FACE_OUTER_BOUND('',#13670,.F.);
#13672=ADVANCED_FACE('',(#13671),#13663,.T.);
#13673=CARTESIAN_POINT('',(1.352E1,1.E0,-8.5E-1));
#13674=DIRECTION('',(1.E0,0.E0,0.E0));
#13675=DIRECTION('',(0.E0,0.E0,-1.E0));
#13676=AXIS2_PLACEMENT_3D('',#13673,#13674,#13675);
#13677=PLANE('',#13676);
#13678=ORIENTED_EDGE('',*,*,#10352,.F.);
#13679=ORIENTED_EDGE('',*,*,#13640,.T.);
#13681=ORIENTED_EDGE('',*,*,#13680,.T.);
#13682=ORIENTED_EDGE('',*,*,#13665,.F.);
#13683=EDGE_LOOP('',(#13678,#13679,#13681,#13682));
#13684=FACE_OUTER_BOUND('',#13683,.F.);
#13685=ADVANCED_FACE('',(#13684),#13677,.T.);
#13686=CARTESIAN_POINT('',(0.E0,1.5E0,0.E0));
#13687=DIRECTION('',(0.E0,1.E0,0.E0));
#13688=DIRECTION('',(1.E0,0.E0,0.E0));
#13689=AXIS2_PLACEMENT_3D('',#13686,#13687,#13688);
#13690=PLANE('',#13689);
#13691=ORIENTED_EDGE('',*,*,#13638,.F.);
#13692=ORIENTED_EDGE('',*,*,#13653,.F.);
#13693=ORIENTED_EDGE('',*,*,#13667,.F.);
#13694=ORIENTED_EDGE('',*,*,#13680,.F.);
#13695=EDGE_LOOP('',(#13691,#13692,#13693,#13694));
#13696=FACE_OUTER_BOUND('',#13695,.F.);
#13697=ADVANCED_FACE('',(#13696),#13690,.T.);
#13698=CARTESIAN_POINT('',(0.E0,1.5E0,0.E0));
#13699=DIRECTION('',(0.E0,1.E0,0.E0));
#13700=DIRECTION('',(1.E0,0.E0,0.E0));
#13701=AXIS2_PLACEMENT_3D('',#13698,#13699,#13700);
#13702=PLANE('',#13701);
#13704=ORIENTED_EDGE('',*,*,#13703,.F.);
#13706=ORIENTED_EDGE('',*,*,#13705,.F.);
#13708=ORIENTED_EDGE('',*,*,#13707,.F.);
#13710=ORIENTED_EDGE('',*,*,#13709,.F.);
#13711=EDGE_LOOP('',(#13704,#13706,#13708,#13710));
#13712=FACE_OUTER_BOUND('',#13711,.F.);
#13713=ADVANCED_FACE('',(#13712),#13702,.T.);
#13714=CARTESIAN_POINT('',(0.E0,1.5E0,0.E0));
#13715=DIRECTION('',(0.E0,1.E0,0.E0));
#13716=DIRECTION('',(1.E0,0.E0,0.E0));
#13717=AXIS2_PLACEMENT_3D('',#13714,#13715,#13716);
#13718=PLANE('',#13717);
#13720=ORIENTED_EDGE('',*,*,#13719,.F.);
#13722=ORIENTED_EDGE('',*,*,#13721,.F.);
#13724=ORIENTED_EDGE('',*,*,#13723,.F.);
#13726=ORIENTED_EDGE('',*,*,#13725,.F.);
#13727=EDGE_LOOP('',(#13720,#13722,#13724,#13726));
#13728=FACE_OUTER_BOUND('',#13727,.F.);
#13729=ADVANCED_FACE('',(#13728),#13718,.T.);
#13730=CARTESIAN_POINT('',(0.E0,1.5E0,0.E0));
#13731=DIRECTION('',(0.E0,1.E0,0.E0));
#13732=DIRECTION('',(1.E0,0.E0,0.E0));
#13733=AXIS2_PLACEMENT_3D('',#13730,#13731,#13732);
#13734=PLANE('',#13733);
#13736=ORIENTED_EDGE('',*,*,#13735,.F.);
#13738=ORIENTED_EDGE('',*,*,#13737,.F.);
#13740=ORIENTED_EDGE('',*,*,#13739,.F.);
#13742=ORIENTED_EDGE('',*,*,#13741,.F.);
#13743=EDGE_LOOP('',(#13736,#13738,#13740,#13742));
#13744=FACE_OUTER_BOUND('',#13743,.F.);
#13745=ADVANCED_FACE('',(#13744),#13734,.T.);
#13746=CARTESIAN_POINT('',(1.507632698071E1,1.E0,-8.5E-1));
#13747=DIRECTION('',(9.848077530122E-1,0.E0,-1.736481776669E-1));
#13748=DIRECTION('',(-1.736481776669E-1,0.E0,-9.848077530122E-1));
#13749=AXIS2_PLACEMENT_3D('',#13746,#13747,#13748);
#13750=PLANE('',#13749);
#13751=ORIENTED_EDGE('',*,*,#10360,.F.);
#13753=ORIENTED_EDGE('',*,*,#13752,.T.);
#13754=ORIENTED_EDGE('',*,*,#13703,.T.);
#13756=ORIENTED_EDGE('',*,*,#13755,.F.);
#13757=EDGE_LOOP('',(#13751,#13753,#13754,#13756));
#13758=FACE_OUTER_BOUND('',#13757,.F.);
#13759=ADVANCED_FACE('',(#13758),#13750,.T.);
#13760=CARTESIAN_POINT('',(1.442E1,1.E0,-8.5E-1));
#13761=DIRECTION('',(0.E0,0.E0,1.E0));
#13762=DIRECTION('',(1.E0,0.E0,0.E0));
#13763=AXIS2_PLACEMENT_3D('',#13760,#13761,#13762);
#13764=PLANE('',#13763);
#13765=ORIENTED_EDGE('',*,*,#10366,.F.);
#13767=ORIENTED_EDGE('',*,*,#13766,.T.);
#13768=ORIENTED_EDGE('',*,*,#13705,.T.);
#13769=ORIENTED_EDGE('',*,*,#13752,.F.);
#13770=EDGE_LOOP('',(#13765,#13767,#13768,#13769));
#13771=FACE_OUTER_BOUND('',#13770,.F.);
#13772=ADVANCED_FACE('',(#13771),#13764,.T.);
#13773=CARTESIAN_POINT('',(1.442E1,1.E0,-1.85E0));
#13774=DIRECTION('',(-1.E0,0.E0,0.E0));
#13775=DIRECTION('',(0.E0,0.E0,1.E0));
#13776=AXIS2_PLACEMENT_3D('',#13773,#13774,#13775);
#13777=PLANE('',#13776);
#13778=ORIENTED_EDGE('',*,*,#10364,.F.);
#13780=ORIENTED_EDGE('',*,*,#13779,.T.);
#13781=ORIENTED_EDGE('',*,*,#13707,.T.);
#13782=ORIENTED_EDGE('',*,*,#13766,.F.);
#13783=EDGE_LOOP('',(#13778,#13780,#13781,#13782));
#13784=FACE_OUTER_BOUND('',#13783,.F.);
#13785=ADVANCED_FACE('',(#13784),#13777,.T.);
#13786=CARTESIAN_POINT('',(1.49E1,1.E0,-1.85E0));
#13787=DIRECTION('',(0.E0,0.E0,-1.E0));
#13788=DIRECTION('',(-1.E0,0.E0,0.E0));
#13789=AXIS2_PLACEMENT_3D('',#13786,#13787,#13788);
#13790=PLANE('',#13789);
#13791=ORIENTED_EDGE('',*,*,#10362,.F.);
#13792=ORIENTED_EDGE('',*,*,#13755,.T.);
#13793=ORIENTED_EDGE('',*,*,#13709,.T.);
#13794=ORIENTED_EDGE('',*,*,#13779,.F.);
#13795=EDGE_LOOP('',(#13791,#13792,#13793,#13794));
#13796=FACE_OUTER_BOUND('',#13795,.F.);
#13797=ADVANCED_FACE('',(#13796),#13790,.T.);
#13798=CARTESIAN_POINT('',(1.507632698071E1,1.E0,8.5E-1));
#13799=DIRECTION('',(0.E0,0.E0,-1.E0));
#13800=DIRECTION('',(-1.E0,0.E0,0.E0));
#13801=AXIS2_PLACEMENT_3D('',#13798,#13799,#13800);
#13802=PLANE('',#13801);
#13803=ORIENTED_EDGE('',*,*,#10370,.F.);
#13805=ORIENTED_EDGE('',*,*,#13804,.T.);
#13806=ORIENTED_EDGE('',*,*,#13719,.T.);
#13808=ORIENTED_EDGE('',*,*,#13807,.F.);
#13809=EDGE_LOOP('',(#13803,#13805,#13806,#13808));
#13810=FACE_OUTER_BOUND('',#13809,.F.);
#13811=ADVANCED_FACE('',(#13810),#13802,.T.);
#13812=CARTESIAN_POINT('',(1.49E1,1.E0,1.85E0));
#13813=DIRECTION('',(9.848077530122E-1,0.E0,1.736481776669E-1));
#13814=DIRECTION('',(1.736481776669E-1,0.E0,-9.848077530122E-1));
#13815=AXIS2_PLACEMENT_3D('',#13812,#13813,#13814);
#13816=PLANE('',#13815);
#13817=ORIENTED_EDGE('',*,*,#10376,.F.);
#13819=ORIENTED_EDGE('',*,*,#13818,.T.);
#13820=ORIENTED_EDGE('',*,*,#13721,.T.);
#13821=ORIENTED_EDGE('',*,*,#13804,.F.);
#13822=EDGE_LOOP('',(#13817,#13819,#13820,#13821));
#13823=FACE_OUTER_BOUND('',#13822,.F.);
#13824=ADVANCED_FACE('',(#13823),#13816,.T.);
#13825=CARTESIAN_POINT('',(1.442E1,1.E0,1.85E0));
#13826=DIRECTION('',(0.E0,0.E0,1.E0));
#13827=DIRECTION('',(1.E0,0.E0,0.E0));
#13828=AXIS2_PLACEMENT_3D('',#13825,#13826,#13827);
#13829=PLANE('',#13828);
#13830=ORIENTED_EDGE('',*,*,#10374,.F.);
#13832=ORIENTED_EDGE('',*,*,#13831,.T.);
#13833=ORIENTED_EDGE('',*,*,#13723,.T.);
#13834=ORIENTED_EDGE('',*,*,#13818,.F.);
#13835=EDGE_LOOP('',(#13830,#13832,#13833,#13834));
#13836=FACE_OUTER_BOUND('',#13835,.F.);
#13837=ADVANCED_FACE('',(#13836),#13829,.T.);
#13838=CARTESIAN_POINT('',(1.442E1,1.E0,8.5E-1));
#13839=DIRECTION('',(-1.E0,0.E0,0.E0));
#13840=DIRECTION('',(0.E0,0.E0,1.E0));
#13841=AXIS2_PLACEMENT_3D('',#13838,#13839,#13840);
#13842=PLANE('',#13841);
#13843=ORIENTED_EDGE('',*,*,#10372,.F.);
#13844=ORIENTED_EDGE('',*,*,#13807,.T.);
#13845=ORIENTED_EDGE('',*,*,#13725,.T.);
#13846=ORIENTED_EDGE('',*,*,#13831,.F.);
#13847=EDGE_LOOP('',(#13843,#13844,#13845,#13846));
#13848=FACE_OUTER_BOUND('',#13847,.F.);
#13849=ADVANCED_FACE('',(#13848),#13842,.T.);
#13850=CARTESIAN_POINT('',(1.286367301929E1,1.E0,8.5E-1));
#13851=DIRECTION('',(-9.848077530122E-1,0.E0,1.736481776669E-1));
#13852=DIRECTION('',(1.736481776669E-1,0.E0,9.848077530122E-1));
#13853=AXIS2_PLACEMENT_3D('',#13850,#13851,#13852);
#13854=PLANE('',#13853);
#13855=ORIENTED_EDGE('',*,*,#10380,.F.);
#13857=ORIENTED_EDGE('',*,*,#13856,.T.);
#13858=ORIENTED_EDGE('',*,*,#13735,.T.);
#13860=ORIENTED_EDGE('',*,*,#13859,.F.);
#13861=EDGE_LOOP('',(#13855,#13857,#13858,#13860));
#13862=FACE_OUTER_BOUND('',#13861,.F.);
#13863=ADVANCED_FACE('',(#13862),#13854,.T.);
#13864=CARTESIAN_POINT('',(1.352E1,1.E0,8.5E-1));
#13865=DIRECTION('',(0.E0,0.E0,-1.E0));
#13866=DIRECTION('',(-1.E0,0.E0,0.E0));
#13867=AXIS2_PLACEMENT_3D('',#13864,#13865,#13866);
#13868=PLANE('',#13867);
#13869=ORIENTED_EDGE('',*,*,#10386,.F.);
#13871=ORIENTED_EDGE('',*,*,#13870,.T.);
#13872=ORIENTED_EDGE('',*,*,#13737,.T.);
#13873=ORIENTED_EDGE('',*,*,#13856,.F.);
#13874=EDGE_LOOP('',(#13869,#13871,#13872,#13873));
#13875=FACE_OUTER_BOUND('',#13874,.F.);
#13876=ADVANCED_FACE('',(#13875),#13868,.T.);
#13877=CARTESIAN_POINT('',(1.352E1,1.E0,1.85E0));
#13878=DIRECTION('',(1.E0,0.E0,0.E0));
#13879=DIRECTION('',(0.E0,0.E0,-1.E0));
#13880=AXIS2_PLACEMENT_3D('',#13877,#13878,#13879);
#13881=PLANE('',#13880);
#13882=ORIENTED_EDGE('',*,*,#10384,.F.);
#13884=ORIENTED_EDGE('',*,*,#13883,.T.);
#13885=ORIENTED_EDGE('',*,*,#13739,.T.);
#13886=ORIENTED_EDGE('',*,*,#13870,.F.);
#13887=EDGE_LOOP('',(#13882,#13884,#13885,#13886));
#13888=FACE_OUTER_BOUND('',#13887,.F.);
#13889=ADVANCED_FACE('',(#13888),#13881,.T.);
#13890=CARTESIAN_POINT('',(1.304E1,1.E0,1.85E0));
#13891=DIRECTION('',(0.E0,0.E0,1.E0));
#13892=DIRECTION('',(1.E0,0.E0,0.E0));
#13893=AXIS2_PLACEMENT_3D('',#13890,#13891,#13892);
#13894=PLANE('',#13893);
#13895=ORIENTED_EDGE('',*,*,#10382,.F.);
#13896=ORIENTED_EDGE('',*,*,#13859,.T.);
#13897=ORIENTED_EDGE('',*,*,#13741,.T.);
#13898=ORIENTED_EDGE('',*,*,#13883,.F.);
#13899=EDGE_LOOP('',(#13895,#13896,#13897,#13898));
#13900=FACE_OUTER_BOUND('',#13899,.F.);
#13901=ADVANCED_FACE('',(#13900),#13894,.T.);
#13902=CARTESIAN_POINT('',(-1.428E1,4.4E0,1.58E0));
#13903=DIRECTION('',(0.E0,0.E0,1.E0));
#13904=DIRECTION('',(0.E0,-1.E0,0.E0));
#13905=AXIS2_PLACEMENT_3D('',#13902,#13903,#13904);
#13906=PLANE('',#13905);
#13908=ORIENTED_EDGE('',*,*,#13907,.F.);
#13910=ORIENTED_EDGE('',*,*,#13909,.T.);
#13911=ORIENTED_EDGE('',*,*,#10391,.F.);
#13912=ORIENTED_EDGE('',*,*,#9652,.F.);
#13913=EDGE_LOOP('',(#13908,#13910,#13911,#13912));
#13914=FACE_OUTER_BOUND('',#13913,.F.);
#13915=ADVANCED_FACE('',(#13914),#13906,.T.);
#13916=CARTESIAN_POINT('',(-1.428E1,4.4E0,1.58E0));
#13917=DIRECTION('',(0.E0,0.E0,1.E0));
#13918=DIRECTION('',(0.E0,-1.E0,0.E0));
#13919=AXIS2_PLACEMENT_3D('',#13916,#13917,#13918);
#13920=PLANE('',#13919);
#13922=ORIENTED_EDGE('',*,*,#13921,.T.);
#13923=ORIENTED_EDGE('',*,*,#9702,.F.);
#13924=ORIENTED_EDGE('',*,*,#9640,.T.);
#13926=ORIENTED_EDGE('',*,*,#13925,.T.);
#13927=EDGE_LOOP('',(#13922,#13923,#13924,#13926));
#13928=FACE_OUTER_BOUND('',#13927,.F.);
#13929=ADVANCED_FACE('',(#13928),#13920,.T.);
#13930=CARTESIAN_POINT('',(-1.397E1,4.E0,1.48E0));
#13931=DIRECTION('',(0.E0,2.425356250363E-1,9.701425001453E-1));
#13932=DIRECTION('',(0.E0,9.701425001453E-1,-2.425356250363E-1));
#13933=AXIS2_PLACEMENT_3D('',#13930,#13931,#13932);
#13934=PLANE('',#13933);
#13935=ORIENTED_EDGE('',*,*,#13907,.T.);
#13936=ORIENTED_EDGE('',*,*,#9717,.F.);
#13938=ORIENTED_EDGE('',*,*,#13937,.F.);
#13940=ORIENTED_EDGE('',*,*,#13939,.T.);
#13941=EDGE_LOOP('',(#13935,#13936,#13938,#13940));
#13942=FACE_OUTER_BOUND('',#13941,.F.);
#13943=ADVANCED_FACE('',(#13942),#13934,.T.);
#13944=CARTESIAN_POINT('',(-1.428E1,4.4E0,9.6E-1));
#13945=DIRECTION('',(0.E0,1.E0,0.E0));
#13946=DIRECTION('',(0.E0,0.E0,1.E0));
#13947=AXIS2_PLACEMENT_3D('',#13944,#13945,#13946);
#13948=PLANE('',#13947);
#13949=ORIENTED_EDGE('',*,*,#13937,.T.);
#13950=ORIENTED_EDGE('',*,*,#9715,.T.);
#13951=ORIENTED_EDGE('',*,*,#9731,.F.);
#13953=ORIENTED_EDGE('',*,*,#13952,.T.);
#13954=EDGE_LOOP('',(#13949,#13950,#13951,#13953));
#13955=FACE_OUTER_BOUND('',#13954,.F.);
#13956=ADVANCED_FACE('',(#13955),#13948,.T.);
#13957=CARTESIAN_POINT('',(-1.376E1,4.E0,1.27E0));
#13958=DIRECTION('',(9.701425001453E-1,2.425356250363E-1,0.E0));
#13959=DIRECTION('',(-2.425356250363E-1,9.701425001453E-1,0.E0));
#13960=AXIS2_PLACEMENT_3D('',#13957,#13958,#13959);
#13961=PLANE('',#13960);
#13962=ORIENTED_EDGE('',*,*,#13952,.F.);
#13963=ORIENTED_EDGE('',*,*,#9729,.T.);
#13965=ORIENTED_EDGE('',*,*,#13964,.T.);
#13966=ORIENTED_EDGE('',*,*,#13939,.F.);
#13967=EDGE_LOOP('',(#13962,#13963,#13965,#13966));
#13968=FACE_OUTER_BOUND('',#13967,.F.);
#13969=ADVANCED_FACE('',(#13968),#13961,.T.);
#13970=CARTESIAN_POINT('',(-1.366E1,0.E0,0.E0));
#13971=DIRECTION('',(1.E0,0.E0,0.E0));
#13972=DIRECTION('',(0.E0,0.E0,-1.E0));
#13973=AXIS2_PLACEMENT_3D('',#13970,#13971,#13972);
#13974=PLANE('',#13973);
#13975=ORIENTED_EDGE('',*,*,#13964,.F.);
#13976=ORIENTED_EDGE('',*,*,#9746,.F.);
#13977=ORIENTED_EDGE('',*,*,#10393,.F.);
#13978=ORIENTED_EDGE('',*,*,#13909,.F.);
#13979=EDGE_LOOP('',(#13975,#13976,#13977,#13978));
#13980=FACE_OUTER_BOUND('',#13979,.F.);
#13981=ADVANCED_FACE('',(#13980),#13974,.T.);
#13982=CARTESIAN_POINT('',(-1.366E1,0.E0,0.E0));
#13983=DIRECTION('',(1.E0,0.E0,0.E0));
#13984=DIRECTION('',(0.E0,0.E0,-1.E0));
#13985=AXIS2_PLACEMENT_3D('',#13982,#13983,#13984);
#13986=PLANE('',#13985);
#13988=ORIENTED_EDGE('',*,*,#13987,.F.);
#13990=ORIENTED_EDGE('',*,*,#13989,.F.);
#13991=ORIENTED_EDGE('',*,*,#10401,.F.);
#13993=ORIENTED_EDGE('',*,*,#13992,.F.);
#13994=EDGE_LOOP('',(#13988,#13990,#13991,#13993));
#13995=FACE_OUTER_BOUND('',#13994,.F.);
#13996=ADVANCED_FACE('',(#13995),#13986,.T.);
#13997=CARTESIAN_POINT('',(-1.366E1,0.E0,0.E0));
#13998=DIRECTION('',(1.E0,0.E0,0.E0));
#13999=DIRECTION('',(0.E0,0.E0,-1.E0));
#14000=AXIS2_PLACEMENT_3D('',#13997,#13998,#13999);
#14001=PLANE('',#14000);
#14003=ORIENTED_EDGE('',*,*,#14002,.F.);
#14005=ORIENTED_EDGE('',*,*,#14004,.F.);
#14006=ORIENTED_EDGE('',*,*,#9408,.T.);
#14008=ORIENTED_EDGE('',*,*,#14007,.F.);
#14009=EDGE_LOOP('',(#14003,#14005,#14006,#14008));
#14010=FACE_OUTER_BOUND('',#14009,.F.);
#14011=ADVANCED_FACE('',(#14010),#14001,.T.);
#14012=CARTESIAN_POINT('',(-1.366E1,0.E0,0.E0));
#14013=DIRECTION('',(1.E0,0.E0,0.E0));
#14014=DIRECTION('',(0.E0,0.E0,-1.E0));
#14015=AXIS2_PLACEMENT_3D('',#14012,#14013,#14014);
#14016=PLANE('',#14015);
#14018=ORIENTED_EDGE('',*,*,#14017,.F.);
#14019=ORIENTED_EDGE('',*,*,#13925,.F.);
#14020=ORIENTED_EDGE('',*,*,#9638,.T.);
#14021=ORIENTED_EDGE('',*,*,#9758,.F.);
#14022=EDGE_LOOP('',(#14018,#14019,#14020,#14021));
#14023=FACE_OUTER_BOUND('',#14022,.F.);
#14024=ADVANCED_FACE('',(#14023),#14016,.T.);
#14025=CARTESIAN_POINT('',(-1.376E1,4.E0,-1.27E0));
#14026=DIRECTION('',(9.701425001453E-1,2.425356250363E-1,0.E0));
#14027=DIRECTION('',(-2.425356250363E-1,9.701425001453E-1,0.E0));
#14028=AXIS2_PLACEMENT_3D('',#14025,#14026,#14027);
#14029=PLANE('',#14028);
#14031=ORIENTED_EDGE('',*,*,#14030,.F.);
#14033=ORIENTED_EDGE('',*,*,#14032,.T.);
#14034=ORIENTED_EDGE('',*,*,#13987,.T.);
#14036=ORIENTED_EDGE('',*,*,#14035,.T.);
#14037=EDGE_LOOP('',(#14031,#14033,#14034,#14036));
#14038=FACE_OUTER_BOUND('',#14037,.F.);
#14039=ADVANCED_FACE('',(#14038),#14029,.T.);
#14040=CARTESIAN_POINT('',(-1.428E1,4.4E0,-1.58E0));
#14041=DIRECTION('',(0.E0,1.E0,0.E0));
#14042=DIRECTION('',(0.E0,0.E0,1.E0));
#14043=AXIS2_PLACEMENT_3D('',#14040,#14041,#14042);
#14044=PLANE('',#14043);
#14046=ORIENTED_EDGE('',*,*,#14045,.F.);
#14047=ORIENTED_EDGE('',*,*,#14030,.T.);
#14049=ORIENTED_EDGE('',*,*,#14048,.T.);
#14051=ORIENTED_EDGE('',*,*,#14050,.T.);
#14052=EDGE_LOOP('',(#14046,#14047,#14049,#14051));
#14053=FACE_OUTER_BOUND('',#14052,.F.);
#14054=ADVANCED_FACE('',(#14053),#14044,.T.);
#14055=CARTESIAN_POINT('',(-1.397E1,4.E0,-1.48E0));
#14056=DIRECTION('',(0.E0,2.425356250363E-1,-9.701425001453E-1));
#14057=DIRECTION('',(0.E0,-9.701425001453E-1,-2.425356250363E-1));
#14058=AXIS2_PLACEMENT_3D('',#14055,#14056,#14057);
#14059=PLANE('',#14058);
#14060=ORIENTED_EDGE('',*,*,#14045,.T.);
#14062=ORIENTED_EDGE('',*,*,#14061,.F.);
#14064=ORIENTED_EDGE('',*,*,#14063,.F.);
#14065=ORIENTED_EDGE('',*,*,#14032,.F.);
#14066=EDGE_LOOP('',(#14060,#14062,#14064,#14065));
#14067=FACE_OUTER_BOUND('',#14066,.F.);
#14068=ADVANCED_FACE('',(#14067),#14059,.T.);
#14069=CARTESIAN_POINT('',(-1.418E1,4.E0,-1.27E0));
#14070=DIRECTION('',(-9.701425001453E-1,2.425356250363E-1,0.E0));
#14071=DIRECTION('',(2.425356250363E-1,9.701425001453E-1,0.E0));
#14072=AXIS2_PLACEMENT_3D('',#14069,#14070,#14071);
#14073=PLANE('',#14072);
#14074=ORIENTED_EDGE('',*,*,#14050,.F.);
#14076=ORIENTED_EDGE('',*,*,#14075,.T.);
#14077=ORIENTED_EDGE('',*,*,#9666,.T.);
#14078=ORIENTED_EDGE('',*,*,#14061,.T.);
#14079=EDGE_LOOP('',(#14074,#14076,#14077,#14078));
#14080=FACE_OUTER_BOUND('',#14079,.F.);
#14081=ADVANCED_FACE('',(#14080),#14073,.T.);
#14082=CARTESIAN_POINT('',(-1.397E1,4.E0,-1.06E0));
#14083=DIRECTION('',(0.E0,2.425356250363E-1,9.701425001453E-1));
#14084=DIRECTION('',(0.E0,9.701425001453E-1,-2.425356250363E-1));
#14085=AXIS2_PLACEMENT_3D('',#14082,#14083,#14084);
#14086=PLANE('',#14085);
#14088=ORIENTED_EDGE('',*,*,#14087,.T.);
#14089=ORIENTED_EDGE('',*,*,#14075,.F.);
#14090=ORIENTED_EDGE('',*,*,#14048,.F.);
#14091=ORIENTED_EDGE('',*,*,#14035,.F.);
#14092=EDGE_LOOP('',(#14088,#14089,#14090,#14091));
#14093=FACE_OUTER_BOUND('',#14092,.F.);
#14094=ADVANCED_FACE('',(#14093),#14086,.T.);
#14095=CARTESIAN_POINT('',(-1.428E1,4.4E0,-9.6E-1));
#14096=DIRECTION('',(0.E0,0.E0,1.E0));
#14097=DIRECTION('',(0.E0,-1.E0,0.E0));
#14098=AXIS2_PLACEMENT_3D('',#14095,#14096,#14097);
#14099=PLANE('',#14098);
#14100=ORIENTED_EDGE('',*,*,#14087,.F.);
#14101=ORIENTED_EDGE('',*,*,#13992,.T.);
#14102=ORIENTED_EDGE('',*,*,#10399,.F.);
#14103=ORIENTED_EDGE('',*,*,#9668,.F.);
#14104=EDGE_LOOP('',(#14100,#14101,#14102,#14103));
#14105=FACE_OUTER_BOUND('',#14104,.F.);
#14106=ADVANCED_FACE('',(#14105),#14099,.T.);
#14107=CARTESIAN_POINT('',(-1.428E1,4.4E0,-9.6E-1));
#14108=DIRECTION('',(0.E0,0.E0,1.E0));
#14109=DIRECTION('',(0.E0,-1.E0,0.E0));
#14110=AXIS2_PLACEMENT_3D('',#14107,#14108,#14109);
#14111=PLANE('',#14110);
#14113=ORIENTED_EDGE('',*,*,#14112,.T.);
#14114=ORIENTED_EDGE('',*,*,#9687,.F.);
#14115=ORIENTED_EDGE('',*,*,#9410,.T.);
#14116=ORIENTED_EDGE('',*,*,#14004,.T.);
#14117=EDGE_LOOP('',(#14113,#14114,#14115,#14116));
#14118=FACE_OUTER_BOUND('',#14117,.F.);
#14119=ADVANCED_FACE('',(#14118),#14111,.T.);
#14120=CARTESIAN_POINT('',(-1.397E1,-7.35E0,-1.06E0));
#14121=DIRECTION('',(0.E0,-2.425356250363E-1,9.701425001453E-1));
#14122=DIRECTION('',(0.E0,9.701425001453E-1,2.425356250363E-1));
#14123=AXIS2_PLACEMENT_3D('',#14120,#14121,#14122);
#14124=PLANE('',#14123);
#14125=ORIENTED_EDGE('',*,*,#14112,.F.);
#14127=ORIENTED_EDGE('',*,*,#14126,.F.);
#14129=ORIENTED_EDGE('',*,*,#14128,.T.);
#14131=ORIENTED_EDGE('',*,*,#14130,.T.);
#14132=EDGE_LOOP('',(#14125,#14127,#14129,#14131));
#14133=FACE_OUTER_BOUND('',#14132,.F.);
#14134=ADVANCED_FACE('',(#14133),#14124,.T.);
#14135=CARTESIAN_POINT('',(-1.376E1,-7.35E0,-1.27E0));
#14136=DIRECTION('',(9.701425001453E-1,-2.425356250363E-1,0.E0));
#14137=DIRECTION('',(-2.425356250363E-1,-9.701425001453E-1,0.E0));
#14138=AXIS2_PLACEMENT_3D('',#14135,#14136,#14137);
#14139=PLANE('',#14138);
#14141=ORIENTED_EDGE('',*,*,#14140,.F.);
#14142=ORIENTED_EDGE('',*,*,#14126,.T.);
#14143=ORIENTED_EDGE('',*,*,#14002,.T.);
#14145=ORIENTED_EDGE('',*,*,#14144,.T.);
#14146=EDGE_LOOP('',(#14141,#14142,#14143,#14145));
#14147=FACE_OUTER_BOUND('',#14146,.F.);
#14148=ADVANCED_FACE('',(#14147),#14139,.T.);
#14149=CARTESIAN_POINT('',(-1.428E1,-7.75E0,-9.6E-1));
#14150=DIRECTION('',(0.E0,-1.E0,0.E0));
#14151=DIRECTION('',(0.E0,0.E0,-1.E0));
#14152=AXIS2_PLACEMENT_3D('',#14149,#14150,#14151);
#14153=PLANE('',#14152);
#14155=ORIENTED_EDGE('',*,*,#14154,.T.);
#14157=ORIENTED_EDGE('',*,*,#14156,.T.);
#14158=ORIENTED_EDGE('',*,*,#14128,.F.);
#14159=ORIENTED_EDGE('',*,*,#14140,.T.);
#14160=EDGE_LOOP('',(#14155,#14157,#14158,#14159));
#14161=FACE_OUTER_BOUND('',#14160,.F.);
#14162=ADVANCED_FACE('',(#14161),#14153,.T.);
#14163=CARTESIAN_POINT('',(-1.397E1,-7.35E0,-1.48E0));
#14164=DIRECTION('',(0.E0,-2.425356250363E-1,-9.701425001453E-1));
#14165=DIRECTION('',(0.E0,-9.701425001453E-1,2.425356250363E-1));
#14166=AXIS2_PLACEMENT_3D('',#14163,#14164,#14165);
#14167=PLANE('',#14166);
#14169=ORIENTED_EDGE('',*,*,#14168,.T.);
#14171=ORIENTED_EDGE('',*,*,#14170,.F.);
#14172=ORIENTED_EDGE('',*,*,#14154,.F.);
#14173=ORIENTED_EDGE('',*,*,#14144,.F.);
#14174=EDGE_LOOP('',(#14169,#14171,#14172,#14173));
#14175=FACE_OUTER_BOUND('',#14174,.F.);
#14176=ADVANCED_FACE('',(#14175),#14167,.T.);
#14177=CARTESIAN_POINT('',(-1.428E1,-7.75E0,-1.58E0));
#14178=DIRECTION('',(0.E0,0.E0,-1.E0));
#14179=DIRECTION('',(0.E0,1.E0,0.E0));
#14180=AXIS2_PLACEMENT_3D('',#14177,#14178,#14179);
#14181=PLANE('',#14180);
#14182=ORIENTED_EDGE('',*,*,#14063,.T.);
#14183=ORIENTED_EDGE('',*,*,#9672,.F.);
#14184=ORIENTED_EDGE('',*,*,#10403,.T.);
#14185=ORIENTED_EDGE('',*,*,#13989,.T.);
#14186=EDGE_LOOP('',(#14182,#14183,#14184,#14185));
#14187=FACE_OUTER_BOUND('',#14186,.F.);
#14188=ADVANCED_FACE('',(#14187),#14181,.T.);
#14189=CARTESIAN_POINT('',(-1.428E1,-7.75E0,-1.58E0));
#14190=DIRECTION('',(0.E0,0.E0,-1.E0));
#14191=DIRECTION('',(0.E0,1.E0,0.E0));
#14192=AXIS2_PLACEMENT_3D('',#14189,#14190,#14191);
#14193=PLANE('',#14192);
#14194=ORIENTED_EDGE('',*,*,#14168,.F.);
#14195=ORIENTED_EDGE('',*,*,#14007,.T.);
#14196=ORIENTED_EDGE('',*,*,#9406,.F.);
#14197=ORIENTED_EDGE('',*,*,#9684,.F.);
#14198=EDGE_LOOP('',(#14194,#14195,#14196,#14197));
#14199=FACE_OUTER_BOUND('',#14198,.F.);
#14200=ADVANCED_FACE('',(#14199),#14193,.T.);
#14201=CARTESIAN_POINT('',(-1.418E1,-7.35E0,-1.27E0));
#14202=DIRECTION('',(-9.701425001453E-1,-2.425356250363E-1,0.E0));
#14203=DIRECTION('',(2.425356250363E-1,-9.701425001453E-1,0.E0));
#14204=AXIS2_PLACEMENT_3D('',#14201,#14202,#14203);
#14205=PLANE('',#14204);
#14206=ORIENTED_EDGE('',*,*,#9682,.T.);
#14207=ORIENTED_EDGE('',*,*,#14130,.F.);
#14208=ORIENTED_EDGE('',*,*,#14156,.F.);
#14209=ORIENTED_EDGE('',*,*,#14170,.T.);
#14210=EDGE_LOOP('',(#14206,#14207,#14208,#14209));
#14211=FACE_OUTER_BOUND('',#14210,.F.);
#14212=ADVANCED_FACE('',(#14211),#14205,.T.);
#14213=CARTESIAN_POINT('',(-1.376E1,-7.35E0,1.27E0));
#14214=DIRECTION('',(9.701425001453E-1,-2.425356250363E-1,0.E0));
#14215=DIRECTION('',(-2.425356250363E-1,-9.701425001453E-1,0.E0));
#14216=AXIS2_PLACEMENT_3D('',#14213,#14214,#14215);
#14217=PLANE('',#14216);
#14219=ORIENTED_EDGE('',*,*,#14218,.F.);
#14221=ORIENTED_EDGE('',*,*,#14220,.T.);
#14222=ORIENTED_EDGE('',*,*,#14017,.T.);
#14224=ORIENTED_EDGE('',*,*,#14223,.T.);
#14225=EDGE_LOOP('',(#14219,#14221,#14222,#14224));
#14226=FACE_OUTER_BOUND('',#14225,.F.);
#14227=ADVANCED_FACE('',(#14226),#14217,.T.);
#14228=CARTESIAN_POINT('',(-1.428E1,-7.75E0,1.58E0));
#14229=DIRECTION('',(0.E0,-1.E0,0.E0));
#14230=DIRECTION('',(0.E0,0.E0,-1.E0));
#14231=AXIS2_PLACEMENT_3D('',#14228,#14229,#14230);
#14232=PLANE('',#14231);
#14234=ORIENTED_EDGE('',*,*,#14233,.T.);
#14236=ORIENTED_EDGE('',*,*,#14235,.T.);
#14238=ORIENTED_EDGE('',*,*,#14237,.F.);
#14239=ORIENTED_EDGE('',*,*,#14218,.T.);
#14240=EDGE_LOOP('',(#14234,#14236,#14238,#14239));
#14241=FACE_OUTER_BOUND('',#14240,.F.);
#14242=ADVANCED_FACE('',(#14241),#14232,.T.);
#14243=CARTESIAN_POINT('',(-1.397E1,-7.35E0,1.06E0));
#14244=DIRECTION('',(0.E0,-2.425356250363E-1,-9.701425001453E-1));
#14245=DIRECTION('',(0.E0,-9.701425001453E-1,2.425356250363E-1));
#14246=AXIS2_PLACEMENT_3D('',#14243,#14244,#14245);
#14247=PLANE('',#14246);
#14248=ORIENTED_EDGE('',*,*,#9756,.T.);
#14250=ORIENTED_EDGE('',*,*,#14249,.F.);
#14251=ORIENTED_EDGE('',*,*,#14233,.F.);
#14252=ORIENTED_EDGE('',*,*,#14223,.F.);
#14253=EDGE_LOOP('',(#14248,#14250,#14251,#14252));
#14254=FACE_OUTER_BOUND('',#14253,.F.);
#14255=ADVANCED_FACE('',(#14254),#14247,.T.);
#14256=CARTESIAN_POINT('',(-1.418E1,-7.35E0,1.27E0));
#14257=DIRECTION('',(-9.701425001453E-1,-2.425356250363E-1,0.E0));
#14258=DIRECTION('',(2.425356250363E-1,-9.701425001453E-1,0.E0));
#14259=AXIS2_PLACEMENT_3D('',#14256,#14257,#14258);
#14260=PLANE('',#14259);
#14261=ORIENTED_EDGE('',*,*,#9697,.T.);
#14263=ORIENTED_EDGE('',*,*,#14262,.F.);
#14264=ORIENTED_EDGE('',*,*,#14235,.F.);
#14265=ORIENTED_EDGE('',*,*,#14249,.T.);
#14266=EDGE_LOOP('',(#14261,#14263,#14264,#14265));
#14267=FACE_OUTER_BOUND('',#14266,.F.);
#14268=ADVANCED_FACE('',(#14267),#14260,.T.);
#14269=CARTESIAN_POINT('',(-1.397E1,-7.35E0,1.48E0));
#14270=DIRECTION('',(0.E0,-2.425356250363E-1,9.701425001453E-1));
#14271=DIRECTION('',(0.E0,9.701425001453E-1,2.425356250363E-1));
#14272=AXIS2_PLACEMENT_3D('',#14269,#14270,#14271);
#14273=PLANE('',#14272);
#14274=ORIENTED_EDGE('',*,*,#13921,.F.);
#14275=ORIENTED_EDGE('',*,*,#14220,.F.);
#14276=ORIENTED_EDGE('',*,*,#14237,.T.);
#14277=ORIENTED_EDGE('',*,*,#14262,.T.);
#14278=EDGE_LOOP('',(#14274,#14275,#14276,#14277));
#14279=FACE_OUTER_BOUND('',#14278,.F.);
#14280=ADVANCED_FACE('',(#14279),#14273,.T.);
#14281=CARTESIAN_POINT('',(-1.174E1,0.E0,0.E0));
#14282=DIRECTION('',(1.E0,0.E0,0.E0));
#14283=DIRECTION('',(0.E0,0.E0,-1.E0));
#14284=AXIS2_PLACEMENT_3D('',#14281,#14282,#14283);
#14285=PLANE('',#14284);
#14287=ORIENTED_EDGE('',*,*,#14286,.F.);
#14289=ORIENTED_EDGE('',*,*,#14288,.T.);
#14290=ORIENTED_EDGE('',*,*,#10407,.T.);
#14292=ORIENTED_EDGE('',*,*,#14291,.T.);
#14293=EDGE_LOOP('',(#14287,#14289,#14290,#14292));
#14294=FACE_OUTER_BOUND('',#14293,.F.);
#14295=ADVANCED_FACE('',(#14294),#14285,.F.);
#14296=CARTESIAN_POINT('',(-1.174E1,0.E0,0.E0));
#14297=DIRECTION('',(1.E0,0.E0,0.E0));
#14298=DIRECTION('',(0.E0,0.E0,-1.E0));
#14299=AXIS2_PLACEMENT_3D('',#14296,#14297,#14298);
#14300=PLANE('',#14299);
#14302=ORIENTED_EDGE('',*,*,#14301,.F.);
#14304=ORIENTED_EDGE('',*,*,#14303,.T.);
#14305=ORIENTED_EDGE('',*,*,#10417,.T.);
#14307=ORIENTED_EDGE('',*,*,#14306,.T.);
#14308=EDGE_LOOP('',(#14302,#14304,#14305,#14307));
#14309=FACE_OUTER_BOUND('',#14308,.F.);
#14310=ADVANCED_FACE('',(#14309),#14300,.F.);
#14311=CARTESIAN_POINT('',(-1.174E1,0.E0,0.E0));
#14312=DIRECTION('',(1.E0,0.E0,0.E0));
#14313=DIRECTION('',(0.E0,0.E0,-1.E0));
#14314=AXIS2_PLACEMENT_3D('',#14311,#14312,#14313);
#14315=PLANE('',#14314);
#14317=ORIENTED_EDGE('',*,*,#14316,.F.);
#14319=ORIENTED_EDGE('',*,*,#14318,.T.);
#14320=ORIENTED_EDGE('',*,*,#9424,.F.);
#14322=ORIENTED_EDGE('',*,*,#14321,.T.);
#14323=EDGE_LOOP('',(#14317,#14319,#14320,#14322));
#14324=FACE_OUTER_BOUND('',#14323,.F.);
#14325=ADVANCED_FACE('',(#14324),#14315,.F.);
#14326=CARTESIAN_POINT('',(-1.174E1,0.E0,0.E0));
#14327=DIRECTION('',(1.E0,0.E0,0.E0));
#14328=DIRECTION('',(0.E0,0.E0,-1.E0));
#14329=AXIS2_PLACEMENT_3D('',#14326,#14327,#14328);
#14330=PLANE('',#14329);
#14332=ORIENTED_EDGE('',*,*,#14331,.F.);
#14334=ORIENTED_EDGE('',*,*,#14333,.T.);
#14335=ORIENTED_EDGE('',*,*,#9414,.F.);
#14337=ORIENTED_EDGE('',*,*,#14336,.T.);
#14338=EDGE_LOOP('',(#14332,#14334,#14335,#14337));
#14339=FACE_OUTER_BOUND('',#14338,.F.);
#14340=ADVANCED_FACE('',(#14339),#14330,.F.);
#14341=CARTESIAN_POINT('',(-1.164E1,4.E0,1.27E0));
#14342=DIRECTION('',(-9.701425001453E-1,2.425356250363E-1,0.E0));
#14343=DIRECTION('',(2.425356250363E-1,9.701425001453E-1,0.E0));
#14344=AXIS2_PLACEMENT_3D('',#14341,#14342,#14343);
#14345=PLANE('',#14344);
#14346=ORIENTED_EDGE('',*,*,#14286,.T.);
#14348=ORIENTED_EDGE('',*,*,#14347,.F.);
#14350=ORIENTED_EDGE('',*,*,#14349,.F.);
#14352=ORIENTED_EDGE('',*,*,#14351,.T.);
#14353=EDGE_LOOP('',(#14346,#14348,#14350,#14352));
#14354=FACE_OUTER_BOUND('',#14353,.F.);
#14355=ADVANCED_FACE('',(#14354),#14345,.T.);
#14356=CARTESIAN_POINT('',(-1.143E1,4.E0,1.06E0));
#14357=DIRECTION('',(0.E0,2.425356250363E-1,-9.701425001453E-1));
#14358=DIRECTION('',(0.E0,-9.701425001453E-1,-2.425356250363E-1));
#14359=AXIS2_PLACEMENT_3D('',#14356,#14357,#14358);
#14360=PLANE('',#14359);
#14362=ORIENTED_EDGE('',*,*,#14361,.F.);
#14364=ORIENTED_EDGE('',*,*,#14363,.F.);
#14366=ORIENTED_EDGE('',*,*,#14365,.T.);
#14367=ORIENTED_EDGE('',*,*,#14347,.T.);
#14368=EDGE_LOOP('',(#14362,#14364,#14366,#14367));
#14369=FACE_OUTER_BOUND('',#14368,.F.);
#14370=ADVANCED_FACE('',(#14369),#14360,.T.);
#14371=CARTESIAN_POINT('',(-1.174E1,-7.75E0,9.6E-1));
#14372=DIRECTION('',(0.E0,0.E0,-1.E0));
#14373=DIRECTION('',(0.E0,1.E0,0.E0));
#14374=AXIS2_PLACEMENT_3D('',#14371,#14372,#14373);
#14375=PLANE('',#14374);
#14376=ORIENTED_EDGE('',*,*,#14361,.T.);
#14377=ORIENTED_EDGE('',*,*,#14291,.F.);
#14378=ORIENTED_EDGE('',*,*,#10413,.T.);
#14380=ORIENTED_EDGE('',*,*,#14379,.T.);
#14381=EDGE_LOOP('',(#14376,#14377,#14378,#14380));
#14382=FACE_OUTER_BOUND('',#14381,.F.);
#14383=ADVANCED_FACE('',(#14382),#14375,.T.);
#14384=CARTESIAN_POINT('',(-1.174E1,-7.75E0,9.6E-1));
#14385=DIRECTION('',(0.E0,0.E0,-1.E0));
#14386=DIRECTION('',(0.E0,1.E0,0.E0));
#14387=AXIS2_PLACEMENT_3D('',#14384,#14385,#14386);
#14388=PLANE('',#14387);
#14390=ORIENTED_EDGE('',*,*,#14389,.F.);
#14392=ORIENTED_EDGE('',*,*,#14391,.T.);
#14393=ORIENTED_EDGE('',*,*,#9416,.F.);
#14394=ORIENTED_EDGE('',*,*,#14333,.F.);
#14395=EDGE_LOOP('',(#14390,#14392,#14393,#14394));
#14396=FACE_OUTER_BOUND('',#14395,.F.);
#14397=ADVANCED_FACE('',(#14396),#14388,.T.);
#14398=CARTESIAN_POINT('',(-1.112E1,0.E0,0.E0));
#14399=DIRECTION('',(1.E0,0.E0,0.E0));
#14400=DIRECTION('',(0.E0,0.E0,-1.E0));
#14401=AXIS2_PLACEMENT_3D('',#14398,#14399,#14400);
#14402=PLANE('',#14401);
#14404=ORIENTED_EDGE('',*,*,#14403,.F.);
#14405=ORIENTED_EDGE('',*,*,#14379,.F.);
#14406=ORIENTED_EDGE('',*,*,#10411,.F.);
#14408=ORIENTED_EDGE('',*,*,#14407,.F.);
#14409=EDGE_LOOP('',(#14404,#14405,#14406,#14408));
#14410=FACE_OUTER_BOUND('',#14409,.F.);
#14411=ADVANCED_FACE('',(#14410),#14402,.T.);
#14412=CARTESIAN_POINT('',(-1.112E1,0.E0,0.E0));
#14413=DIRECTION('',(1.E0,0.E0,0.E0));
#14414=DIRECTION('',(0.E0,0.E0,-1.E0));
#14415=AXIS2_PLACEMENT_3D('',#14412,#14413,#14414);
#14416=PLANE('',#14415);
#14418=ORIENTED_EDGE('',*,*,#14417,.F.);
#14420=ORIENTED_EDGE('',*,*,#14419,.F.);
#14421=ORIENTED_EDGE('',*,*,#10421,.F.);
#14423=ORIENTED_EDGE('',*,*,#14422,.F.);
#14424=EDGE_LOOP('',(#14418,#14420,#14421,#14423));
#14425=FACE_OUTER_BOUND('',#14424,.F.);
#14426=ADVANCED_FACE('',(#14425),#14416,.T.);
#14427=CARTESIAN_POINT('',(-1.112E1,0.E0,0.E0));
#14428=DIRECTION('',(1.E0,0.E0,0.E0));
#14429=DIRECTION('',(0.E0,0.E0,-1.E0));
#14430=AXIS2_PLACEMENT_3D('',#14427,#14428,#14429);
#14431=PLANE('',#14430);
#14433=ORIENTED_EDGE('',*,*,#14432,.F.);
#14435=ORIENTED_EDGE('',*,*,#14434,.F.);
#14436=ORIENTED_EDGE('',*,*,#9428,.T.);
#14438=ORIENTED_EDGE('',*,*,#14437,.F.);
#14439=EDGE_LOOP('',(#14433,#14435,#14436,#14438));
#14440=FACE_OUTER_BOUND('',#14439,.F.);
#14441=ADVANCED_FACE('',(#14440),#14431,.T.);
#14442=CARTESIAN_POINT('',(-1.112E1,0.E0,0.E0));
#14443=DIRECTION('',(1.E0,0.E0,0.E0));
#14444=DIRECTION('',(0.E0,0.E0,-1.E0));
#14445=AXIS2_PLACEMENT_3D('',#14442,#14443,#14444);
#14446=PLANE('',#14445);
#14448=ORIENTED_EDGE('',*,*,#14447,.F.);
#14450=ORIENTED_EDGE('',*,*,#14449,.F.);
#14451=ORIENTED_EDGE('',*,*,#9418,.T.);
#14452=ORIENTED_EDGE('',*,*,#14391,.F.);
#14453=EDGE_LOOP('',(#14448,#14450,#14451,#14452));
#14454=FACE_OUTER_BOUND('',#14453,.F.);
#14455=ADVANCED_FACE('',(#14454),#14446,.T.);
#14456=CARTESIAN_POINT('',(-1.122E1,4.E0,1.27E0));
#14457=DIRECTION('',(9.701425001453E-1,2.425356250363E-1,0.E0));
#14458=DIRECTION('',(-2.425356250363E-1,9.701425001453E-1,0.E0));
#14459=AXIS2_PLACEMENT_3D('',#14456,#14457,#14458);
#14460=PLANE('',#14459);
#14462=ORIENTED_EDGE('',*,*,#14461,.F.);
#14463=ORIENTED_EDGE('',*,*,#14363,.T.);
#14464=ORIENTED_EDGE('',*,*,#14403,.T.);
#14466=ORIENTED_EDGE('',*,*,#14465,.F.);
#14467=EDGE_LOOP('',(#14462,#14463,#14464,#14466));
#14468=FACE_OUTER_BOUND('',#14467,.F.);
#14469=ADVANCED_FACE('',(#14468),#14460,.T.);
#14470=CARTESIAN_POINT('',(-1.174E1,4.4E0,9.6E-1));
#14471=DIRECTION('',(0.E0,1.E0,0.E0));
#14472=DIRECTION('',(0.E0,0.E0,1.E0));
#14473=AXIS2_PLACEMENT_3D('',#14470,#14471,#14472);
#14474=PLANE('',#14473);
#14476=ORIENTED_EDGE('',*,*,#14475,.T.);
#14477=ORIENTED_EDGE('',*,*,#14349,.T.);
#14478=ORIENTED_EDGE('',*,*,#14365,.F.);
#14479=ORIENTED_EDGE('',*,*,#14461,.T.);
#14480=EDGE_LOOP('',(#14476,#14477,#14478,#14479));
#14481=FACE_OUTER_BOUND('',#14480,.F.);
#14482=ADVANCED_FACE('',(#14481),#14474,.T.);
#14483=CARTESIAN_POINT('',(-1.143E1,4.E0,1.48E0));
#14484=DIRECTION('',(0.E0,2.425356250363E-1,9.701425001453E-1));
#14485=DIRECTION('',(0.E0,9.701425001453E-1,-2.425356250363E-1));
#14486=AXIS2_PLACEMENT_3D('',#14483,#14484,#14485);
#14487=PLANE('',#14486);
#14489=ORIENTED_EDGE('',*,*,#14488,.T.);
#14490=ORIENTED_EDGE('',*,*,#14351,.F.);
#14491=ORIENTED_EDGE('',*,*,#14475,.F.);
#14492=ORIENTED_EDGE('',*,*,#14465,.T.);
#14493=EDGE_LOOP('',(#14489,#14490,#14491,#14492));
#14494=FACE_OUTER_BOUND('',#14493,.F.);
#14495=ADVANCED_FACE('',(#14494),#14487,.T.);
#14496=CARTESIAN_POINT('',(-1.174E1,4.4E0,1.58E0));
#14497=DIRECTION('',(0.E0,0.E0,1.E0));
#14498=DIRECTION('',(0.E0,-1.E0,0.E0));
#14499=AXIS2_PLACEMENT_3D('',#14496,#14497,#14498);
#14500=PLANE('',#14499);
#14501=ORIENTED_EDGE('',*,*,#14488,.F.);
#14502=ORIENTED_EDGE('',*,*,#14407,.T.);
#14503=ORIENTED_EDGE('',*,*,#10409,.F.);
#14504=ORIENTED_EDGE('',*,*,#14288,.F.);
#14505=EDGE_LOOP('',(#14501,#14502,#14503,#14504));
#14506=FACE_OUTER_BOUND('',#14505,.F.);
#14507=ADVANCED_FACE('',(#14506),#14500,.T.);
#14508=CARTESIAN_POINT('',(-1.174E1,4.4E0,1.58E0));
#14509=DIRECTION('',(0.E0,0.E0,1.E0));
#14510=DIRECTION('',(0.E0,-1.E0,0.E0));
#14511=AXIS2_PLACEMENT_3D('',#14508,#14509,#14510);
#14512=PLANE('',#14511);
#14514=ORIENTED_EDGE('',*,*,#14513,.T.);
#14515=ORIENTED_EDGE('',*,*,#14336,.F.);
#14516=ORIENTED_EDGE('',*,*,#9420,.T.);
#14517=ORIENTED_EDGE('',*,*,#14449,.T.);
#14518=EDGE_LOOP('',(#14514,#14515,#14516,#14517));
#14519=FACE_OUTER_BOUND('',#14518,.F.);
#14520=ADVANCED_FACE('',(#14519),#14512,.T.);
#14521=CARTESIAN_POINT('',(-1.143E1,-7.35E0,1.48E0));
#14522=DIRECTION('',(0.E0,-2.425356250363E-1,9.701425001453E-1));
#14523=DIRECTION('',(0.E0,9.701425001453E-1,2.425356250363E-1));
#14524=AXIS2_PLACEMENT_3D('',#14521,#14522,#14523);
#14525=PLANE('',#14524);
#14526=ORIENTED_EDGE('',*,*,#14513,.F.);
#14528=ORIENTED_EDGE('',*,*,#14527,.F.);
#14530=ORIENTED_EDGE('',*,*,#14529,.T.);
#14532=ORIENTED_EDGE('',*,*,#14531,.T.);
#14533=EDGE_LOOP('',(#14526,#14528,#14530,#14532));
#14534=FACE_OUTER_BOUND('',#14533,.F.);
#14535=ADVANCED_FACE('',(#14534),#14525,.T.);
#14536=CARTESIAN_POINT('',(-1.122E1,-7.35E0,1.27E0));
#14537=DIRECTION('',(9.701425001453E-1,-2.425356250363E-1,0.E0));
#14538=DIRECTION('',(-2.425356250363E-1,-9.701425001453E-1,0.E0));
#14539=AXIS2_PLACEMENT_3D('',#14536,#14537,#14538);
#14540=PLANE('',#14539);
#14542=ORIENTED_EDGE('',*,*,#14541,.F.);
#14543=ORIENTED_EDGE('',*,*,#14527,.T.);
#14544=ORIENTED_EDGE('',*,*,#14447,.T.);
#14546=ORIENTED_EDGE('',*,*,#14545,.T.);
#14547=EDGE_LOOP('',(#14542,#14543,#14544,#14546));
#14548=FACE_OUTER_BOUND('',#14547,.F.);
#14549=ADVANCED_FACE('',(#14548),#14540,.T.);
#14550=CARTESIAN_POINT('',(-1.174E1,-7.75E0,1.58E0));
#14551=DIRECTION('',(0.E0,-1.E0,0.E0));
#14552=DIRECTION('',(0.E0,0.E0,-1.E0));
#14553=AXIS2_PLACEMENT_3D('',#14550,#14551,#14552);
#14554=PLANE('',#14553);
#14556=ORIENTED_EDGE('',*,*,#14555,.T.);
#14558=ORIENTED_EDGE('',*,*,#14557,.T.);
#14559=ORIENTED_EDGE('',*,*,#14529,.F.);
#14560=ORIENTED_EDGE('',*,*,#14541,.T.);
#14561=EDGE_LOOP('',(#14556,#14558,#14559,#14560));
#14562=FACE_OUTER_BOUND('',#14561,.F.);
#14563=ADVANCED_FACE('',(#14562),#14554,.T.);
#14564=CARTESIAN_POINT('',(-1.143E1,-7.35E0,1.06E0));
#14565=DIRECTION('',(0.E0,-2.425356250363E-1,-9.701425001453E-1));
#14566=DIRECTION('',(0.E0,-9.701425001453E-1,2.425356250363E-1));
#14567=AXIS2_PLACEMENT_3D('',#14564,#14565,#14566);
#14568=PLANE('',#14567);
#14569=ORIENTED_EDGE('',*,*,#14389,.T.);
#14571=ORIENTED_EDGE('',*,*,#14570,.F.);
#14572=ORIENTED_EDGE('',*,*,#14555,.F.);
#14573=ORIENTED_EDGE('',*,*,#14545,.F.);
#14574=EDGE_LOOP('',(#14569,#14571,#14572,#14573));
#14575=FACE_OUTER_BOUND('',#14574,.F.);
#14576=ADVANCED_FACE('',(#14575),#14568,.T.);
#14577=CARTESIAN_POINT('',(-1.164E1,-7.35E0,1.27E0));
#14578=DIRECTION('',(-9.701425001453E-1,-2.425356250363E-1,0.E0));
#14579=DIRECTION('',(2.425356250363E-1,-9.701425001453E-1,0.E0));
#14580=AXIS2_PLACEMENT_3D('',#14577,#14578,#14579);
#14581=PLANE('',#14580);
#14582=ORIENTED_EDGE('',*,*,#14331,.T.);
#14583=ORIENTED_EDGE('',*,*,#14531,.F.);
#14584=ORIENTED_EDGE('',*,*,#14557,.F.);
#14585=ORIENTED_EDGE('',*,*,#14570,.T.);
#14586=EDGE_LOOP('',(#14582,#14583,#14584,#14585));
#14587=FACE_OUTER_BOUND('',#14586,.F.);
#14588=ADVANCED_FACE('',(#14587),#14581,.T.);
#14589=CARTESIAN_POINT('',(-1.122E1,4.E0,-1.27E0));
#14590=DIRECTION('',(9.701425001453E-1,2.425356250363E-1,0.E0));
#14591=DIRECTION('',(-2.425356250363E-1,9.701425001453E-1,0.E0));
#14592=AXIS2_PLACEMENT_3D('',#14589,#14590,#14591);
#14593=PLANE('',#14592);
#14595=ORIENTED_EDGE('',*,*,#14594,.F.);
#14597=ORIENTED_EDGE('',*,*,#14596,.T.);
#14598=ORIENTED_EDGE('',*,*,#14417,.T.);
#14600=ORIENTED_EDGE('',*,*,#14599,.T.);
#14601=EDGE_LOOP('',(#14595,#14597,#14598,#14600));
#14602=FACE_OUTER_BOUND('',#14601,.F.);
#14603=ADVANCED_FACE('',(#14602),#14593,.T.);
#14604=CARTESIAN_POINT('',(-1.174E1,4.4E0,-1.58E0));
#14605=DIRECTION('',(0.E0,1.E0,0.E0));
#14606=DIRECTION('',(0.E0,0.E0,1.E0));
#14607=AXIS2_PLACEMENT_3D('',#14604,#14605,#14606);
#14608=PLANE('',#14607);
#14610=ORIENTED_EDGE('',*,*,#14609,.F.);
#14611=ORIENTED_EDGE('',*,*,#14594,.T.);
#14613=ORIENTED_EDGE('',*,*,#14612,.T.);
#14615=ORIENTED_EDGE('',*,*,#14614,.T.);
#14616=EDGE_LOOP('',(#14610,#14611,#14613,#14615));
#14617=FACE_OUTER_BOUND('',#14616,.F.);
#14618=ADVANCED_FACE('',(#14617),#14608,.T.);
#14619=CARTESIAN_POINT('',(-1.143E1,4.E0,-1.48E0));
#14620=DIRECTION('',(0.E0,2.425356250363E-1,-9.701425001453E-1));
#14621=DIRECTION('',(0.E0,-9.701425001453E-1,-2.425356250363E-1));
#14622=AXIS2_PLACEMENT_3D('',#14619,#14620,#14621);
#14623=PLANE('',#14622);
#14624=ORIENTED_EDGE('',*,*,#14609,.T.);
#14626=ORIENTED_EDGE('',*,*,#14625,.F.);
#14628=ORIENTED_EDGE('',*,*,#14627,.F.);
#14629=ORIENTED_EDGE('',*,*,#14596,.F.);
#14630=EDGE_LOOP('',(#14624,#14626,#14628,#14629));
#14631=FACE_OUTER_BOUND('',#14630,.F.);
#14632=ADVANCED_FACE('',(#14631),#14623,.T.);
#14633=CARTESIAN_POINT('',(-1.164E1,4.E0,-1.27E0));
#14634=DIRECTION('',(-9.701425001453E-1,2.425356250363E-1,0.E0));
#14635=DIRECTION('',(2.425356250363E-1,9.701425001453E-1,0.E0));
#14636=AXIS2_PLACEMENT_3D('',#14633,#14634,#14635);
#14637=PLANE('',#14636);
#14638=ORIENTED_EDGE('',*,*,#14614,.F.);
#14640=ORIENTED_EDGE('',*,*,#14639,.T.);
#14641=ORIENTED_EDGE('',*,*,#14301,.T.);
#14642=ORIENTED_EDGE('',*,*,#14625,.T.);
#14643=EDGE_LOOP('',(#14638,#14640,#14641,#14642));
#14644=FACE_OUTER_BOUND('',#14643,.F.);
#14645=ADVANCED_FACE('',(#14644),#14637,.T.);
#14646=CARTESIAN_POINT('',(-1.143E1,4.E0,-1.06E0));
#14647=DIRECTION('',(0.E0,2.425356250363E-1,9.701425001453E-1));
#14648=DIRECTION('',(0.E0,9.701425001453E-1,-2.425356250363E-1));
#14649=AXIS2_PLACEMENT_3D('',#14646,#14647,#14648);
#14650=PLANE('',#14649);
#14652=ORIENTED_EDGE('',*,*,#14651,.T.);
#14653=ORIENTED_EDGE('',*,*,#14639,.F.);
#14654=ORIENTED_EDGE('',*,*,#14612,.F.);
#14655=ORIENTED_EDGE('',*,*,#14599,.F.);
#14656=EDGE_LOOP('',(#14652,#14653,#14654,#14655));
#14657=FACE_OUTER_BOUND('',#14656,.F.);
#14658=ADVANCED_FACE('',(#14657),#14650,.T.);
#14659=CARTESIAN_POINT('',(-1.174E1,4.4E0,-9.6E-1));
#14660=DIRECTION('',(0.E0,0.E0,1.E0));
#14661=DIRECTION('',(0.E0,-1.E0,0.E0));
#14662=AXIS2_PLACEMENT_3D('',#14659,#14660,#14661);
#14663=PLANE('',#14662);
#14664=ORIENTED_EDGE('',*,*,#14651,.F.);
#14665=ORIENTED_EDGE('',*,*,#14422,.T.);
#14666=ORIENTED_EDGE('',*,*,#10419,.F.);
#14667=ORIENTED_EDGE('',*,*,#14303,.F.);
#14668=EDGE_LOOP('',(#14664,#14665,#14666,#14667));
#14669=FACE_OUTER_BOUND('',#14668,.F.);
#14670=ADVANCED_FACE('',(#14669),#14663,.T.);
#14671=CARTESIAN_POINT('',(-1.174E1,4.4E0,-9.6E-1));
#14672=DIRECTION('',(0.E0,0.E0,1.E0));
#14673=DIRECTION('',(0.E0,-1.E0,0.E0));
#14674=AXIS2_PLACEMENT_3D('',#14671,#14672,#14673);
#14675=PLANE('',#14674);
#14677=ORIENTED_EDGE('',*,*,#14676,.T.);
#14678=ORIENTED_EDGE('',*,*,#14321,.F.);
#14679=ORIENTED_EDGE('',*,*,#9430,.T.);
#14680=ORIENTED_EDGE('',*,*,#14434,.T.);
#14681=EDGE_LOOP('',(#14677,#14678,#14679,#14680));
#14682=FACE_OUTER_BOUND('',#14681,.F.);
#14683=ADVANCED_FACE('',(#14682),#14675,.T.);
#14684=CARTESIAN_POINT('',(-1.143E1,-7.35E0,-1.06E0));
#14685=DIRECTION('',(0.E0,-2.425356250363E-1,9.701425001453E-1));
#14686=DIRECTION('',(0.E0,9.701425001453E-1,2.425356250363E-1));
#14687=AXIS2_PLACEMENT_3D('',#14684,#14685,#14686);
#14688=PLANE('',#14687);
#14689=ORIENTED_EDGE('',*,*,#14676,.F.);
#14691=ORIENTED_EDGE('',*,*,#14690,.F.);
#14693=ORIENTED_EDGE('',*,*,#14692,.T.);
#14695=ORIENTED_EDGE('',*,*,#14694,.T.);
#14696=EDGE_LOOP('',(#14689,#14691,#14693,#14695));
#14697=FACE_OUTER_BOUND('',#14696,.F.);
#14698=ADVANCED_FACE('',(#14697),#14688,.T.);
#14699=CARTESIAN_POINT('',(-1.122E1,-7.35E0,-1.27E0));
#14700=DIRECTION('',(9.701425001453E-1,-2.425356250363E-1,0.E0));
#14701=DIRECTION('',(-2.425356250363E-1,-9.701425001453E-1,0.E0));
#14702=AXIS2_PLACEMENT_3D('',#14699,#14700,#14701);
#14703=PLANE('',#14702);
#14705=ORIENTED_EDGE('',*,*,#14704,.F.);
#14706=ORIENTED_EDGE('',*,*,#14690,.T.);
#14707=ORIENTED_EDGE('',*,*,#14432,.T.);
#14709=ORIENTED_EDGE('',*,*,#14708,.T.);
#14710=EDGE_LOOP('',(#14705,#14706,#14707,#14709));
#14711=FACE_OUTER_BOUND('',#14710,.F.);
#14712=ADVANCED_FACE('',(#14711),#14703,.T.);
#14713=CARTESIAN_POINT('',(-1.174E1,-7.75E0,-9.6E-1));
#14714=DIRECTION('',(0.E0,-1.E0,0.E0));
#14715=DIRECTION('',(0.E0,0.E0,-1.E0));
#14716=AXIS2_PLACEMENT_3D('',#14713,#14714,#14715);
#14717=PLANE('',#14716);
#14719=ORIENTED_EDGE('',*,*,#14718,.T.);
#14721=ORIENTED_EDGE('',*,*,#14720,.T.);
#14722=ORIENTED_EDGE('',*,*,#14692,.F.);
#14723=ORIENTED_EDGE('',*,*,#14704,.T.);
#14724=EDGE_LOOP('',(#14719,#14721,#14722,#14723));
#14725=FACE_OUTER_BOUND('',#14724,.F.);
#14726=ADVANCED_FACE('',(#14725),#14717,.T.);
#14727=CARTESIAN_POINT('',(-1.143E1,-7.35E0,-1.48E0));
#14728=DIRECTION('',(0.E0,-2.425356250363E-1,-9.701425001453E-1));
#14729=DIRECTION('',(0.E0,-9.701425001453E-1,2.425356250363E-1));
#14730=AXIS2_PLACEMENT_3D('',#14727,#14728,#14729);
#14731=PLANE('',#14730);
#14733=ORIENTED_EDGE('',*,*,#14732,.T.);
#14735=ORIENTED_EDGE('',*,*,#14734,.F.);
#14736=ORIENTED_EDGE('',*,*,#14718,.F.);
#14737=ORIENTED_EDGE('',*,*,#14708,.F.);
#14738=EDGE_LOOP('',(#14733,#14735,#14736,#14737));
#14739=FACE_OUTER_BOUND('',#14738,.F.);
#14740=ADVANCED_FACE('',(#14739),#14731,.T.);
#14741=CARTESIAN_POINT('',(-1.174E1,-7.75E0,-1.58E0));
#14742=DIRECTION('',(0.E0,0.E0,-1.E0));
#14743=DIRECTION('',(0.E0,1.E0,0.E0));
#14744=AXIS2_PLACEMENT_3D('',#14741,#14742,#14743);
#14745=PLANE('',#14744);
#14746=ORIENTED_EDGE('',*,*,#14627,.T.);
#14747=ORIENTED_EDGE('',*,*,#14306,.F.);
#14748=ORIENTED_EDGE('',*,*,#10423,.T.);
#14749=ORIENTED_EDGE('',*,*,#14419,.T.);
#14750=EDGE_LOOP('',(#14746,#14747,#14748,#14749));
#14751=FACE_OUTER_BOUND('',#14750,.F.);
#14752=ADVANCED_FACE('',(#14751),#14745,.T.);
#14753=CARTESIAN_POINT('',(-1.174E1,-7.75E0,-1.58E0));
#14754=DIRECTION('',(0.E0,0.E0,-1.E0));
#14755=DIRECTION('',(0.E0,1.E0,0.E0));
#14756=AXIS2_PLACEMENT_3D('',#14753,#14754,#14755);
#14757=PLANE('',#14756);
#14758=ORIENTED_EDGE('',*,*,#14732,.F.);
#14759=ORIENTED_EDGE('',*,*,#14437,.T.);
#14760=ORIENTED_EDGE('',*,*,#9426,.F.);
#14761=ORIENTED_EDGE('',*,*,#14318,.F.);
#14762=EDGE_LOOP('',(#14758,#14759,#14760,#14761));
#14763=FACE_OUTER_BOUND('',#14762,.F.);
#14764=ADVANCED_FACE('',(#14763),#14757,.T.);
#14765=CARTESIAN_POINT('',(-1.164E1,-7.35E0,-1.27E0));
#14766=DIRECTION('',(-9.701425001453E-1,-2.425356250363E-1,0.E0));
#14767=DIRECTION('',(2.425356250363E-1,-9.701425001453E-1,0.E0));
#14768=AXIS2_PLACEMENT_3D('',#14765,#14766,#14767);
#14769=PLANE('',#14768);
#14770=ORIENTED_EDGE('',*,*,#14316,.T.);
#14771=ORIENTED_EDGE('',*,*,#14694,.F.);
#14772=ORIENTED_EDGE('',*,*,#14720,.F.);
#14773=ORIENTED_EDGE('',*,*,#14734,.T.);
#14774=EDGE_LOOP('',(#14770,#14771,#14772,#14773));
#14775=FACE_OUTER_BOUND('',#14774,.F.);
#14776=ADVANCED_FACE('',(#14775),#14769,.T.);
#14777=CARTESIAN_POINT('',(-9.2E0,0.E0,0.E0));
#14778=DIRECTION('',(1.E0,0.E0,0.E0));
#14779=DIRECTION('',(0.E0,0.E0,-1.E0));
#14780=AXIS2_PLACEMENT_3D('',#14777,#14778,#14779);
#14781=PLANE('',#14780);
#14783=ORIENTED_EDGE('',*,*,#14782,.F.);
#14785=ORIENTED_EDGE('',*,*,#14784,.T.);
#14786=ORIENTED_EDGE('',*,*,#10427,.T.);
#14788=ORIENTED_EDGE('',*,*,#14787,.T.);
#14789=EDGE_LOOP('',(#14783,#14785,#14786,#14788));
#14790=FACE_OUTER_BOUND('',#14789,.F.);
#14791=ADVANCED_FACE('',(#14790),#14781,.F.);
#14792=CARTESIAN_POINT('',(-9.2E0,0.E0,0.E0));
#14793=DIRECTION('',(1.E0,0.E0,0.E0));
#14794=DIRECTION('',(0.E0,0.E0,-1.E0));
#14795=AXIS2_PLACEMENT_3D('',#14792,#14793,#14794);
#14796=PLANE('',#14795);
#14798=ORIENTED_EDGE('',*,*,#14797,.F.);
#14800=ORIENTED_EDGE('',*,*,#14799,.T.);
#14801=ORIENTED_EDGE('',*,*,#10437,.T.);
#14803=ORIENTED_EDGE('',*,*,#14802,.T.);
#14804=EDGE_LOOP('',(#14798,#14800,#14801,#14803));
#14805=FACE_OUTER_BOUND('',#14804,.F.);
#14806=ADVANCED_FACE('',(#14805),#14796,.F.);
#14807=CARTESIAN_POINT('',(-9.2E0,0.E0,0.E0));
#14808=DIRECTION('',(1.E0,0.E0,0.E0));
#14809=DIRECTION('',(0.E0,0.E0,-1.E0));
#14810=AXIS2_PLACEMENT_3D('',#14807,#14808,#14809);
#14811=PLANE('',#14810);
#14813=ORIENTED_EDGE('',*,*,#14812,.F.);
#14815=ORIENTED_EDGE('',*,*,#14814,.T.);
#14816=ORIENTED_EDGE('',*,*,#9444,.F.);
#14818=ORIENTED_EDGE('',*,*,#14817,.T.);
#14819=EDGE_LOOP('',(#14813,#14815,#14816,#14818));
#14820=FACE_OUTER_BOUND('',#14819,.F.);
#14821=ADVANCED_FACE('',(#14820),#14811,.F.);
#14822=CARTESIAN_POINT('',(-9.2E0,0.E0,0.E0));
#14823=DIRECTION('',(1.E0,0.E0,0.E0));
#14824=DIRECTION('',(0.E0,0.E0,-1.E0));
#14825=AXIS2_PLACEMENT_3D('',#14822,#14823,#14824);
#14826=PLANE('',#14825);
#14828=ORIENTED_EDGE('',*,*,#14827,.F.);
#14830=ORIENTED_EDGE('',*,*,#14829,.T.);
#14831=ORIENTED_EDGE('',*,*,#9434,.F.);
#14833=ORIENTED_EDGE('',*,*,#14832,.T.);
#14834=EDGE_LOOP('',(#14828,#14830,#14831,#14833));
#14835=FACE_OUTER_BOUND('',#14834,.F.);
#14836=ADVANCED_FACE('',(#14835),#14826,.F.);
#14837=CARTESIAN_POINT('',(-9.1E0,4.E0,1.27E0));
#14838=DIRECTION('',(-9.701425001453E-1,2.425356250363E-1,0.E0));
#14839=DIRECTION('',(2.425356250363E-1,9.701425001453E-1,0.E0));
#14840=AXIS2_PLACEMENT_3D('',#14837,#14838,#14839);
#14841=PLANE('',#14840);
#14842=ORIENTED_EDGE('',*,*,#14782,.T.);
#14844=ORIENTED_EDGE('',*,*,#14843,.F.);
#14846=ORIENTED_EDGE('',*,*,#14845,.F.);
#14848=ORIENTED_EDGE('',*,*,#14847,.T.);
#14849=EDGE_LOOP('',(#14842,#14844,#14846,#14848));
#14850=FACE_OUTER_BOUND('',#14849,.F.);
#14851=ADVANCED_FACE('',(#14850),#14841,.T.);
#14852=CARTESIAN_POINT('',(-8.89E0,4.E0,1.06E0));
#14853=DIRECTION('',(0.E0,2.425356250363E-1,-9.701425001453E-1));
#14854=DIRECTION('',(0.E0,-9.701425001453E-1,-2.425356250363E-1));
#14855=AXIS2_PLACEMENT_3D('',#14852,#14853,#14854);
#14856=PLANE('',#14855);
#14858=ORIENTED_EDGE('',*,*,#14857,.F.);
#14860=ORIENTED_EDGE('',*,*,#14859,.F.);
#14862=ORIENTED_EDGE('',*,*,#14861,.T.);
#14863=ORIENTED_EDGE('',*,*,#14843,.T.);
#14864=EDGE_LOOP('',(#14858,#14860,#14862,#14863));
#14865=FACE_OUTER_BOUND('',#14864,.F.);
#14866=ADVANCED_FACE('',(#14865),#14856,.T.);
#14867=CARTESIAN_POINT('',(-9.2E0,-7.75E0,9.6E-1));
#14868=DIRECTION('',(0.E0,0.E0,-1.E0));
#14869=DIRECTION('',(0.E0,1.E0,0.E0));
#14870=AXIS2_PLACEMENT_3D('',#14867,#14868,#14869);
#14871=PLANE('',#14870);
#14872=ORIENTED_EDGE('',*,*,#14857,.T.);
#14873=ORIENTED_EDGE('',*,*,#14787,.F.);
#14874=ORIENTED_EDGE('',*,*,#10433,.T.);
#14876=ORIENTED_EDGE('',*,*,#14875,.T.);
#14877=EDGE_LOOP('',(#14872,#14873,#14874,#14876));
#14878=FACE_OUTER_BOUND('',#14877,.F.);
#14879=ADVANCED_FACE('',(#14878),#14871,.T.);
#14880=CARTESIAN_POINT('',(-9.2E0,-7.75E0,9.6E-1));
#14881=DIRECTION('',(0.E0,0.E0,-1.E0));
#14882=DIRECTION('',(0.E0,1.E0,0.E0));
#14883=AXIS2_PLACEMENT_3D('',#14880,#14881,#14882);
#14884=PLANE('',#14883);
#14886=ORIENTED_EDGE('',*,*,#14885,.F.);
#14888=ORIENTED_EDGE('',*,*,#14887,.T.);
#14889=ORIENTED_EDGE('',*,*,#9436,.F.);
#14890=ORIENTED_EDGE('',*,*,#14829,.F.);
#14891=EDGE_LOOP('',(#14886,#14888,#14889,#14890));
#14892=FACE_OUTER_BOUND('',#14891,.F.);
#14893=ADVANCED_FACE('',(#14892),#14884,.T.);
#14894=CARTESIAN_POINT('',(-8.58E0,0.E0,0.E0));
#14895=DIRECTION('',(1.E0,0.E0,0.E0));
#14896=DIRECTION('',(0.E0,0.E0,-1.E0));
#14897=AXIS2_PLACEMENT_3D('',#14894,#14895,#14896);
#14898=PLANE('',#14897);
#14900=ORIENTED_EDGE('',*,*,#14899,.F.);
#14901=ORIENTED_EDGE('',*,*,#14875,.F.);
#14902=ORIENTED_EDGE('',*,*,#10431,.F.);
#14904=ORIENTED_EDGE('',*,*,#14903,.F.);
#14905=EDGE_LOOP('',(#14900,#14901,#14902,#14904));
#14906=FACE_OUTER_BOUND('',#14905,.F.);
#14907=ADVANCED_FACE('',(#14906),#14898,.T.);
#14908=CARTESIAN_POINT('',(-8.58E0,0.E0,0.E0));
#14909=DIRECTION('',(1.E0,0.E0,0.E0));
#14910=DIRECTION('',(0.E0,0.E0,-1.E0));
#14911=AXIS2_PLACEMENT_3D('',#14908,#14909,#14910);
#14912=PLANE('',#14911);
#14914=ORIENTED_EDGE('',*,*,#14913,.F.);
#14916=ORIENTED_EDGE('',*,*,#14915,.F.);
#14917=ORIENTED_EDGE('',*,*,#10441,.F.);
#14919=ORIENTED_EDGE('',*,*,#14918,.F.);
#14920=EDGE_LOOP('',(#14914,#14916,#14917,#14919));
#14921=FACE_OUTER_BOUND('',#14920,.F.);
#14922=ADVANCED_FACE('',(#14921),#14912,.T.);
#14923=CARTESIAN_POINT('',(-8.58E0,0.E0,0.E0));
#14924=DIRECTION('',(1.E0,0.E0,0.E0));
#14925=DIRECTION('',(0.E0,0.E0,-1.E0));
#14926=AXIS2_PLACEMENT_3D('',#14923,#14924,#14925);
#14927=PLANE('',#14926);
#14929=ORIENTED_EDGE('',*,*,#14928,.F.);
#14931=ORIENTED_EDGE('',*,*,#14930,.F.);
#14932=ORIENTED_EDGE('',*,*,#9448,.T.);
#14934=ORIENTED_EDGE('',*,*,#14933,.F.);
#14935=EDGE_LOOP('',(#14929,#14931,#14932,#14934));
#14936=FACE_OUTER_BOUND('',#14935,.F.);
#14937=ADVANCED_FACE('',(#14936),#14927,.T.);
#14938=CARTESIAN_POINT('',(-8.58E0,0.E0,0.E0));
#14939=DIRECTION('',(1.E0,0.E0,0.E0));
#14940=DIRECTION('',(0.E0,0.E0,-1.E0));
#14941=AXIS2_PLACEMENT_3D('',#14938,#14939,#14940);
#14942=PLANE('',#14941);
#14944=ORIENTED_EDGE('',*,*,#14943,.F.);
#14946=ORIENTED_EDGE('',*,*,#14945,.F.);
#14947=ORIENTED_EDGE('',*,*,#9438,.T.);
#14948=ORIENTED_EDGE('',*,*,#14887,.F.);
#14949=EDGE_LOOP('',(#14944,#14946,#14947,#14948));
#14950=FACE_OUTER_BOUND('',#14949,.F.);
#14951=ADVANCED_FACE('',(#14950),#14942,.T.);
#14952=CARTESIAN_POINT('',(-8.68E0,4.E0,1.27E0));
#14953=DIRECTION('',(9.701425001453E-1,2.425356250363E-1,0.E0));
#14954=DIRECTION('',(-2.425356250363E-1,9.701425001453E-1,0.E0));
#14955=AXIS2_PLACEMENT_3D('',#14952,#14953,#14954);
#14956=PLANE('',#14955);
#14958=ORIENTED_EDGE('',*,*,#14957,.F.);
#14959=ORIENTED_EDGE('',*,*,#14859,.T.);
#14960=ORIENTED_EDGE('',*,*,#14899,.T.);
#14962=ORIENTED_EDGE('',*,*,#14961,.F.);
#14963=EDGE_LOOP('',(#14958,#14959,#14960,#14962));
#14964=FACE_OUTER_BOUND('',#14963,.F.);
#14965=ADVANCED_FACE('',(#14964),#14956,.T.);
#14966=CARTESIAN_POINT('',(-9.2E0,4.4E0,9.6E-1));
#14967=DIRECTION('',(0.E0,1.E0,0.E0));
#14968=DIRECTION('',(0.E0,0.E0,1.E0));
#14969=AXIS2_PLACEMENT_3D('',#14966,#14967,#14968);
#14970=PLANE('',#14969);
#14972=ORIENTED_EDGE('',*,*,#14971,.T.);
#14973=ORIENTED_EDGE('',*,*,#14845,.T.);
#14974=ORIENTED_EDGE('',*,*,#14861,.F.);
#14975=ORIENTED_EDGE('',*,*,#14957,.T.);
#14976=EDGE_LOOP('',(#14972,#14973,#14974,#14975));
#14977=FACE_OUTER_BOUND('',#14976,.F.);
#14978=ADVANCED_FACE('',(#14977),#14970,.T.);
#14979=CARTESIAN_POINT('',(-8.89E0,4.E0,1.48E0));
#14980=DIRECTION('',(0.E0,2.425356250363E-1,9.701425001453E-1));
#14981=DIRECTION('',(0.E0,9.701425001453E-1,-2.425356250363E-1));
#14982=AXIS2_PLACEMENT_3D('',#14979,#14980,#14981);
#14983=PLANE('',#14982);
#14985=ORIENTED_EDGE('',*,*,#14984,.T.);
#14986=ORIENTED_EDGE('',*,*,#14847,.F.);
#14987=ORIENTED_EDGE('',*,*,#14971,.F.);
#14988=ORIENTED_EDGE('',*,*,#14961,.T.);
#14989=EDGE_LOOP('',(#14985,#14986,#14987,#14988));
#14990=FACE_OUTER_BOUND('',#14989,.F.);
#14991=ADVANCED_FACE('',(#14990),#14983,.T.);
#14992=CARTESIAN_POINT('',(-9.2E0,4.4E0,1.58E0));
#14993=DIRECTION('',(0.E0,0.E0,1.E0));
#14994=DIRECTION('',(0.E0,-1.E0,0.E0));
#14995=AXIS2_PLACEMENT_3D('',#14992,#14993,#14994);
#14996=PLANE('',#14995);
#14997=ORIENTED_EDGE('',*,*,#14984,.F.);
#14998=ORIENTED_EDGE('',*,*,#14903,.T.);
#14999=ORIENTED_EDGE('',*,*,#10429,.F.);
#15000=ORIENTED_EDGE('',*,*,#14784,.F.);
#15001=EDGE_LOOP('',(#14997,#14998,#14999,#15000));
#15002=FACE_OUTER_BOUND('',#15001,.F.);
#15003=ADVANCED_FACE('',(#15002),#14996,.T.);
#15004=CARTESIAN_POINT('',(-9.2E0,4.4E0,1.58E0));
#15005=DIRECTION('',(0.E0,0.E0,1.E0));
#15006=DIRECTION('',(0.E0,-1.E0,0.E0));
#15007=AXIS2_PLACEMENT_3D('',#15004,#15005,#15006);
#15008=PLANE('',#15007);
#15010=ORIENTED_EDGE('',*,*,#15009,.T.);
#15011=ORIENTED_EDGE('',*,*,#14832,.F.);
#15012=ORIENTED_EDGE('',*,*,#9440,.T.);
#15013=ORIENTED_EDGE('',*,*,#14945,.T.);
#15014=EDGE_LOOP('',(#15010,#15011,#15012,#15013));
#15015=FACE_OUTER_BOUND('',#15014,.F.);
#15016=ADVANCED_FACE('',(#15015),#15008,.T.);
#15017=CARTESIAN_POINT('',(-8.89E0,-7.35E0,1.48E0));
#15018=DIRECTION('',(0.E0,-2.425356250363E-1,9.701425001453E-1));
#15019=DIRECTION('',(0.E0,9.701425001453E-1,2.425356250363E-1));
#15020=AXIS2_PLACEMENT_3D('',#15017,#15018,#15019);
#15021=PLANE('',#15020);
#15022=ORIENTED_EDGE('',*,*,#15009,.F.);
#15024=ORIENTED_EDGE('',*,*,#15023,.F.);
#15026=ORIENTED_EDGE('',*,*,#15025,.T.);
#15028=ORIENTED_EDGE('',*,*,#15027,.T.);
#15029=EDGE_LOOP('',(#15022,#15024,#15026,#15028));
#15030=FACE_OUTER_BOUND('',#15029,.F.);
#15031=ADVANCED_FACE('',(#15030),#15021,.T.);
#15032=CARTESIAN_POINT('',(-8.68E0,-7.35E0,1.27E0));
#15033=DIRECTION('',(9.701425001453E-1,-2.425356250363E-1,0.E0));
#15034=DIRECTION('',(-2.425356250363E-1,-9.701425001453E-1,0.E0));
#15035=AXIS2_PLACEMENT_3D('',#15032,#15033,#15034);
#15036=PLANE('',#15035);
#15038=ORIENTED_EDGE('',*,*,#15037,.F.);
#15039=ORIENTED_EDGE('',*,*,#15023,.T.);
#15040=ORIENTED_EDGE('',*,*,#14943,.T.);
#15042=ORIENTED_EDGE('',*,*,#15041,.T.);
#15043=EDGE_LOOP('',(#15038,#15039,#15040,#15042));
#15044=FACE_OUTER_BOUND('',#15043,.F.);
#15045=ADVANCED_FACE('',(#15044),#15036,.T.);
#15046=CARTESIAN_POINT('',(-9.2E0,-7.75E0,1.58E0));
#15047=DIRECTION('',(0.E0,-1.E0,0.E0));
#15048=DIRECTION('',(0.E0,0.E0,-1.E0));
#15049=AXIS2_PLACEMENT_3D('',#15046,#15047,#15048);
#15050=PLANE('',#15049);
#15052=ORIENTED_EDGE('',*,*,#15051,.T.);
#15054=ORIENTED_EDGE('',*,*,#15053,.T.);
#15055=ORIENTED_EDGE('',*,*,#15025,.F.);
#15056=ORIENTED_EDGE('',*,*,#15037,.T.);
#15057=EDGE_LOOP('',(#15052,#15054,#15055,#15056));
#15058=FACE_OUTER_BOUND('',#15057,.F.);
#15059=ADVANCED_FACE('',(#15058),#15050,.T.);
#15060=CARTESIAN_POINT('',(-8.89E0,-7.35E0,1.06E0));
#15061=DIRECTION('',(0.E0,-2.425356250363E-1,-9.701425001453E-1));
#15062=DIRECTION('',(0.E0,-9.701425001453E-1,2.425356250363E-1));
#15063=AXIS2_PLACEMENT_3D('',#15060,#15061,#15062);
#15064=PLANE('',#15063);
#15065=ORIENTED_EDGE('',*,*,#14885,.T.);
#15067=ORIENTED_EDGE('',*,*,#15066,.F.);
#15068=ORIENTED_EDGE('',*,*,#15051,.F.);
#15069=ORIENTED_EDGE('',*,*,#15041,.F.);
#15070=EDGE_LOOP('',(#15065,#15067,#15068,#15069));
#15071=FACE_OUTER_BOUND('',#15070,.F.);
#15072=ADVANCED_FACE('',(#15071),#15064,.T.);
#15073=CARTESIAN_POINT('',(-9.1E0,-7.35E0,1.27E0));
#15074=DIRECTION('',(-9.701425001453E-1,-2.425356250363E-1,0.E0));
#15075=DIRECTION('',(2.425356250363E-1,-9.701425001453E-1,0.E0));
#15076=AXIS2_PLACEMENT_3D('',#15073,#15074,#15075);
#15077=PLANE('',#15076);
#15078=ORIENTED_EDGE('',*,*,#14827,.T.);
#15079=ORIENTED_EDGE('',*,*,#15027,.F.);
#15080=ORIENTED_EDGE('',*,*,#15053,.F.);
#15081=ORIENTED_EDGE('',*,*,#15066,.T.);
#15082=EDGE_LOOP('',(#15078,#15079,#15080,#15081));
#15083=FACE_OUTER_BOUND('',#15082,.F.);
#15084=ADVANCED_FACE('',(#15083),#15077,.T.);
#15085=CARTESIAN_POINT('',(-8.68E0,4.E0,-1.27E0));
#15086=DIRECTION('',(9.701425001453E-1,2.425356250363E-1,0.E0));
#15087=DIRECTION('',(-2.425356250363E-1,9.701425001453E-1,0.E0));
#15088=AXIS2_PLACEMENT_3D('',#15085,#15086,#15087);
#15089=PLANE('',#15088);
#15091=ORIENTED_EDGE('',*,*,#15090,.F.);
#15093=ORIENTED_EDGE('',*,*,#15092,.T.);
#15094=ORIENTED_EDGE('',*,*,#14913,.T.);
#15096=ORIENTED_EDGE('',*,*,#15095,.T.);
#15097=EDGE_LOOP('',(#15091,#15093,#15094,#15096));
#15098=FACE_OUTER_BOUND('',#15097,.F.);
#15099=ADVANCED_FACE('',(#15098),#15089,.T.);
#15100=CARTESIAN_POINT('',(-9.2E0,4.4E0,-1.58E0));
#15101=DIRECTION('',(0.E0,1.E0,0.E0));
#15102=DIRECTION('',(0.E0,0.E0,1.E0));
#15103=AXIS2_PLACEMENT_3D('',#15100,#15101,#15102);
#15104=PLANE('',#15103);
#15106=ORIENTED_EDGE('',*,*,#15105,.F.);
#15107=ORIENTED_EDGE('',*,*,#15090,.T.);
#15109=ORIENTED_EDGE('',*,*,#15108,.T.);
#15111=ORIENTED_EDGE('',*,*,#15110,.T.);
#15112=EDGE_LOOP('',(#15106,#15107,#15109,#15111));
#15113=FACE_OUTER_BOUND('',#15112,.F.);
#15114=ADVANCED_FACE('',(#15113),#15104,.T.);
#15115=CARTESIAN_POINT('',(-8.89E0,4.E0,-1.48E0));
#15116=DIRECTION('',(0.E0,2.425356250363E-1,-9.701425001453E-1));
#15117=DIRECTION('',(0.E0,-9.701425001453E-1,-2.425356250363E-1));
#15118=AXIS2_PLACEMENT_3D('',#15115,#15116,#15117);
#15119=PLANE('',#15118);
#15120=ORIENTED_EDGE('',*,*,#15105,.T.);
#15122=ORIENTED_EDGE('',*,*,#15121,.F.);
#15124=ORIENTED_EDGE('',*,*,#15123,.F.);
#15125=ORIENTED_EDGE('',*,*,#15092,.F.);
#15126=EDGE_LOOP('',(#15120,#15122,#15124,#15125));
#15127=FACE_OUTER_BOUND('',#15126,.F.);
#15128=ADVANCED_FACE('',(#15127),#15119,.T.);
#15129=CARTESIAN_POINT('',(-9.1E0,4.E0,-1.27E0));
#15130=DIRECTION('',(-9.701425001453E-1,2.425356250363E-1,0.E0));
#15131=DIRECTION('',(2.425356250363E-1,9.701425001453E-1,0.E0));
#15132=AXIS2_PLACEMENT_3D('',#15129,#15130,#15131);
#15133=PLANE('',#15132);
#15134=ORIENTED_EDGE('',*,*,#15110,.F.);
#15136=ORIENTED_EDGE('',*,*,#15135,.T.);
#15137=ORIENTED_EDGE('',*,*,#14797,.T.);
#15138=ORIENTED_EDGE('',*,*,#15121,.T.);
#15139=EDGE_LOOP('',(#15134,#15136,#15137,#15138));
#15140=FACE_OUTER_BOUND('',#15139,.F.);
#15141=ADVANCED_FACE('',(#15140),#15133,.T.);
#15142=CARTESIAN_POINT('',(-8.89E0,4.E0,-1.06E0));
#15143=DIRECTION('',(0.E0,2.425356250363E-1,9.701425001453E-1));
#15144=DIRECTION('',(0.E0,9.701425001453E-1,-2.425356250363E-1));
#15145=AXIS2_PLACEMENT_3D('',#15142,#15143,#15144);
#15146=PLANE('',#15145);
#15148=ORIENTED_EDGE('',*,*,#15147,.T.);
#15149=ORIENTED_EDGE('',*,*,#15135,.F.);
#15150=ORIENTED_EDGE('',*,*,#15108,.F.);
#15151=ORIENTED_EDGE('',*,*,#15095,.F.);
#15152=EDGE_LOOP('',(#15148,#15149,#15150,#15151));
#15153=FACE_OUTER_BOUND('',#15152,.F.);
#15154=ADVANCED_FACE('',(#15153),#15146,.T.);
#15155=CARTESIAN_POINT('',(-9.2E0,4.4E0,-9.6E-1));
#15156=DIRECTION('',(0.E0,0.E0,1.E0));
#15157=DIRECTION('',(0.E0,-1.E0,0.E0));
#15158=AXIS2_PLACEMENT_3D('',#15155,#15156,#15157);
#15159=PLANE('',#15158);
#15160=ORIENTED_EDGE('',*,*,#15147,.F.);
#15161=ORIENTED_EDGE('',*,*,#14918,.T.);
#15162=ORIENTED_EDGE('',*,*,#10439,.F.);
#15163=ORIENTED_EDGE('',*,*,#14799,.F.);
#15164=EDGE_LOOP('',(#15160,#15161,#15162,#15163));
#15165=FACE_OUTER_BOUND('',#15164,.F.);
#15166=ADVANCED_FACE('',(#15165),#15159,.T.);
#15167=CARTESIAN_POINT('',(-9.2E0,4.4E0,-9.6E-1));
#15168=DIRECTION('',(0.E0,0.E0,1.E0));
#15169=DIRECTION('',(0.E0,-1.E0,0.E0));
#15170=AXIS2_PLACEMENT_3D('',#15167,#15168,#15169);
#15171=PLANE('',#15170);
#15173=ORIENTED_EDGE('',*,*,#15172,.T.);
#15174=ORIENTED_EDGE('',*,*,#14817,.F.);
#15175=ORIENTED_EDGE('',*,*,#9450,.T.);
#15176=ORIENTED_EDGE('',*,*,#14930,.T.);
#15177=EDGE_LOOP('',(#15173,#15174,#15175,#15176));
#15178=FACE_OUTER_BOUND('',#15177,.F.);
#15179=ADVANCED_FACE('',(#15178),#15171,.T.);
#15180=CARTESIAN_POINT('',(-8.89E0,-7.35E0,-1.06E0));
#15181=DIRECTION('',(0.E0,-2.425356250363E-1,9.701425001453E-1));
#15182=DIRECTION('',(0.E0,9.701425001453E-1,2.425356250363E-1));
#15183=AXIS2_PLACEMENT_3D('',#15180,#15181,#15182);
#15184=PLANE('',#15183);
#15185=ORIENTED_EDGE('',*,*,#15172,.F.);
#15187=ORIENTED_EDGE('',*,*,#15186,.F.);
#15189=ORIENTED_EDGE('',*,*,#15188,.T.);
#15191=ORIENTED_EDGE('',*,*,#15190,.T.);
#15192=EDGE_LOOP('',(#15185,#15187,#15189,#15191));
#15193=FACE_OUTER_BOUND('',#15192,.F.);
#15194=ADVANCED_FACE('',(#15193),#15184,.T.);
#15195=CARTESIAN_POINT('',(-8.68E0,-7.35E0,-1.27E0));
#15196=DIRECTION('',(9.701425001453E-1,-2.425356250363E-1,0.E0));
#15197=DIRECTION('',(-2.425356250363E-1,-9.701425001453E-1,0.E0));
#15198=AXIS2_PLACEMENT_3D('',#15195,#15196,#15197);
#15199=PLANE('',#15198);
#15201=ORIENTED_EDGE('',*,*,#15200,.F.);
#15202=ORIENTED_EDGE('',*,*,#15186,.T.);
#15203=ORIENTED_EDGE('',*,*,#14928,.T.);
#15205=ORIENTED_EDGE('',*,*,#15204,.T.);
#15206=EDGE_LOOP('',(#15201,#15202,#15203,#15205));
#15207=FACE_OUTER_BOUND('',#15206,.F.);
#15208=ADVANCED_FACE('',(#15207),#15199,.T.);
#15209=CARTESIAN_POINT('',(-9.2E0,-7.75E0,-9.6E-1));
#15210=DIRECTION('',(0.E0,-1.E0,0.E0));
#15211=DIRECTION('',(0.E0,0.E0,-1.E0));
#15212=AXIS2_PLACEMENT_3D('',#15209,#15210,#15211);
#15213=PLANE('',#15212);
#15215=ORIENTED_EDGE('',*,*,#15214,.T.);
#15217=ORIENTED_EDGE('',*,*,#15216,.T.);
#15218=ORIENTED_EDGE('',*,*,#15188,.F.);
#15219=ORIENTED_EDGE('',*,*,#15200,.T.);
#15220=EDGE_LOOP('',(#15215,#15217,#15218,#15219));
#15221=FACE_OUTER_BOUND('',#15220,.F.);
#15222=ADVANCED_FACE('',(#15221),#15213,.T.);
#15223=CARTESIAN_POINT('',(-8.89E0,-7.35E0,-1.48E0));
#15224=DIRECTION('',(0.E0,-2.425356250363E-1,-9.701425001453E-1));
#15225=DIRECTION('',(0.E0,-9.701425001453E-1,2.425356250363E-1));
#15226=AXIS2_PLACEMENT_3D('',#15223,#15224,#15225);
#15227=PLANE('',#15226);
#15229=ORIENTED_EDGE('',*,*,#15228,.T.);
#15231=ORIENTED_EDGE('',*,*,#15230,.F.);
#15232=ORIENTED_EDGE('',*,*,#15214,.F.);
#15233=ORIENTED_EDGE('',*,*,#15204,.F.);
#15234=EDGE_LOOP('',(#15229,#15231,#15232,#15233));
#15235=FACE_OUTER_BOUND('',#15234,.F.);
#15236=ADVANCED_FACE('',(#15235),#15227,.T.);
#15237=CARTESIAN_POINT('',(-9.2E0,-7.75E0,-1.58E0));
#15238=DIRECTION('',(0.E0,0.E0,-1.E0));
#15239=DIRECTION('',(0.E0,1.E0,0.E0));
#15240=AXIS2_PLACEMENT_3D('',#15237,#15238,#15239);
#15241=PLANE('',#15240);
#15242=ORIENTED_EDGE('',*,*,#15123,.T.);
#15243=ORIENTED_EDGE('',*,*,#14802,.F.);
#15244=ORIENTED_EDGE('',*,*,#10443,.T.);
#15245=ORIENTED_EDGE('',*,*,#14915,.T.);
#15246=EDGE_LOOP('',(#15242,#15243,#15244,#15245));
#15247=FACE_OUTER_BOUND('',#15246,.F.);
#15248=ADVANCED_FACE('',(#15247),#15241,.T.);
#15249=CARTESIAN_POINT('',(-9.2E0,-7.75E0,-1.58E0));
#15250=DIRECTION('',(0.E0,0.E0,-1.E0));
#15251=DIRECTION('',(0.E0,1.E0,0.E0));
#15252=AXIS2_PLACEMENT_3D('',#15249,#15250,#15251);
#15253=PLANE('',#15252);
#15254=ORIENTED_EDGE('',*,*,#15228,.F.);
#15255=ORIENTED_EDGE('',*,*,#14933,.T.);
#15256=ORIENTED_EDGE('',*,*,#9446,.F.);
#15257=ORIENTED_EDGE('',*,*,#14814,.F.);
#15258=EDGE_LOOP('',(#15254,#15255,#15256,#15257));
#15259=FACE_OUTER_BOUND('',#15258,.F.);
#15260=ADVANCED_FACE('',(#15259),#15253,.T.);
#15261=CARTESIAN_POINT('',(-9.1E0,-7.35E0,-1.27E0));
#15262=DIRECTION('',(-9.701425001453E-1,-2.425356250363E-1,0.E0));
#15263=DIRECTION('',(2.425356250363E-1,-9.701425001453E-1,0.E0));
#15264=AXIS2_PLACEMENT_3D('',#15261,#15262,#15263);
#15265=PLANE('',#15264);
#15266=ORIENTED_EDGE('',*,*,#14812,.T.);
#15267=ORIENTED_EDGE('',*,*,#15190,.F.);
#15268=ORIENTED_EDGE('',*,*,#15216,.F.);
#15269=ORIENTED_EDGE('',*,*,#15230,.T.);
#15270=EDGE_LOOP('',(#15266,#15267,#15268,#15269));
#15271=FACE_OUTER_BOUND('',#15270,.F.);
#15272=ADVANCED_FACE('',(#15271),#15265,.T.);
#15273=CARTESIAN_POINT('',(-6.66E0,0.E0,0.E0));
#15274=DIRECTION('',(1.E0,0.E0,0.E0));
#15275=DIRECTION('',(0.E0,0.E0,-1.E0));
#15276=AXIS2_PLACEMENT_3D('',#15273,#15274,#15275);
#15277=PLANE('',#15276);
#15279=ORIENTED_EDGE('',*,*,#15278,.F.);
#15281=ORIENTED_EDGE('',*,*,#15280,.T.);
#15282=ORIENTED_EDGE('',*,*,#10447,.T.);
#15284=ORIENTED_EDGE('',*,*,#15283,.T.);
#15285=EDGE_LOOP('',(#15279,#15281,#15282,#15284));
#15286=FACE_OUTER_BOUND('',#15285,.F.);
#15287=ADVANCED_FACE('',(#15286),#15277,.F.);
#15288=CARTESIAN_POINT('',(-6.66E0,0.E0,0.E0));
#15289=DIRECTION('',(1.E0,0.E0,0.E0));
#15290=DIRECTION('',(0.E0,0.E0,-1.E0));
#15291=AXIS2_PLACEMENT_3D('',#15288,#15289,#15290);
#15292=PLANE('',#15291);
#15294=ORIENTED_EDGE('',*,*,#15293,.F.);
#15296=ORIENTED_EDGE('',*,*,#15295,.T.);
#15297=ORIENTED_EDGE('',*,*,#10457,.T.);
#15299=ORIENTED_EDGE('',*,*,#15298,.T.);
#15300=EDGE_LOOP('',(#15294,#15296,#15297,#15299));
#15301=FACE_OUTER_BOUND('',#15300,.F.);
#15302=ADVANCED_FACE('',(#15301),#15292,.F.);
#15303=CARTESIAN_POINT('',(-6.66E0,0.E0,0.E0));
#15304=DIRECTION('',(1.E0,0.E0,0.E0));
#15305=DIRECTION('',(0.E0,0.E0,-1.E0));
#15306=AXIS2_PLACEMENT_3D('',#15303,#15304,#15305);
#15307=PLANE('',#15306);
#15309=ORIENTED_EDGE('',*,*,#15308,.F.);
#15311=ORIENTED_EDGE('',*,*,#15310,.T.);
#15312=ORIENTED_EDGE('',*,*,#9464,.F.);
#15314=ORIENTED_EDGE('',*,*,#15313,.T.);
#15315=EDGE_LOOP('',(#15309,#15311,#15312,#15314));
#15316=FACE_OUTER_BOUND('',#15315,.F.);
#15317=ADVANCED_FACE('',(#15316),#15307,.F.);
#15318=CARTESIAN_POINT('',(-6.66E0,0.E0,0.E0));
#15319=DIRECTION('',(1.E0,0.E0,0.E0));
#15320=DIRECTION('',(0.E0,0.E0,-1.E0));
#15321=AXIS2_PLACEMENT_3D('',#15318,#15319,#15320);
#15322=PLANE('',#15321);
#15324=ORIENTED_EDGE('',*,*,#15323,.F.);
#15326=ORIENTED_EDGE('',*,*,#15325,.T.);
#15327=ORIENTED_EDGE('',*,*,#9454,.F.);
#15329=ORIENTED_EDGE('',*,*,#15328,.T.);
#15330=EDGE_LOOP('',(#15324,#15326,#15327,#15329));
#15331=FACE_OUTER_BOUND('',#15330,.F.);
#15332=ADVANCED_FACE('',(#15331),#15322,.F.);
#15333=CARTESIAN_POINT('',(-6.56E0,4.E0,1.27E0));
#15334=DIRECTION('',(-9.701425001453E-1,2.425356250363E-1,0.E0));
#15335=DIRECTION('',(2.425356250363E-1,9.701425001453E-1,0.E0));
#15336=AXIS2_PLACEMENT_3D('',#15333,#15334,#15335);
#15337=PLANE('',#15336);
#15338=ORIENTED_EDGE('',*,*,#15278,.T.);
#15340=ORIENTED_EDGE('',*,*,#15339,.F.);
#15342=ORIENTED_EDGE('',*,*,#15341,.F.);
#15344=ORIENTED_EDGE('',*,*,#15343,.T.);
#15345=EDGE_LOOP('',(#15338,#15340,#15342,#15344));
#15346=FACE_OUTER_BOUND('',#15345,.F.);
#15347=ADVANCED_FACE('',(#15346),#15337,.T.);
#15348=CARTESIAN_POINT('',(-6.35E0,4.E0,1.06E0));
#15349=DIRECTION('',(0.E0,2.425356250363E-1,-9.701425001453E-1));
#15350=DIRECTION('',(0.E0,-9.701425001453E-1,-2.425356250363E-1));
#15351=AXIS2_PLACEMENT_3D('',#15348,#15349,#15350);
#15352=PLANE('',#15351);
#15354=ORIENTED_EDGE('',*,*,#15353,.F.);
#15356=ORIENTED_EDGE('',*,*,#15355,.F.);
#15358=ORIENTED_EDGE('',*,*,#15357,.T.);
#15359=ORIENTED_EDGE('',*,*,#15339,.T.);
#15360=EDGE_LOOP('',(#15354,#15356,#15358,#15359));
#15361=FACE_OUTER_BOUND('',#15360,.F.);
#15362=ADVANCED_FACE('',(#15361),#15352,.T.);
#15363=CARTESIAN_POINT('',(-6.66E0,-7.75E0,9.6E-1));
#15364=DIRECTION('',(0.E0,0.E0,-1.E0));
#15365=DIRECTION('',(0.E0,1.E0,0.E0));
#15366=AXIS2_PLACEMENT_3D('',#15363,#15364,#15365);
#15367=PLANE('',#15366);
#15368=ORIENTED_EDGE('',*,*,#15353,.T.);
#15369=ORIENTED_EDGE('',*,*,#15283,.F.);
#15370=ORIENTED_EDGE('',*,*,#10453,.T.);
#15372=ORIENTED_EDGE('',*,*,#15371,.T.);
#15373=EDGE_LOOP('',(#15368,#15369,#15370,#15372));
#15374=FACE_OUTER_BOUND('',#15373,.F.);
#15375=ADVANCED_FACE('',(#15374),#15367,.T.);
#15376=CARTESIAN_POINT('',(-6.66E0,-7.75E0,9.6E-1));
#15377=DIRECTION('',(0.E0,0.E0,-1.E0));
#15378=DIRECTION('',(0.E0,1.E0,0.E0));
#15379=AXIS2_PLACEMENT_3D('',#15376,#15377,#15378);
#15380=PLANE('',#15379);
#15382=ORIENTED_EDGE('',*,*,#15381,.F.);
#15384=ORIENTED_EDGE('',*,*,#15383,.T.);
#15385=ORIENTED_EDGE('',*,*,#9456,.F.);
#15386=ORIENTED_EDGE('',*,*,#15325,.F.);
#15387=EDGE_LOOP('',(#15382,#15384,#15385,#15386));
#15388=FACE_OUTER_BOUND('',#15387,.F.);
#15389=ADVANCED_FACE('',(#15388),#15380,.T.);
#15390=CARTESIAN_POINT('',(-6.04E0,0.E0,0.E0));
#15391=DIRECTION('',(1.E0,0.E0,0.E0));
#15392=DIRECTION('',(0.E0,0.E0,-1.E0));
#15393=AXIS2_PLACEMENT_3D('',#15390,#15391,#15392);
#15394=PLANE('',#15393);
#15396=ORIENTED_EDGE('',*,*,#15395,.F.);
#15397=ORIENTED_EDGE('',*,*,#15371,.F.);
#15398=ORIENTED_EDGE('',*,*,#10451,.F.);
#15400=ORIENTED_EDGE('',*,*,#15399,.F.);
#15401=EDGE_LOOP('',(#15396,#15397,#15398,#15400));
#15402=FACE_OUTER_BOUND('',#15401,.F.);
#15403=ADVANCED_FACE('',(#15402),#15394,.T.);
#15404=CARTESIAN_POINT('',(-6.04E0,0.E0,0.E0));
#15405=DIRECTION('',(1.E0,0.E0,0.E0));
#15406=DIRECTION('',(0.E0,0.E0,-1.E0));
#15407=AXIS2_PLACEMENT_3D('',#15404,#15405,#15406);
#15408=PLANE('',#15407);
#15410=ORIENTED_EDGE('',*,*,#15409,.F.);
#15412=ORIENTED_EDGE('',*,*,#15411,.F.);
#15413=ORIENTED_EDGE('',*,*,#10461,.F.);
#15415=ORIENTED_EDGE('',*,*,#15414,.F.);
#15416=EDGE_LOOP('',(#15410,#15412,#15413,#15415));
#15417=FACE_OUTER_BOUND('',#15416,.F.);
#15418=ADVANCED_FACE('',(#15417),#15408,.T.);
#15419=CARTESIAN_POINT('',(-6.04E0,0.E0,0.E0));
#15420=DIRECTION('',(1.E0,0.E0,0.E0));
#15421=DIRECTION('',(0.E0,0.E0,-1.E0));
#15422=AXIS2_PLACEMENT_3D('',#15419,#15420,#15421);
#15423=PLANE('',#15422);
#15425=ORIENTED_EDGE('',*,*,#15424,.F.);
#15427=ORIENTED_EDGE('',*,*,#15426,.F.);
#15428=ORIENTED_EDGE('',*,*,#9468,.T.);
#15430=ORIENTED_EDGE('',*,*,#15429,.F.);
#15431=EDGE_LOOP('',(#15425,#15427,#15428,#15430));
#15432=FACE_OUTER_BOUND('',#15431,.F.);
#15433=ADVANCED_FACE('',(#15432),#15423,.T.);
#15434=CARTESIAN_POINT('',(-6.04E0,0.E0,0.E0));
#15435=DIRECTION('',(1.E0,0.E0,0.E0));
#15436=DIRECTION('',(0.E0,0.E0,-1.E0));
#15437=AXIS2_PLACEMENT_3D('',#15434,#15435,#15436);
#15438=PLANE('',#15437);
#15440=ORIENTED_EDGE('',*,*,#15439,.F.);
#15442=ORIENTED_EDGE('',*,*,#15441,.F.);
#15443=ORIENTED_EDGE('',*,*,#9458,.T.);
#15444=ORIENTED_EDGE('',*,*,#15383,.F.);
#15445=EDGE_LOOP('',(#15440,#15442,#15443,#15444));
#15446=FACE_OUTER_BOUND('',#15445,.F.);
#15447=ADVANCED_FACE('',(#15446),#15438,.T.);
#15448=CARTESIAN_POINT('',(-6.14E0,4.E0,1.27E0));
#15449=DIRECTION('',(9.701425001453E-1,2.425356250363E-1,0.E0));
#15450=DIRECTION('',(-2.425356250363E-1,9.701425001453E-1,0.E0));
#15451=AXIS2_PLACEMENT_3D('',#15448,#15449,#15450);
#15452=PLANE('',#15451);
#15454=ORIENTED_EDGE('',*,*,#15453,.F.);
#15455=ORIENTED_EDGE('',*,*,#15355,.T.);
#15456=ORIENTED_EDGE('',*,*,#15395,.T.);
#15458=ORIENTED_EDGE('',*,*,#15457,.F.);
#15459=EDGE_LOOP('',(#15454,#15455,#15456,#15458));
#15460=FACE_OUTER_BOUND('',#15459,.F.);
#15461=ADVANCED_FACE('',(#15460),#15452,.T.);
#15462=CARTESIAN_POINT('',(-6.66E0,4.4E0,9.6E-1));
#15463=DIRECTION('',(0.E0,1.E0,0.E0));
#15464=DIRECTION('',(0.E0,0.E0,1.E0));
#15465=AXIS2_PLACEMENT_3D('',#15462,#15463,#15464);
#15466=PLANE('',#15465);
#15468=ORIENTED_EDGE('',*,*,#15467,.T.);
#15469=ORIENTED_EDGE('',*,*,#15341,.T.);
#15470=ORIENTED_EDGE('',*,*,#15357,.F.);
#15471=ORIENTED_EDGE('',*,*,#15453,.T.);
#15472=EDGE_LOOP('',(#15468,#15469,#15470,#15471));
#15473=FACE_OUTER_BOUND('',#15472,.F.);
#15474=ADVANCED_FACE('',(#15473),#15466,.T.);
#15475=CARTESIAN_POINT('',(-6.35E0,4.E0,1.48E0));
#15476=DIRECTION('',(0.E0,2.425356250363E-1,9.701425001453E-1));
#15477=DIRECTION('',(0.E0,9.701425001453E-1,-2.425356250363E-1));
#15478=AXIS2_PLACEMENT_3D('',#15475,#15476,#15477);
#15479=PLANE('',#15478);
#15481=ORIENTED_EDGE('',*,*,#15480,.T.);
#15482=ORIENTED_EDGE('',*,*,#15343,.F.);
#15483=ORIENTED_EDGE('',*,*,#15467,.F.);
#15484=ORIENTED_EDGE('',*,*,#15457,.T.);
#15485=EDGE_LOOP('',(#15481,#15482,#15483,#15484));
#15486=FACE_OUTER_BOUND('',#15485,.F.);
#15487=ADVANCED_FACE('',(#15486),#15479,.T.);
#15488=CARTESIAN_POINT('',(-6.66E0,4.4E0,1.58E0));
#15489=DIRECTION('',(0.E0,0.E0,1.E0));
#15490=DIRECTION('',(0.E0,-1.E0,0.E0));
#15491=AXIS2_PLACEMENT_3D('',#15488,#15489,#15490);
#15492=PLANE('',#15491);
#15493=ORIENTED_EDGE('',*,*,#15480,.F.);
#15494=ORIENTED_EDGE('',*,*,#15399,.T.);
#15495=ORIENTED_EDGE('',*,*,#10449,.F.);
#15496=ORIENTED_EDGE('',*,*,#15280,.F.);
#15497=EDGE_LOOP('',(#15493,#15494,#15495,#15496));
#15498=FACE_OUTER_BOUND('',#15497,.F.);
#15499=ADVANCED_FACE('',(#15498),#15492,.T.);
#15500=CARTESIAN_POINT('',(-6.66E0,4.4E0,1.58E0));
#15501=DIRECTION('',(0.E0,0.E0,1.E0));
#15502=DIRECTION('',(0.E0,-1.E0,0.E0));
#15503=AXIS2_PLACEMENT_3D('',#15500,#15501,#15502);
#15504=PLANE('',#15503);
#15506=ORIENTED_EDGE('',*,*,#15505,.T.);
#15507=ORIENTED_EDGE('',*,*,#15328,.F.);
#15508=ORIENTED_EDGE('',*,*,#9460,.T.);
#15509=ORIENTED_EDGE('',*,*,#15441,.T.);
#15510=EDGE_LOOP('',(#15506,#15507,#15508,#15509));
#15511=FACE_OUTER_BOUND('',#15510,.F.);
#15512=ADVANCED_FACE('',(#15511),#15504,.T.);
#15513=CARTESIAN_POINT('',(-6.35E0,-7.35E0,1.48E0));
#15514=DIRECTION('',(0.E0,-2.425356250363E-1,9.701425001453E-1));
#15515=DIRECTION('',(0.E0,9.701425001453E-1,2.425356250363E-1));
#15516=AXIS2_PLACEMENT_3D('',#15513,#15514,#15515);
#15517=PLANE('',#15516);
#15518=ORIENTED_EDGE('',*,*,#15505,.F.);
#15520=ORIENTED_EDGE('',*,*,#15519,.F.);
#15522=ORIENTED_EDGE('',*,*,#15521,.T.);
#15524=ORIENTED_EDGE('',*,*,#15523,.T.);
#15525=EDGE_LOOP('',(#15518,#15520,#15522,#15524));
#15526=FACE_OUTER_BOUND('',#15525,.F.);
#15527=ADVANCED_FACE('',(#15526),#15517,.T.);
#15528=CARTESIAN_POINT('',(-6.14E0,-7.35E0,1.27E0));
#15529=DIRECTION('',(9.701425001453E-1,-2.425356250363E-1,0.E0));
#15530=DIRECTION('',(-2.425356250363E-1,-9.701425001453E-1,0.E0));
#15531=AXIS2_PLACEMENT_3D('',#15528,#15529,#15530);
#15532=PLANE('',#15531);
#15534=ORIENTED_EDGE('',*,*,#15533,.F.);
#15535=ORIENTED_EDGE('',*,*,#15519,.T.);
#15536=ORIENTED_EDGE('',*,*,#15439,.T.);
#15538=ORIENTED_EDGE('',*,*,#15537,.T.);
#15539=EDGE_LOOP('',(#15534,#15535,#15536,#15538));
#15540=FACE_OUTER_BOUND('',#15539,.F.);
#15541=ADVANCED_FACE('',(#15540),#15532,.T.);
#15542=CARTESIAN_POINT('',(-6.66E0,-7.75E0,1.58E0));
#15543=DIRECTION('',(0.E0,-1.E0,0.E0));
#15544=DIRECTION('',(0.E0,0.E0,-1.E0));
#15545=AXIS2_PLACEMENT_3D('',#15542,#15543,#15544);
#15546=PLANE('',#15545);
#15548=ORIENTED_EDGE('',*,*,#15547,.T.);
#15550=ORIENTED_EDGE('',*,*,#15549,.T.);
#15551=ORIENTED_EDGE('',*,*,#15521,.F.);
#15552=ORIENTED_EDGE('',*,*,#15533,.T.);
#15553=EDGE_LOOP('',(#15548,#15550,#15551,#15552));
#15554=FACE_OUTER_BOUND('',#15553,.F.);
#15555=ADVANCED_FACE('',(#15554),#15546,.T.);
#15556=CARTESIAN_POINT('',(-6.35E0,-7.35E0,1.06E0));
#15557=DIRECTION('',(0.E0,-2.425356250363E-1,-9.701425001453E-1));
#15558=DIRECTION('',(0.E0,-9.701425001453E-1,2.425356250363E-1));
#15559=AXIS2_PLACEMENT_3D('',#15556,#15557,#15558);
#15560=PLANE('',#15559);
#15561=ORIENTED_EDGE('',*,*,#15381,.T.);
#15563=ORIENTED_EDGE('',*,*,#15562,.F.);
#15564=ORIENTED_EDGE('',*,*,#15547,.F.);
#15565=ORIENTED_EDGE('',*,*,#15537,.F.);
#15566=EDGE_LOOP('',(#15561,#15563,#15564,#15565));
#15567=FACE_OUTER_BOUND('',#15566,.F.);
#15568=ADVANCED_FACE('',(#15567),#15560,.T.);
#15569=CARTESIAN_POINT('',(-6.56E0,-7.35E0,1.27E0));
#15570=DIRECTION('',(-9.701425001453E-1,-2.425356250363E-1,0.E0));
#15571=DIRECTION('',(2.425356250363E-1,-9.701425001453E-1,0.E0));
#15572=AXIS2_PLACEMENT_3D('',#15569,#15570,#15571);
#15573=PLANE('',#15572);
#15574=ORIENTED_EDGE('',*,*,#15323,.T.);
#15575=ORIENTED_EDGE('',*,*,#15523,.F.);
#15576=ORIENTED_EDGE('',*,*,#15549,.F.);
#15577=ORIENTED_EDGE('',*,*,#15562,.T.);
#15578=EDGE_LOOP('',(#15574,#15575,#15576,#15577));
#15579=FACE_OUTER_BOUND('',#15578,.F.);
#15580=ADVANCED_FACE('',(#15579),#15573,.T.);
#15581=CARTESIAN_POINT('',(-6.14E0,4.E0,-1.27E0));
#15582=DIRECTION('',(9.701425001453E-1,2.425356250363E-1,0.E0));
#15583=DIRECTION('',(-2.425356250363E-1,9.701425001453E-1,0.E0));
#15584=AXIS2_PLACEMENT_3D('',#15581,#15582,#15583);
#15585=PLANE('',#15584);
#15587=ORIENTED_EDGE('',*,*,#15586,.F.);
#15589=ORIENTED_EDGE('',*,*,#15588,.T.);
#15590=ORIENTED_EDGE('',*,*,#15409,.T.);
#15592=ORIENTED_EDGE('',*,*,#15591,.T.);
#15593=EDGE_LOOP('',(#15587,#15589,#15590,#15592));
#15594=FACE_OUTER_BOUND('',#15593,.F.);
#15595=ADVANCED_FACE('',(#15594),#15585,.T.);
#15596=CARTESIAN_POINT('',(-6.66E0,4.4E0,-1.58E0));
#15597=DIRECTION('',(0.E0,1.E0,0.E0));
#15598=DIRECTION('',(0.E0,0.E0,1.E0));
#15599=AXIS2_PLACEMENT_3D('',#15596,#15597,#15598);
#15600=PLANE('',#15599);
#15602=ORIENTED_EDGE('',*,*,#15601,.F.);
#15603=ORIENTED_EDGE('',*,*,#15586,.T.);
#15605=ORIENTED_EDGE('',*,*,#15604,.T.);
#15607=ORIENTED_EDGE('',*,*,#15606,.T.);
#15608=EDGE_LOOP('',(#15602,#15603,#15605,#15607));
#15609=FACE_OUTER_BOUND('',#15608,.F.);
#15610=ADVANCED_FACE('',(#15609),#15600,.T.);
#15611=CARTESIAN_POINT('',(-6.35E0,4.E0,-1.48E0));
#15612=DIRECTION('',(0.E0,2.425356250363E-1,-9.701425001453E-1));
#15613=DIRECTION('',(0.E0,-9.701425001453E-1,-2.425356250363E-1));
#15614=AXIS2_PLACEMENT_3D('',#15611,#15612,#15613);
#15615=PLANE('',#15614);
#15616=ORIENTED_EDGE('',*,*,#15601,.T.);
#15618=ORIENTED_EDGE('',*,*,#15617,.F.);
#15620=ORIENTED_EDGE('',*,*,#15619,.F.);
#15621=ORIENTED_EDGE('',*,*,#15588,.F.);
#15622=EDGE_LOOP('',(#15616,#15618,#15620,#15621));
#15623=FACE_OUTER_BOUND('',#15622,.F.);
#15624=ADVANCED_FACE('',(#15623),#15615,.T.);
#15625=CARTESIAN_POINT('',(-6.56E0,4.E0,-1.27E0));
#15626=DIRECTION('',(-9.701425001453E-1,2.425356250363E-1,0.E0));
#15627=DIRECTION('',(2.425356250363E-1,9.701425001453E-1,0.E0));
#15628=AXIS2_PLACEMENT_3D('',#15625,#15626,#15627);
#15629=PLANE('',#15628);
#15630=ORIENTED_EDGE('',*,*,#15606,.F.);
#15632=ORIENTED_EDGE('',*,*,#15631,.T.);
#15633=ORIENTED_EDGE('',*,*,#15293,.T.);
#15634=ORIENTED_EDGE('',*,*,#15617,.T.);
#15635=EDGE_LOOP('',(#15630,#15632,#15633,#15634));
#15636=FACE_OUTER_BOUND('',#15635,.F.);
#15637=ADVANCED_FACE('',(#15636),#15629,.T.);
#15638=CARTESIAN_POINT('',(-6.35E0,4.E0,-1.06E0));
#15639=DIRECTION('',(0.E0,2.425356250363E-1,9.701425001453E-1));
#15640=DIRECTION('',(0.E0,9.701425001453E-1,-2.425356250363E-1));
#15641=AXIS2_PLACEMENT_3D('',#15638,#15639,#15640);
#15642=PLANE('',#15641);
#15644=ORIENTED_EDGE('',*,*,#15643,.T.);
#15645=ORIENTED_EDGE('',*,*,#15631,.F.);
#15646=ORIENTED_EDGE('',*,*,#15604,.F.);
#15647=ORIENTED_EDGE('',*,*,#15591,.F.);
#15648=EDGE_LOOP('',(#15644,#15645,#15646,#15647));
#15649=FACE_OUTER_BOUND('',#15648,.F.);
#15650=ADVANCED_FACE('',(#15649),#15642,.T.);
#15651=CARTESIAN_POINT('',(-6.66E0,4.4E0,-9.6E-1));
#15652=DIRECTION('',(0.E0,0.E0,1.E0));
#15653=DIRECTION('',(0.E0,-1.E0,0.E0));
#15654=AXIS2_PLACEMENT_3D('',#15651,#15652,#15653);
#15655=PLANE('',#15654);
#15656=ORIENTED_EDGE('',*,*,#15643,.F.);
#15657=ORIENTED_EDGE('',*,*,#15414,.T.);
#15658=ORIENTED_EDGE('',*,*,#10459,.F.);
#15659=ORIENTED_EDGE('',*,*,#15295,.F.);
#15660=EDGE_LOOP('',(#15656,#15657,#15658,#15659));
#15661=FACE_OUTER_BOUND('',#15660,.F.);
#15662=ADVANCED_FACE('',(#15661),#15655,.T.);
#15663=CARTESIAN_POINT('',(-6.66E0,4.4E0,-9.6E-1));
#15664=DIRECTION('',(0.E0,0.E0,1.E0));
#15665=DIRECTION('',(0.E0,-1.E0,0.E0));
#15666=AXIS2_PLACEMENT_3D('',#15663,#15664,#15665);
#15667=PLANE('',#15666);
#15669=ORIENTED_EDGE('',*,*,#15668,.T.);
#15670=ORIENTED_EDGE('',*,*,#15313,.F.);
#15671=ORIENTED_EDGE('',*,*,#9470,.T.);
#15672=ORIENTED_EDGE('',*,*,#15426,.T.);
#15673=EDGE_LOOP('',(#15669,#15670,#15671,#15672));
#15674=FACE_OUTER_BOUND('',#15673,.F.);
#15675=ADVANCED_FACE('',(#15674),#15667,.T.);
#15676=CARTESIAN_POINT('',(-6.35E0,-7.35E0,-1.06E0));
#15677=DIRECTION('',(0.E0,-2.425356250363E-1,9.701425001453E-1));
#15678=DIRECTION('',(0.E0,9.701425001453E-1,2.425356250363E-1));
#15679=AXIS2_PLACEMENT_3D('',#15676,#15677,#15678);
#15680=PLANE('',#15679);
#15681=ORIENTED_EDGE('',*,*,#15668,.F.);
#15683=ORIENTED_EDGE('',*,*,#15682,.F.);
#15685=ORIENTED_EDGE('',*,*,#15684,.T.);
#15687=ORIENTED_EDGE('',*,*,#15686,.T.);
#15688=EDGE_LOOP('',(#15681,#15683,#15685,#15687));
#15689=FACE_OUTER_BOUND('',#15688,.F.);
#15690=ADVANCED_FACE('',(#15689),#15680,.T.);
#15691=CARTESIAN_POINT('',(-6.14E0,-7.35E0,-1.27E0));
#15692=DIRECTION('',(9.701425001453E-1,-2.425356250363E-1,0.E0));
#15693=DIRECTION('',(-2.425356250363E-1,-9.701425001453E-1,0.E0));
#15694=AXIS2_PLACEMENT_3D('',#15691,#15692,#15693);
#15695=PLANE('',#15694);
#15697=ORIENTED_EDGE('',*,*,#15696,.F.);
#15698=ORIENTED_EDGE('',*,*,#15682,.T.);
#15699=ORIENTED_EDGE('',*,*,#15424,.T.);
#15701=ORIENTED_EDGE('',*,*,#15700,.T.);
#15702=EDGE_LOOP('',(#15697,#15698,#15699,#15701));
#15703=FACE_OUTER_BOUND('',#15702,.F.);
#15704=ADVANCED_FACE('',(#15703),#15695,.T.);
#15705=CARTESIAN_POINT('',(-6.66E0,-7.75E0,-9.6E-1));
#15706=DIRECTION('',(0.E0,-1.E0,0.E0));
#15707=DIRECTION('',(0.E0,0.E0,-1.E0));
#15708=AXIS2_PLACEMENT_3D('',#15705,#15706,#15707);
#15709=PLANE('',#15708);
#15711=ORIENTED_EDGE('',*,*,#15710,.T.);
#15713=ORIENTED_EDGE('',*,*,#15712,.T.);
#15714=ORIENTED_EDGE('',*,*,#15684,.F.);
#15715=ORIENTED_EDGE('',*,*,#15696,.T.);
#15716=EDGE_LOOP('',(#15711,#15713,#15714,#15715));
#15717=FACE_OUTER_BOUND('',#15716,.F.);
#15718=ADVANCED_FACE('',(#15717),#15709,.T.);
#15719=CARTESIAN_POINT('',(-6.35E0,-7.35E0,-1.48E0));
#15720=DIRECTION('',(0.E0,-2.425356250363E-1,-9.701425001453E-1));
#15721=DIRECTION('',(0.E0,-9.701425001453E-1,2.425356250363E-1));
#15722=AXIS2_PLACEMENT_3D('',#15719,#15720,#15721);
#15723=PLANE('',#15722);
#15725=ORIENTED_EDGE('',*,*,#15724,.T.);
#15727=ORIENTED_EDGE('',*,*,#15726,.F.);
#15728=ORIENTED_EDGE('',*,*,#15710,.F.);
#15729=ORIENTED_EDGE('',*,*,#15700,.F.);
#15730=EDGE_LOOP('',(#15725,#15727,#15728,#15729));
#15731=FACE_OUTER_BOUND('',#15730,.F.);
#15732=ADVANCED_FACE('',(#15731),#15723,.T.);
#15733=CARTESIAN_POINT('',(-6.66E0,-7.75E0,-1.58E0));
#15734=DIRECTION('',(0.E0,0.E0,-1.E0));
#15735=DIRECTION('',(0.E0,1.E0,0.E0));
#15736=AXIS2_PLACEMENT_3D('',#15733,#15734,#15735);
#15737=PLANE('',#15736);
#15738=ORIENTED_EDGE('',*,*,#15619,.T.);
#15739=ORIENTED_EDGE('',*,*,#15298,.F.);
#15740=ORIENTED_EDGE('',*,*,#10463,.T.);
#15741=ORIENTED_EDGE('',*,*,#15411,.T.);
#15742=EDGE_LOOP('',(#15738,#15739,#15740,#15741));
#15743=FACE_OUTER_BOUND('',#15742,.F.);
#15744=ADVANCED_FACE('',(#15743),#15737,.T.);
#15745=CARTESIAN_POINT('',(-6.66E0,-7.75E0,-1.58E0));
#15746=DIRECTION('',(0.E0,0.E0,-1.E0));
#15747=DIRECTION('',(0.E0,1.E0,0.E0));
#15748=AXIS2_PLACEMENT_3D('',#15745,#15746,#15747);
#15749=PLANE('',#15748);
#15750=ORIENTED_EDGE('',*,*,#15724,.F.);
#15751=ORIENTED_EDGE('',*,*,#15429,.T.);
#15752=ORIENTED_EDGE('',*,*,#9466,.F.);
#15753=ORIENTED_EDGE('',*,*,#15310,.F.);
#15754=EDGE_LOOP('',(#15750,#15751,#15752,#15753));
#15755=FACE_OUTER_BOUND('',#15754,.F.);
#15756=ADVANCED_FACE('',(#15755),#15749,.T.);
#15757=CARTESIAN_POINT('',(-6.56E0,-7.35E0,-1.27E0));
#15758=DIRECTION('',(-9.701425001453E-1,-2.425356250363E-1,0.E0));
#15759=DIRECTION('',(2.425356250363E-1,-9.701425001453E-1,0.E0));
#15760=AXIS2_PLACEMENT_3D('',#15757,#15758,#15759);
#15761=PLANE('',#15760);
#15762=ORIENTED_EDGE('',*,*,#15308,.T.);
#15763=ORIENTED_EDGE('',*,*,#15686,.F.);
#15764=ORIENTED_EDGE('',*,*,#15712,.F.);
#15765=ORIENTED_EDGE('',*,*,#15726,.T.);
#15766=EDGE_LOOP('',(#15762,#15763,#15764,#15765));
#15767=FACE_OUTER_BOUND('',#15766,.F.);
#15768=ADVANCED_FACE('',(#15767),#15761,.T.);
#15769=CARTESIAN_POINT('',(-4.12E0,0.E0,0.E0));
#15770=DIRECTION('',(1.E0,0.E0,0.E0));
#15771=DIRECTION('',(0.E0,0.E0,-1.E0));
#15772=AXIS2_PLACEMENT_3D('',#15769,#15770,#15771);
#15773=PLANE('',#15772);
#15775=ORIENTED_EDGE('',*,*,#15774,.F.);
#15777=ORIENTED_EDGE('',*,*,#15776,.T.);
#15778=ORIENTED_EDGE('',*,*,#10467,.T.);
#15780=ORIENTED_EDGE('',*,*,#15779,.T.);
#15781=EDGE_LOOP('',(#15775,#15777,#15778,#15780));
#15782=FACE_OUTER_BOUND('',#15781,.F.);
#15783=ADVANCED_FACE('',(#15782),#15773,.F.);
#15784=CARTESIAN_POINT('',(-4.12E0,0.E0,0.E0));
#15785=DIRECTION('',(1.E0,0.E0,0.E0));
#15786=DIRECTION('',(0.E0,0.E0,-1.E0));
#15787=AXIS2_PLACEMENT_3D('',#15784,#15785,#15786);
#15788=PLANE('',#15787);
#15790=ORIENTED_EDGE('',*,*,#15789,.F.);
#15792=ORIENTED_EDGE('',*,*,#15791,.T.);
#15793=ORIENTED_EDGE('',*,*,#10477,.T.);
#15795=ORIENTED_EDGE('',*,*,#15794,.T.);
#15796=EDGE_LOOP('',(#15790,#15792,#15793,#15795));
#15797=FACE_OUTER_BOUND('',#15796,.F.);
#15798=ADVANCED_FACE('',(#15797),#15788,.F.);
#15799=CARTESIAN_POINT('',(-4.12E0,0.E0,0.E0));
#15800=DIRECTION('',(1.E0,0.E0,0.E0));
#15801=DIRECTION('',(0.E0,0.E0,-1.E0));
#15802=AXIS2_PLACEMENT_3D('',#15799,#15800,#15801);
#15803=PLANE('',#15802);
#15805=ORIENTED_EDGE('',*,*,#15804,.F.);
#15807=ORIENTED_EDGE('',*,*,#15806,.T.);
#15808=ORIENTED_EDGE('',*,*,#9484,.F.);
#15810=ORIENTED_EDGE('',*,*,#15809,.T.);
#15811=EDGE_LOOP('',(#15805,#15807,#15808,#15810));
#15812=FACE_OUTER_BOUND('',#15811,.F.);
#15813=ADVANCED_FACE('',(#15812),#15803,.F.);
#15814=CARTESIAN_POINT('',(-4.12E0,0.E0,0.E0));
#15815=DIRECTION('',(1.E0,0.E0,0.E0));
#15816=DIRECTION('',(0.E0,0.E0,-1.E0));
#15817=AXIS2_PLACEMENT_3D('',#15814,#15815,#15816);
#15818=PLANE('',#15817);
#15820=ORIENTED_EDGE('',*,*,#15819,.F.);
#15822=ORIENTED_EDGE('',*,*,#15821,.T.);
#15823=ORIENTED_EDGE('',*,*,#9474,.F.);
#15825=ORIENTED_EDGE('',*,*,#15824,.T.);
#15826=EDGE_LOOP('',(#15820,#15822,#15823,#15825));
#15827=FACE_OUTER_BOUND('',#15826,.F.);
#15828=ADVANCED_FACE('',(#15827),#15818,.F.);
#15829=CARTESIAN_POINT('',(-4.02E0,4.E0,1.27E0));
#15830=DIRECTION('',(-9.701425001453E-1,2.425356250363E-1,0.E0));
#15831=DIRECTION('',(2.425356250363E-1,9.701425001453E-1,0.E0));
#15832=AXIS2_PLACEMENT_3D('',#15829,#15830,#15831);
#15833=PLANE('',#15832);
#15834=ORIENTED_EDGE('',*,*,#15774,.T.);
#15836=ORIENTED_EDGE('',*,*,#15835,.F.);
#15838=ORIENTED_EDGE('',*,*,#15837,.F.);
#15840=ORIENTED_EDGE('',*,*,#15839,.T.);
#15841=EDGE_LOOP('',(#15834,#15836,#15838,#15840));
#15842=FACE_OUTER_BOUND('',#15841,.F.);
#15843=ADVANCED_FACE('',(#15842),#15833,.T.);
#15844=CARTESIAN_POINT('',(-3.81E0,4.E0,1.06E0));
#15845=DIRECTION('',(0.E0,2.425356250363E-1,-9.701425001453E-1));
#15846=DIRECTION('',(0.E0,-9.701425001453E-1,-2.425356250363E-1));
#15847=AXIS2_PLACEMENT_3D('',#15844,#15845,#15846);
#15848=PLANE('',#15847);
#15850=ORIENTED_EDGE('',*,*,#15849,.F.);
#15852=ORIENTED_EDGE('',*,*,#15851,.F.);
#15854=ORIENTED_EDGE('',*,*,#15853,.T.);
#15855=ORIENTED_EDGE('',*,*,#15835,.T.);
#15856=EDGE_LOOP('',(#15850,#15852,#15854,#15855));
#15857=FACE_OUTER_BOUND('',#15856,.F.);
#15858=ADVANCED_FACE('',(#15857),#15848,.T.);
#15859=CARTESIAN_POINT('',(-4.12E0,-7.75E0,9.6E-1));
#15860=DIRECTION('',(0.E0,0.E0,-1.E0));
#15861=DIRECTION('',(0.E0,1.E0,0.E0));
#15862=AXIS2_PLACEMENT_3D('',#15859,#15860,#15861);
#15863=PLANE('',#15862);
#15864=ORIENTED_EDGE('',*,*,#15849,.T.);
#15865=ORIENTED_EDGE('',*,*,#15779,.F.);
#15866=ORIENTED_EDGE('',*,*,#10473,.T.);
#15868=ORIENTED_EDGE('',*,*,#15867,.T.);
#15869=EDGE_LOOP('',(#15864,#15865,#15866,#15868));
#15870=FACE_OUTER_BOUND('',#15869,.F.);
#15871=ADVANCED_FACE('',(#15870),#15863,.T.);
#15872=CARTESIAN_POINT('',(-4.12E0,-7.75E0,9.6E-1));
#15873=DIRECTION('',(0.E0,0.E0,-1.E0));
#15874=DIRECTION('',(0.E0,1.E0,0.E0));
#15875=AXIS2_PLACEMENT_3D('',#15872,#15873,#15874);
#15876=PLANE('',#15875);
#15878=ORIENTED_EDGE('',*,*,#15877,.F.);
#15880=ORIENTED_EDGE('',*,*,#15879,.T.);
#15881=ORIENTED_EDGE('',*,*,#9476,.F.);
#15882=ORIENTED_EDGE('',*,*,#15821,.F.);
#15883=EDGE_LOOP('',(#15878,#15880,#15881,#15882));
#15884=FACE_OUTER_BOUND('',#15883,.F.);
#15885=ADVANCED_FACE('',(#15884),#15876,.T.);
#15886=CARTESIAN_POINT('',(-3.5E0,0.E0,0.E0));
#15887=DIRECTION('',(1.E0,0.E0,0.E0));
#15888=DIRECTION('',(0.E0,0.E0,-1.E0));
#15889=AXIS2_PLACEMENT_3D('',#15886,#15887,#15888);
#15890=PLANE('',#15889);
#15892=ORIENTED_EDGE('',*,*,#15891,.F.);
#15893=ORIENTED_EDGE('',*,*,#15867,.F.);
#15894=ORIENTED_EDGE('',*,*,#10471,.F.);
#15896=ORIENTED_EDGE('',*,*,#15895,.F.);
#15897=EDGE_LOOP('',(#15892,#15893,#15894,#15896));
#15898=FACE_OUTER_BOUND('',#15897,.F.);
#15899=ADVANCED_FACE('',(#15898),#15890,.T.);
#15900=CARTESIAN_POINT('',(-3.5E0,0.E0,0.E0));
#15901=DIRECTION('',(1.E0,0.E0,0.E0));
#15902=DIRECTION('',(0.E0,0.E0,-1.E0));
#15903=AXIS2_PLACEMENT_3D('',#15900,#15901,#15902);
#15904=PLANE('',#15903);
#15906=ORIENTED_EDGE('',*,*,#15905,.F.);
#15908=ORIENTED_EDGE('',*,*,#15907,.F.);
#15909=ORIENTED_EDGE('',*,*,#10481,.F.);
#15911=ORIENTED_EDGE('',*,*,#15910,.F.);
#15912=EDGE_LOOP('',(#15906,#15908,#15909,#15911));
#15913=FACE_OUTER_BOUND('',#15912,.F.);
#15914=ADVANCED_FACE('',(#15913),#15904,.T.);
#15915=CARTESIAN_POINT('',(-3.5E0,0.E0,0.E0));
#15916=DIRECTION('',(1.E0,0.E0,0.E0));
#15917=DIRECTION('',(0.E0,0.E0,-1.E0));
#15918=AXIS2_PLACEMENT_3D('',#15915,#15916,#15917);
#15919=PLANE('',#15918);
#15921=ORIENTED_EDGE('',*,*,#15920,.F.);
#15923=ORIENTED_EDGE('',*,*,#15922,.F.);
#15924=ORIENTED_EDGE('',*,*,#9488,.T.);
#15926=ORIENTED_EDGE('',*,*,#15925,.F.);
#15927=EDGE_LOOP('',(#15921,#15923,#15924,#15926));
#15928=FACE_OUTER_BOUND('',#15927,.F.);
#15929=ADVANCED_FACE('',(#15928),#15919,.T.);
#15930=CARTESIAN_POINT('',(-3.5E0,0.E0,0.E0));
#15931=DIRECTION('',(1.E0,0.E0,0.E0));
#15932=DIRECTION('',(0.E0,0.E0,-1.E0));
#15933=AXIS2_PLACEMENT_3D('',#15930,#15931,#15932);
#15934=PLANE('',#15933);
#15936=ORIENTED_EDGE('',*,*,#15935,.F.);
#15938=ORIENTED_EDGE('',*,*,#15937,.F.);
#15939=ORIENTED_EDGE('',*,*,#9478,.T.);
#15940=ORIENTED_EDGE('',*,*,#15879,.F.);
#15941=EDGE_LOOP('',(#15936,#15938,#15939,#15940));
#15942=FACE_OUTER_BOUND('',#15941,.F.);
#15943=ADVANCED_FACE('',(#15942),#15934,.T.);
#15944=CARTESIAN_POINT('',(-3.6E0,4.E0,1.27E0));
#15945=DIRECTION('',(9.701425001453E-1,2.425356250363E-1,0.E0));
#15946=DIRECTION('',(-2.425356250363E-1,9.701425001453E-1,0.E0));
#15947=AXIS2_PLACEMENT_3D('',#15944,#15945,#15946);
#15948=PLANE('',#15947);
#15950=ORIENTED_EDGE('',*,*,#15949,.F.);
#15951=ORIENTED_EDGE('',*,*,#15851,.T.);
#15952=ORIENTED_EDGE('',*,*,#15891,.T.);
#15954=ORIENTED_EDGE('',*,*,#15953,.F.);
#15955=EDGE_LOOP('',(#15950,#15951,#15952,#15954));
#15956=FACE_OUTER_BOUND('',#15955,.F.);
#15957=ADVANCED_FACE('',(#15956),#15948,.T.);
#15958=CARTESIAN_POINT('',(-4.12E0,4.4E0,9.6E-1));
#15959=DIRECTION('',(0.E0,1.E0,0.E0));
#15960=DIRECTION('',(0.E0,0.E0,1.E0));
#15961=AXIS2_PLACEMENT_3D('',#15958,#15959,#15960);
#15962=PLANE('',#15961);
#15964=ORIENTED_EDGE('',*,*,#15963,.T.);
#15965=ORIENTED_EDGE('',*,*,#15837,.T.);
#15966=ORIENTED_EDGE('',*,*,#15853,.F.);
#15967=ORIENTED_EDGE('',*,*,#15949,.T.);
#15968=EDGE_LOOP('',(#15964,#15965,#15966,#15967));
#15969=FACE_OUTER_BOUND('',#15968,.F.);
#15970=ADVANCED_FACE('',(#15969),#15962,.T.);
#15971=CARTESIAN_POINT('',(-3.81E0,4.E0,1.48E0));
#15972=DIRECTION('',(0.E0,2.425356250363E-1,9.701425001453E-1));
#15973=DIRECTION('',(0.E0,9.701425001453E-1,-2.425356250363E-1));
#15974=AXIS2_PLACEMENT_3D('',#15971,#15972,#15973);
#15975=PLANE('',#15974);
#15977=ORIENTED_EDGE('',*,*,#15976,.T.);
#15978=ORIENTED_EDGE('',*,*,#15839,.F.);
#15979=ORIENTED_EDGE('',*,*,#15963,.F.);
#15980=ORIENTED_EDGE('',*,*,#15953,.T.);
#15981=EDGE_LOOP('',(#15977,#15978,#15979,#15980));
#15982=FACE_OUTER_BOUND('',#15981,.F.);
#15983=ADVANCED_FACE('',(#15982),#15975,.T.);
#15984=CARTESIAN_POINT('',(-4.12E0,4.4E0,1.58E0));
#15985=DIRECTION('',(0.E0,0.E0,1.E0));
#15986=DIRECTION('',(0.E0,-1.E0,0.E0));
#15987=AXIS2_PLACEMENT_3D('',#15984,#15985,#15986);
#15988=PLANE('',#15987);
#15989=ORIENTED_EDGE('',*,*,#15976,.F.);
#15990=ORIENTED_EDGE('',*,*,#15895,.T.);
#15991=ORIENTED_EDGE('',*,*,#10469,.F.);
#15992=ORIENTED_EDGE('',*,*,#15776,.F.);
#15993=EDGE_LOOP('',(#15989,#15990,#15991,#15992));
#15994=FACE_OUTER_BOUND('',#15993,.F.);
#15995=ADVANCED_FACE('',(#15994),#15988,.T.);
#15996=CARTESIAN_POINT('',(-4.12E0,4.4E0,1.58E0));
#15997=DIRECTION('',(0.E0,0.E0,1.E0));
#15998=DIRECTION('',(0.E0,-1.E0,0.E0));
#15999=AXIS2_PLACEMENT_3D('',#15996,#15997,#15998);
#16000=PLANE('',#15999);
#16002=ORIENTED_EDGE('',*,*,#16001,.T.);
#16003=ORIENTED_EDGE('',*,*,#15824,.F.);
#16004=ORIENTED_EDGE('',*,*,#9480,.T.);
#16005=ORIENTED_EDGE('',*,*,#15937,.T.);
#16006=EDGE_LOOP('',(#16002,#16003,#16004,#16005));
#16007=FACE_OUTER_BOUND('',#16006,.F.);
#16008=ADVANCED_FACE('',(#16007),#16000,.T.);
#16009=CARTESIAN_POINT('',(-3.81E0,-7.35E0,1.48E0));
#16010=DIRECTION('',(0.E0,-2.425356250363E-1,9.701425001453E-1));
#16011=DIRECTION('',(0.E0,9.701425001453E-1,2.425356250363E-1));
#16012=AXIS2_PLACEMENT_3D('',#16009,#16010,#16011);
#16013=PLANE('',#16012);
#16014=ORIENTED_EDGE('',*,*,#16001,.F.);
#16016=ORIENTED_EDGE('',*,*,#16015,.F.);
#16018=ORIENTED_EDGE('',*,*,#16017,.T.);
#16020=ORIENTED_EDGE('',*,*,#16019,.T.);
#16021=EDGE_LOOP('',(#16014,#16016,#16018,#16020));
#16022=FACE_OUTER_BOUND('',#16021,.F.);
#16023=ADVANCED_FACE('',(#16022),#16013,.T.);
#16024=CARTESIAN_POINT('',(-3.6E0,-7.35E0,1.27E0));
#16025=DIRECTION('',(9.701425001453E-1,-2.425356250363E-1,0.E0));
#16026=DIRECTION('',(-2.425356250363E-1,-9.701425001453E-1,0.E0));
#16027=AXIS2_PLACEMENT_3D('',#16024,#16025,#16026);
#16028=PLANE('',#16027);
#16030=ORIENTED_EDGE('',*,*,#16029,.F.);
#16031=ORIENTED_EDGE('',*,*,#16015,.T.);
#16032=ORIENTED_EDGE('',*,*,#15935,.T.);
#16034=ORIENTED_EDGE('',*,*,#16033,.T.);
#16035=EDGE_LOOP('',(#16030,#16031,#16032,#16034));
#16036=FACE_OUTER_BOUND('',#16035,.F.);
#16037=ADVANCED_FACE('',(#16036),#16028,.T.);
#16038=CARTESIAN_POINT('',(-4.12E0,-7.75E0,1.58E0));
#16039=DIRECTION('',(0.E0,-1.E0,0.E0));
#16040=DIRECTION('',(0.E0,0.E0,-1.E0));
#16041=AXIS2_PLACEMENT_3D('',#16038,#16039,#16040);
#16042=PLANE('',#16041);
#16044=ORIENTED_EDGE('',*,*,#16043,.T.);
#16046=ORIENTED_EDGE('',*,*,#16045,.T.);
#16047=ORIENTED_EDGE('',*,*,#16017,.F.);
#16048=ORIENTED_EDGE('',*,*,#16029,.T.);
#16049=EDGE_LOOP('',(#16044,#16046,#16047,#16048));
#16050=FACE_OUTER_BOUND('',#16049,.F.);
#16051=ADVANCED_FACE('',(#16050),#16042,.T.);
#16052=CARTESIAN_POINT('',(-3.81E0,-7.35E0,1.06E0));
#16053=DIRECTION('',(0.E0,-2.425356250363E-1,-9.701425001453E-1));
#16054=DIRECTION('',(0.E0,-9.701425001453E-1,2.425356250363E-1));
#16055=AXIS2_PLACEMENT_3D('',#16052,#16053,#16054);
#16056=PLANE('',#16055);
#16057=ORIENTED_EDGE('',*,*,#15877,.T.);
#16059=ORIENTED_EDGE('',*,*,#16058,.F.);
#16060=ORIENTED_EDGE('',*,*,#16043,.F.);
#16061=ORIENTED_EDGE('',*,*,#16033,.F.);
#16062=EDGE_LOOP('',(#16057,#16059,#16060,#16061));
#16063=FACE_OUTER_BOUND('',#16062,.F.);
#16064=ADVANCED_FACE('',(#16063),#16056,.T.);
#16065=CARTESIAN_POINT('',(-4.02E0,-7.35E0,1.27E0));
#16066=DIRECTION('',(-9.701425001453E-1,-2.425356250363E-1,0.E0));
#16067=DIRECTION('',(2.425356250363E-1,-9.701425001453E-1,0.E0));
#16068=AXIS2_PLACEMENT_3D('',#16065,#16066,#16067);
#16069=PLANE('',#16068);
#16070=ORIENTED_EDGE('',*,*,#15819,.T.);
#16071=ORIENTED_EDGE('',*,*,#16019,.F.);
#16072=ORIENTED_EDGE('',*,*,#16045,.F.);
#16073=ORIENTED_EDGE('',*,*,#16058,.T.);
#16074=EDGE_LOOP('',(#16070,#16071,#16072,#16073));
#16075=FACE_OUTER_BOUND('',#16074,.F.);
#16076=ADVANCED_FACE('',(#16075),#16069,.T.);
#16077=CARTESIAN_POINT('',(-3.6E0,4.E0,-1.27E0));
#16078=DIRECTION('',(9.701425001453E-1,2.425356250363E-1,0.E0));
#16079=DIRECTION('',(-2.425356250363E-1,9.701425001453E-1,0.E0));
#16080=AXIS2_PLACEMENT_3D('',#16077,#16078,#16079);
#16081=PLANE('',#16080);
#16083=ORIENTED_EDGE('',*,*,#16082,.F.);
#16085=ORIENTED_EDGE('',*,*,#16084,.T.);
#16086=ORIENTED_EDGE('',*,*,#15905,.T.);
#16088=ORIENTED_EDGE('',*,*,#16087,.T.);
#16089=EDGE_LOOP('',(#16083,#16085,#16086,#16088));
#16090=FACE_OUTER_BOUND('',#16089,.F.);
#16091=ADVANCED_FACE('',(#16090),#16081,.T.);
#16092=CARTESIAN_POINT('',(-4.12E0,4.4E0,-1.58E0));
#16093=DIRECTION('',(0.E0,1.E0,0.E0));
#16094=DIRECTION('',(0.E0,0.E0,1.E0));
#16095=AXIS2_PLACEMENT_3D('',#16092,#16093,#16094);
#16096=PLANE('',#16095);
#16098=ORIENTED_EDGE('',*,*,#16097,.F.);
#16099=ORIENTED_EDGE('',*,*,#16082,.T.);
#16101=ORIENTED_EDGE('',*,*,#16100,.T.);
#16103=ORIENTED_EDGE('',*,*,#16102,.T.);
#16104=EDGE_LOOP('',(#16098,#16099,#16101,#16103));
#16105=FACE_OUTER_BOUND('',#16104,.F.);
#16106=ADVANCED_FACE('',(#16105),#16096,.T.);
#16107=CARTESIAN_POINT('',(-3.81E0,4.E0,-1.48E0));
#16108=DIRECTION('',(0.E0,2.425356250363E-1,-9.701425001453E-1));
#16109=DIRECTION('',(0.E0,-9.701425001453E-1,-2.425356250363E-1));
#16110=AXIS2_PLACEMENT_3D('',#16107,#16108,#16109);
#16111=PLANE('',#16110);
#16112=ORIENTED_EDGE('',*,*,#16097,.T.);
#16114=ORIENTED_EDGE('',*,*,#16113,.F.);
#16116=ORIENTED_EDGE('',*,*,#16115,.F.);
#16117=ORIENTED_EDGE('',*,*,#16084,.F.);
#16118=EDGE_LOOP('',(#16112,#16114,#16116,#16117));
#16119=FACE_OUTER_BOUND('',#16118,.F.);
#16120=ADVANCED_FACE('',(#16119),#16111,.T.);
#16121=CARTESIAN_POINT('',(-4.02E0,4.E0,-1.27E0));
#16122=DIRECTION('',(-9.701425001453E-1,2.425356250363E-1,0.E0));
#16123=DIRECTION('',(2.425356250363E-1,9.701425001453E-1,0.E0));
#16124=AXIS2_PLACEMENT_3D('',#16121,#16122,#16123);
#16125=PLANE('',#16124);
#16126=ORIENTED_EDGE('',*,*,#16102,.F.);
#16128=ORIENTED_EDGE('',*,*,#16127,.T.);
#16129=ORIENTED_EDGE('',*,*,#15789,.T.);
#16130=ORIENTED_EDGE('',*,*,#16113,.T.);
#16131=EDGE_LOOP('',(#16126,#16128,#16129,#16130));
#16132=FACE_OUTER_BOUND('',#16131,.F.);
#16133=ADVANCED_FACE('',(#16132),#16125,.T.);
#16134=CARTESIAN_POINT('',(-3.81E0,4.E0,-1.06E0));
#16135=DIRECTION('',(0.E0,2.425356250363E-1,9.701425001453E-1));
#16136=DIRECTION('',(0.E0,9.701425001453E-1,-2.425356250363E-1));
#16137=AXIS2_PLACEMENT_3D('',#16134,#16135,#16136);
#16138=PLANE('',#16137);
#16140=ORIENTED_EDGE('',*,*,#16139,.T.);
#16141=ORIENTED_EDGE('',*,*,#16127,.F.);
#16142=ORIENTED_EDGE('',*,*,#16100,.F.);
#16143=ORIENTED_EDGE('',*,*,#16087,.F.);
#16144=EDGE_LOOP('',(#16140,#16141,#16142,#16143));
#16145=FACE_OUTER_BOUND('',#16144,.F.);
#16146=ADVANCED_FACE('',(#16145),#16138,.T.);
#16147=CARTESIAN_POINT('',(-4.12E0,4.4E0,-9.6E-1));
#16148=DIRECTION('',(0.E0,0.E0,1.E0));
#16149=DIRECTION('',(0.E0,-1.E0,0.E0));
#16150=AXIS2_PLACEMENT_3D('',#16147,#16148,#16149);
#16151=PLANE('',#16150);
#16152=ORIENTED_EDGE('',*,*,#16139,.F.);
#16153=ORIENTED_EDGE('',*,*,#15910,.T.);
#16154=ORIENTED_EDGE('',*,*,#10479,.F.);
#16155=ORIENTED_EDGE('',*,*,#15791,.F.);
#16156=EDGE_LOOP('',(#16152,#16153,#16154,#16155));
#16157=FACE_OUTER_BOUND('',#16156,.F.);
#16158=ADVANCED_FACE('',(#16157),#16151,.T.);
#16159=CARTESIAN_POINT('',(-4.12E0,4.4E0,-9.6E-1));
#16160=DIRECTION('',(0.E0,0.E0,1.E0));
#16161=DIRECTION('',(0.E0,-1.E0,0.E0));
#16162=AXIS2_PLACEMENT_3D('',#16159,#16160,#16161);
#16163=PLANE('',#16162);
#16165=ORIENTED_EDGE('',*,*,#16164,.T.);
#16166=ORIENTED_EDGE('',*,*,#15809,.F.);
#16167=ORIENTED_EDGE('',*,*,#9490,.T.);
#16168=ORIENTED_EDGE('',*,*,#15922,.T.);
#16169=EDGE_LOOP('',(#16165,#16166,#16167,#16168));
#16170=FACE_OUTER_BOUND('',#16169,.F.);
#16171=ADVANCED_FACE('',(#16170),#16163,.T.);
#16172=CARTESIAN_POINT('',(-3.81E0,-7.35E0,-1.06E0));
#16173=DIRECTION('',(0.E0,-2.425356250363E-1,9.701425001453E-1));
#16174=DIRECTION('',(0.E0,9.701425001453E-1,2.425356250363E-1));
#16175=AXIS2_PLACEMENT_3D('',#16172,#16173,#16174);
#16176=PLANE('',#16175);
#16177=ORIENTED_EDGE('',*,*,#16164,.F.);
#16179=ORIENTED_EDGE('',*,*,#16178,.F.);
#16181=ORIENTED_EDGE('',*,*,#16180,.T.);
#16183=ORIENTED_EDGE('',*,*,#16182,.T.);
#16184=EDGE_LOOP('',(#16177,#16179,#16181,#16183));
#16185=FACE_OUTER_BOUND('',#16184,.F.);
#16186=ADVANCED_FACE('',(#16185),#16176,.T.);
#16187=CARTESIAN_POINT('',(-3.6E0,-7.35E0,-1.27E0));
#16188=DIRECTION('',(9.701425001453E-1,-2.425356250363E-1,0.E0));
#16189=DIRECTION('',(-2.425356250363E-1,-9.701425001453E-1,0.E0));
#16190=AXIS2_PLACEMENT_3D('',#16187,#16188,#16189);
#16191=PLANE('',#16190);
#16193=ORIENTED_EDGE('',*,*,#16192,.F.);
#16194=ORIENTED_EDGE('',*,*,#16178,.T.);
#16195=ORIENTED_EDGE('',*,*,#15920,.T.);
#16197=ORIENTED_EDGE('',*,*,#16196,.T.);
#16198=EDGE_LOOP('',(#16193,#16194,#16195,#16197));
#16199=FACE_OUTER_BOUND('',#16198,.F.);
#16200=ADVANCED_FACE('',(#16199),#16191,.T.);
#16201=CARTESIAN_POINT('',(-4.12E0,-7.75E0,-9.6E-1));
#16202=DIRECTION('',(0.E0,-1.E0,0.E0));
#16203=DIRECTION('',(0.E0,0.E0,-1.E0));
#16204=AXIS2_PLACEMENT_3D('',#16201,#16202,#16203);
#16205=PLANE('',#16204);
#16207=ORIENTED_EDGE('',*,*,#16206,.T.);
#16209=ORIENTED_EDGE('',*,*,#16208,.T.);
#16210=ORIENTED_EDGE('',*,*,#16180,.F.);
#16211=ORIENTED_EDGE('',*,*,#16192,.T.);
#16212=EDGE_LOOP('',(#16207,#16209,#16210,#16211));
#16213=FACE_OUTER_BOUND('',#16212,.F.);
#16214=ADVANCED_FACE('',(#16213),#16205,.T.);
#16215=CARTESIAN_POINT('',(-3.81E0,-7.35E0,-1.48E0));
#16216=DIRECTION('',(0.E0,-2.425356250363E-1,-9.701425001453E-1));
#16217=DIRECTION('',(0.E0,-9.701425001453E-1,2.425356250363E-1));
#16218=AXIS2_PLACEMENT_3D('',#16215,#16216,#16217);
#16219=PLANE('',#16218);
#16221=ORIENTED_EDGE('',*,*,#16220,.T.);
#16223=ORIENTED_EDGE('',*,*,#16222,.F.);
#16224=ORIENTED_EDGE('',*,*,#16206,.F.);
#16225=ORIENTED_EDGE('',*,*,#16196,.F.);
#16226=EDGE_LOOP('',(#16221,#16223,#16224,#16225));
#16227=FACE_OUTER_BOUND('',#16226,.F.);
#16228=ADVANCED_FACE('',(#16227),#16219,.T.);
#16229=CARTESIAN_POINT('',(-4.12E0,-7.75E0,-1.58E0));
#16230=DIRECTION('',(0.E0,0.E0,-1.E0));
#16231=DIRECTION('',(0.E0,1.E0,0.E0));
#16232=AXIS2_PLACEMENT_3D('',#16229,#16230,#16231);
#16233=PLANE('',#16232);
#16234=ORIENTED_EDGE('',*,*,#16115,.T.);
#16235=ORIENTED_EDGE('',*,*,#15794,.F.);
#16236=ORIENTED_EDGE('',*,*,#10483,.T.);
#16237=ORIENTED_EDGE('',*,*,#15907,.T.);
#16238=EDGE_LOOP('',(#16234,#16235,#16236,#16237));
#16239=FACE_OUTER_BOUND('',#16238,.F.);
#16240=ADVANCED_FACE('',(#16239),#16233,.T.);
#16241=CARTESIAN_POINT('',(-4.12E0,-7.75E0,-1.58E0));
#16242=DIRECTION('',(0.E0,0.E0,-1.E0));
#16243=DIRECTION('',(0.E0,1.E0,0.E0));
#16244=AXIS2_PLACEMENT_3D('',#16241,#16242,#16243);
#16245=PLANE('',#16244);
#16246=ORIENTED_EDGE('',*,*,#16220,.F.);
#16247=ORIENTED_EDGE('',*,*,#15925,.T.);
#16248=ORIENTED_EDGE('',*,*,#9486,.F.);
#16249=ORIENTED_EDGE('',*,*,#15806,.F.);
#16250=EDGE_LOOP('',(#16246,#16247,#16248,#16249));
#16251=FACE_OUTER_BOUND('',#16250,.F.);
#16252=ADVANCED_FACE('',(#16251),#16245,.T.);
#16253=CARTESIAN_POINT('',(-4.02E0,-7.35E0,-1.27E0));
#16254=DIRECTION('',(-9.701425001453E-1,-2.425356250363E-1,0.E0));
#16255=DIRECTION('',(2.425356250363E-1,-9.701425001453E-1,0.E0));
#16256=AXIS2_PLACEMENT_3D('',#16253,#16254,#16255);
#16257=PLANE('',#16256);
#16258=ORIENTED_EDGE('',*,*,#15804,.T.);
#16259=ORIENTED_EDGE('',*,*,#16182,.F.);
#16260=ORIENTED_EDGE('',*,*,#16208,.F.);
#16261=ORIENTED_EDGE('',*,*,#16222,.T.);
#16262=EDGE_LOOP('',(#16258,#16259,#16260,#16261));
#16263=FACE_OUTER_BOUND('',#16262,.F.);
#16264=ADVANCED_FACE('',(#16263),#16257,.T.);
#16265=CARTESIAN_POINT('',(-1.58E0,0.E0,0.E0));
#16266=DIRECTION('',(1.E0,0.E0,0.E0));
#16267=DIRECTION('',(0.E0,0.E0,-1.E0));
#16268=AXIS2_PLACEMENT_3D('',#16265,#16266,#16267);
#16269=PLANE('',#16268);
#16271=ORIENTED_EDGE('',*,*,#16270,.F.);
#16273=ORIENTED_EDGE('',*,*,#16272,.T.);
#16274=ORIENTED_EDGE('',*,*,#10487,.T.);
#16276=ORIENTED_EDGE('',*,*,#16275,.T.);
#16277=EDGE_LOOP('',(#16271,#16273,#16274,#16276));
#16278=FACE_OUTER_BOUND('',#16277,.F.);
#16279=ADVANCED_FACE('',(#16278),#16269,.F.);
#16280=CARTESIAN_POINT('',(-1.58E0,0.E0,0.E0));
#16281=DIRECTION('',(1.E0,0.E0,0.E0));
#16282=DIRECTION('',(0.E0,0.E0,-1.E0));
#16283=AXIS2_PLACEMENT_3D('',#16280,#16281,#16282);
#16284=PLANE('',#16283);
#16286=ORIENTED_EDGE('',*,*,#16285,.F.);
#16288=ORIENTED_EDGE('',*,*,#16287,.T.);
#16289=ORIENTED_EDGE('',*,*,#10497,.T.);
#16291=ORIENTED_EDGE('',*,*,#16290,.T.);
#16292=EDGE_LOOP('',(#16286,#16288,#16289,#16291));
#16293=FACE_OUTER_BOUND('',#16292,.F.);
#16294=ADVANCED_FACE('',(#16293),#16284,.F.);
#16295=CARTESIAN_POINT('',(-1.58E0,0.E0,0.E0));
#16296=DIRECTION('',(1.E0,0.E0,0.E0));
#16297=DIRECTION('',(0.E0,0.E0,-1.E0));
#16298=AXIS2_PLACEMENT_3D('',#16295,#16296,#16297);
#16299=PLANE('',#16298);
#16301=ORIENTED_EDGE('',*,*,#16300,.F.);
#16303=ORIENTED_EDGE('',*,*,#16302,.T.);
#16304=ORIENTED_EDGE('',*,*,#9504,.F.);
#16306=ORIENTED_EDGE('',*,*,#16305,.T.);
#16307=EDGE_LOOP('',(#16301,#16303,#16304,#16306));
#16308=FACE_OUTER_BOUND('',#16307,.F.);
#16309=ADVANCED_FACE('',(#16308),#16299,.F.);
#16310=CARTESIAN_POINT('',(-1.58E0,0.E0,0.E0));
#16311=DIRECTION('',(1.E0,0.E0,0.E0));
#16312=DIRECTION('',(0.E0,0.E0,-1.E0));
#16313=AXIS2_PLACEMENT_3D('',#16310,#16311,#16312);
#16314=PLANE('',#16313);
#16316=ORIENTED_EDGE('',*,*,#16315,.F.);
#16318=ORIENTED_EDGE('',*,*,#16317,.T.);
#16319=ORIENTED_EDGE('',*,*,#9494,.F.);
#16321=ORIENTED_EDGE('',*,*,#16320,.T.);
#16322=EDGE_LOOP('',(#16316,#16318,#16319,#16321));
#16323=FACE_OUTER_BOUND('',#16322,.F.);
#16324=ADVANCED_FACE('',(#16323),#16314,.F.);
#16325=CARTESIAN_POINT('',(-1.48E0,4.E0,1.27E0));
#16326=DIRECTION('',(-9.701425001453E-1,2.425356250363E-1,0.E0));
#16327=DIRECTION('',(2.425356250363E-1,9.701425001453E-1,0.E0));
#16328=AXIS2_PLACEMENT_3D('',#16325,#16326,#16327);
#16329=PLANE('',#16328);
#16330=ORIENTED_EDGE('',*,*,#16270,.T.);
#16332=ORIENTED_EDGE('',*,*,#16331,.F.);
#16334=ORIENTED_EDGE('',*,*,#16333,.F.);
#16336=ORIENTED_EDGE('',*,*,#16335,.T.);
#16337=EDGE_LOOP('',(#16330,#16332,#16334,#16336));
#16338=FACE_OUTER_BOUND('',#16337,.F.);
#16339=ADVANCED_FACE('',(#16338),#16329,.T.);
#16340=CARTESIAN_POINT('',(-1.27E0,4.E0,1.06E0));
#16341=DIRECTION('',(0.E0,2.425356250363E-1,-9.701425001453E-1));
#16342=DIRECTION('',(0.E0,-9.701425001453E-1,-2.425356250363E-1));
#16343=AXIS2_PLACEMENT_3D('',#16340,#16341,#16342);
#16344=PLANE('',#16343);
#16346=ORIENTED_EDGE('',*,*,#16345,.F.);
#16348=ORIENTED_EDGE('',*,*,#16347,.F.);
#16350=ORIENTED_EDGE('',*,*,#16349,.T.);
#16351=ORIENTED_EDGE('',*,*,#16331,.T.);
#16352=EDGE_LOOP('',(#16346,#16348,#16350,#16351));
#16353=FACE_OUTER_BOUND('',#16352,.F.);
#16354=ADVANCED_FACE('',(#16353),#16344,.T.);
#16355=CARTESIAN_POINT('',(-1.58E0,-7.75E0,9.6E-1));
#16356=DIRECTION('',(0.E0,0.E0,-1.E0));
#16357=DIRECTION('',(0.E0,1.E0,0.E0));
#16358=AXIS2_PLACEMENT_3D('',#16355,#16356,#16357);
#16359=PLANE('',#16358);
#16360=ORIENTED_EDGE('',*,*,#16345,.T.);
#16361=ORIENTED_EDGE('',*,*,#16275,.F.);
#16362=ORIENTED_EDGE('',*,*,#10493,.T.);
#16364=ORIENTED_EDGE('',*,*,#16363,.T.);
#16365=EDGE_LOOP('',(#16360,#16361,#16362,#16364));
#16366=FACE_OUTER_BOUND('',#16365,.F.);
#16367=ADVANCED_FACE('',(#16366),#16359,.T.);
#16368=CARTESIAN_POINT('',(-1.58E0,-7.75E0,9.6E-1));
#16369=DIRECTION('',(0.E0,0.E0,-1.E0));
#16370=DIRECTION('',(0.E0,1.E0,0.E0));
#16371=AXIS2_PLACEMENT_3D('',#16368,#16369,#16370);
#16372=PLANE('',#16371);
#16374=ORIENTED_EDGE('',*,*,#16373,.F.);
#16376=ORIENTED_EDGE('',*,*,#16375,.T.);
#16377=ORIENTED_EDGE('',*,*,#9496,.F.);
#16378=ORIENTED_EDGE('',*,*,#16317,.F.);
#16379=EDGE_LOOP('',(#16374,#16376,#16377,#16378));
#16380=FACE_OUTER_BOUND('',#16379,.F.);
#16381=ADVANCED_FACE('',(#16380),#16372,.T.);
#16382=CARTESIAN_POINT('',(-9.6E-1,0.E0,0.E0));
#16383=DIRECTION('',(1.E0,0.E0,0.E0));
#16384=DIRECTION('',(0.E0,0.E0,-1.E0));
#16385=AXIS2_PLACEMENT_3D('',#16382,#16383,#16384);
#16386=PLANE('',#16385);
#16388=ORIENTED_EDGE('',*,*,#16387,.F.);
#16389=ORIENTED_EDGE('',*,*,#16363,.F.);
#16390=ORIENTED_EDGE('',*,*,#10491,.F.);
#16392=ORIENTED_EDGE('',*,*,#16391,.F.);
#16393=EDGE_LOOP('',(#16388,#16389,#16390,#16392));
#16394=FACE_OUTER_BOUND('',#16393,.F.);
#16395=ADVANCED_FACE('',(#16394),#16386,.T.);
#16396=CARTESIAN_POINT('',(-9.6E-1,0.E0,0.E0));
#16397=DIRECTION('',(1.E0,0.E0,0.E0));
#16398=DIRECTION('',(0.E0,0.E0,-1.E0));
#16399=AXIS2_PLACEMENT_3D('',#16396,#16397,#16398);
#16400=PLANE('',#16399);
#16402=ORIENTED_EDGE('',*,*,#16401,.F.);
#16404=ORIENTED_EDGE('',*,*,#16403,.F.);
#16405=ORIENTED_EDGE('',*,*,#10501,.F.);
#16407=ORIENTED_EDGE('',*,*,#16406,.F.);
#16408=EDGE_LOOP('',(#16402,#16404,#16405,#16407));
#16409=FACE_OUTER_BOUND('',#16408,.F.);
#16410=ADVANCED_FACE('',(#16409),#16400,.T.);
#16411=CARTESIAN_POINT('',(-9.6E-1,0.E0,0.E0));
#16412=DIRECTION('',(1.E0,0.E0,0.E0));
#16413=DIRECTION('',(0.E0,0.E0,-1.E0));
#16414=AXIS2_PLACEMENT_3D('',#16411,#16412,#16413);
#16415=PLANE('',#16414);
#16417=ORIENTED_EDGE('',*,*,#16416,.F.);
#16419=ORIENTED_EDGE('',*,*,#16418,.F.);
#16420=ORIENTED_EDGE('',*,*,#9508,.T.);
#16422=ORIENTED_EDGE('',*,*,#16421,.F.);
#16423=EDGE_LOOP('',(#16417,#16419,#16420,#16422));
#16424=FACE_OUTER_BOUND('',#16423,.F.);
#16425=ADVANCED_FACE('',(#16424),#16415,.T.);
#16426=CARTESIAN_POINT('',(-9.6E-1,0.E0,0.E0));
#16427=DIRECTION('',(1.E0,0.E0,0.E0));
#16428=DIRECTION('',(0.E0,0.E0,-1.E0));
#16429=AXIS2_PLACEMENT_3D('',#16426,#16427,#16428);
#16430=PLANE('',#16429);
#16432=ORIENTED_EDGE('',*,*,#16431,.F.);
#16434=ORIENTED_EDGE('',*,*,#16433,.F.);
#16435=ORIENTED_EDGE('',*,*,#9498,.T.);
#16436=ORIENTED_EDGE('',*,*,#16375,.F.);
#16437=EDGE_LOOP('',(#16432,#16434,#16435,#16436));
#16438=FACE_OUTER_BOUND('',#16437,.F.);
#16439=ADVANCED_FACE('',(#16438),#16430,.T.);
#16440=CARTESIAN_POINT('',(-1.06E0,4.E0,1.27E0));
#16441=DIRECTION('',(9.701425001453E-1,2.425356250363E-1,0.E0));
#16442=DIRECTION('',(-2.425356250363E-1,9.701425001453E-1,0.E0));
#16443=AXIS2_PLACEMENT_3D('',#16440,#16441,#16442);
#16444=PLANE('',#16443);
#16446=ORIENTED_EDGE('',*,*,#16445,.F.);
#16447=ORIENTED_EDGE('',*,*,#16347,.T.);
#16448=ORIENTED_EDGE('',*,*,#16387,.T.);
#16450=ORIENTED_EDGE('',*,*,#16449,.F.);
#16451=EDGE_LOOP('',(#16446,#16447,#16448,#16450));
#16452=FACE_OUTER_BOUND('',#16451,.F.);
#16453=ADVANCED_FACE('',(#16452),#16444,.T.);
#16454=CARTESIAN_POINT('',(-1.58E0,4.4E0,9.6E-1));
#16455=DIRECTION('',(0.E0,1.E0,0.E0));
#16456=DIRECTION('',(0.E0,0.E0,1.E0));
#16457=AXIS2_PLACEMENT_3D('',#16454,#16455,#16456);
#16458=PLANE('',#16457);
#16460=ORIENTED_EDGE('',*,*,#16459,.T.);
#16461=ORIENTED_EDGE('',*,*,#16333,.T.);
#16462=ORIENTED_EDGE('',*,*,#16349,.F.);
#16463=ORIENTED_EDGE('',*,*,#16445,.T.);
#16464=EDGE_LOOP('',(#16460,#16461,#16462,#16463));
#16465=FACE_OUTER_BOUND('',#16464,.F.);
#16466=ADVANCED_FACE('',(#16465),#16458,.T.);
#16467=CARTESIAN_POINT('',(-1.27E0,4.E0,1.48E0));
#16468=DIRECTION('',(0.E0,2.425356250363E-1,9.701425001453E-1));
#16469=DIRECTION('',(0.E0,9.701425001453E-1,-2.425356250363E-1));
#16470=AXIS2_PLACEMENT_3D('',#16467,#16468,#16469);
#16471=PLANE('',#16470);
#16473=ORIENTED_EDGE('',*,*,#16472,.T.);
#16474=ORIENTED_EDGE('',*,*,#16335,.F.);
#16475=ORIENTED_EDGE('',*,*,#16459,.F.);
#16476=ORIENTED_EDGE('',*,*,#16449,.T.);
#16477=EDGE_LOOP('',(#16473,#16474,#16475,#16476));
#16478=FACE_OUTER_BOUND('',#16477,.F.);
#16479=ADVANCED_FACE('',(#16478),#16471,.T.);
#16480=CARTESIAN_POINT('',(-1.58E0,4.4E0,1.58E0));
#16481=DIRECTION('',(0.E0,0.E0,1.E0));
#16482=DIRECTION('',(0.E0,-1.E0,0.E0));
#16483=AXIS2_PLACEMENT_3D('',#16480,#16481,#16482);
#16484=PLANE('',#16483);
#16485=ORIENTED_EDGE('',*,*,#16472,.F.);
#16486=ORIENTED_EDGE('',*,*,#16391,.T.);
#16487=ORIENTED_EDGE('',*,*,#10489,.F.);
#16488=ORIENTED_EDGE('',*,*,#16272,.F.);
#16489=EDGE_LOOP('',(#16485,#16486,#16487,#16488));
#16490=FACE_OUTER_BOUND('',#16489,.F.);
#16491=ADVANCED_FACE('',(#16490),#16484,.T.);
#16492=CARTESIAN_POINT('',(-1.58E0,4.4E0,1.58E0));
#16493=DIRECTION('',(0.E0,0.E0,1.E0));
#16494=DIRECTION('',(0.E0,-1.E0,0.E0));
#16495=AXIS2_PLACEMENT_3D('',#16492,#16493,#16494);
#16496=PLANE('',#16495);
#16498=ORIENTED_EDGE('',*,*,#16497,.T.);
#16499=ORIENTED_EDGE('',*,*,#16320,.F.);
#16500=ORIENTED_EDGE('',*,*,#9500,.T.);
#16501=ORIENTED_EDGE('',*,*,#16433,.T.);
#16502=EDGE_LOOP('',(#16498,#16499,#16500,#16501));
#16503=FACE_OUTER_BOUND('',#16502,.F.);
#16504=ADVANCED_FACE('',(#16503),#16496,.T.);
#16505=CARTESIAN_POINT('',(-1.27E0,-7.35E0,1.48E0));
#16506=DIRECTION('',(0.E0,-2.425356250363E-1,9.701425001453E-1));
#16507=DIRECTION('',(0.E0,9.701425001453E-1,2.425356250363E-1));
#16508=AXIS2_PLACEMENT_3D('',#16505,#16506,#16507);
#16509=PLANE('',#16508);
#16510=ORIENTED_EDGE('',*,*,#16497,.F.);
#16512=ORIENTED_EDGE('',*,*,#16511,.F.);
#16514=ORIENTED_EDGE('',*,*,#16513,.T.);
#16516=ORIENTED_EDGE('',*,*,#16515,.T.);
#16517=EDGE_LOOP('',(#16510,#16512,#16514,#16516));
#16518=FACE_OUTER_BOUND('',#16517,.F.);
#16519=ADVANCED_FACE('',(#16518),#16509,.T.);
#16520=CARTESIAN_POINT('',(-1.06E0,-7.35E0,1.27E0));
#16521=DIRECTION('',(9.701425001453E-1,-2.425356250363E-1,0.E0));
#16522=DIRECTION('',(-2.425356250363E-1,-9.701425001453E-1,0.E0));
#16523=AXIS2_PLACEMENT_3D('',#16520,#16521,#16522);
#16524=PLANE('',#16523);
#16526=ORIENTED_EDGE('',*,*,#16525,.F.);
#16527=ORIENTED_EDGE('',*,*,#16511,.T.);
#16528=ORIENTED_EDGE('',*,*,#16431,.T.);
#16530=ORIENTED_EDGE('',*,*,#16529,.T.);
#16531=EDGE_LOOP('',(#16526,#16527,#16528,#16530));
#16532=FACE_OUTER_BOUND('',#16531,.F.);
#16533=ADVANCED_FACE('',(#16532),#16524,.T.);
#16534=CARTESIAN_POINT('',(-1.58E0,-7.75E0,1.58E0));
#16535=DIRECTION('',(0.E0,-1.E0,0.E0));
#16536=DIRECTION('',(0.E0,0.E0,-1.E0));
#16537=AXIS2_PLACEMENT_3D('',#16534,#16535,#16536);
#16538=PLANE('',#16537);
#16540=ORIENTED_EDGE('',*,*,#16539,.T.);
#16542=ORIENTED_EDGE('',*,*,#16541,.T.);
#16543=ORIENTED_EDGE('',*,*,#16513,.F.);
#16544=ORIENTED_EDGE('',*,*,#16525,.T.);
#16545=EDGE_LOOP('',(#16540,#16542,#16543,#16544));
#16546=FACE_OUTER_BOUND('',#16545,.F.);
#16547=ADVANCED_FACE('',(#16546),#16538,.T.);
#16548=CARTESIAN_POINT('',(-1.27E0,-7.35E0,1.06E0));
#16549=DIRECTION('',(0.E0,-2.425356250363E-1,-9.701425001453E-1));
#16550=DIRECTION('',(0.E0,-9.701425001453E-1,2.425356250363E-1));
#16551=AXIS2_PLACEMENT_3D('',#16548,#16549,#16550);
#16552=PLANE('',#16551);
#16553=ORIENTED_EDGE('',*,*,#16373,.T.);
#16555=ORIENTED_EDGE('',*,*,#16554,.F.);
#16556=ORIENTED_EDGE('',*,*,#16539,.F.);
#16557=ORIENTED_EDGE('',*,*,#16529,.F.);
#16558=EDGE_LOOP('',(#16553,#16555,#16556,#16557));
#16559=FACE_OUTER_BOUND('',#16558,.F.);
#16560=ADVANCED_FACE('',(#16559),#16552,.T.);
#16561=CARTESIAN_POINT('',(-1.48E0,-7.35E0,1.27E0));
#16562=DIRECTION('',(-9.701425001453E-1,-2.425356250363E-1,0.E0));
#16563=DIRECTION('',(2.425356250363E-1,-9.701425001453E-1,0.E0));
#16564=AXIS2_PLACEMENT_3D('',#16561,#16562,#16563);
#16565=PLANE('',#16564);
#16566=ORIENTED_EDGE('',*,*,#16315,.T.);
#16567=ORIENTED_EDGE('',*,*,#16515,.F.);
#16568=ORIENTED_EDGE('',*,*,#16541,.F.);
#16569=ORIENTED_EDGE('',*,*,#16554,.T.);
#16570=EDGE_LOOP('',(#16566,#16567,#16568,#16569));
#16571=FACE_OUTER_BOUND('',#16570,.F.);
#16572=ADVANCED_FACE('',(#16571),#16565,.T.);
#16573=CARTESIAN_POINT('',(-1.06E0,4.E0,-1.27E0));
#16574=DIRECTION('',(9.701425001453E-1,2.425356250363E-1,0.E0));
#16575=DIRECTION('',(-2.425356250363E-1,9.701425001453E-1,0.E0));
#16576=AXIS2_PLACEMENT_3D('',#16573,#16574,#16575);
#16577=PLANE('',#16576);
#16579=ORIENTED_EDGE('',*,*,#16578,.F.);
#16581=ORIENTED_EDGE('',*,*,#16580,.T.);
#16582=ORIENTED_EDGE('',*,*,#16401,.T.);
#16584=ORIENTED_EDGE('',*,*,#16583,.T.);
#16585=EDGE_LOOP('',(#16579,#16581,#16582,#16584));
#16586=FACE_OUTER_BOUND('',#16585,.F.);
#16587=ADVANCED_FACE('',(#16586),#16577,.T.);
#16588=CARTESIAN_POINT('',(-1.58E0,4.4E0,-1.58E0));
#16589=DIRECTION('',(0.E0,1.E0,0.E0));
#16590=DIRECTION('',(0.E0,0.E0,1.E0));
#16591=AXIS2_PLACEMENT_3D('',#16588,#16589,#16590);
#16592=PLANE('',#16591);
#16594=ORIENTED_EDGE('',*,*,#16593,.F.);
#16595=ORIENTED_EDGE('',*,*,#16578,.T.);
#16597=ORIENTED_EDGE('',*,*,#16596,.T.);
#16599=ORIENTED_EDGE('',*,*,#16598,.T.);
#16600=EDGE_LOOP('',(#16594,#16595,#16597,#16599));
#16601=FACE_OUTER_BOUND('',#16600,.F.);
#16602=ADVANCED_FACE('',(#16601),#16592,.T.);
#16603=CARTESIAN_POINT('',(-1.27E0,4.E0,-1.48E0));
#16604=DIRECTION('',(0.E0,2.425356250363E-1,-9.701425001453E-1));
#16605=DIRECTION('',(0.E0,-9.701425001453E-1,-2.425356250363E-1));
#16606=AXIS2_PLACEMENT_3D('',#16603,#16604,#16605);
#16607=PLANE('',#16606);
#16608=ORIENTED_EDGE('',*,*,#16593,.T.);
#16610=ORIENTED_EDGE('',*,*,#16609,.F.);
#16612=ORIENTED_EDGE('',*,*,#16611,.F.);
#16613=ORIENTED_EDGE('',*,*,#16580,.F.);
#16614=EDGE_LOOP('',(#16608,#16610,#16612,#16613));
#16615=FACE_OUTER_BOUND('',#16614,.F.);
#16616=ADVANCED_FACE('',(#16615),#16607,.T.);
#16617=CARTESIAN_POINT('',(-1.48E0,4.E0,-1.27E0));
#16618=DIRECTION('',(-9.701425001453E-1,2.425356250363E-1,0.E0));
#16619=DIRECTION('',(2.425356250363E-1,9.701425001453E-1,0.E0));
#16620=AXIS2_PLACEMENT_3D('',#16617,#16618,#16619);
#16621=PLANE('',#16620);
#16622=ORIENTED_EDGE('',*,*,#16598,.F.);
#16624=ORIENTED_EDGE('',*,*,#16623,.T.);
#16625=ORIENTED_EDGE('',*,*,#16285,.T.);
#16626=ORIENTED_EDGE('',*,*,#16609,.T.);
#16627=EDGE_LOOP('',(#16622,#16624,#16625,#16626));
#16628=FACE_OUTER_BOUND('',#16627,.F.);
#16629=ADVANCED_FACE('',(#16628),#16621,.T.);
#16630=CARTESIAN_POINT('',(-1.27E0,4.E0,-1.06E0));
#16631=DIRECTION('',(0.E0,2.425356250363E-1,9.701425001453E-1));
#16632=DIRECTION('',(0.E0,9.701425001453E-1,-2.425356250363E-1));
#16633=AXIS2_PLACEMENT_3D('',#16630,#16631,#16632);
#16634=PLANE('',#16633);
#16636=ORIENTED_EDGE('',*,*,#16635,.T.);
#16637=ORIENTED_EDGE('',*,*,#16623,.F.);
#16638=ORIENTED_EDGE('',*,*,#16596,.F.);
#16639=ORIENTED_EDGE('',*,*,#16583,.F.);
#16640=EDGE_LOOP('',(#16636,#16637,#16638,#16639));
#16641=FACE_OUTER_BOUND('',#16640,.F.);
#16642=ADVANCED_FACE('',(#16641),#16634,.T.);
#16643=CARTESIAN_POINT('',(-1.58E0,4.4E0,-9.6E-1));
#16644=DIRECTION('',(0.E0,0.E0,1.E0));
#16645=DIRECTION('',(0.E0,-1.E0,0.E0));
#16646=AXIS2_PLACEMENT_3D('',#16643,#16644,#16645);
#16647=PLANE('',#16646);
#16648=ORIENTED_EDGE('',*,*,#16635,.F.);
#16649=ORIENTED_EDGE('',*,*,#16406,.T.);
#16650=ORIENTED_EDGE('',*,*,#10499,.F.);
#16651=ORIENTED_EDGE('',*,*,#16287,.F.);
#16652=EDGE_LOOP('',(#16648,#16649,#16650,#16651));
#16653=FACE_OUTER_BOUND('',#16652,.F.);
#16654=ADVANCED_FACE('',(#16653),#16647,.T.);
#16655=CARTESIAN_POINT('',(-1.58E0,4.4E0,-9.6E-1));
#16656=DIRECTION('',(0.E0,0.E0,1.E0));
#16657=DIRECTION('',(0.E0,-1.E0,0.E0));
#16658=AXIS2_PLACEMENT_3D('',#16655,#16656,#16657);
#16659=PLANE('',#16658);
#16661=ORIENTED_EDGE('',*,*,#16660,.T.);
#16662=ORIENTED_EDGE('',*,*,#16305,.F.);
#16663=ORIENTED_EDGE('',*,*,#9510,.T.);
#16664=ORIENTED_EDGE('',*,*,#16418,.T.);
#16665=EDGE_LOOP('',(#16661,#16662,#16663,#16664));
#16666=FACE_OUTER_BOUND('',#16665,.F.);
#16667=ADVANCED_FACE('',(#16666),#16659,.T.);
#16668=CARTESIAN_POINT('',(-1.27E0,-7.35E0,-1.06E0));
#16669=DIRECTION('',(0.E0,-2.425356250363E-1,9.701425001453E-1));
#16670=DIRECTION('',(0.E0,9.701425001453E-1,2.425356250363E-1));
#16671=AXIS2_PLACEMENT_3D('',#16668,#16669,#16670);
#16672=PLANE('',#16671);
#16673=ORIENTED_EDGE('',*,*,#16660,.F.);
#16675=ORIENTED_EDGE('',*,*,#16674,.F.);
#16677=ORIENTED_EDGE('',*,*,#16676,.T.);
#16679=ORIENTED_EDGE('',*,*,#16678,.T.);
#16680=EDGE_LOOP('',(#16673,#16675,#16677,#16679));
#16681=FACE_OUTER_BOUND('',#16680,.F.);
#16682=ADVANCED_FACE('',(#16681),#16672,.T.);
#16683=CARTESIAN_POINT('',(-1.06E0,-7.35E0,-1.27E0));
#16684=DIRECTION('',(9.701425001453E-1,-2.425356250363E-1,0.E0));
#16685=DIRECTION('',(-2.425356250363E-1,-9.701425001453E-1,0.E0));
#16686=AXIS2_PLACEMENT_3D('',#16683,#16684,#16685);
#16687=PLANE('',#16686);
#16689=ORIENTED_EDGE('',*,*,#16688,.F.);
#16690=ORIENTED_EDGE('',*,*,#16674,.T.);
#16691=ORIENTED_EDGE('',*,*,#16416,.T.);
#16693=ORIENTED_EDGE('',*,*,#16692,.T.);
#16694=EDGE_LOOP('',(#16689,#16690,#16691,#16693));
#16695=FACE_OUTER_BOUND('',#16694,.F.);
#16696=ADVANCED_FACE('',(#16695),#16687,.T.);
#16697=CARTESIAN_POINT('',(-1.58E0,-7.75E0,-9.6E-1));
#16698=DIRECTION('',(0.E0,-1.E0,0.E0));
#16699=DIRECTION('',(0.E0,0.E0,-1.E0));
#16700=AXIS2_PLACEMENT_3D('',#16697,#16698,#16699);
#16701=PLANE('',#16700);
#16703=ORIENTED_EDGE('',*,*,#16702,.T.);
#16705=ORIENTED_EDGE('',*,*,#16704,.T.);
#16706=ORIENTED_EDGE('',*,*,#16676,.F.);
#16707=ORIENTED_EDGE('',*,*,#16688,.T.);
#16708=EDGE_LOOP('',(#16703,#16705,#16706,#16707));
#16709=FACE_OUTER_BOUND('',#16708,.F.);
#16710=ADVANCED_FACE('',(#16709),#16701,.T.);
#16711=CARTESIAN_POINT('',(-1.27E0,-7.35E0,-1.48E0));
#16712=DIRECTION('',(0.E0,-2.425356250363E-1,-9.701425001453E-1));
#16713=DIRECTION('',(0.E0,-9.701425001453E-1,2.425356250363E-1));
#16714=AXIS2_PLACEMENT_3D('',#16711,#16712,#16713);
#16715=PLANE('',#16714);
#16717=ORIENTED_EDGE('',*,*,#16716,.T.);
#16719=ORIENTED_EDGE('',*,*,#16718,.F.);
#16720=ORIENTED_EDGE('',*,*,#16702,.F.);
#16721=ORIENTED_EDGE('',*,*,#16692,.F.);
#16722=EDGE_LOOP('',(#16717,#16719,#16720,#16721));
#16723=FACE_OUTER_BOUND('',#16722,.F.);
#16724=ADVANCED_FACE('',(#16723),#16715,.T.);
#16725=CARTESIAN_POINT('',(-1.58E0,-7.75E0,-1.58E0));
#16726=DIRECTION('',(0.E0,0.E0,-1.E0));
#16727=DIRECTION('',(0.E0,1.E0,0.E0));
#16728=AXIS2_PLACEMENT_3D('',#16725,#16726,#16727);
#16729=PLANE('',#16728);
#16730=ORIENTED_EDGE('',*,*,#16611,.T.);
#16731=ORIENTED_EDGE('',*,*,#16290,.F.);
#16732=ORIENTED_EDGE('',*,*,#10503,.T.);
#16733=ORIENTED_EDGE('',*,*,#16403,.T.);
#16734=EDGE_LOOP('',(#16730,#16731,#16732,#16733));
#16735=FACE_OUTER_BOUND('',#16734,.F.);
#16736=ADVANCED_FACE('',(#16735),#16729,.T.);
#16737=CARTESIAN_POINT('',(-1.58E0,-7.75E0,-1.58E0));
#16738=DIRECTION('',(0.E0,0.E0,-1.E0));
#16739=DIRECTION('',(0.E0,1.E0,0.E0));
#16740=AXIS2_PLACEMENT_3D('',#16737,#16738,#16739);
#16741=PLANE('',#16740);
#16742=ORIENTED_EDGE('',*,*,#16716,.F.);
#16743=ORIENTED_EDGE('',*,*,#16421,.T.);
#16744=ORIENTED_EDGE('',*,*,#9506,.F.);
#16745=ORIENTED_EDGE('',*,*,#16302,.F.);
#16746=EDGE_LOOP('',(#16742,#16743,#16744,#16745));
#16747=FACE_OUTER_BOUND('',#16746,.F.);
#16748=ADVANCED_FACE('',(#16747),#16741,.T.);
#16749=CARTESIAN_POINT('',(-1.48E0,-7.35E0,-1.27E0));
#16750=DIRECTION('',(-9.701425001453E-1,-2.425356250363E-1,0.E0));
#16751=DIRECTION('',(2.425356250363E-1,-9.701425001453E-1,0.E0));
#16752=AXIS2_PLACEMENT_3D('',#16749,#16750,#16751);
#16753=PLANE('',#16752);
#16754=ORIENTED_EDGE('',*,*,#16300,.T.);
#16755=ORIENTED_EDGE('',*,*,#16678,.F.);
#16756=ORIENTED_EDGE('',*,*,#16704,.F.);
#16757=ORIENTED_EDGE('',*,*,#16718,.T.);
#16758=EDGE_LOOP('',(#16754,#16755,#16756,#16757));
#16759=FACE_OUTER_BOUND('',#16758,.F.);
#16760=ADVANCED_FACE('',(#16759),#16753,.T.);
#16761=CARTESIAN_POINT('',(9.6E-1,0.E0,0.E0));
#16762=DIRECTION('',(1.E0,0.E0,0.E0));
#16763=DIRECTION('',(0.E0,0.E0,-1.E0));
#16764=AXIS2_PLACEMENT_3D('',#16761,#16762,#16763);
#16765=PLANE('',#16764);
#16767=ORIENTED_EDGE('',*,*,#16766,.F.);
#16769=ORIENTED_EDGE('',*,*,#16768,.T.);
#16770=ORIENTED_EDGE('',*,*,#10507,.T.);
#16772=ORIENTED_EDGE('',*,*,#16771,.T.);
#16773=EDGE_LOOP('',(#16767,#16769,#16770,#16772));
#16774=FACE_OUTER_BOUND('',#16773,.F.);
#16775=ADVANCED_FACE('',(#16774),#16765,.F.);
#16776=CARTESIAN_POINT('',(9.6E-1,0.E0,0.E0));
#16777=DIRECTION('',(1.E0,0.E0,0.E0));
#16778=DIRECTION('',(0.E0,0.E0,-1.E0));
#16779=AXIS2_PLACEMENT_3D('',#16776,#16777,#16778);
#16780=PLANE('',#16779);
#16782=ORIENTED_EDGE('',*,*,#16781,.F.);
#16784=ORIENTED_EDGE('',*,*,#16783,.T.);
#16785=ORIENTED_EDGE('',*,*,#10517,.T.);
#16787=ORIENTED_EDGE('',*,*,#16786,.T.);
#16788=EDGE_LOOP('',(#16782,#16784,#16785,#16787));
#16789=FACE_OUTER_BOUND('',#16788,.F.);
#16790=ADVANCED_FACE('',(#16789),#16780,.F.);
#16791=CARTESIAN_POINT('',(9.6E-1,0.E0,0.E0));
#16792=DIRECTION('',(1.E0,0.E0,0.E0));
#16793=DIRECTION('',(0.E0,0.E0,-1.E0));
#16794=AXIS2_PLACEMENT_3D('',#16791,#16792,#16793);
#16795=PLANE('',#16794);
#16797=ORIENTED_EDGE('',*,*,#16796,.F.);
#16799=ORIENTED_EDGE('',*,*,#16798,.T.);
#16800=ORIENTED_EDGE('',*,*,#9524,.F.);
#16802=ORIENTED_EDGE('',*,*,#16801,.T.);
#16803=EDGE_LOOP('',(#16797,#16799,#16800,#16802));
#16804=FACE_OUTER_BOUND('',#16803,.F.);
#16805=ADVANCED_FACE('',(#16804),#16795,.F.);
#16806=CARTESIAN_POINT('',(9.6E-1,0.E0,0.E0));
#16807=DIRECTION('',(1.E0,0.E0,0.E0));
#16808=DIRECTION('',(0.E0,0.E0,-1.E0));
#16809=AXIS2_PLACEMENT_3D('',#16806,#16807,#16808);
#16810=PLANE('',#16809);
#16812=ORIENTED_EDGE('',*,*,#16811,.F.);
#16814=ORIENTED_EDGE('',*,*,#16813,.T.);
#16815=ORIENTED_EDGE('',*,*,#9514,.F.);
#16817=ORIENTED_EDGE('',*,*,#16816,.T.);
#16818=EDGE_LOOP('',(#16812,#16814,#16815,#16817));
#16819=FACE_OUTER_BOUND('',#16818,.F.);
#16820=ADVANCED_FACE('',(#16819),#16810,.F.);
#16821=CARTESIAN_POINT('',(1.06E0,4.E0,1.27E0));
#16822=DIRECTION('',(-9.701425001453E-1,2.425356250363E-1,0.E0));
#16823=DIRECTION('',(2.425356250363E-1,9.701425001453E-1,0.E0));
#16824=AXIS2_PLACEMENT_3D('',#16821,#16822,#16823);
#16825=PLANE('',#16824);
#16826=ORIENTED_EDGE('',*,*,#16766,.T.);
#16828=ORIENTED_EDGE('',*,*,#16827,.F.);
#16830=ORIENTED_EDGE('',*,*,#16829,.F.);
#16832=ORIENTED_EDGE('',*,*,#16831,.T.);
#16833=EDGE_LOOP('',(#16826,#16828,#16830,#16832));
#16834=FACE_OUTER_BOUND('',#16833,.F.);
#16835=ADVANCED_FACE('',(#16834),#16825,.T.);
#16836=CARTESIAN_POINT('',(1.27E0,4.E0,1.06E0));
#16837=DIRECTION('',(0.E0,2.425356250363E-1,-9.701425001453E-1));
#16838=DIRECTION('',(0.E0,-9.701425001453E-1,-2.425356250363E-1));
#16839=AXIS2_PLACEMENT_3D('',#16836,#16837,#16838);
#16840=PLANE('',#16839);
#16842=ORIENTED_EDGE('',*,*,#16841,.F.);
#16844=ORIENTED_EDGE('',*,*,#16843,.F.);
#16846=ORIENTED_EDGE('',*,*,#16845,.T.);
#16847=ORIENTED_EDGE('',*,*,#16827,.T.);
#16848=EDGE_LOOP('',(#16842,#16844,#16846,#16847));
#16849=FACE_OUTER_BOUND('',#16848,.F.);
#16850=ADVANCED_FACE('',(#16849),#16840,.T.);
#16851=CARTESIAN_POINT('',(9.6E-1,-7.75E0,9.6E-1));
#16852=DIRECTION('',(0.E0,0.E0,-1.E0));
#16853=DIRECTION('',(0.E0,1.E0,0.E0));
#16854=AXIS2_PLACEMENT_3D('',#16851,#16852,#16853);
#16855=PLANE('',#16854);
#16856=ORIENTED_EDGE('',*,*,#16841,.T.);
#16857=ORIENTED_EDGE('',*,*,#16771,.F.);
#16858=ORIENTED_EDGE('',*,*,#10513,.T.);
#16860=ORIENTED_EDGE('',*,*,#16859,.T.);
#16861=EDGE_LOOP('',(#16856,#16857,#16858,#16860));
#16862=FACE_OUTER_BOUND('',#16861,.F.);
#16863=ADVANCED_FACE('',(#16862),#16855,.T.);
#16864=CARTESIAN_POINT('',(9.6E-1,-7.75E0,9.6E-1));
#16865=DIRECTION('',(0.E0,0.E0,-1.E0));
#16866=DIRECTION('',(0.E0,1.E0,0.E0));
#16867=AXIS2_PLACEMENT_3D('',#16864,#16865,#16866);
#16868=PLANE('',#16867);
#16870=ORIENTED_EDGE('',*,*,#16869,.F.);
#16872=ORIENTED_EDGE('',*,*,#16871,.T.);
#16873=ORIENTED_EDGE('',*,*,#9516,.F.);
#16874=ORIENTED_EDGE('',*,*,#16813,.F.);
#16875=EDGE_LOOP('',(#16870,#16872,#16873,#16874));
#16876=FACE_OUTER_BOUND('',#16875,.F.);
#16877=ADVANCED_FACE('',(#16876),#16868,.T.);
#16878=CARTESIAN_POINT('',(1.58E0,0.E0,0.E0));
#16879=DIRECTION('',(1.E0,0.E0,0.E0));
#16880=DIRECTION('',(0.E0,0.E0,-1.E0));
#16881=AXIS2_PLACEMENT_3D('',#16878,#16879,#16880);
#16882=PLANE('',#16881);
#16884=ORIENTED_EDGE('',*,*,#16883,.F.);
#16885=ORIENTED_EDGE('',*,*,#16859,.F.);
#16886=ORIENTED_EDGE('',*,*,#10511,.F.);
#16888=ORIENTED_EDGE('',*,*,#16887,.F.);
#16889=EDGE_LOOP('',(#16884,#16885,#16886,#16888));
#16890=FACE_OUTER_BOUND('',#16889,.F.);
#16891=ADVANCED_FACE('',(#16890),#16882,.T.);
#16892=CARTESIAN_POINT('',(1.58E0,0.E0,0.E0));
#16893=DIRECTION('',(1.E0,0.E0,0.E0));
#16894=DIRECTION('',(0.E0,0.E0,-1.E0));
#16895=AXIS2_PLACEMENT_3D('',#16892,#16893,#16894);
#16896=PLANE('',#16895);
#16898=ORIENTED_EDGE('',*,*,#16897,.F.);
#16900=ORIENTED_EDGE('',*,*,#16899,.F.);
#16901=ORIENTED_EDGE('',*,*,#10521,.F.);
#16903=ORIENTED_EDGE('',*,*,#16902,.F.);
#16904=EDGE_LOOP('',(#16898,#16900,#16901,#16903));
#16905=FACE_OUTER_BOUND('',#16904,.F.);
#16906=ADVANCED_FACE('',(#16905),#16896,.T.);
#16907=CARTESIAN_POINT('',(1.58E0,0.E0,0.E0));
#16908=DIRECTION('',(1.E0,0.E0,0.E0));
#16909=DIRECTION('',(0.E0,0.E0,-1.E0));
#16910=AXIS2_PLACEMENT_3D('',#16907,#16908,#16909);
#16911=PLANE('',#16910);
#16913=ORIENTED_EDGE('',*,*,#16912,.F.);
#16915=ORIENTED_EDGE('',*,*,#16914,.F.);
#16916=ORIENTED_EDGE('',*,*,#9528,.T.);
#16918=ORIENTED_EDGE('',*,*,#16917,.F.);
#16919=EDGE_LOOP('',(#16913,#16915,#16916,#16918));
#16920=FACE_OUTER_BOUND('',#16919,.F.);
#16921=ADVANCED_FACE('',(#16920),#16911,.T.);
#16922=CARTESIAN_POINT('',(1.58E0,0.E0,0.E0));
#16923=DIRECTION('',(1.E0,0.E0,0.E0));
#16924=DIRECTION('',(0.E0,0.E0,-1.E0));
#16925=AXIS2_PLACEMENT_3D('',#16922,#16923,#16924);
#16926=PLANE('',#16925);
#16928=ORIENTED_EDGE('',*,*,#16927,.F.);
#16930=ORIENTED_EDGE('',*,*,#16929,.F.);
#16931=ORIENTED_EDGE('',*,*,#9518,.T.);
#16932=ORIENTED_EDGE('',*,*,#16871,.F.);
#16933=EDGE_LOOP('',(#16928,#16930,#16931,#16932));
#16934=FACE_OUTER_BOUND('',#16933,.F.);
#16935=ADVANCED_FACE('',(#16934),#16926,.T.);
#16936=CARTESIAN_POINT('',(1.48E0,4.E0,1.27E0));
#16937=DIRECTION('',(9.701425001453E-1,2.425356250363E-1,0.E0));
#16938=DIRECTION('',(-2.425356250363E-1,9.701425001453E-1,0.E0));
#16939=AXIS2_PLACEMENT_3D('',#16936,#16937,#16938);
#16940=PLANE('',#16939);
#16942=ORIENTED_EDGE('',*,*,#16941,.F.);
#16943=ORIENTED_EDGE('',*,*,#16843,.T.);
#16944=ORIENTED_EDGE('',*,*,#16883,.T.);
#16946=ORIENTED_EDGE('',*,*,#16945,.F.);
#16947=EDGE_LOOP('',(#16942,#16943,#16944,#16946));
#16948=FACE_OUTER_BOUND('',#16947,.F.);
#16949=ADVANCED_FACE('',(#16948),#16940,.T.);
#16950=CARTESIAN_POINT('',(9.6E-1,4.4E0,9.6E-1));
#16951=DIRECTION('',(0.E0,1.E0,0.E0));
#16952=DIRECTION('',(0.E0,0.E0,1.E0));
#16953=AXIS2_PLACEMENT_3D('',#16950,#16951,#16952);
#16954=PLANE('',#16953);
#16956=ORIENTED_EDGE('',*,*,#16955,.T.);
#16957=ORIENTED_EDGE('',*,*,#16829,.T.);
#16958=ORIENTED_EDGE('',*,*,#16845,.F.);
#16959=ORIENTED_EDGE('',*,*,#16941,.T.);
#16960=EDGE_LOOP('',(#16956,#16957,#16958,#16959));
#16961=FACE_OUTER_BOUND('',#16960,.F.);
#16962=ADVANCED_FACE('',(#16961),#16954,.T.);
#16963=CARTESIAN_POINT('',(1.27E0,4.E0,1.48E0));
#16964=DIRECTION('',(0.E0,2.425356250363E-1,9.701425001453E-1));
#16965=DIRECTION('',(0.E0,9.701425001453E-1,-2.425356250363E-1));
#16966=AXIS2_PLACEMENT_3D('',#16963,#16964,#16965);
#16967=PLANE('',#16966);
#16969=ORIENTED_EDGE('',*,*,#16968,.T.);
#16970=ORIENTED_EDGE('',*,*,#16831,.F.);
#16971=ORIENTED_EDGE('',*,*,#16955,.F.);
#16972=ORIENTED_EDGE('',*,*,#16945,.T.);
#16973=EDGE_LOOP('',(#16969,#16970,#16971,#16972));
#16974=FACE_OUTER_BOUND('',#16973,.F.);
#16975=ADVANCED_FACE('',(#16974),#16967,.T.);
#16976=CARTESIAN_POINT('',(9.6E-1,4.4E0,1.58E0));
#16977=DIRECTION('',(0.E0,0.E0,1.E0));
#16978=DIRECTION('',(0.E0,-1.E0,0.E0));
#16979=AXIS2_PLACEMENT_3D('',#16976,#16977,#16978);
#16980=PLANE('',#16979);
#16981=ORIENTED_EDGE('',*,*,#16968,.F.);
#16982=ORIENTED_EDGE('',*,*,#16887,.T.);
#16983=ORIENTED_EDGE('',*,*,#10509,.F.);
#16984=ORIENTED_EDGE('',*,*,#16768,.F.);
#16985=EDGE_LOOP('',(#16981,#16982,#16983,#16984));
#16986=FACE_OUTER_BOUND('',#16985,.F.);
#16987=ADVANCED_FACE('',(#16986),#16980,.T.);
#16988=CARTESIAN_POINT('',(9.6E-1,4.4E0,1.58E0));
#16989=DIRECTION('',(0.E0,0.E0,1.E0));
#16990=DIRECTION('',(0.E0,-1.E0,0.E0));
#16991=AXIS2_PLACEMENT_3D('',#16988,#16989,#16990);
#16992=PLANE('',#16991);
#16994=ORIENTED_EDGE('',*,*,#16993,.T.);
#16995=ORIENTED_EDGE('',*,*,#16816,.F.);
#16996=ORIENTED_EDGE('',*,*,#9520,.T.);
#16997=ORIENTED_EDGE('',*,*,#16929,.T.);
#16998=EDGE_LOOP('',(#16994,#16995,#16996,#16997));
#16999=FACE_OUTER_BOUND('',#16998,.F.);
#17000=ADVANCED_FACE('',(#16999),#16992,.T.);
#17001=CARTESIAN_POINT('',(1.27E0,-7.35E0,1.48E0));
#17002=DIRECTION('',(0.E0,-2.425356250363E-1,9.701425001453E-1));
#17003=DIRECTION('',(0.E0,9.701425001453E-1,2.425356250363E-1));
#17004=AXIS2_PLACEMENT_3D('',#17001,#17002,#17003);
#17005=PLANE('',#17004);
#17006=ORIENTED_EDGE('',*,*,#16993,.F.);
#17008=ORIENTED_EDGE('',*,*,#17007,.F.);
#17010=ORIENTED_EDGE('',*,*,#17009,.T.);
#17012=ORIENTED_EDGE('',*,*,#17011,.T.);
#17013=EDGE_LOOP('',(#17006,#17008,#17010,#17012));
#17014=FACE_OUTER_BOUND('',#17013,.F.);
#17015=ADVANCED_FACE('',(#17014),#17005,.T.);
#17016=CARTESIAN_POINT('',(1.48E0,-7.35E0,1.27E0));
#17017=DIRECTION('',(9.701425001453E-1,-2.425356250363E-1,0.E0));
#17018=DIRECTION('',(-2.425356250363E-1,-9.701425001453E-1,0.E0));
#17019=AXIS2_PLACEMENT_3D('',#17016,#17017,#17018);
#17020=PLANE('',#17019);
#17022=ORIENTED_EDGE('',*,*,#17021,.F.);
#17023=ORIENTED_EDGE('',*,*,#17007,.T.);
#17024=ORIENTED_EDGE('',*,*,#16927,.T.);
#17026=ORIENTED_EDGE('',*,*,#17025,.T.);
#17027=EDGE_LOOP('',(#17022,#17023,#17024,#17026));
#17028=FACE_OUTER_BOUND('',#17027,.F.);
#17029=ADVANCED_FACE('',(#17028),#17020,.T.);
#17030=CARTESIAN_POINT('',(9.6E-1,-7.75E0,1.58E0));
#17031=DIRECTION('',(0.E0,-1.E0,0.E0));
#17032=DIRECTION('',(0.E0,0.E0,-1.E0));
#17033=AXIS2_PLACEMENT_3D('',#17030,#17031,#17032);
#17034=PLANE('',#17033);
#17036=ORIENTED_EDGE('',*,*,#17035,.T.);
#17038=ORIENTED_EDGE('',*,*,#17037,.T.);
#17039=ORIENTED_EDGE('',*,*,#17009,.F.);
#17040=ORIENTED_EDGE('',*,*,#17021,.T.);
#17041=EDGE_LOOP('',(#17036,#17038,#17039,#17040));
#17042=FACE_OUTER_BOUND('',#17041,.F.);
#17043=ADVANCED_FACE('',(#17042),#17034,.T.);
#17044=CARTESIAN_POINT('',(1.27E0,-7.35E0,1.06E0));
#17045=DIRECTION('',(0.E0,-2.425356250363E-1,-9.701425001453E-1));
#17046=DIRECTION('',(0.E0,-9.701425001453E-1,2.425356250363E-1));
#17047=AXIS2_PLACEMENT_3D('',#17044,#17045,#17046);
#17048=PLANE('',#17047);
#17049=ORIENTED_EDGE('',*,*,#16869,.T.);
#17051=ORIENTED_EDGE('',*,*,#17050,.F.);
#17052=ORIENTED_EDGE('',*,*,#17035,.F.);
#17053=ORIENTED_EDGE('',*,*,#17025,.F.);
#17054=EDGE_LOOP('',(#17049,#17051,#17052,#17053));
#17055=FACE_OUTER_BOUND('',#17054,.F.);
#17056=ADVANCED_FACE('',(#17055),#17048,.T.);
#17057=CARTESIAN_POINT('',(1.06E0,-7.35E0,1.27E0));
#17058=DIRECTION('',(-9.701425001453E-1,-2.425356250363E-1,0.E0));
#17059=DIRECTION('',(2.425356250363E-1,-9.701425001453E-1,0.E0));
#17060=AXIS2_PLACEMENT_3D('',#17057,#17058,#17059);
#17061=PLANE('',#17060);
#17062=ORIENTED_EDGE('',*,*,#16811,.T.);
#17063=ORIENTED_EDGE('',*,*,#17011,.F.);
#17064=ORIENTED_EDGE('',*,*,#17037,.F.);
#17065=ORIENTED_EDGE('',*,*,#17050,.T.);
#17066=EDGE_LOOP('',(#17062,#17063,#17064,#17065));
#17067=FACE_OUTER_BOUND('',#17066,.F.);
#17068=ADVANCED_FACE('',(#17067),#17061,.T.);
#17069=CARTESIAN_POINT('',(1.48E0,4.E0,-1.27E0));
#17070=DIRECTION('',(9.701425001453E-1,2.425356250363E-1,0.E0));
#17071=DIRECTION('',(-2.425356250363E-1,9.701425001453E-1,0.E0));
#17072=AXIS2_PLACEMENT_3D('',#17069,#17070,#17071);
#17073=PLANE('',#17072);
#17075=ORIENTED_EDGE('',*,*,#17074,.F.);
#17077=ORIENTED_EDGE('',*,*,#17076,.T.);
#17078=ORIENTED_EDGE('',*,*,#16897,.T.);
#17080=ORIENTED_EDGE('',*,*,#17079,.T.);
#17081=EDGE_LOOP('',(#17075,#17077,#17078,#17080));
#17082=FACE_OUTER_BOUND('',#17081,.F.);
#17083=ADVANCED_FACE('',(#17082),#17073,.T.);
#17084=CARTESIAN_POINT('',(9.6E-1,4.4E0,-1.58E0));
#17085=DIRECTION('',(0.E0,1.E0,0.E0));
#17086=DIRECTION('',(0.E0,0.E0,1.E0));
#17087=AXIS2_PLACEMENT_3D('',#17084,#17085,#17086);
#17088=PLANE('',#17087);
#17090=ORIENTED_EDGE('',*,*,#17089,.F.);
#17091=ORIENTED_EDGE('',*,*,#17074,.T.);
#17093=ORIENTED_EDGE('',*,*,#17092,.T.);
#17095=ORIENTED_EDGE('',*,*,#17094,.T.);
#17096=EDGE_LOOP('',(#17090,#17091,#17093,#17095));
#17097=FACE_OUTER_BOUND('',#17096,.F.);
#17098=ADVANCED_FACE('',(#17097),#17088,.T.);
#17099=CARTESIAN_POINT('',(1.27E0,4.E0,-1.48E0));
#17100=DIRECTION('',(0.E0,2.425356250363E-1,-9.701425001453E-1));
#17101=DIRECTION('',(0.E0,-9.701425001453E-1,-2.425356250363E-1));
#17102=AXIS2_PLACEMENT_3D('',#17099,#17100,#17101);
#17103=PLANE('',#17102);
#17104=ORIENTED_EDGE('',*,*,#17089,.T.);
#17106=ORIENTED_EDGE('',*,*,#17105,.F.);
#17108=ORIENTED_EDGE('',*,*,#17107,.F.);
#17109=ORIENTED_EDGE('',*,*,#17076,.F.);
#17110=EDGE_LOOP('',(#17104,#17106,#17108,#17109));
#17111=FACE_OUTER_BOUND('',#17110,.F.);
#17112=ADVANCED_FACE('',(#17111),#17103,.T.);
#17113=CARTESIAN_POINT('',(1.06E0,4.E0,-1.27E0));
#17114=DIRECTION('',(-9.701425001453E-1,2.425356250363E-1,0.E0));
#17115=DIRECTION('',(2.425356250363E-1,9.701425001453E-1,0.E0));
#17116=AXIS2_PLACEMENT_3D('',#17113,#17114,#17115);
#17117=PLANE('',#17116);
#17118=ORIENTED_EDGE('',*,*,#17094,.F.);
#17120=ORIENTED_EDGE('',*,*,#17119,.T.);
#17121=ORIENTED_EDGE('',*,*,#16781,.T.);
#17122=ORIENTED_EDGE('',*,*,#17105,.T.);
#17123=EDGE_LOOP('',(#17118,#17120,#17121,#17122));
#17124=FACE_OUTER_BOUND('',#17123,.F.);
#17125=ADVANCED_FACE('',(#17124),#17117,.T.);
#17126=CARTESIAN_POINT('',(1.27E0,4.E0,-1.06E0));
#17127=DIRECTION('',(0.E0,2.425356250363E-1,9.701425001453E-1));
#17128=DIRECTION('',(0.E0,9.701425001453E-1,-2.425356250363E-1));
#17129=AXIS2_PLACEMENT_3D('',#17126,#17127,#17128);
#17130=PLANE('',#17129);
#17132=ORIENTED_EDGE('',*,*,#17131,.T.);
#17133=ORIENTED_EDGE('',*,*,#17119,.F.);
#17134=ORIENTED_EDGE('',*,*,#17092,.F.);
#17135=ORIENTED_EDGE('',*,*,#17079,.F.);
#17136=EDGE_LOOP('',(#17132,#17133,#17134,#17135));
#17137=FACE_OUTER_BOUND('',#17136,.F.);
#17138=ADVANCED_FACE('',(#17137),#17130,.T.);
#17139=CARTESIAN_POINT('',(9.6E-1,4.4E0,-9.6E-1));
#17140=DIRECTION('',(0.E0,0.E0,1.E0));
#17141=DIRECTION('',(0.E0,-1.E0,0.E0));
#17142=AXIS2_PLACEMENT_3D('',#17139,#17140,#17141);
#17143=PLANE('',#17142);
#17144=ORIENTED_EDGE('',*,*,#17131,.F.);
#17145=ORIENTED_EDGE('',*,*,#16902,.T.);
#17146=ORIENTED_EDGE('',*,*,#10519,.F.);
#17147=ORIENTED_EDGE('',*,*,#16783,.F.);
#17148=EDGE_LOOP('',(#17144,#17145,#17146,#17147));
#17149=FACE_OUTER_BOUND('',#17148,.F.);
#17150=ADVANCED_FACE('',(#17149),#17143,.T.);
#17151=CARTESIAN_POINT('',(9.6E-1,4.4E0,-9.6E-1));
#17152=DIRECTION('',(0.E0,0.E0,1.E0));
#17153=DIRECTION('',(0.E0,-1.E0,0.E0));
#17154=AXIS2_PLACEMENT_3D('',#17151,#17152,#17153);
#17155=PLANE('',#17154);
#17157=ORIENTED_EDGE('',*,*,#17156,.T.);
#17158=ORIENTED_EDGE('',*,*,#16801,.F.);
#17159=ORIENTED_EDGE('',*,*,#9530,.T.);
#17160=ORIENTED_EDGE('',*,*,#16914,.T.);
#17161=EDGE_LOOP('',(#17157,#17158,#17159,#17160));
#17162=FACE_OUTER_BOUND('',#17161,.F.);
#17163=ADVANCED_FACE('',(#17162),#17155,.T.);
#17164=CARTESIAN_POINT('',(1.27E0,-7.35E0,-1.06E0));
#17165=DIRECTION('',(0.E0,-2.425356250363E-1,9.701425001453E-1));
#17166=DIRECTION('',(0.E0,9.701425001453E-1,2.425356250363E-1));
#17167=AXIS2_PLACEMENT_3D('',#17164,#17165,#17166);
#17168=PLANE('',#17167);
#17169=ORIENTED_EDGE('',*,*,#17156,.F.);
#17171=ORIENTED_EDGE('',*,*,#17170,.F.);
#17173=ORIENTED_EDGE('',*,*,#17172,.T.);
#17175=ORIENTED_EDGE('',*,*,#17174,.T.);
#17176=EDGE_LOOP('',(#17169,#17171,#17173,#17175));
#17177=FACE_OUTER_BOUND('',#17176,.F.);
#17178=ADVANCED_FACE('',(#17177),#17168,.T.);
#17179=CARTESIAN_POINT('',(1.48E0,-7.35E0,-1.27E0));
#17180=DIRECTION('',(9.701425001453E-1,-2.425356250363E-1,0.E0));
#17181=DIRECTION('',(-2.425356250363E-1,-9.701425001453E-1,0.E0));
#17182=AXIS2_PLACEMENT_3D('',#17179,#17180,#17181);
#17183=PLANE('',#17182);
#17185=ORIENTED_EDGE('',*,*,#17184,.F.);
#17186=ORIENTED_EDGE('',*,*,#17170,.T.);
#17187=ORIENTED_EDGE('',*,*,#16912,.T.);
#17189=ORIENTED_EDGE('',*,*,#17188,.T.);
#17190=EDGE_LOOP('',(#17185,#17186,#17187,#17189));
#17191=FACE_OUTER_BOUND('',#17190,.F.);
#17192=ADVANCED_FACE('',(#17191),#17183,.T.);
#17193=CARTESIAN_POINT('',(9.6E-1,-7.75E0,-9.6E-1));
#17194=DIRECTION('',(0.E0,-1.E0,0.E0));
#17195=DIRECTION('',(0.E0,0.E0,-1.E0));
#17196=AXIS2_PLACEMENT_3D('',#17193,#17194,#17195);
#17197=PLANE('',#17196);
#17199=ORIENTED_EDGE('',*,*,#17198,.T.);
#17201=ORIENTED_EDGE('',*,*,#17200,.T.);
#17202=ORIENTED_EDGE('',*,*,#17172,.F.);
#17203=ORIENTED_EDGE('',*,*,#17184,.T.);
#17204=EDGE_LOOP('',(#17199,#17201,#17202,#17203));
#17205=FACE_OUTER_BOUND('',#17204,.F.);
#17206=ADVANCED_FACE('',(#17205),#17197,.T.);
#17207=CARTESIAN_POINT('',(1.27E0,-7.35E0,-1.48E0));
#17208=DIRECTION('',(0.E0,-2.425356250363E-1,-9.701425001453E-1));
#17209=DIRECTION('',(0.E0,-9.701425001453E-1,2.425356250363E-1));
#17210=AXIS2_PLACEMENT_3D('',#17207,#17208,#17209);
#17211=PLANE('',#17210);
#17213=ORIENTED_EDGE('',*,*,#17212,.T.);
#17215=ORIENTED_EDGE('',*,*,#17214,.F.);
#17216=ORIENTED_EDGE('',*,*,#17198,.F.);
#17217=ORIENTED_EDGE('',*,*,#17188,.F.);
#17218=EDGE_LOOP('',(#17213,#17215,#17216,#17217));
#17219=FACE_OUTER_BOUND('',#17218,.F.);
#17220=ADVANCED_FACE('',(#17219),#17211,.T.);
#17221=CARTESIAN_POINT('',(9.6E-1,-7.75E0,-1.58E0));
#17222=DIRECTION('',(0.E0,0.E0,-1.E0));
#17223=DIRECTION('',(0.E0,1.E0,0.E0));
#17224=AXIS2_PLACEMENT_3D('',#17221,#17222,#17223);
#17225=PLANE('',#17224);
#17226=ORIENTED_EDGE('',*,*,#17107,.T.);
#17227=ORIENTED_EDGE('',*,*,#16786,.F.);
#17228=ORIENTED_EDGE('',*,*,#10523,.T.);
#17229=ORIENTED_EDGE('',*,*,#16899,.T.);
#17230=EDGE_LOOP('',(#17226,#17227,#17228,#17229));
#17231=FACE_OUTER_BOUND('',#17230,.F.);
#17232=ADVANCED_FACE('',(#17231),#17225,.T.);
#17233=CARTESIAN_POINT('',(9.6E-1,-7.75E0,-1.58E0));
#17234=DIRECTION('',(0.E0,0.E0,-1.E0));
#17235=DIRECTION('',(0.E0,1.E0,0.E0));
#17236=AXIS2_PLACEMENT_3D('',#17233,#17234,#17235);
#17237=PLANE('',#17236);
#17238=ORIENTED_EDGE('',*,*,#17212,.F.);
#17239=ORIENTED_EDGE('',*,*,#16917,.T.);
#17240=ORIENTED_EDGE('',*,*,#9526,.F.);
#17241=ORIENTED_EDGE('',*,*,#16798,.F.);
#17242=EDGE_LOOP('',(#17238,#17239,#17240,#17241));
#17243=FACE_OUTER_BOUND('',#17242,.F.);
#17244=ADVANCED_FACE('',(#17243),#17237,.T.);
#17245=CARTESIAN_POINT('',(1.06E0,-7.35E0,-1.27E0));
#17246=DIRECTION('',(-9.701425001453E-1,-2.425356250363E-1,0.E0));
#17247=DIRECTION('',(2.425356250363E-1,-9.701425001453E-1,0.E0));
#17248=AXIS2_PLACEMENT_3D('',#17245,#17246,#17247);
#17249=PLANE('',#17248);
#17250=ORIENTED_EDGE('',*,*,#16796,.T.);
#17251=ORIENTED_EDGE('',*,*,#17174,.F.);
#17252=ORIENTED_EDGE('',*,*,#17200,.F.);
#17253=ORIENTED_EDGE('',*,*,#17214,.T.);
#17254=EDGE_LOOP('',(#17250,#17251,#17252,#17253));
#17255=FACE_OUTER_BOUND('',#17254,.F.);
#17256=ADVANCED_FACE('',(#17255),#17249,.T.);
#17257=CARTESIAN_POINT('',(3.5E0,0.E0,0.E0));
#17258=DIRECTION('',(1.E0,0.E0,0.E0));
#17259=DIRECTION('',(0.E0,0.E0,-1.E0));
#17260=AXIS2_PLACEMENT_3D('',#17257,#17258,#17259);
#17261=PLANE('',#17260);
#17263=ORIENTED_EDGE('',*,*,#17262,.F.);
#17265=ORIENTED_EDGE('',*,*,#17264,.T.);
#17266=ORIENTED_EDGE('',*,*,#10527,.T.);
#17268=ORIENTED_EDGE('',*,*,#17267,.T.);
#17269=EDGE_LOOP('',(#17263,#17265,#17266,#17268));
#17270=FACE_OUTER_BOUND('',#17269,.F.);
#17271=ADVANCED_FACE('',(#17270),#17261,.F.);
#17272=CARTESIAN_POINT('',(3.5E0,0.E0,0.E0));
#17273=DIRECTION('',(1.E0,0.E0,0.E0));
#17274=DIRECTION('',(0.E0,0.E0,-1.E0));
#17275=AXIS2_PLACEMENT_3D('',#17272,#17273,#17274);
#17276=PLANE('',#17275);
#17278=ORIENTED_EDGE('',*,*,#17277,.F.);
#17280=ORIENTED_EDGE('',*,*,#17279,.T.);
#17281=ORIENTED_EDGE('',*,*,#10537,.T.);
#17283=ORIENTED_EDGE('',*,*,#17282,.T.);
#17284=EDGE_LOOP('',(#17278,#17280,#17281,#17283));
#17285=FACE_OUTER_BOUND('',#17284,.F.);
#17286=ADVANCED_FACE('',(#17285),#17276,.F.);
#17287=CARTESIAN_POINT('',(3.5E0,0.E0,0.E0));
#17288=DIRECTION('',(1.E0,0.E0,0.E0));
#17289=DIRECTION('',(0.E0,0.E0,-1.E0));
#17290=AXIS2_PLACEMENT_3D('',#17287,#17288,#17289);
#17291=PLANE('',#17290);
#17293=ORIENTED_EDGE('',*,*,#17292,.F.);
#17295=ORIENTED_EDGE('',*,*,#17294,.T.);
#17296=ORIENTED_EDGE('',*,*,#9544,.F.);
#17298=ORIENTED_EDGE('',*,*,#17297,.T.);
#17299=EDGE_LOOP('',(#17293,#17295,#17296,#17298));
#17300=FACE_OUTER_BOUND('',#17299,.F.);
#17301=ADVANCED_FACE('',(#17300),#17291,.F.);
#17302=CARTESIAN_POINT('',(3.5E0,0.E0,0.E0));
#17303=DIRECTION('',(1.E0,0.E0,0.E0));
#17304=DIRECTION('',(0.E0,0.E0,-1.E0));
#17305=AXIS2_PLACEMENT_3D('',#17302,#17303,#17304);
#17306=PLANE('',#17305);
#17308=ORIENTED_EDGE('',*,*,#17307,.F.);
#17310=ORIENTED_EDGE('',*,*,#17309,.T.);
#17311=ORIENTED_EDGE('',*,*,#9534,.F.);
#17313=ORIENTED_EDGE('',*,*,#17312,.T.);
#17314=EDGE_LOOP('',(#17308,#17310,#17311,#17313));
#17315=FACE_OUTER_BOUND('',#17314,.F.);
#17316=ADVANCED_FACE('',(#17315),#17306,.F.);
#17317=CARTESIAN_POINT('',(3.6E0,4.E0,1.27E0));
#17318=DIRECTION('',(-9.701425001453E-1,2.425356250363E-1,0.E0));
#17319=DIRECTION('',(2.425356250363E-1,9.701425001453E-1,0.E0));
#17320=AXIS2_PLACEMENT_3D('',#17317,#17318,#17319);
#17321=PLANE('',#17320);
#17322=ORIENTED_EDGE('',*,*,#17262,.T.);
#17324=ORIENTED_EDGE('',*,*,#17323,.F.);
#17326=ORIENTED_EDGE('',*,*,#17325,.F.);
#17328=ORIENTED_EDGE('',*,*,#17327,.T.);
#17329=EDGE_LOOP('',(#17322,#17324,#17326,#17328));
#17330=FACE_OUTER_BOUND('',#17329,.F.);
#17331=ADVANCED_FACE('',(#17330),#17321,.T.);
#17332=CARTESIAN_POINT('',(3.81E0,4.E0,1.06E0));
#17333=DIRECTION('',(0.E0,2.425356250363E-1,-9.701425001453E-1));
#17334=DIRECTION('',(0.E0,-9.701425001453E-1,-2.425356250363E-1));
#17335=AXIS2_PLACEMENT_3D('',#17332,#17333,#17334);
#17336=PLANE('',#17335);
#17338=ORIENTED_EDGE('',*,*,#17337,.F.);
#17340=ORIENTED_EDGE('',*,*,#17339,.F.);
#17342=ORIENTED_EDGE('',*,*,#17341,.T.);
#17343=ORIENTED_EDGE('',*,*,#17323,.T.);
#17344=EDGE_LOOP('',(#17338,#17340,#17342,#17343));
#17345=FACE_OUTER_BOUND('',#17344,.F.);
#17346=ADVANCED_FACE('',(#17345),#17336,.T.);
#17347=CARTESIAN_POINT('',(3.5E0,-7.75E0,9.6E-1));
#17348=DIRECTION('',(0.E0,0.E0,-1.E0));
#17349=DIRECTION('',(0.E0,1.E0,0.E0));
#17350=AXIS2_PLACEMENT_3D('',#17347,#17348,#17349);
#17351=PLANE('',#17350);
#17352=ORIENTED_EDGE('',*,*,#17337,.T.);
#17353=ORIENTED_EDGE('',*,*,#17267,.F.);
#17354=ORIENTED_EDGE('',*,*,#10533,.T.);
#17356=ORIENTED_EDGE('',*,*,#17355,.T.);
#17357=EDGE_LOOP('',(#17352,#17353,#17354,#17356));
#17358=FACE_OUTER_BOUND('',#17357,.F.);
#17359=ADVANCED_FACE('',(#17358),#17351,.T.);
#17360=CARTESIAN_POINT('',(3.5E0,-7.75E0,9.6E-1));
#17361=DIRECTION('',(0.E0,0.E0,-1.E0));
#17362=DIRECTION('',(0.E0,1.E0,0.E0));
#17363=AXIS2_PLACEMENT_3D('',#17360,#17361,#17362);
#17364=PLANE('',#17363);
#17366=ORIENTED_EDGE('',*,*,#17365,.F.);
#17368=ORIENTED_EDGE('',*,*,#17367,.T.);
#17369=ORIENTED_EDGE('',*,*,#9536,.F.);
#17370=ORIENTED_EDGE('',*,*,#17309,.F.);
#17371=EDGE_LOOP('',(#17366,#17368,#17369,#17370));
#17372=FACE_OUTER_BOUND('',#17371,.F.);
#17373=ADVANCED_FACE('',(#17372),#17364,.T.);
#17374=CARTESIAN_POINT('',(4.12E0,0.E0,0.E0));
#17375=DIRECTION('',(1.E0,0.E0,0.E0));
#17376=DIRECTION('',(0.E0,0.E0,-1.E0));
#17377=AXIS2_PLACEMENT_3D('',#17374,#17375,#17376);
#17378=PLANE('',#17377);
#17380=ORIENTED_EDGE('',*,*,#17379,.F.);
#17381=ORIENTED_EDGE('',*,*,#17355,.F.);
#17382=ORIENTED_EDGE('',*,*,#10531,.F.);
#17384=ORIENTED_EDGE('',*,*,#17383,.F.);
#17385=EDGE_LOOP('',(#17380,#17381,#17382,#17384));
#17386=FACE_OUTER_BOUND('',#17385,.F.);
#17387=ADVANCED_FACE('',(#17386),#17378,.T.);
#17388=CARTESIAN_POINT('',(4.12E0,0.E0,0.E0));
#17389=DIRECTION('',(1.E0,0.E0,0.E0));
#17390=DIRECTION('',(0.E0,0.E0,-1.E0));
#17391=AXIS2_PLACEMENT_3D('',#17388,#17389,#17390);
#17392=PLANE('',#17391);
#17394=ORIENTED_EDGE('',*,*,#17393,.F.);
#17396=ORIENTED_EDGE('',*,*,#17395,.F.);
#17397=ORIENTED_EDGE('',*,*,#10541,.F.);
#17399=ORIENTED_EDGE('',*,*,#17398,.F.);
#17400=EDGE_LOOP('',(#17394,#17396,#17397,#17399));
#17401=FACE_OUTER_BOUND('',#17400,.F.);
#17402=ADVANCED_FACE('',(#17401),#17392,.T.);
#17403=CARTESIAN_POINT('',(4.12E0,0.E0,0.E0));
#17404=DIRECTION('',(1.E0,0.E0,0.E0));
#17405=DIRECTION('',(0.E0,0.E0,-1.E0));
#17406=AXIS2_PLACEMENT_3D('',#17403,#17404,#17405);
#17407=PLANE('',#17406);
#17409=ORIENTED_EDGE('',*,*,#17408,.F.);
#17411=ORIENTED_EDGE('',*,*,#17410,.F.);
#17412=ORIENTED_EDGE('',*,*,#9548,.T.);
#17414=ORIENTED_EDGE('',*,*,#17413,.F.);
#17415=EDGE_LOOP('',(#17409,#17411,#17412,#17414));
#17416=FACE_OUTER_BOUND('',#17415,.F.);
#17417=ADVANCED_FACE('',(#17416),#17407,.T.);
#17418=CARTESIAN_POINT('',(4.12E0,0.E0,0.E0));
#17419=DIRECTION('',(1.E0,0.E0,0.E0));
#17420=DIRECTION('',(0.E0,0.E0,-1.E0));
#17421=AXIS2_PLACEMENT_3D('',#17418,#17419,#17420);
#17422=PLANE('',#17421);
#17424=ORIENTED_EDGE('',*,*,#17423,.F.);
#17426=ORIENTED_EDGE('',*,*,#17425,.F.);
#17427=ORIENTED_EDGE('',*,*,#9538,.T.);
#17428=ORIENTED_EDGE('',*,*,#17367,.F.);
#17429=EDGE_LOOP('',(#17424,#17426,#17427,#17428));
#17430=FACE_OUTER_BOUND('',#17429,.F.);
#17431=ADVANCED_FACE('',(#17430),#17422,.T.);
#17432=CARTESIAN_POINT('',(4.02E0,4.E0,1.27E0));
#17433=DIRECTION('',(9.701425001453E-1,2.425356250363E-1,0.E0));
#17434=DIRECTION('',(-2.425356250363E-1,9.701425001453E-1,0.E0));
#17435=AXIS2_PLACEMENT_3D('',#17432,#17433,#17434);
#17436=PLANE('',#17435);
#17438=ORIENTED_EDGE('',*,*,#17437,.F.);
#17439=ORIENTED_EDGE('',*,*,#17339,.T.);
#17440=ORIENTED_EDGE('',*,*,#17379,.T.);
#17442=ORIENTED_EDGE('',*,*,#17441,.F.);
#17443=EDGE_LOOP('',(#17438,#17439,#17440,#17442));
#17444=FACE_OUTER_BOUND('',#17443,.F.);
#17445=ADVANCED_FACE('',(#17444),#17436,.T.);
#17446=CARTESIAN_POINT('',(3.5E0,4.4E0,9.6E-1));
#17447=DIRECTION('',(0.E0,1.E0,0.E0));
#17448=DIRECTION('',(0.E0,0.E0,1.E0));
#17449=AXIS2_PLACEMENT_3D('',#17446,#17447,#17448);
#17450=PLANE('',#17449);
#17452=ORIENTED_EDGE('',*,*,#17451,.T.);
#17453=ORIENTED_EDGE('',*,*,#17325,.T.);
#17454=ORIENTED_EDGE('',*,*,#17341,.F.);
#17455=ORIENTED_EDGE('',*,*,#17437,.T.);
#17456=EDGE_LOOP('',(#17452,#17453,#17454,#17455));
#17457=FACE_OUTER_BOUND('',#17456,.F.);
#17458=ADVANCED_FACE('',(#17457),#17450,.T.);
#17459=CARTESIAN_POINT('',(3.81E0,4.E0,1.48E0));
#17460=DIRECTION('',(0.E0,2.425356250363E-1,9.701425001453E-1));
#17461=DIRECTION('',(0.E0,9.701425001453E-1,-2.425356250363E-1));
#17462=AXIS2_PLACEMENT_3D('',#17459,#17460,#17461);
#17463=PLANE('',#17462);
#17465=ORIENTED_EDGE('',*,*,#17464,.T.);
#17466=ORIENTED_EDGE('',*,*,#17327,.F.);
#17467=ORIENTED_EDGE('',*,*,#17451,.F.);
#17468=ORIENTED_EDGE('',*,*,#17441,.T.);
#17469=EDGE_LOOP('',(#17465,#17466,#17467,#17468));
#17470=FACE_OUTER_BOUND('',#17469,.F.);
#17471=ADVANCED_FACE('',(#17470),#17463,.T.);
#17472=CARTESIAN_POINT('',(3.5E0,4.4E0,1.58E0));
#17473=DIRECTION('',(0.E0,0.E0,1.E0));
#17474=DIRECTION('',(0.E0,-1.E0,0.E0));
#17475=AXIS2_PLACEMENT_3D('',#17472,#17473,#17474);
#17476=PLANE('',#17475);
#17477=ORIENTED_EDGE('',*,*,#17464,.F.);
#17478=ORIENTED_EDGE('',*,*,#17383,.T.);
#17479=ORIENTED_EDGE('',*,*,#10529,.F.);
#17480=ORIENTED_EDGE('',*,*,#17264,.F.);
#17481=EDGE_LOOP('',(#17477,#17478,#17479,#17480));
#17482=FACE_OUTER_BOUND('',#17481,.F.);
#17483=ADVANCED_FACE('',(#17482),#17476,.T.);
#17484=CARTESIAN_POINT('',(3.5E0,4.4E0,1.58E0));
#17485=DIRECTION('',(0.E0,0.E0,1.E0));
#17486=DIRECTION('',(0.E0,-1.E0,0.E0));
#17487=AXIS2_PLACEMENT_3D('',#17484,#17485,#17486);
#17488=PLANE('',#17487);
#17490=ORIENTED_EDGE('',*,*,#17489,.T.);
#17491=ORIENTED_EDGE('',*,*,#17312,.F.);
#17492=ORIENTED_EDGE('',*,*,#9540,.T.);
#17493=ORIENTED_EDGE('',*,*,#17425,.T.);
#17494=EDGE_LOOP('',(#17490,#17491,#17492,#17493));
#17495=FACE_OUTER_BOUND('',#17494,.F.);
#17496=ADVANCED_FACE('',(#17495),#17488,.T.);
#17497=CARTESIAN_POINT('',(3.81E0,-7.35E0,1.48E0));
#17498=DIRECTION('',(0.E0,-2.425356250363E-1,9.701425001453E-1));
#17499=DIRECTION('',(0.E0,9.701425001453E-1,2.425356250363E-1));
#17500=AXIS2_PLACEMENT_3D('',#17497,#17498,#17499);
#17501=PLANE('',#17500);
#17502=ORIENTED_EDGE('',*,*,#17489,.F.);
#17504=ORIENTED_EDGE('',*,*,#17503,.F.);
#17506=ORIENTED_EDGE('',*,*,#17505,.T.);
#17508=ORIENTED_EDGE('',*,*,#17507,.T.);
#17509=EDGE_LOOP('',(#17502,#17504,#17506,#17508));
#17510=FACE_OUTER_BOUND('',#17509,.F.);
#17511=ADVANCED_FACE('',(#17510),#17501,.T.);
#17512=CARTESIAN_POINT('',(4.02E0,-7.35E0,1.27E0));
#17513=DIRECTION('',(9.701425001453E-1,-2.425356250363E-1,0.E0));
#17514=DIRECTION('',(-2.425356250363E-1,-9.701425001453E-1,0.E0));
#17515=AXIS2_PLACEMENT_3D('',#17512,#17513,#17514);
#17516=PLANE('',#17515);
#17518=ORIENTED_EDGE('',*,*,#17517,.F.);
#17519=ORIENTED_EDGE('',*,*,#17503,.T.);
#17520=ORIENTED_EDGE('',*,*,#17423,.T.);
#17522=ORIENTED_EDGE('',*,*,#17521,.T.);
#17523=EDGE_LOOP('',(#17518,#17519,#17520,#17522));
#17524=FACE_OUTER_BOUND('',#17523,.F.);
#17525=ADVANCED_FACE('',(#17524),#17516,.T.);
#17526=CARTESIAN_POINT('',(3.5E0,-7.75E0,1.58E0));
#17527=DIRECTION('',(0.E0,-1.E0,0.E0));
#17528=DIRECTION('',(0.E0,0.E0,-1.E0));
#17529=AXIS2_PLACEMENT_3D('',#17526,#17527,#17528);
#17530=PLANE('',#17529);
#17532=ORIENTED_EDGE('',*,*,#17531,.T.);
#17534=ORIENTED_EDGE('',*,*,#17533,.T.);
#17535=ORIENTED_EDGE('',*,*,#17505,.F.);
#17536=ORIENTED_EDGE('',*,*,#17517,.T.);
#17537=EDGE_LOOP('',(#17532,#17534,#17535,#17536));
#17538=FACE_OUTER_BOUND('',#17537,.F.);
#17539=ADVANCED_FACE('',(#17538),#17530,.T.);
#17540=CARTESIAN_POINT('',(3.81E0,-7.35E0,1.06E0));
#17541=DIRECTION('',(0.E0,-2.425356250363E-1,-9.701425001453E-1));
#17542=DIRECTION('',(0.E0,-9.701425001453E-1,2.425356250363E-1));
#17543=AXIS2_PLACEMENT_3D('',#17540,#17541,#17542);
#17544=PLANE('',#17543);
#17545=ORIENTED_EDGE('',*,*,#17365,.T.);
#17547=ORIENTED_EDGE('',*,*,#17546,.F.);
#17548=ORIENTED_EDGE('',*,*,#17531,.F.);
#17549=ORIENTED_EDGE('',*,*,#17521,.F.);
#17550=EDGE_LOOP('',(#17545,#17547,#17548,#17549));
#17551=FACE_OUTER_BOUND('',#17550,.F.);
#17552=ADVANCED_FACE('',(#17551),#17544,.T.);
#17553=CARTESIAN_POINT('',(3.6E0,-7.35E0,1.27E0));
#17554=DIRECTION('',(-9.701425001453E-1,-2.425356250363E-1,0.E0));
#17555=DIRECTION('',(2.425356250363E-1,-9.701425001453E-1,0.E0));
#17556=AXIS2_PLACEMENT_3D('',#17553,#17554,#17555);
#17557=PLANE('',#17556);
#17558=ORIENTED_EDGE('',*,*,#17307,.T.);
#17559=ORIENTED_EDGE('',*,*,#17507,.F.);
#17560=ORIENTED_EDGE('',*,*,#17533,.F.);
#17561=ORIENTED_EDGE('',*,*,#17546,.T.);
#17562=EDGE_LOOP('',(#17558,#17559,#17560,#17561));
#17563=FACE_OUTER_BOUND('',#17562,.F.);
#17564=ADVANCED_FACE('',(#17563),#17557,.T.);
#17565=CARTESIAN_POINT('',(4.02E0,4.E0,-1.27E0));
#17566=DIRECTION('',(9.701425001453E-1,2.425356250363E-1,0.E0));
#17567=DIRECTION('',(-2.425356250363E-1,9.701425001453E-1,0.E0));
#17568=AXIS2_PLACEMENT_3D('',#17565,#17566,#17567);
#17569=PLANE('',#17568);
#17571=ORIENTED_EDGE('',*,*,#17570,.F.);
#17573=ORIENTED_EDGE('',*,*,#17572,.T.);
#17574=ORIENTED_EDGE('',*,*,#17393,.T.);
#17576=ORIENTED_EDGE('',*,*,#17575,.T.);
#17577=EDGE_LOOP('',(#17571,#17573,#17574,#17576));
#17578=FACE_OUTER_BOUND('',#17577,.F.);
#17579=ADVANCED_FACE('',(#17578),#17569,.T.);
#17580=CARTESIAN_POINT('',(3.5E0,4.4E0,-1.58E0));
#17581=DIRECTION('',(0.E0,1.E0,0.E0));
#17582=DIRECTION('',(0.E0,0.E0,1.E0));
#17583=AXIS2_PLACEMENT_3D('',#17580,#17581,#17582);
#17584=PLANE('',#17583);
#17586=ORIENTED_EDGE('',*,*,#17585,.F.);
#17587=ORIENTED_EDGE('',*,*,#17570,.T.);
#17589=ORIENTED_EDGE('',*,*,#17588,.T.);
#17591=ORIENTED_EDGE('',*,*,#17590,.T.);
#17592=EDGE_LOOP('',(#17586,#17587,#17589,#17591));
#17593=FACE_OUTER_BOUND('',#17592,.F.);
#17594=ADVANCED_FACE('',(#17593),#17584,.T.);
#17595=CARTESIAN_POINT('',(3.81E0,4.E0,-1.48E0));
#17596=DIRECTION('',(0.E0,2.425356250363E-1,-9.701425001453E-1));
#17597=DIRECTION('',(0.E0,-9.701425001453E-1,-2.425356250363E-1));
#17598=AXIS2_PLACEMENT_3D('',#17595,#17596,#17597);
#17599=PLANE('',#17598);
#17600=ORIENTED_EDGE('',*,*,#17585,.T.);
#17602=ORIENTED_EDGE('',*,*,#17601,.F.);
#17604=ORIENTED_EDGE('',*,*,#17603,.F.);
#17605=ORIENTED_EDGE('',*,*,#17572,.F.);
#17606=EDGE_LOOP('',(#17600,#17602,#17604,#17605));
#17607=FACE_OUTER_BOUND('',#17606,.F.);
#17608=ADVANCED_FACE('',(#17607),#17599,.T.);
#17609=CARTESIAN_POINT('',(3.6E0,4.E0,-1.27E0));
#17610=DIRECTION('',(-9.701425001453E-1,2.425356250363E-1,0.E0));
#17611=DIRECTION('',(2.425356250363E-1,9.701425001453E-1,0.E0));
#17612=AXIS2_PLACEMENT_3D('',#17609,#17610,#17611);
#17613=PLANE('',#17612);
#17614=ORIENTED_EDGE('',*,*,#17590,.F.);
#17616=ORIENTED_EDGE('',*,*,#17615,.T.);
#17617=ORIENTED_EDGE('',*,*,#17277,.T.);
#17618=ORIENTED_EDGE('',*,*,#17601,.T.);
#17619=EDGE_LOOP('',(#17614,#17616,#17617,#17618));
#17620=FACE_OUTER_BOUND('',#17619,.F.);
#17621=ADVANCED_FACE('',(#17620),#17613,.T.);
#17622=CARTESIAN_POINT('',(3.81E0,4.E0,-1.06E0));
#17623=DIRECTION('',(0.E0,2.425356250363E-1,9.701425001453E-1));
#17624=DIRECTION('',(0.E0,9.701425001453E-1,-2.425356250363E-1));
#17625=AXIS2_PLACEMENT_3D('',#17622,#17623,#17624);
#17626=PLANE('',#17625);
#17628=ORIENTED_EDGE('',*,*,#17627,.T.);
#17629=ORIENTED_EDGE('',*,*,#17615,.F.);
#17630=ORIENTED_EDGE('',*,*,#17588,.F.);
#17631=ORIENTED_EDGE('',*,*,#17575,.F.);
#17632=EDGE_LOOP('',(#17628,#17629,#17630,#17631));
#17633=FACE_OUTER_BOUND('',#17632,.F.);
#17634=ADVANCED_FACE('',(#17633),#17626,.T.);
#17635=CARTESIAN_POINT('',(3.5E0,4.4E0,-9.6E-1));
#17636=DIRECTION('',(0.E0,0.E0,1.E0));
#17637=DIRECTION('',(0.E0,-1.E0,0.E0));
#17638=AXIS2_PLACEMENT_3D('',#17635,#17636,#17637);
#17639=PLANE('',#17638);
#17640=ORIENTED_EDGE('',*,*,#17627,.F.);
#17641=ORIENTED_EDGE('',*,*,#17398,.T.);
#17642=ORIENTED_EDGE('',*,*,#10539,.F.);
#17643=ORIENTED_EDGE('',*,*,#17279,.F.);
#17644=EDGE_LOOP('',(#17640,#17641,#17642,#17643));
#17645=FACE_OUTER_BOUND('',#17644,.F.);
#17646=ADVANCED_FACE('',(#17645),#17639,.T.);
#17647=CARTESIAN_POINT('',(3.5E0,4.4E0,-9.6E-1));
#17648=DIRECTION('',(0.E0,0.E0,1.E0));
#17649=DIRECTION('',(0.E0,-1.E0,0.E0));
#17650=AXIS2_PLACEMENT_3D('',#17647,#17648,#17649);
#17651=PLANE('',#17650);
#17653=ORIENTED_EDGE('',*,*,#17652,.T.);
#17654=ORIENTED_EDGE('',*,*,#17297,.F.);
#17655=ORIENTED_EDGE('',*,*,#9550,.T.);
#17656=ORIENTED_EDGE('',*,*,#17410,.T.);
#17657=EDGE_LOOP('',(#17653,#17654,#17655,#17656));
#17658=FACE_OUTER_BOUND('',#17657,.F.);
#17659=ADVANCED_FACE('',(#17658),#17651,.T.);
#17660=CARTESIAN_POINT('',(3.81E0,-7.35E0,-1.06E0));
#17661=DIRECTION('',(0.E0,-2.425356250363E-1,9.701425001453E-1));
#17662=DIRECTION('',(0.E0,9.701425001453E-1,2.425356250363E-1));
#17663=AXIS2_PLACEMENT_3D('',#17660,#17661,#17662);
#17664=PLANE('',#17663);
#17665=ORIENTED_EDGE('',*,*,#17652,.F.);
#17667=ORIENTED_EDGE('',*,*,#17666,.F.);
#17669=ORIENTED_EDGE('',*,*,#17668,.T.);
#17671=ORIENTED_EDGE('',*,*,#17670,.T.);
#17672=EDGE_LOOP('',(#17665,#17667,#17669,#17671));
#17673=FACE_OUTER_BOUND('',#17672,.F.);
#17674=ADVANCED_FACE('',(#17673),#17664,.T.);
#17675=CARTESIAN_POINT('',(4.02E0,-7.35E0,-1.27E0));
#17676=DIRECTION('',(9.701425001453E-1,-2.425356250363E-1,0.E0));
#17677=DIRECTION('',(-2.425356250363E-1,-9.701425001453E-1,0.E0));
#17678=AXIS2_PLACEMENT_3D('',#17675,#17676,#17677);
#17679=PLANE('',#17678);
#17681=ORIENTED_EDGE('',*,*,#17680,.F.);
#17682=ORIENTED_EDGE('',*,*,#17666,.T.);
#17683=ORIENTED_EDGE('',*,*,#17408,.T.);
#17685=ORIENTED_EDGE('',*,*,#17684,.T.);
#17686=EDGE_LOOP('',(#17681,#17682,#17683,#17685));
#17687=FACE_OUTER_BOUND('',#17686,.F.);
#17688=ADVANCED_FACE('',(#17687),#17679,.T.);
#17689=CARTESIAN_POINT('',(3.5E0,-7.75E0,-9.6E-1));
#17690=DIRECTION('',(0.E0,-1.E0,0.E0));
#17691=DIRECTION('',(0.E0,0.E0,-1.E0));
#17692=AXIS2_PLACEMENT_3D('',#17689,#17690,#17691);
#17693=PLANE('',#17692);
#17695=ORIENTED_EDGE('',*,*,#17694,.T.);
#17697=ORIENTED_EDGE('',*,*,#17696,.T.);
#17698=ORIENTED_EDGE('',*,*,#17668,.F.);
#17699=ORIENTED_EDGE('',*,*,#17680,.T.);
#17700=EDGE_LOOP('',(#17695,#17697,#17698,#17699));
#17701=FACE_OUTER_BOUND('',#17700,.F.);
#17702=ADVANCED_FACE('',(#17701),#17693,.T.);
#17703=CARTESIAN_POINT('',(3.81E0,-7.35E0,-1.48E0));
#17704=DIRECTION('',(0.E0,-2.425356250363E-1,-9.701425001453E-1));
#17705=DIRECTION('',(0.E0,-9.701425001453E-1,2.425356250363E-1));
#17706=AXIS2_PLACEMENT_3D('',#17703,#17704,#17705);
#17707=PLANE('',#17706);
#17709=ORIENTED_EDGE('',*,*,#17708,.T.);
#17711=ORIENTED_EDGE('',*,*,#17710,.F.);
#17712=ORIENTED_EDGE('',*,*,#17694,.F.);
#17713=ORIENTED_EDGE('',*,*,#17684,.F.);
#17714=EDGE_LOOP('',(#17709,#17711,#17712,#17713));
#17715=FACE_OUTER_BOUND('',#17714,.F.);
#17716=ADVANCED_FACE('',(#17715),#17707,.T.);
#17717=CARTESIAN_POINT('',(3.5E0,-7.75E0,-1.58E0));
#17718=DIRECTION('',(0.E0,0.E0,-1.E0));
#17719=DIRECTION('',(0.E0,1.E0,0.E0));
#17720=AXIS2_PLACEMENT_3D('',#17717,#17718,#17719);
#17721=PLANE('',#17720);
#17722=ORIENTED_EDGE('',*,*,#17603,.T.);
#17723=ORIENTED_EDGE('',*,*,#17282,.F.);
#17724=ORIENTED_EDGE('',*,*,#10543,.T.);
#17725=ORIENTED_EDGE('',*,*,#17395,.T.);
#17726=EDGE_LOOP('',(#17722,#17723,#17724,#17725));
#17727=FACE_OUTER_BOUND('',#17726,.F.);
#17728=ADVANCED_FACE('',(#17727),#17721,.T.);
#17729=CARTESIAN_POINT('',(3.5E0,-7.75E0,-1.58E0));
#17730=DIRECTION('',(0.E0,0.E0,-1.E0));
#17731=DIRECTION('',(0.E0,1.E0,0.E0));
#17732=AXIS2_PLACEMENT_3D('',#17729,#17730,#17731);
#17733=PLANE('',#17732);
#17734=ORIENTED_EDGE('',*,*,#17708,.F.);
#17735=ORIENTED_EDGE('',*,*,#17413,.T.);
#17736=ORIENTED_EDGE('',*,*,#9546,.F.);
#17737=ORIENTED_EDGE('',*,*,#17294,.F.);
#17738=EDGE_LOOP('',(#17734,#17735,#17736,#17737));
#17739=FACE_OUTER_BOUND('',#17738,.F.);
#17740=ADVANCED_FACE('',(#17739),#17733,.T.);
#17741=CARTESIAN_POINT('',(3.6E0,-7.35E0,-1.27E0));
#17742=DIRECTION('',(-9.701425001453E-1,-2.425356250363E-1,0.E0));
#17743=DIRECTION('',(2.425356250363E-1,-9.701425001453E-1,0.E0));
#17744=AXIS2_PLACEMENT_3D('',#17741,#17742,#17743);
#17745=PLANE('',#17744);
#17746=ORIENTED_EDGE('',*,*,#17292,.T.);
#17747=ORIENTED_EDGE('',*,*,#17670,.F.);
#17748=ORIENTED_EDGE('',*,*,#17696,.F.);
#17749=ORIENTED_EDGE('',*,*,#17710,.T.);
#17750=EDGE_LOOP('',(#17746,#17747,#17748,#17749));
#17751=FACE_OUTER_BOUND('',#17750,.F.);
#17752=ADVANCED_FACE('',(#17751),#17745,.T.);
#17753=CARTESIAN_POINT('',(6.04E0,0.E0,0.E0));
#17754=DIRECTION('',(1.E0,0.E0,0.E0));
#17755=DIRECTION('',(0.E0,0.E0,-1.E0));
#17756=AXIS2_PLACEMENT_3D('',#17753,#17754,#17755);
#17757=PLANE('',#17756);
#17759=ORIENTED_EDGE('',*,*,#17758,.F.);
#17761=ORIENTED_EDGE('',*,*,#17760,.T.);
#17762=ORIENTED_EDGE('',*,*,#10547,.T.);
#17764=ORIENTED_EDGE('',*,*,#17763,.T.);
#17765=EDGE_LOOP('',(#17759,#17761,#17762,#17764));
#17766=FACE_OUTER_BOUND('',#17765,.F.);
#17767=ADVANCED_FACE('',(#17766),#17757,.F.);
#17768=CARTESIAN_POINT('',(6.04E0,0.E0,0.E0));
#17769=DIRECTION('',(1.E0,0.E0,0.E0));
#17770=DIRECTION('',(0.E0,0.E0,-1.E0));
#17771=AXIS2_PLACEMENT_3D('',#17768,#17769,#17770);
#17772=PLANE('',#17771);
#17774=ORIENTED_EDGE('',*,*,#17773,.F.);
#17776=ORIENTED_EDGE('',*,*,#17775,.T.);
#17777=ORIENTED_EDGE('',*,*,#10557,.T.);
#17779=ORIENTED_EDGE('',*,*,#17778,.T.);
#17780=EDGE_LOOP('',(#17774,#17776,#17777,#17779));
#17781=FACE_OUTER_BOUND('',#17780,.F.);
#17782=ADVANCED_FACE('',(#17781),#17772,.F.);
#17783=CARTESIAN_POINT('',(6.04E0,0.E0,0.E0));
#17784=DIRECTION('',(1.E0,0.E0,0.E0));
#17785=DIRECTION('',(0.E0,0.E0,-1.E0));
#17786=AXIS2_PLACEMENT_3D('',#17783,#17784,#17785);
#17787=PLANE('',#17786);
#17789=ORIENTED_EDGE('',*,*,#17788,.F.);
#17791=ORIENTED_EDGE('',*,*,#17790,.T.);
#17792=ORIENTED_EDGE('',*,*,#9564,.F.);
#17794=ORIENTED_EDGE('',*,*,#17793,.T.);
#17795=EDGE_LOOP('',(#17789,#17791,#17792,#17794));
#17796=FACE_OUTER_BOUND('',#17795,.F.);
#17797=ADVANCED_FACE('',(#17796),#17787,.F.);
#17798=CARTESIAN_POINT('',(6.04E0,0.E0,0.E0));
#17799=DIRECTION('',(1.E0,0.E0,0.E0));
#17800=DIRECTION('',(0.E0,0.E0,-1.E0));
#17801=AXIS2_PLACEMENT_3D('',#17798,#17799,#17800);
#17802=PLANE('',#17801);
#17804=ORIENTED_EDGE('',*,*,#17803,.F.);
#17806=ORIENTED_EDGE('',*,*,#17805,.T.);
#17807=ORIENTED_EDGE('',*,*,#9554,.F.);
#17809=ORIENTED_EDGE('',*,*,#17808,.T.);
#17810=EDGE_LOOP('',(#17804,#17806,#17807,#17809));
#17811=FACE_OUTER_BOUND('',#17810,.F.);
#17812=ADVANCED_FACE('',(#17811),#17802,.F.);
#17813=CARTESIAN_POINT('',(6.14E0,4.E0,1.27E0));
#17814=DIRECTION('',(-9.701425001453E-1,2.425356250363E-1,0.E0));
#17815=DIRECTION('',(2.425356250363E-1,9.701425001453E-1,0.E0));
#17816=AXIS2_PLACEMENT_3D('',#17813,#17814,#17815);
#17817=PLANE('',#17816);
#17818=ORIENTED_EDGE('',*,*,#17758,.T.);
#17820=ORIENTED_EDGE('',*,*,#17819,.F.);
#17822=ORIENTED_EDGE('',*,*,#17821,.F.);
#17824=ORIENTED_EDGE('',*,*,#17823,.T.);
#17825=EDGE_LOOP('',(#17818,#17820,#17822,#17824));
#17826=FACE_OUTER_BOUND('',#17825,.F.);
#17827=ADVANCED_FACE('',(#17826),#17817,.T.);
#17828=CARTESIAN_POINT('',(6.35E0,4.E0,1.06E0));
#17829=DIRECTION('',(0.E0,2.425356250363E-1,-9.701425001453E-1));
#17830=DIRECTION('',(0.E0,-9.701425001453E-1,-2.425356250363E-1));
#17831=AXIS2_PLACEMENT_3D('',#17828,#17829,#17830);
#17832=PLANE('',#17831);
#17834=ORIENTED_EDGE('',*,*,#17833,.F.);
#17836=ORIENTED_EDGE('',*,*,#17835,.F.);
#17838=ORIENTED_EDGE('',*,*,#17837,.T.);
#17839=ORIENTED_EDGE('',*,*,#17819,.T.);
#17840=EDGE_LOOP('',(#17834,#17836,#17838,#17839));
#17841=FACE_OUTER_BOUND('',#17840,.F.);
#17842=ADVANCED_FACE('',(#17841),#17832,.T.);
#17843=CARTESIAN_POINT('',(6.04E0,-7.75E0,9.6E-1));
#17844=DIRECTION('',(0.E0,0.E0,-1.E0));
#17845=DIRECTION('',(0.E0,1.E0,0.E0));
#17846=AXIS2_PLACEMENT_3D('',#17843,#17844,#17845);
#17847=PLANE('',#17846);
#17848=ORIENTED_EDGE('',*,*,#17833,.T.);
#17849=ORIENTED_EDGE('',*,*,#17763,.F.);
#17850=ORIENTED_EDGE('',*,*,#10553,.T.);
#17852=ORIENTED_EDGE('',*,*,#17851,.T.);
#17853=EDGE_LOOP('',(#17848,#17849,#17850,#17852));
#17854=FACE_OUTER_BOUND('',#17853,.F.);
#17855=ADVANCED_FACE('',(#17854),#17847,.T.);
#17856=CARTESIAN_POINT('',(6.04E0,-7.75E0,9.6E-1));
#17857=DIRECTION('',(0.E0,0.E0,-1.E0));
#17858=DIRECTION('',(0.E0,1.E0,0.E0));
#17859=AXIS2_PLACEMENT_3D('',#17856,#17857,#17858);
#17860=PLANE('',#17859);
#17862=ORIENTED_EDGE('',*,*,#17861,.F.);
#17864=ORIENTED_EDGE('',*,*,#17863,.T.);
#17865=ORIENTED_EDGE('',*,*,#9556,.F.);
#17866=ORIENTED_EDGE('',*,*,#17805,.F.);
#17867=EDGE_LOOP('',(#17862,#17864,#17865,#17866));
#17868=FACE_OUTER_BOUND('',#17867,.F.);
#17869=ADVANCED_FACE('',(#17868),#17860,.T.);
#17870=CARTESIAN_POINT('',(6.66E0,0.E0,0.E0));
#17871=DIRECTION('',(1.E0,0.E0,0.E0));
#17872=DIRECTION('',(0.E0,0.E0,-1.E0));
#17873=AXIS2_PLACEMENT_3D('',#17870,#17871,#17872);
#17874=PLANE('',#17873);
#17876=ORIENTED_EDGE('',*,*,#17875,.F.);
#17877=ORIENTED_EDGE('',*,*,#17851,.F.);
#17878=ORIENTED_EDGE('',*,*,#10551,.F.);
#17880=ORIENTED_EDGE('',*,*,#17879,.F.);
#17881=EDGE_LOOP('',(#17876,#17877,#17878,#17880));
#17882=FACE_OUTER_BOUND('',#17881,.F.);
#17883=ADVANCED_FACE('',(#17882),#17874,.T.);
#17884=CARTESIAN_POINT('',(6.66E0,0.E0,0.E0));
#17885=DIRECTION('',(1.E0,0.E0,0.E0));
#17886=DIRECTION('',(0.E0,0.E0,-1.E0));
#17887=AXIS2_PLACEMENT_3D('',#17884,#17885,#17886);
#17888=PLANE('',#17887);
#17890=ORIENTED_EDGE('',*,*,#17889,.F.);
#17892=ORIENTED_EDGE('',*,*,#17891,.F.);
#17893=ORIENTED_EDGE('',*,*,#10561,.F.);
#17895=ORIENTED_EDGE('',*,*,#17894,.F.);
#17896=EDGE_LOOP('',(#17890,#17892,#17893,#17895));
#17897=FACE_OUTER_BOUND('',#17896,.F.);
#17898=ADVANCED_FACE('',(#17897),#17888,.T.);
#17899=CARTESIAN_POINT('',(6.66E0,0.E0,0.E0));
#17900=DIRECTION('',(1.E0,0.E0,0.E0));
#17901=DIRECTION('',(0.E0,0.E0,-1.E0));
#17902=AXIS2_PLACEMENT_3D('',#17899,#17900,#17901);
#17903=PLANE('',#17902);
#17905=ORIENTED_EDGE('',*,*,#17904,.F.);
#17907=ORIENTED_EDGE('',*,*,#17906,.F.);
#17908=ORIENTED_EDGE('',*,*,#9568,.T.);
#17910=ORIENTED_EDGE('',*,*,#17909,.F.);
#17911=EDGE_LOOP('',(#17905,#17907,#17908,#17910));
#17912=FACE_OUTER_BOUND('',#17911,.F.);
#17913=ADVANCED_FACE('',(#17912),#17903,.T.);
#17914=CARTESIAN_POINT('',(6.66E0,0.E0,0.E0));
#17915=DIRECTION('',(1.E0,0.E0,0.E0));
#17916=DIRECTION('',(0.E0,0.E0,-1.E0));
#17917=AXIS2_PLACEMENT_3D('',#17914,#17915,#17916);
#17918=PLANE('',#17917);
#17920=ORIENTED_EDGE('',*,*,#17919,.F.);
#17922=ORIENTED_EDGE('',*,*,#17921,.F.);
#17923=ORIENTED_EDGE('',*,*,#9558,.T.);
#17924=ORIENTED_EDGE('',*,*,#17863,.F.);
#17925=EDGE_LOOP('',(#17920,#17922,#17923,#17924));
#17926=FACE_OUTER_BOUND('',#17925,.F.);
#17927=ADVANCED_FACE('',(#17926),#17918,.T.);
#17928=CARTESIAN_POINT('',(6.56E0,4.E0,1.27E0));
#17929=DIRECTION('',(9.701425001453E-1,2.425356250363E-1,0.E0));
#17930=DIRECTION('',(-2.425356250363E-1,9.701425001453E-1,0.E0));
#17931=AXIS2_PLACEMENT_3D('',#17928,#17929,#17930);
#17932=PLANE('',#17931);
#17934=ORIENTED_EDGE('',*,*,#17933,.F.);
#17935=ORIENTED_EDGE('',*,*,#17835,.T.);
#17936=ORIENTED_EDGE('',*,*,#17875,.T.);
#17938=ORIENTED_EDGE('',*,*,#17937,.F.);
#17939=EDGE_LOOP('',(#17934,#17935,#17936,#17938));
#17940=FACE_OUTER_BOUND('',#17939,.F.);
#17941=ADVANCED_FACE('',(#17940),#17932,.T.);
#17942=CARTESIAN_POINT('',(6.04E0,4.4E0,9.6E-1));
#17943=DIRECTION('',(0.E0,1.E0,0.E0));
#17944=DIRECTION('',(0.E0,0.E0,1.E0));
#17945=AXIS2_PLACEMENT_3D('',#17942,#17943,#17944);
#17946=PLANE('',#17945);
#17948=ORIENTED_EDGE('',*,*,#17947,.T.);
#17949=ORIENTED_EDGE('',*,*,#17821,.T.);
#17950=ORIENTED_EDGE('',*,*,#17837,.F.);
#17951=ORIENTED_EDGE('',*,*,#17933,.T.);
#17952=EDGE_LOOP('',(#17948,#17949,#17950,#17951));
#17953=FACE_OUTER_BOUND('',#17952,.F.);
#17954=ADVANCED_FACE('',(#17953),#17946,.T.);
#17955=CARTESIAN_POINT('',(6.35E0,4.E0,1.48E0));
#17956=DIRECTION('',(0.E0,2.425356250363E-1,9.701425001453E-1));
#17957=DIRECTION('',(0.E0,9.701425001453E-1,-2.425356250363E-1));
#17958=AXIS2_PLACEMENT_3D('',#17955,#17956,#17957);
#17959=PLANE('',#17958);
#17961=ORIENTED_EDGE('',*,*,#17960,.T.);
#17962=ORIENTED_EDGE('',*,*,#17823,.F.);
#17963=ORIENTED_EDGE('',*,*,#17947,.F.);
#17964=ORIENTED_EDGE('',*,*,#17937,.T.);
#17965=EDGE_LOOP('',(#17961,#17962,#17963,#17964));
#17966=FACE_OUTER_BOUND('',#17965,.F.);
#17967=ADVANCED_FACE('',(#17966),#17959,.T.);
#17968=CARTESIAN_POINT('',(6.04E0,4.4E0,1.58E0));
#17969=DIRECTION('',(0.E0,0.E0,1.E0));
#17970=DIRECTION('',(0.E0,-1.E0,0.E0));
#17971=AXIS2_PLACEMENT_3D('',#17968,#17969,#17970);
#17972=PLANE('',#17971);
#17973=ORIENTED_EDGE('',*,*,#17960,.F.);
#17974=ORIENTED_EDGE('',*,*,#17879,.T.);
#17975=ORIENTED_EDGE('',*,*,#10549,.F.);
#17976=ORIENTED_EDGE('',*,*,#17760,.F.);
#17977=EDGE_LOOP('',(#17973,#17974,#17975,#17976));
#17978=FACE_OUTER_BOUND('',#17977,.F.);
#17979=ADVANCED_FACE('',(#17978),#17972,.T.);
#17980=CARTESIAN_POINT('',(6.04E0,4.4E0,1.58E0));
#17981=DIRECTION('',(0.E0,0.E0,1.E0));
#17982=DIRECTION('',(0.E0,-1.E0,0.E0));
#17983=AXIS2_PLACEMENT_3D('',#17980,#17981,#17982);
#17984=PLANE('',#17983);
#17986=ORIENTED_EDGE('',*,*,#17985,.T.);
#17987=ORIENTED_EDGE('',*,*,#17808,.F.);
#17988=ORIENTED_EDGE('',*,*,#9560,.T.);
#17989=ORIENTED_EDGE('',*,*,#17921,.T.);
#17990=EDGE_LOOP('',(#17986,#17987,#17988,#17989));
#17991=FACE_OUTER_BOUND('',#17990,.F.);
#17992=ADVANCED_FACE('',(#17991),#17984,.T.);
#17993=CARTESIAN_POINT('',(6.35E0,-7.35E0,1.48E0));
#17994=DIRECTION('',(0.E0,-2.425356250363E-1,9.701425001453E-1));
#17995=DIRECTION('',(0.E0,9.701425001453E-1,2.425356250363E-1));
#17996=AXIS2_PLACEMENT_3D('',#17993,#17994,#17995);
#17997=PLANE('',#17996);
#17998=ORIENTED_EDGE('',*,*,#17985,.F.);
#18000=ORIENTED_EDGE('',*,*,#17999,.F.);
#18002=ORIENTED_EDGE('',*,*,#18001,.T.);
#18004=ORIENTED_EDGE('',*,*,#18003,.T.);
#18005=EDGE_LOOP('',(#17998,#18000,#18002,#18004));
#18006=FACE_OUTER_BOUND('',#18005,.F.);
#18007=ADVANCED_FACE('',(#18006),#17997,.T.);
#18008=CARTESIAN_POINT('',(6.56E0,-7.35E0,1.27E0));
#18009=DIRECTION('',(9.701425001453E-1,-2.425356250363E-1,0.E0));
#18010=DIRECTION('',(-2.425356250363E-1,-9.701425001453E-1,0.E0));
#18011=AXIS2_PLACEMENT_3D('',#18008,#18009,#18010);
#18012=PLANE('',#18011);
#18014=ORIENTED_EDGE('',*,*,#18013,.F.);
#18015=ORIENTED_EDGE('',*,*,#17999,.T.);
#18016=ORIENTED_EDGE('',*,*,#17919,.T.);
#18018=ORIENTED_EDGE('',*,*,#18017,.T.);
#18019=EDGE_LOOP('',(#18014,#18015,#18016,#18018));
#18020=FACE_OUTER_BOUND('',#18019,.F.);
#18021=ADVANCED_FACE('',(#18020),#18012,.T.);
#18022=CARTESIAN_POINT('',(6.04E0,-7.75E0,1.58E0));
#18023=DIRECTION('',(0.E0,-1.E0,0.E0));
#18024=DIRECTION('',(0.E0,0.E0,-1.E0));
#18025=AXIS2_PLACEMENT_3D('',#18022,#18023,#18024);
#18026=PLANE('',#18025);
#18028=ORIENTED_EDGE('',*,*,#18027,.T.);
#18030=ORIENTED_EDGE('',*,*,#18029,.T.);
#18031=ORIENTED_EDGE('',*,*,#18001,.F.);
#18032=ORIENTED_EDGE('',*,*,#18013,.T.);
#18033=EDGE_LOOP('',(#18028,#18030,#18031,#18032));
#18034=FACE_OUTER_BOUND('',#18033,.F.);
#18035=ADVANCED_FACE('',(#18034),#18026,.T.);
#18036=CARTESIAN_POINT('',(6.35E0,-7.35E0,1.06E0));
#18037=DIRECTION('',(0.E0,-2.425356250363E-1,-9.701425001453E-1));
#18038=DIRECTION('',(0.E0,-9.701425001453E-1,2.425356250363E-1));
#18039=AXIS2_PLACEMENT_3D('',#18036,#18037,#18038);
#18040=PLANE('',#18039);
#18041=ORIENTED_EDGE('',*,*,#17861,.T.);
#18043=ORIENTED_EDGE('',*,*,#18042,.F.);
#18044=ORIENTED_EDGE('',*,*,#18027,.F.);
#18045=ORIENTED_EDGE('',*,*,#18017,.F.);
#18046=EDGE_LOOP('',(#18041,#18043,#18044,#18045));
#18047=FACE_OUTER_BOUND('',#18046,.F.);
#18048=ADVANCED_FACE('',(#18047),#18040,.T.);
#18049=CARTESIAN_POINT('',(6.14E0,-7.35E0,1.27E0));
#18050=DIRECTION('',(-9.701425001453E-1,-2.425356250363E-1,0.E0));
#18051=DIRECTION('',(2.425356250363E-1,-9.701425001453E-1,0.E0));
#18052=AXIS2_PLACEMENT_3D('',#18049,#18050,#18051);
#18053=PLANE('',#18052);
#18054=ORIENTED_EDGE('',*,*,#17803,.T.);
#18055=ORIENTED_EDGE('',*,*,#18003,.F.);
#18056=ORIENTED_EDGE('',*,*,#18029,.F.);
#18057=ORIENTED_EDGE('',*,*,#18042,.T.);
#18058=EDGE_LOOP('',(#18054,#18055,#18056,#18057));
#18059=FACE_OUTER_BOUND('',#18058,.F.);
#18060=ADVANCED_FACE('',(#18059),#18053,.T.);
#18061=CARTESIAN_POINT('',(6.56E0,4.E0,-1.27E0));
#18062=DIRECTION('',(9.701425001453E-1,2.425356250363E-1,0.E0));
#18063=DIRECTION('',(-2.425356250363E-1,9.701425001453E-1,0.E0));
#18064=AXIS2_PLACEMENT_3D('',#18061,#18062,#18063);
#18065=PLANE('',#18064);
#18067=ORIENTED_EDGE('',*,*,#18066,.F.);
#18069=ORIENTED_EDGE('',*,*,#18068,.T.);
#18070=ORIENTED_EDGE('',*,*,#17889,.T.);
#18072=ORIENTED_EDGE('',*,*,#18071,.T.);
#18073=EDGE_LOOP('',(#18067,#18069,#18070,#18072));
#18074=FACE_OUTER_BOUND('',#18073,.F.);
#18075=ADVANCED_FACE('',(#18074),#18065,.T.);
#18076=CARTESIAN_POINT('',(6.04E0,4.4E0,-1.58E0));
#18077=DIRECTION('',(0.E0,1.E0,0.E0));
#18078=DIRECTION('',(0.E0,0.E0,1.E0));
#18079=AXIS2_PLACEMENT_3D('',#18076,#18077,#18078);
#18080=PLANE('',#18079);
#18082=ORIENTED_EDGE('',*,*,#18081,.F.);
#18083=ORIENTED_EDGE('',*,*,#18066,.T.);
#18085=ORIENTED_EDGE('',*,*,#18084,.T.);
#18087=ORIENTED_EDGE('',*,*,#18086,.T.);
#18088=EDGE_LOOP('',(#18082,#18083,#18085,#18087));
#18089=FACE_OUTER_BOUND('',#18088,.F.);
#18090=ADVANCED_FACE('',(#18089),#18080,.T.);
#18091=CARTESIAN_POINT('',(6.35E0,4.E0,-1.48E0));
#18092=DIRECTION('',(0.E0,2.425356250363E-1,-9.701425001453E-1));
#18093=DIRECTION('',(0.E0,-9.701425001453E-1,-2.425356250363E-1));
#18094=AXIS2_PLACEMENT_3D('',#18091,#18092,#18093);
#18095=PLANE('',#18094);
#18096=ORIENTED_EDGE('',*,*,#18081,.T.);
#18098=ORIENTED_EDGE('',*,*,#18097,.F.);
#18100=ORIENTED_EDGE('',*,*,#18099,.F.);
#18101=ORIENTED_EDGE('',*,*,#18068,.F.);
#18102=EDGE_LOOP('',(#18096,#18098,#18100,#18101));
#18103=FACE_OUTER_BOUND('',#18102,.F.);
#18104=ADVANCED_FACE('',(#18103),#18095,.T.);
#18105=CARTESIAN_POINT('',(6.14E0,4.E0,-1.27E0));
#18106=DIRECTION('',(-9.701425001453E-1,2.425356250363E-1,0.E0));
#18107=DIRECTION('',(2.425356250363E-1,9.701425001453E-1,0.E0));
#18108=AXIS2_PLACEMENT_3D('',#18105,#18106,#18107);
#18109=PLANE('',#18108);
#18110=ORIENTED_EDGE('',*,*,#18086,.F.);
#18112=ORIENTED_EDGE('',*,*,#18111,.T.);
#18113=ORIENTED_EDGE('',*,*,#17773,.T.);
#18114=ORIENTED_EDGE('',*,*,#18097,.T.);
#18115=EDGE_LOOP('',(#18110,#18112,#18113,#18114));
#18116=FACE_OUTER_BOUND('',#18115,.F.);
#18117=ADVANCED_FACE('',(#18116),#18109,.T.);
#18118=CARTESIAN_POINT('',(6.35E0,4.E0,-1.06E0));
#18119=DIRECTION('',(0.E0,2.425356250363E-1,9.701425001453E-1));
#18120=DIRECTION('',(0.E0,9.701425001453E-1,-2.425356250363E-1));
#18121=AXIS2_PLACEMENT_3D('',#18118,#18119,#18120);
#18122=PLANE('',#18121);
#18124=ORIENTED_EDGE('',*,*,#18123,.T.);
#18125=ORIENTED_EDGE('',*,*,#18111,.F.);
#18126=ORIENTED_EDGE('',*,*,#18084,.F.);
#18127=ORIENTED_EDGE('',*,*,#18071,.F.);
#18128=EDGE_LOOP('',(#18124,#18125,#18126,#18127));
#18129=FACE_OUTER_BOUND('',#18128,.F.);
#18130=ADVANCED_FACE('',(#18129),#18122,.T.);
#18131=CARTESIAN_POINT('',(6.04E0,4.4E0,-9.6E-1));
#18132=DIRECTION('',(0.E0,0.E0,1.E0));
#18133=DIRECTION('',(0.E0,-1.E0,0.E0));
#18134=AXIS2_PLACEMENT_3D('',#18131,#18132,#18133);
#18135=PLANE('',#18134);
#18136=ORIENTED_EDGE('',*,*,#18123,.F.);
#18137=ORIENTED_EDGE('',*,*,#17894,.T.);
#18138=ORIENTED_EDGE('',*,*,#10559,.F.);
#18139=ORIENTED_EDGE('',*,*,#17775,.F.);
#18140=EDGE_LOOP('',(#18136,#18137,#18138,#18139));
#18141=FACE_OUTER_BOUND('',#18140,.F.);
#18142=ADVANCED_FACE('',(#18141),#18135,.T.);
#18143=CARTESIAN_POINT('',(6.04E0,4.4E0,-9.6E-1));
#18144=DIRECTION('',(0.E0,0.E0,1.E0));
#18145=DIRECTION('',(0.E0,-1.E0,0.E0));
#18146=AXIS2_PLACEMENT_3D('',#18143,#18144,#18145);
#18147=PLANE('',#18146);
#18149=ORIENTED_EDGE('',*,*,#18148,.T.);
#18150=ORIENTED_EDGE('',*,*,#17793,.F.);
#18151=ORIENTED_EDGE('',*,*,#9570,.T.);
#18152=ORIENTED_EDGE('',*,*,#17906,.T.);
#18153=EDGE_LOOP('',(#18149,#18150,#18151,#18152));
#18154=FACE_OUTER_BOUND('',#18153,.F.);
#18155=ADVANCED_FACE('',(#18154),#18147,.T.);
#18156=CARTESIAN_POINT('',(6.35E0,-7.35E0,-1.06E0));
#18157=DIRECTION('',(0.E0,-2.425356250363E-1,9.701425001453E-1));
#18158=DIRECTION('',(0.E0,9.701425001453E-1,2.425356250363E-1));
#18159=AXIS2_PLACEMENT_3D('',#18156,#18157,#18158);
#18160=PLANE('',#18159);
#18161=ORIENTED_EDGE('',*,*,#18148,.F.);
#18163=ORIENTED_EDGE('',*,*,#18162,.F.);
#18165=ORIENTED_EDGE('',*,*,#18164,.T.);
#18167=ORIENTED_EDGE('',*,*,#18166,.T.);
#18168=EDGE_LOOP('',(#18161,#18163,#18165,#18167));
#18169=FACE_OUTER_BOUND('',#18168,.F.);
#18170=ADVANCED_FACE('',(#18169),#18160,.T.);
#18171=CARTESIAN_POINT('',(6.56E0,-7.35E0,-1.27E0));
#18172=DIRECTION('',(9.701425001453E-1,-2.425356250363E-1,0.E0));
#18173=DIRECTION('',(-2.425356250363E-1,-9.701425001453E-1,0.E0));
#18174=AXIS2_PLACEMENT_3D('',#18171,#18172,#18173);
#18175=PLANE('',#18174);
#18177=ORIENTED_EDGE('',*,*,#18176,.F.);
#18178=ORIENTED_EDGE('',*,*,#18162,.T.);
#18179=ORIENTED_EDGE('',*,*,#17904,.T.);
#18181=ORIENTED_EDGE('',*,*,#18180,.T.);
#18182=EDGE_LOOP('',(#18177,#18178,#18179,#18181));
#18183=FACE_OUTER_BOUND('',#18182,.F.);
#18184=ADVANCED_FACE('',(#18183),#18175,.T.);
#18185=CARTESIAN_POINT('',(6.04E0,-7.75E0,-9.6E-1));
#18186=DIRECTION('',(0.E0,-1.E0,0.E0));
#18187=DIRECTION('',(0.E0,0.E0,-1.E0));
#18188=AXIS2_PLACEMENT_3D('',#18185,#18186,#18187);
#18189=PLANE('',#18188);
#18191=ORIENTED_EDGE('',*,*,#18190,.T.);
#18193=ORIENTED_EDGE('',*,*,#18192,.T.);
#18194=ORIENTED_EDGE('',*,*,#18164,.F.);
#18195=ORIENTED_EDGE('',*,*,#18176,.T.);
#18196=EDGE_LOOP('',(#18191,#18193,#18194,#18195));
#18197=FACE_OUTER_BOUND('',#18196,.F.);
#18198=ADVANCED_FACE('',(#18197),#18189,.T.);
#18199=CARTESIAN_POINT('',(6.35E0,-7.35E0,-1.48E0));
#18200=DIRECTION('',(0.E0,-2.425356250363E-1,-9.701425001453E-1));
#18201=DIRECTION('',(0.E0,-9.701425001453E-1,2.425356250363E-1));
#18202=AXIS2_PLACEMENT_3D('',#18199,#18200,#18201);
#18203=PLANE('',#18202);
#18205=ORIENTED_EDGE('',*,*,#18204,.T.);
#18207=ORIENTED_EDGE('',*,*,#18206,.F.);
#18208=ORIENTED_EDGE('',*,*,#18190,.F.);
#18209=ORIENTED_EDGE('',*,*,#18180,.F.);
#18210=EDGE_LOOP('',(#18205,#18207,#18208,#18209));
#18211=FACE_OUTER_BOUND('',#18210,.F.);
#18212=ADVANCED_FACE('',(#18211),#18203,.T.);
#18213=CARTESIAN_POINT('',(6.04E0,-7.75E0,-1.58E0));
#18214=DIRECTION('',(0.E0,0.E0,-1.E0));
#18215=DIRECTION('',(0.E0,1.E0,0.E0));
#18216=AXIS2_PLACEMENT_3D('',#18213,#18214,#18215);
#18217=PLANE('',#18216);
#18218=ORIENTED_EDGE('',*,*,#18099,.T.);
#18219=ORIENTED_EDGE('',*,*,#17778,.F.);
#18220=ORIENTED_EDGE('',*,*,#10563,.T.);
#18221=ORIENTED_EDGE('',*,*,#17891,.T.);
#18222=EDGE_LOOP('',(#18218,#18219,#18220,#18221));
#18223=FACE_OUTER_BOUND('',#18222,.F.);
#18224=ADVANCED_FACE('',(#18223),#18217,.T.);
#18225=CARTESIAN_POINT('',(6.04E0,-7.75E0,-1.58E0));
#18226=DIRECTION('',(0.E0,0.E0,-1.E0));
#18227=DIRECTION('',(0.E0,1.E0,0.E0));
#18228=AXIS2_PLACEMENT_3D('',#18225,#18226,#18227);
#18229=PLANE('',#18228);
#18230=ORIENTED_EDGE('',*,*,#18204,.F.);
#18231=ORIENTED_EDGE('',*,*,#17909,.T.);
#18232=ORIENTED_EDGE('',*,*,#9566,.F.);
#18233=ORIENTED_EDGE('',*,*,#17790,.F.);
#18234=EDGE_LOOP('',(#18230,#18231,#18232,#18233));
#18235=FACE_OUTER_BOUND('',#18234,.F.);
#18236=ADVANCED_FACE('',(#18235),#18229,.T.);
#18237=CARTESIAN_POINT('',(6.14E0,-7.35E0,-1.27E0));
#18238=DIRECTION('',(-9.701425001453E-1,-2.425356250363E-1,0.E0));
#18239=DIRECTION('',(2.425356250363E-1,-9.701425001453E-1,0.E0));
#18240=AXIS2_PLACEMENT_3D('',#18237,#18238,#18239);
#18241=PLANE('',#18240);
#18242=ORIENTED_EDGE('',*,*,#17788,.T.);
#18243=ORIENTED_EDGE('',*,*,#18166,.F.);
#18244=ORIENTED_EDGE('',*,*,#18192,.F.);
#18245=ORIENTED_EDGE('',*,*,#18206,.T.);
#18246=EDGE_LOOP('',(#18242,#18243,#18244,#18245));
#18247=FACE_OUTER_BOUND('',#18246,.F.);
#18248=ADVANCED_FACE('',(#18247),#18241,.T.);
#18249=CARTESIAN_POINT('',(8.58E0,0.E0,0.E0));
#18250=DIRECTION('',(1.E0,0.E0,0.E0));
#18251=DIRECTION('',(0.E0,0.E0,-1.E0));
#18252=AXIS2_PLACEMENT_3D('',#18249,#18250,#18251);
#18253=PLANE('',#18252);
#18255=ORIENTED_EDGE('',*,*,#18254,.F.);
#18257=ORIENTED_EDGE('',*,*,#18256,.T.);
#18258=ORIENTED_EDGE('',*,*,#10567,.T.);
#18260=ORIENTED_EDGE('',*,*,#18259,.T.);
#18261=EDGE_LOOP('',(#18255,#18257,#18258,#18260));
#18262=FACE_OUTER_BOUND('',#18261,.F.);
#18263=ADVANCED_FACE('',(#18262),#18253,.F.);
#18264=CARTESIAN_POINT('',(8.58E0,0.E0,0.E0));
#18265=DIRECTION('',(1.E0,0.E0,0.E0));
#18266=DIRECTION('',(0.E0,0.E0,-1.E0));
#18267=AXIS2_PLACEMENT_3D('',#18264,#18265,#18266);
#18268=PLANE('',#18267);
#18270=ORIENTED_EDGE('',*,*,#18269,.F.);
#18272=ORIENTED_EDGE('',*,*,#18271,.T.);
#18273=ORIENTED_EDGE('',*,*,#10577,.T.);
#18275=ORIENTED_EDGE('',*,*,#18274,.T.);
#18276=EDGE_LOOP('',(#18270,#18272,#18273,#18275));
#18277=FACE_OUTER_BOUND('',#18276,.F.);
#18278=ADVANCED_FACE('',(#18277),#18268,.F.);
#18279=CARTESIAN_POINT('',(8.58E0,0.E0,0.E0));
#18280=DIRECTION('',(1.E0,0.E0,0.E0));
#18281=DIRECTION('',(0.E0,0.E0,-1.E0));
#18282=AXIS2_PLACEMENT_3D('',#18279,#18280,#18281);
#18283=PLANE('',#18282);
#18285=ORIENTED_EDGE('',*,*,#18284,.F.);
#18287=ORIENTED_EDGE('',*,*,#18286,.T.);
#18288=ORIENTED_EDGE('',*,*,#9584,.F.);
#18290=ORIENTED_EDGE('',*,*,#18289,.T.);
#18291=EDGE_LOOP('',(#18285,#18287,#18288,#18290));
#18292=FACE_OUTER_BOUND('',#18291,.F.);
#18293=ADVANCED_FACE('',(#18292),#18283,.F.);
#18294=CARTESIAN_POINT('',(8.58E0,0.E0,0.E0));
#18295=DIRECTION('',(1.E0,0.E0,0.E0));
#18296=DIRECTION('',(0.E0,0.E0,-1.E0));
#18297=AXIS2_PLACEMENT_3D('',#18294,#18295,#18296);
#18298=PLANE('',#18297);
#18300=ORIENTED_EDGE('',*,*,#18299,.F.);
#18302=ORIENTED_EDGE('',*,*,#18301,.T.);
#18303=ORIENTED_EDGE('',*,*,#9574,.F.);
#18305=ORIENTED_EDGE('',*,*,#18304,.T.);
#18306=EDGE_LOOP('',(#18300,#18302,#18303,#18305));
#18307=FACE_OUTER_BOUND('',#18306,.F.);
#18308=ADVANCED_FACE('',(#18307),#18298,.F.);
#18309=CARTESIAN_POINT('',(8.68E0,4.E0,1.27E0));
#18310=DIRECTION('',(-9.701425001453E-1,2.425356250363E-1,0.E0));
#18311=DIRECTION('',(2.425356250363E-1,9.701425001453E-1,0.E0));
#18312=AXIS2_PLACEMENT_3D('',#18309,#18310,#18311);
#18313=PLANE('',#18312);
#18314=ORIENTED_EDGE('',*,*,#18254,.T.);
#18316=ORIENTED_EDGE('',*,*,#18315,.F.);
#18318=ORIENTED_EDGE('',*,*,#18317,.F.);
#18320=ORIENTED_EDGE('',*,*,#18319,.T.);
#18321=EDGE_LOOP('',(#18314,#18316,#18318,#18320));
#18322=FACE_OUTER_BOUND('',#18321,.F.);
#18323=ADVANCED_FACE('',(#18322),#18313,.T.);
#18324=CARTESIAN_POINT('',(8.89E0,4.E0,1.06E0));
#18325=DIRECTION('',(0.E0,2.425356250363E-1,-9.701425001453E-1));
#18326=DIRECTION('',(0.E0,-9.701425001453E-1,-2.425356250363E-1));
#18327=AXIS2_PLACEMENT_3D('',#18324,#18325,#18326);
#18328=PLANE('',#18327);
#18330=ORIENTED_EDGE('',*,*,#18329,.F.);
#18332=ORIENTED_EDGE('',*,*,#18331,.F.);
#18334=ORIENTED_EDGE('',*,*,#18333,.T.);
#18335=ORIENTED_EDGE('',*,*,#18315,.T.);
#18336=EDGE_LOOP('',(#18330,#18332,#18334,#18335));
#18337=FACE_OUTER_BOUND('',#18336,.F.);
#18338=ADVANCED_FACE('',(#18337),#18328,.T.);
#18339=CARTESIAN_POINT('',(8.58E0,-7.75E0,9.6E-1));
#18340=DIRECTION('',(0.E0,0.E0,-1.E0));
#18341=DIRECTION('',(0.E0,1.E0,0.E0));
#18342=AXIS2_PLACEMENT_3D('',#18339,#18340,#18341);
#18343=PLANE('',#18342);
#18344=ORIENTED_EDGE('',*,*,#18329,.T.);
#18345=ORIENTED_EDGE('',*,*,#18259,.F.);
#18346=ORIENTED_EDGE('',*,*,#10573,.T.);
#18348=ORIENTED_EDGE('',*,*,#18347,.T.);
#18349=EDGE_LOOP('',(#18344,#18345,#18346,#18348));
#18350=FACE_OUTER_BOUND('',#18349,.F.);
#18351=ADVANCED_FACE('',(#18350),#18343,.T.);
#18352=CARTESIAN_POINT('',(8.58E0,-7.75E0,9.6E-1));
#18353=DIRECTION('',(0.E0,0.E0,-1.E0));
#18354=DIRECTION('',(0.E0,1.E0,0.E0));
#18355=AXIS2_PLACEMENT_3D('',#18352,#18353,#18354);
#18356=PLANE('',#18355);
#18358=ORIENTED_EDGE('',*,*,#18357,.F.);
#18360=ORIENTED_EDGE('',*,*,#18359,.T.);
#18361=ORIENTED_EDGE('',*,*,#9576,.F.);
#18362=ORIENTED_EDGE('',*,*,#18301,.F.);
#18363=EDGE_LOOP('',(#18358,#18360,#18361,#18362));
#18364=FACE_OUTER_BOUND('',#18363,.F.);
#18365=ADVANCED_FACE('',(#18364),#18356,.T.);
#18366=CARTESIAN_POINT('',(9.2E0,0.E0,0.E0));
#18367=DIRECTION('',(1.E0,0.E0,0.E0));
#18368=DIRECTION('',(0.E0,0.E0,-1.E0));
#18369=AXIS2_PLACEMENT_3D('',#18366,#18367,#18368);
#18370=PLANE('',#18369);
#18372=ORIENTED_EDGE('',*,*,#18371,.F.);
#18373=ORIENTED_EDGE('',*,*,#18347,.F.);
#18374=ORIENTED_EDGE('',*,*,#10571,.F.);
#18376=ORIENTED_EDGE('',*,*,#18375,.F.);
#18377=EDGE_LOOP('',(#18372,#18373,#18374,#18376));
#18378=FACE_OUTER_BOUND('',#18377,.F.);
#18379=ADVANCED_FACE('',(#18378),#18370,.T.);
#18380=CARTESIAN_POINT('',(9.2E0,0.E0,0.E0));
#18381=DIRECTION('',(1.E0,0.E0,0.E0));
#18382=DIRECTION('',(0.E0,0.E0,-1.E0));
#18383=AXIS2_PLACEMENT_3D('',#18380,#18381,#18382);
#18384=PLANE('',#18383);
#18386=ORIENTED_EDGE('',*,*,#18385,.F.);
#18388=ORIENTED_EDGE('',*,*,#18387,.F.);
#18389=ORIENTED_EDGE('',*,*,#10581,.F.);
#18391=ORIENTED_EDGE('',*,*,#18390,.F.);
#18392=EDGE_LOOP('',(#18386,#18388,#18389,#18391));
#18393=FACE_OUTER_BOUND('',#18392,.F.);
#18394=ADVANCED_FACE('',(#18393),#18384,.T.);
#18395=CARTESIAN_POINT('',(9.2E0,0.E0,0.E0));
#18396=DIRECTION('',(1.E0,0.E0,0.E0));
#18397=DIRECTION('',(0.E0,0.E0,-1.E0));
#18398=AXIS2_PLACEMENT_3D('',#18395,#18396,#18397);
#18399=PLANE('',#18398);
#18401=ORIENTED_EDGE('',*,*,#18400,.F.);
#18403=ORIENTED_EDGE('',*,*,#18402,.F.);
#18404=ORIENTED_EDGE('',*,*,#9588,.T.);
#18406=ORIENTED_EDGE('',*,*,#18405,.F.);
#18407=EDGE_LOOP('',(#18401,#18403,#18404,#18406));
#18408=FACE_OUTER_BOUND('',#18407,.F.);
#18409=ADVANCED_FACE('',(#18408),#18399,.T.);
#18410=CARTESIAN_POINT('',(9.2E0,0.E0,0.E0));
#18411=DIRECTION('',(1.E0,0.E0,0.E0));
#18412=DIRECTION('',(0.E0,0.E0,-1.E0));
#18413=AXIS2_PLACEMENT_3D('',#18410,#18411,#18412);
#18414=PLANE('',#18413);
#18416=ORIENTED_EDGE('',*,*,#18415,.F.);
#18418=ORIENTED_EDGE('',*,*,#18417,.F.);
#18419=ORIENTED_EDGE('',*,*,#9578,.T.);
#18420=ORIENTED_EDGE('',*,*,#18359,.F.);
#18421=EDGE_LOOP('',(#18416,#18418,#18419,#18420));
#18422=FACE_OUTER_BOUND('',#18421,.F.);
#18423=ADVANCED_FACE('',(#18422),#18414,.T.);
#18424=CARTESIAN_POINT('',(9.1E0,4.E0,1.27E0));
#18425=DIRECTION('',(9.701425001453E-1,2.425356250363E-1,0.E0));
#18426=DIRECTION('',(-2.425356250363E-1,9.701425001453E-1,0.E0));
#18427=AXIS2_PLACEMENT_3D('',#18424,#18425,#18426);
#18428=PLANE('',#18427);
#18430=ORIENTED_EDGE('',*,*,#18429,.F.);
#18431=ORIENTED_EDGE('',*,*,#18331,.T.);
#18432=ORIENTED_EDGE('',*,*,#18371,.T.);
#18434=ORIENTED_EDGE('',*,*,#18433,.F.);
#18435=EDGE_LOOP('',(#18430,#18431,#18432,#18434));
#18436=FACE_OUTER_BOUND('',#18435,.F.);
#18437=ADVANCED_FACE('',(#18436),#18428,.T.);
#18438=CARTESIAN_POINT('',(8.58E0,4.4E0,9.6E-1));
#18439=DIRECTION('',(0.E0,1.E0,0.E0));
#18440=DIRECTION('',(0.E0,0.E0,1.E0));
#18441=AXIS2_PLACEMENT_3D('',#18438,#18439,#18440);
#18442=PLANE('',#18441);
#18444=ORIENTED_EDGE('',*,*,#18443,.T.);
#18445=ORIENTED_EDGE('',*,*,#18317,.T.);
#18446=ORIENTED_EDGE('',*,*,#18333,.F.);
#18447=ORIENTED_EDGE('',*,*,#18429,.T.);
#18448=EDGE_LOOP('',(#18444,#18445,#18446,#18447));
#18449=FACE_OUTER_BOUND('',#18448,.F.);
#18450=ADVANCED_FACE('',(#18449),#18442,.T.);
#18451=CARTESIAN_POINT('',(8.89E0,4.E0,1.48E0));
#18452=DIRECTION('',(0.E0,2.425356250363E-1,9.701425001453E-1));
#18453=DIRECTION('',(0.E0,9.701425001453E-1,-2.425356250363E-1));
#18454=AXIS2_PLACEMENT_3D('',#18451,#18452,#18453);
#18455=PLANE('',#18454);
#18457=ORIENTED_EDGE('',*,*,#18456,.T.);
#18458=ORIENTED_EDGE('',*,*,#18319,.F.);
#18459=ORIENTED_EDGE('',*,*,#18443,.F.);
#18460=ORIENTED_EDGE('',*,*,#18433,.T.);
#18461=EDGE_LOOP('',(#18457,#18458,#18459,#18460));
#18462=FACE_OUTER_BOUND('',#18461,.F.);
#18463=ADVANCED_FACE('',(#18462),#18455,.T.);
#18464=CARTESIAN_POINT('',(8.58E0,4.4E0,1.58E0));
#18465=DIRECTION('',(0.E0,0.E0,1.E0));
#18466=DIRECTION('',(0.E0,-1.E0,0.E0));
#18467=AXIS2_PLACEMENT_3D('',#18464,#18465,#18466);
#18468=PLANE('',#18467);
#18469=ORIENTED_EDGE('',*,*,#18456,.F.);
#18470=ORIENTED_EDGE('',*,*,#18375,.T.);
#18471=ORIENTED_EDGE('',*,*,#10569,.F.);
#18472=ORIENTED_EDGE('',*,*,#18256,.F.);
#18473=EDGE_LOOP('',(#18469,#18470,#18471,#18472));
#18474=FACE_OUTER_BOUND('',#18473,.F.);
#18475=ADVANCED_FACE('',(#18474),#18468,.T.);
#18476=CARTESIAN_POINT('',(8.58E0,4.4E0,1.58E0));
#18477=DIRECTION('',(0.E0,0.E0,1.E0));
#18478=DIRECTION('',(0.E0,-1.E0,0.E0));
#18479=AXIS2_PLACEMENT_3D('',#18476,#18477,#18478);
#18480=PLANE('',#18479);
#18482=ORIENTED_EDGE('',*,*,#18481,.T.);
#18483=ORIENTED_EDGE('',*,*,#18304,.F.);
#18484=ORIENTED_EDGE('',*,*,#9580,.T.);
#18485=ORIENTED_EDGE('',*,*,#18417,.T.);
#18486=EDGE_LOOP('',(#18482,#18483,#18484,#18485));
#18487=FACE_OUTER_BOUND('',#18486,.F.);
#18488=ADVANCED_FACE('',(#18487),#18480,.T.);
#18489=CARTESIAN_POINT('',(8.89E0,-7.35E0,1.48E0));
#18490=DIRECTION('',(0.E0,-2.425356250363E-1,9.701425001453E-1));
#18491=DIRECTION('',(0.E0,9.701425001453E-1,2.425356250363E-1));
#18492=AXIS2_PLACEMENT_3D('',#18489,#18490,#18491);
#18493=PLANE('',#18492);
#18494=ORIENTED_EDGE('',*,*,#18481,.F.);
#18496=ORIENTED_EDGE('',*,*,#18495,.F.);
#18498=ORIENTED_EDGE('',*,*,#18497,.T.);
#18500=ORIENTED_EDGE('',*,*,#18499,.T.);
#18501=EDGE_LOOP('',(#18494,#18496,#18498,#18500));
#18502=FACE_OUTER_BOUND('',#18501,.F.);
#18503=ADVANCED_FACE('',(#18502),#18493,.T.);
#18504=CARTESIAN_POINT('',(9.1E0,-7.35E0,1.27E0));
#18505=DIRECTION('',(9.701425001453E-1,-2.425356250363E-1,0.E0));
#18506=DIRECTION('',(-2.425356250363E-1,-9.701425001453E-1,0.E0));
#18507=AXIS2_PLACEMENT_3D('',#18504,#18505,#18506);
#18508=PLANE('',#18507);
#18510=ORIENTED_EDGE('',*,*,#18509,.F.);
#18511=ORIENTED_EDGE('',*,*,#18495,.T.);
#18512=ORIENTED_EDGE('',*,*,#18415,.T.);
#18514=ORIENTED_EDGE('',*,*,#18513,.T.);
#18515=EDGE_LOOP('',(#18510,#18511,#18512,#18514));
#18516=FACE_OUTER_BOUND('',#18515,.F.);
#18517=ADVANCED_FACE('',(#18516),#18508,.T.);
#18518=CARTESIAN_POINT('',(8.58E0,-7.75E0,1.58E0));
#18519=DIRECTION('',(0.E0,-1.E0,0.E0));
#18520=DIRECTION('',(0.E0,0.E0,-1.E0));
#18521=AXIS2_PLACEMENT_3D('',#18518,#18519,#18520);
#18522=PLANE('',#18521);
#18524=ORIENTED_EDGE('',*,*,#18523,.T.);
#18526=ORIENTED_EDGE('',*,*,#18525,.T.);
#18527=ORIENTED_EDGE('',*,*,#18497,.F.);
#18528=ORIENTED_EDGE('',*,*,#18509,.T.);
#18529=EDGE_LOOP('',(#18524,#18526,#18527,#18528));
#18530=FACE_OUTER_BOUND('',#18529,.F.);
#18531=ADVANCED_FACE('',(#18530),#18522,.T.);
#18532=CARTESIAN_POINT('',(8.89E0,-7.35E0,1.06E0));
#18533=DIRECTION('',(0.E0,-2.425356250363E-1,-9.701425001453E-1));
#18534=DIRECTION('',(0.E0,-9.701425001453E-1,2.425356250363E-1));
#18535=AXIS2_PLACEMENT_3D('',#18532,#18533,#18534);
#18536=PLANE('',#18535);
#18537=ORIENTED_EDGE('',*,*,#18357,.T.);
#18539=ORIENTED_EDGE('',*,*,#18538,.F.);
#18540=ORIENTED_EDGE('',*,*,#18523,.F.);
#18541=ORIENTED_EDGE('',*,*,#18513,.F.);
#18542=EDGE_LOOP('',(#18537,#18539,#18540,#18541));
#18543=FACE_OUTER_BOUND('',#18542,.F.);
#18544=ADVANCED_FACE('',(#18543),#18536,.T.);
#18545=CARTESIAN_POINT('',(8.68E0,-7.35E0,1.27E0));
#18546=DIRECTION('',(-9.701425001453E-1,-2.425356250363E-1,0.E0));
#18547=DIRECTION('',(2.425356250363E-1,-9.701425001453E-1,0.E0));
#18548=AXIS2_PLACEMENT_3D('',#18545,#18546,#18547);
#18549=PLANE('',#18548);
#18550=ORIENTED_EDGE('',*,*,#18299,.T.);
#18551=ORIENTED_EDGE('',*,*,#18499,.F.);
#18552=ORIENTED_EDGE('',*,*,#18525,.F.);
#18553=ORIENTED_EDGE('',*,*,#18538,.T.);
#18554=EDGE_LOOP('',(#18550,#18551,#18552,#18553));
#18555=FACE_OUTER_BOUND('',#18554,.F.);
#18556=ADVANCED_FACE('',(#18555),#18549,.T.);
#18557=CARTESIAN_POINT('',(9.1E0,4.E0,-1.27E0));
#18558=DIRECTION('',(9.701425001453E-1,2.425356250363E-1,0.E0));
#18559=DIRECTION('',(-2.425356250363E-1,9.701425001453E-1,0.E0));
#18560=AXIS2_PLACEMENT_3D('',#18557,#18558,#18559);
#18561=PLANE('',#18560);
#18563=ORIENTED_EDGE('',*,*,#18562,.F.);
#18565=ORIENTED_EDGE('',*,*,#18564,.T.);
#18566=ORIENTED_EDGE('',*,*,#18385,.T.);
#18568=ORIENTED_EDGE('',*,*,#18567,.T.);
#18569=EDGE_LOOP('',(#18563,#18565,#18566,#18568));
#18570=FACE_OUTER_BOUND('',#18569,.F.);
#18571=ADVANCED_FACE('',(#18570),#18561,.T.);
#18572=CARTESIAN_POINT('',(8.58E0,4.4E0,-1.58E0));
#18573=DIRECTION('',(0.E0,1.E0,0.E0));
#18574=DIRECTION('',(0.E0,0.E0,1.E0));
#18575=AXIS2_PLACEMENT_3D('',#18572,#18573,#18574);
#18576=PLANE('',#18575);
#18578=ORIENTED_EDGE('',*,*,#18577,.F.);
#18579=ORIENTED_EDGE('',*,*,#18562,.T.);
#18581=ORIENTED_EDGE('',*,*,#18580,.T.);
#18583=ORIENTED_EDGE('',*,*,#18582,.T.);
#18584=EDGE_LOOP('',(#18578,#18579,#18581,#18583));
#18585=FACE_OUTER_BOUND('',#18584,.F.);
#18586=ADVANCED_FACE('',(#18585),#18576,.T.);
#18587=CARTESIAN_POINT('',(8.89E0,4.E0,-1.48E0));
#18588=DIRECTION('',(0.E0,2.425356250363E-1,-9.701425001453E-1));
#18589=DIRECTION('',(0.E0,-9.701425001453E-1,-2.425356250363E-1));
#18590=AXIS2_PLACEMENT_3D('',#18587,#18588,#18589);
#18591=PLANE('',#18590);
#18592=ORIENTED_EDGE('',*,*,#18577,.T.);
#18594=ORIENTED_EDGE('',*,*,#18593,.F.);
#18596=ORIENTED_EDGE('',*,*,#18595,.F.);
#18597=ORIENTED_EDGE('',*,*,#18564,.F.);
#18598=EDGE_LOOP('',(#18592,#18594,#18596,#18597));
#18599=FACE_OUTER_BOUND('',#18598,.F.);
#18600=ADVANCED_FACE('',(#18599),#18591,.T.);
#18601=CARTESIAN_POINT('',(8.68E0,4.E0,-1.27E0));
#18602=DIRECTION('',(-9.701425001453E-1,2.425356250363E-1,0.E0));
#18603=DIRECTION('',(2.425356250363E-1,9.701425001453E-1,0.E0));
#18604=AXIS2_PLACEMENT_3D('',#18601,#18602,#18603);
#18605=PLANE('',#18604);
#18606=ORIENTED_EDGE('',*,*,#18582,.F.);
#18608=ORIENTED_EDGE('',*,*,#18607,.T.);
#18609=ORIENTED_EDGE('',*,*,#18269,.T.);
#18610=ORIENTED_EDGE('',*,*,#18593,.T.);
#18611=EDGE_LOOP('',(#18606,#18608,#18609,#18610));
#18612=FACE_OUTER_BOUND('',#18611,.F.);
#18613=ADVANCED_FACE('',(#18612),#18605,.T.);
#18614=CARTESIAN_POINT('',(8.89E0,4.E0,-1.06E0));
#18615=DIRECTION('',(0.E0,2.425356250363E-1,9.701425001453E-1));
#18616=DIRECTION('',(0.E0,9.701425001453E-1,-2.425356250363E-1));
#18617=AXIS2_PLACEMENT_3D('',#18614,#18615,#18616);
#18618=PLANE('',#18617);
#18620=ORIENTED_EDGE('',*,*,#18619,.T.);
#18621=ORIENTED_EDGE('',*,*,#18607,.F.);
#18622=ORIENTED_EDGE('',*,*,#18580,.F.);
#18623=ORIENTED_EDGE('',*,*,#18567,.F.);
#18624=EDGE_LOOP('',(#18620,#18621,#18622,#18623));
#18625=FACE_OUTER_BOUND('',#18624,.F.);
#18626=ADVANCED_FACE('',(#18625),#18618,.T.);
#18627=CARTESIAN_POINT('',(8.58E0,4.4E0,-9.6E-1));
#18628=DIRECTION('',(0.E0,0.E0,1.E0));
#18629=DIRECTION('',(0.E0,-1.E0,0.E0));
#18630=AXIS2_PLACEMENT_3D('',#18627,#18628,#18629);
#18631=PLANE('',#18630);
#18632=ORIENTED_EDGE('',*,*,#18619,.F.);
#18633=ORIENTED_EDGE('',*,*,#18390,.T.);
#18634=ORIENTED_EDGE('',*,*,#10579,.F.);
#18635=ORIENTED_EDGE('',*,*,#18271,.F.);
#18636=EDGE_LOOP('',(#18632,#18633,#18634,#18635));
#18637=FACE_OUTER_BOUND('',#18636,.F.);
#18638=ADVANCED_FACE('',(#18637),#18631,.T.);
#18639=CARTESIAN_POINT('',(8.58E0,4.4E0,-9.6E-1));
#18640=DIRECTION('',(0.E0,0.E0,1.E0));
#18641=DIRECTION('',(0.E0,-1.E0,0.E0));
#18642=AXIS2_PLACEMENT_3D('',#18639,#18640,#18641);
#18643=PLANE('',#18642);
#18645=ORIENTED_EDGE('',*,*,#18644,.T.);
#18646=ORIENTED_EDGE('',*,*,#18289,.F.);
#18647=ORIENTED_EDGE('',*,*,#9590,.T.);
#18648=ORIENTED_EDGE('',*,*,#18402,.T.);
#18649=EDGE_LOOP('',(#18645,#18646,#18647,#18648));
#18650=FACE_OUTER_BOUND('',#18649,.F.);
#18651=ADVANCED_FACE('',(#18650),#18643,.T.);
#18652=CARTESIAN_POINT('',(8.89E0,-7.35E0,-1.06E0));
#18653=DIRECTION('',(0.E0,-2.425356250363E-1,9.701425001453E-1));
#18654=DIRECTION('',(0.E0,9.701425001453E-1,2.425356250363E-1));
#18655=AXIS2_PLACEMENT_3D('',#18652,#18653,#18654);
#18656=PLANE('',#18655);
#18657=ORIENTED_EDGE('',*,*,#18644,.F.);
#18659=ORIENTED_EDGE('',*,*,#18658,.F.);
#18661=ORIENTED_EDGE('',*,*,#18660,.T.);
#18663=ORIENTED_EDGE('',*,*,#18662,.T.);
#18664=EDGE_LOOP('',(#18657,#18659,#18661,#18663));
#18665=FACE_OUTER_BOUND('',#18664,.F.);
#18666=ADVANCED_FACE('',(#18665),#18656,.T.);
#18667=CARTESIAN_POINT('',(9.1E0,-7.35E0,-1.27E0));
#18668=DIRECTION('',(9.701425001453E-1,-2.425356250363E-1,0.E0));
#18669=DIRECTION('',(-2.425356250363E-1,-9.701425001453E-1,0.E0));
#18670=AXIS2_PLACEMENT_3D('',#18667,#18668,#18669);
#18671=PLANE('',#18670);
#18673=ORIENTED_EDGE('',*,*,#18672,.F.);
#18674=ORIENTED_EDGE('',*,*,#18658,.T.);
#18675=ORIENTED_EDGE('',*,*,#18400,.T.);
#18677=ORIENTED_EDGE('',*,*,#18676,.T.);
#18678=EDGE_LOOP('',(#18673,#18674,#18675,#18677));
#18679=FACE_OUTER_BOUND('',#18678,.F.);
#18680=ADVANCED_FACE('',(#18679),#18671,.T.);
#18681=CARTESIAN_POINT('',(8.58E0,-7.75E0,-9.6E-1));
#18682=DIRECTION('',(0.E0,-1.E0,0.E0));
#18683=DIRECTION('',(0.E0,0.E0,-1.E0));
#18684=AXIS2_PLACEMENT_3D('',#18681,#18682,#18683);
#18685=PLANE('',#18684);
#18687=ORIENTED_EDGE('',*,*,#18686,.T.);
#18689=ORIENTED_EDGE('',*,*,#18688,.T.);
#18690=ORIENTED_EDGE('',*,*,#18660,.F.);
#18691=ORIENTED_EDGE('',*,*,#18672,.T.);
#18692=EDGE_LOOP('',(#18687,#18689,#18690,#18691));
#18693=FACE_OUTER_BOUND('',#18692,.F.);
#18694=ADVANCED_FACE('',(#18693),#18685,.T.);
#18695=CARTESIAN_POINT('',(8.89E0,-7.35E0,-1.48E0));
#18696=DIRECTION('',(0.E0,-2.425356250363E-1,-9.701425001453E-1));
#18697=DIRECTION('',(0.E0,-9.701425001453E-1,2.425356250363E-1));
#18698=AXIS2_PLACEMENT_3D('',#18695,#18696,#18697);
#18699=PLANE('',#18698);
#18701=ORIENTED_EDGE('',*,*,#18700,.T.);
#18703=ORIENTED_EDGE('',*,*,#18702,.F.);
#18704=ORIENTED_EDGE('',*,*,#18686,.F.);
#18705=ORIENTED_EDGE('',*,*,#18676,.F.);
#18706=EDGE_LOOP('',(#18701,#18703,#18704,#18705));
#18707=FACE_OUTER_BOUND('',#18706,.F.);
#18708=ADVANCED_FACE('',(#18707),#18699,.T.);
#18709=CARTESIAN_POINT('',(8.58E0,-7.75E0,-1.58E0));
#18710=DIRECTION('',(0.E0,0.E0,-1.E0));
#18711=DIRECTION('',(0.E0,1.E0,0.E0));
#18712=AXIS2_PLACEMENT_3D('',#18709,#18710,#18711);
#18713=PLANE('',#18712);
#18714=ORIENTED_EDGE('',*,*,#18595,.T.);
#18715=ORIENTED_EDGE('',*,*,#18274,.F.);
#18716=ORIENTED_EDGE('',*,*,#10583,.T.);
#18717=ORIENTED_EDGE('',*,*,#18387,.T.);
#18718=EDGE_LOOP('',(#18714,#18715,#18716,#18717));
#18719=FACE_OUTER_BOUND('',#18718,.F.);
#18720=ADVANCED_FACE('',(#18719),#18713,.T.);
#18721=CARTESIAN_POINT('',(8.58E0,-7.75E0,-1.58E0));
#18722=DIRECTION('',(0.E0,0.E0,-1.E0));
#18723=DIRECTION('',(0.E0,1.E0,0.E0));
#18724=AXIS2_PLACEMENT_3D('',#18721,#18722,#18723);
#18725=PLANE('',#18724);
#18726=ORIENTED_EDGE('',*,*,#18700,.F.);
#18727=ORIENTED_EDGE('',*,*,#18405,.T.);
#18728=ORIENTED_EDGE('',*,*,#9586,.F.);
#18729=ORIENTED_EDGE('',*,*,#18286,.F.);
#18730=EDGE_LOOP('',(#18726,#18727,#18728,#18729));
#18731=FACE_OUTER_BOUND('',#18730,.F.);
#18732=ADVANCED_FACE('',(#18731),#18725,.T.);
#18733=CARTESIAN_POINT('',(8.68E0,-7.35E0,-1.27E0));
#18734=DIRECTION('',(-9.701425001453E-1,-2.425356250363E-1,0.E0));
#18735=DIRECTION('',(2.425356250363E-1,-9.701425001453E-1,0.E0));
#18736=AXIS2_PLACEMENT_3D('',#18733,#18734,#18735);
#18737=PLANE('',#18736);
#18738=ORIENTED_EDGE('',*,*,#18284,.T.);
#18739=ORIENTED_EDGE('',*,*,#18662,.F.);
#18740=ORIENTED_EDGE('',*,*,#18688,.F.);
#18741=ORIENTED_EDGE('',*,*,#18702,.T.);
#18742=EDGE_LOOP('',(#18738,#18739,#18740,#18741));
#18743=FACE_OUTER_BOUND('',#18742,.F.);
#18744=ADVANCED_FACE('',(#18743),#18737,.T.);
#18745=CARTESIAN_POINT('',(1.112E1,0.E0,0.E0));
#18746=DIRECTION('',(1.E0,0.E0,0.E0));
#18747=DIRECTION('',(0.E0,0.E0,-1.E0));
#18748=AXIS2_PLACEMENT_3D('',#18745,#18746,#18747);
#18749=PLANE('',#18748);
#18751=ORIENTED_EDGE('',*,*,#18750,.F.);
#18753=ORIENTED_EDGE('',*,*,#18752,.T.);
#18754=ORIENTED_EDGE('',*,*,#10587,.T.);
#18756=ORIENTED_EDGE('',*,*,#18755,.T.);
#18757=EDGE_LOOP('',(#18751,#18753,#18754,#18756));
#18758=FACE_OUTER_BOUND('',#18757,.F.);
#18759=ADVANCED_FACE('',(#18758),#18749,.F.);
#18760=CARTESIAN_POINT('',(1.112E1,0.E0,0.E0));
#18761=DIRECTION('',(1.E0,0.E0,0.E0));
#18762=DIRECTION('',(0.E0,0.E0,-1.E0));
#18763=AXIS2_PLACEMENT_3D('',#18760,#18761,#18762);
#18764=PLANE('',#18763);
#18766=ORIENTED_EDGE('',*,*,#18765,.F.);
#18768=ORIENTED_EDGE('',*,*,#18767,.T.);
#18769=ORIENTED_EDGE('',*,*,#10597,.T.);
#18771=ORIENTED_EDGE('',*,*,#18770,.T.);
#18772=EDGE_LOOP('',(#18766,#18768,#18769,#18771));
#18773=FACE_OUTER_BOUND('',#18772,.F.);
#18774=ADVANCED_FACE('',(#18773),#18764,.F.);
#18775=CARTESIAN_POINT('',(1.112E1,0.E0,0.E0));
#18776=DIRECTION('',(1.E0,0.E0,0.E0));
#18777=DIRECTION('',(0.E0,0.E0,-1.E0));
#18778=AXIS2_PLACEMENT_3D('',#18775,#18776,#18777);
#18779=PLANE('',#18778);
#18781=ORIENTED_EDGE('',*,*,#18780,.F.);
#18783=ORIENTED_EDGE('',*,*,#18782,.T.);
#18784=ORIENTED_EDGE('',*,*,#9604,.F.);
#18786=ORIENTED_EDGE('',*,*,#18785,.T.);
#18787=EDGE_LOOP('',(#18781,#18783,#18784,#18786));
#18788=FACE_OUTER_BOUND('',#18787,.F.);
#18789=ADVANCED_FACE('',(#18788),#18779,.F.);
#18790=CARTESIAN_POINT('',(1.112E1,0.E0,0.E0));
#18791=DIRECTION('',(1.E0,0.E0,0.E0));
#18792=DIRECTION('',(0.E0,0.E0,-1.E0));
#18793=AXIS2_PLACEMENT_3D('',#18790,#18791,#18792);
#18794=PLANE('',#18793);
#18796=ORIENTED_EDGE('',*,*,#18795,.F.);
#18798=ORIENTED_EDGE('',*,*,#18797,.T.);
#18799=ORIENTED_EDGE('',*,*,#9594,.F.);
#18801=ORIENTED_EDGE('',*,*,#18800,.T.);
#18802=EDGE_LOOP('',(#18796,#18798,#18799,#18801));
#18803=FACE_OUTER_BOUND('',#18802,.F.);
#18804=ADVANCED_FACE('',(#18803),#18794,.F.);
#18805=CARTESIAN_POINT('',(1.122E1,4.E0,1.27E0));
#18806=DIRECTION('',(-9.701425001453E-1,2.425356250363E-1,0.E0));
#18807=DIRECTION('',(2.425356250363E-1,9.701425001453E-1,0.E0));
#18808=AXIS2_PLACEMENT_3D('',#18805,#18806,#18807);
#18809=PLANE('',#18808);
#18810=ORIENTED_EDGE('',*,*,#18750,.T.);
#18812=ORIENTED_EDGE('',*,*,#18811,.F.);
#18814=ORIENTED_EDGE('',*,*,#18813,.F.);
#18816=ORIENTED_EDGE('',*,*,#18815,.T.);
#18817=EDGE_LOOP('',(#18810,#18812,#18814,#18816));
#18818=FACE_OUTER_BOUND('',#18817,.F.);
#18819=ADVANCED_FACE('',(#18818),#18809,.T.);
#18820=CARTESIAN_POINT('',(1.143E1,4.E0,1.06E0));
#18821=DIRECTION('',(0.E0,2.425356250363E-1,-9.701425001453E-1));
#18822=DIRECTION('',(0.E0,-9.701425001453E-1,-2.425356250363E-1));
#18823=AXIS2_PLACEMENT_3D('',#18820,#18821,#18822);
#18824=PLANE('',#18823);
#18826=ORIENTED_EDGE('',*,*,#18825,.F.);
#18828=ORIENTED_EDGE('',*,*,#18827,.F.);
#18830=ORIENTED_EDGE('',*,*,#18829,.T.);
#18831=ORIENTED_EDGE('',*,*,#18811,.T.);
#18832=EDGE_LOOP('',(#18826,#18828,#18830,#18831));
#18833=FACE_OUTER_BOUND('',#18832,.F.);
#18834=ADVANCED_FACE('',(#18833),#18824,.T.);
#18835=CARTESIAN_POINT('',(1.112E1,-7.75E0,9.6E-1));
#18836=DIRECTION('',(0.E0,0.E0,-1.E0));
#18837=DIRECTION('',(0.E0,1.E0,0.E0));
#18838=AXIS2_PLACEMENT_3D('',#18835,#18836,#18837);
#18839=PLANE('',#18838);
#18840=ORIENTED_EDGE('',*,*,#18825,.T.);
#18841=ORIENTED_EDGE('',*,*,#18755,.F.);
#18842=ORIENTED_EDGE('',*,*,#10593,.T.);
#18844=ORIENTED_EDGE('',*,*,#18843,.T.);
#18845=EDGE_LOOP('',(#18840,#18841,#18842,#18844));
#18846=FACE_OUTER_BOUND('',#18845,.F.);
#18847=ADVANCED_FACE('',(#18846),#18839,.T.);
#18848=CARTESIAN_POINT('',(1.112E1,-7.75E0,9.6E-1));
#18849=DIRECTION('',(0.E0,0.E0,-1.E0));
#18850=DIRECTION('',(0.E0,1.E0,0.E0));
#18851=AXIS2_PLACEMENT_3D('',#18848,#18849,#18850);
#18852=PLANE('',#18851);
#18854=ORIENTED_EDGE('',*,*,#18853,.F.);
#18856=ORIENTED_EDGE('',*,*,#18855,.T.);
#18857=ORIENTED_EDGE('',*,*,#9596,.F.);
#18858=ORIENTED_EDGE('',*,*,#18797,.F.);
#18859=EDGE_LOOP('',(#18854,#18856,#18857,#18858));
#18860=FACE_OUTER_BOUND('',#18859,.F.);
#18861=ADVANCED_FACE('',(#18860),#18852,.T.);
#18862=CARTESIAN_POINT('',(1.174E1,0.E0,0.E0));
#18863=DIRECTION('',(1.E0,0.E0,0.E0));
#18864=DIRECTION('',(0.E0,0.E0,-1.E0));
#18865=AXIS2_PLACEMENT_3D('',#18862,#18863,#18864);
#18866=PLANE('',#18865);
#18868=ORIENTED_EDGE('',*,*,#18867,.F.);
#18869=ORIENTED_EDGE('',*,*,#18843,.F.);
#18870=ORIENTED_EDGE('',*,*,#10591,.F.);
#18872=ORIENTED_EDGE('',*,*,#18871,.F.);
#18873=EDGE_LOOP('',(#18868,#18869,#18870,#18872));
#18874=FACE_OUTER_BOUND('',#18873,.F.);
#18875=ADVANCED_FACE('',(#18874),#18866,.T.);
#18876=CARTESIAN_POINT('',(1.174E1,0.E0,0.E0));
#18877=DIRECTION('',(1.E0,0.E0,0.E0));
#18878=DIRECTION('',(0.E0,0.E0,-1.E0));
#18879=AXIS2_PLACEMENT_3D('',#18876,#18877,#18878);
#18880=PLANE('',#18879);
#18882=ORIENTED_EDGE('',*,*,#18881,.F.);
#18884=ORIENTED_EDGE('',*,*,#18883,.F.);
#18885=ORIENTED_EDGE('',*,*,#10601,.F.);
#18887=ORIENTED_EDGE('',*,*,#18886,.F.);
#18888=EDGE_LOOP('',(#18882,#18884,#18885,#18887));
#18889=FACE_OUTER_BOUND('',#18888,.F.);
#18890=ADVANCED_FACE('',(#18889),#18880,.T.);
#18891=CARTESIAN_POINT('',(1.174E1,0.E0,0.E0));
#18892=DIRECTION('',(1.E0,0.E0,0.E0));
#18893=DIRECTION('',(0.E0,0.E0,-1.E0));
#18894=AXIS2_PLACEMENT_3D('',#18891,#18892,#18893);
#18895=PLANE('',#18894);
#18897=ORIENTED_EDGE('',*,*,#18896,.F.);
#18899=ORIENTED_EDGE('',*,*,#18898,.F.);
#18900=ORIENTED_EDGE('',*,*,#9608,.T.);
#18902=ORIENTED_EDGE('',*,*,#18901,.F.);
#18903=EDGE_LOOP('',(#18897,#18899,#18900,#18902));
#18904=FACE_OUTER_BOUND('',#18903,.F.);
#18905=ADVANCED_FACE('',(#18904),#18895,.T.);
#18906=CARTESIAN_POINT('',(1.174E1,0.E0,0.E0));
#18907=DIRECTION('',(1.E0,0.E0,0.E0));
#18908=DIRECTION('',(0.E0,0.E0,-1.E0));
#18909=AXIS2_PLACEMENT_3D('',#18906,#18907,#18908);
#18910=PLANE('',#18909);
#18912=ORIENTED_EDGE('',*,*,#18911,.F.);
#18914=ORIENTED_EDGE('',*,*,#18913,.F.);
#18915=ORIENTED_EDGE('',*,*,#9598,.T.);
#18916=ORIENTED_EDGE('',*,*,#18855,.F.);
#18917=EDGE_LOOP('',(#18912,#18914,#18915,#18916));
#18918=FACE_OUTER_BOUND('',#18917,.F.);
#18919=ADVANCED_FACE('',(#18918),#18910,.T.);
#18920=CARTESIAN_POINT('',(1.164E1,4.E0,1.27E0));
#18921=DIRECTION('',(9.701425001453E-1,2.425356250363E-1,0.E0));
#18922=DIRECTION('',(-2.425356250363E-1,9.701425001453E-1,0.E0));
#18923=AXIS2_PLACEMENT_3D('',#18920,#18921,#18922);
#18924=PLANE('',#18923);
#18926=ORIENTED_EDGE('',*,*,#18925,.F.);
#18927=ORIENTED_EDGE('',*,*,#18827,.T.);
#18928=ORIENTED_EDGE('',*,*,#18867,.T.);
#18930=ORIENTED_EDGE('',*,*,#18929,.F.);
#18931=EDGE_LOOP('',(#18926,#18927,#18928,#18930));
#18932=FACE_OUTER_BOUND('',#18931,.F.);
#18933=ADVANCED_FACE('',(#18932),#18924,.T.);
#18934=CARTESIAN_POINT('',(1.112E1,4.4E0,9.6E-1));
#18935=DIRECTION('',(0.E0,1.E0,0.E0));
#18936=DIRECTION('',(0.E0,0.E0,1.E0));
#18937=AXIS2_PLACEMENT_3D('',#18934,#18935,#18936);
#18938=PLANE('',#18937);
#18940=ORIENTED_EDGE('',*,*,#18939,.T.);
#18941=ORIENTED_EDGE('',*,*,#18813,.T.);
#18942=ORIENTED_EDGE('',*,*,#18829,.F.);
#18943=ORIENTED_EDGE('',*,*,#18925,.T.);
#18944=EDGE_LOOP('',(#18940,#18941,#18942,#18943));
#18945=FACE_OUTER_BOUND('',#18944,.F.);
#18946=ADVANCED_FACE('',(#18945),#18938,.T.);
#18947=CARTESIAN_POINT('',(1.143E1,4.E0,1.48E0));
#18948=DIRECTION('',(0.E0,2.425356250363E-1,9.701425001453E-1));
#18949=DIRECTION('',(0.E0,9.701425001453E-1,-2.425356250363E-1));
#18950=AXIS2_PLACEMENT_3D('',#18947,#18948,#18949);
#18951=PLANE('',#18950);
#18953=ORIENTED_EDGE('',*,*,#18952,.T.);
#18954=ORIENTED_EDGE('',*,*,#18815,.F.);
#18955=ORIENTED_EDGE('',*,*,#18939,.F.);
#18956=ORIENTED_EDGE('',*,*,#18929,.T.);
#18957=EDGE_LOOP('',(#18953,#18954,#18955,#18956));
#18958=FACE_OUTER_BOUND('',#18957,.F.);
#18959=ADVANCED_FACE('',(#18958),#18951,.T.);
#18960=CARTESIAN_POINT('',(1.112E1,4.4E0,1.58E0));
#18961=DIRECTION('',(0.E0,0.E0,1.E0));
#18962=DIRECTION('',(0.E0,-1.E0,0.E0));
#18963=AXIS2_PLACEMENT_3D('',#18960,#18961,#18962);
#18964=PLANE('',#18963);
#18965=ORIENTED_EDGE('',*,*,#18952,.F.);
#18966=ORIENTED_EDGE('',*,*,#18871,.T.);
#18967=ORIENTED_EDGE('',*,*,#10589,.F.);
#18968=ORIENTED_EDGE('',*,*,#18752,.F.);
#18969=EDGE_LOOP('',(#18965,#18966,#18967,#18968));
#18970=FACE_OUTER_BOUND('',#18969,.F.);
#18971=ADVANCED_FACE('',(#18970),#18964,.T.);
#18972=CARTESIAN_POINT('',(1.112E1,4.4E0,1.58E0));
#18973=DIRECTION('',(0.E0,0.E0,1.E0));
#18974=DIRECTION('',(0.E0,-1.E0,0.E0));
#18975=AXIS2_PLACEMENT_3D('',#18972,#18973,#18974);
#18976=PLANE('',#18975);
#18978=ORIENTED_EDGE('',*,*,#18977,.T.);
#18979=ORIENTED_EDGE('',*,*,#18800,.F.);
#18980=ORIENTED_EDGE('',*,*,#9600,.T.);
#18981=ORIENTED_EDGE('',*,*,#18913,.T.);
#18982=EDGE_LOOP('',(#18978,#18979,#18980,#18981));
#18983=FACE_OUTER_BOUND('',#18982,.F.);
#18984=ADVANCED_FACE('',(#18983),#18976,.T.);
#18985=CARTESIAN_POINT('',(1.143E1,-7.35E0,1.48E0));
#18986=DIRECTION('',(0.E0,-2.425356250363E-1,9.701425001453E-1));
#18987=DIRECTION('',(0.E0,9.701425001453E-1,2.425356250363E-1));
#18988=AXIS2_PLACEMENT_3D('',#18985,#18986,#18987);
#18989=PLANE('',#18988);
#18990=ORIENTED_EDGE('',*,*,#18977,.F.);
#18992=ORIENTED_EDGE('',*,*,#18991,.F.);
#18994=ORIENTED_EDGE('',*,*,#18993,.T.);
#18996=ORIENTED_EDGE('',*,*,#18995,.T.);
#18997=EDGE_LOOP('',(#18990,#18992,#18994,#18996));
#18998=FACE_OUTER_BOUND('',#18997,.F.);
#18999=ADVANCED_FACE('',(#18998),#18989,.T.);
#19000=CARTESIAN_POINT('',(1.164E1,-7.35E0,1.27E0));
#19001=DIRECTION('',(9.701425001453E-1,-2.425356250363E-1,0.E0));
#19002=DIRECTION('',(-2.425356250363E-1,-9.701425001453E-1,0.E0));
#19003=AXIS2_PLACEMENT_3D('',#19000,#19001,#19002);
#19004=PLANE('',#19003);
#19006=ORIENTED_EDGE('',*,*,#19005,.F.);
#19007=ORIENTED_EDGE('',*,*,#18991,.T.);
#19008=ORIENTED_EDGE('',*,*,#18911,.T.);
#19010=ORIENTED_EDGE('',*,*,#19009,.T.);
#19011=EDGE_LOOP('',(#19006,#19007,#19008,#19010));
#19012=FACE_OUTER_BOUND('',#19011,.F.);
#19013=ADVANCED_FACE('',(#19012),#19004,.T.);
#19014=CARTESIAN_POINT('',(1.112E1,-7.75E0,1.58E0));
#19015=DIRECTION('',(0.E0,-1.E0,0.E0));
#19016=DIRECTION('',(0.E0,0.E0,-1.E0));
#19017=AXIS2_PLACEMENT_3D('',#19014,#19015,#19016);
#19018=PLANE('',#19017);
#19020=ORIENTED_EDGE('',*,*,#19019,.T.);
#19022=ORIENTED_EDGE('',*,*,#19021,.T.);
#19023=ORIENTED_EDGE('',*,*,#18993,.F.);
#19024=ORIENTED_EDGE('',*,*,#19005,.T.);
#19025=EDGE_LOOP('',(#19020,#19022,#19023,#19024));
#19026=FACE_OUTER_BOUND('',#19025,.F.);
#19027=ADVANCED_FACE('',(#19026),#19018,.T.);
#19028=CARTESIAN_POINT('',(1.143E1,-7.35E0,1.06E0));
#19029=DIRECTION('',(0.E0,-2.425356250363E-1,-9.701425001453E-1));
#19030=DIRECTION('',(0.E0,-9.701425001453E-1,2.425356250363E-1));
#19031=AXIS2_PLACEMENT_3D('',#19028,#19029,#19030);
#19032=PLANE('',#19031);
#19033=ORIENTED_EDGE('',*,*,#18853,.T.);
#19035=ORIENTED_EDGE('',*,*,#19034,.F.);
#19036=ORIENTED_EDGE('',*,*,#19019,.F.);
#19037=ORIENTED_EDGE('',*,*,#19009,.F.);
#19038=EDGE_LOOP('',(#19033,#19035,#19036,#19037));
#19039=FACE_OUTER_BOUND('',#19038,.F.);
#19040=ADVANCED_FACE('',(#19039),#19032,.T.);
#19041=CARTESIAN_POINT('',(1.122E1,-7.35E0,1.27E0));
#19042=DIRECTION('',(-9.701425001453E-1,-2.425356250363E-1,0.E0));
#19043=DIRECTION('',(2.425356250363E-1,-9.701425001453E-1,0.E0));
#19044=AXIS2_PLACEMENT_3D('',#19041,#19042,#19043);
#19045=PLANE('',#19044);
#19046=ORIENTED_EDGE('',*,*,#18795,.T.);
#19047=ORIENTED_EDGE('',*,*,#18995,.F.);
#19048=ORIENTED_EDGE('',*,*,#19021,.F.);
#19049=ORIENTED_EDGE('',*,*,#19034,.T.);
#19050=EDGE_LOOP('',(#19046,#19047,#19048,#19049));
#19051=FACE_OUTER_BOUND('',#19050,.F.);
#19052=ADVANCED_FACE('',(#19051),#19045,.T.);
#19053=CARTESIAN_POINT('',(1.164E1,4.E0,-1.27E0));
#19054=DIRECTION('',(9.701425001453E-1,2.425356250363E-1,0.E0));
#19055=DIRECTION('',(-2.425356250363E-1,9.701425001453E-1,0.E0));
#19056=AXIS2_PLACEMENT_3D('',#19053,#19054,#19055);
#19057=PLANE('',#19056);
#19059=ORIENTED_EDGE('',*,*,#19058,.F.);
#19061=ORIENTED_EDGE('',*,*,#19060,.T.);
#19062=ORIENTED_EDGE('',*,*,#18881,.T.);
#19064=ORIENTED_EDGE('',*,*,#19063,.T.);
#19065=EDGE_LOOP('',(#19059,#19061,#19062,#19064));
#19066=FACE_OUTER_BOUND('',#19065,.F.);
#19067=ADVANCED_FACE('',(#19066),#19057,.T.);
#19068=CARTESIAN_POINT('',(1.112E1,4.4E0,-1.58E0));
#19069=DIRECTION('',(0.E0,1.E0,0.E0));
#19070=DIRECTION('',(0.E0,0.E0,1.E0));
#19071=AXIS2_PLACEMENT_3D('',#19068,#19069,#19070);
#19072=PLANE('',#19071);
#19074=ORIENTED_EDGE('',*,*,#19073,.F.);
#19075=ORIENTED_EDGE('',*,*,#19058,.T.);
#19077=ORIENTED_EDGE('',*,*,#19076,.T.);
#19079=ORIENTED_EDGE('',*,*,#19078,.T.);
#19080=EDGE_LOOP('',(#19074,#19075,#19077,#19079));
#19081=FACE_OUTER_BOUND('',#19080,.F.);
#19082=ADVANCED_FACE('',(#19081),#19072,.T.);
#19083=CARTESIAN_POINT('',(1.143E1,4.E0,-1.48E0));
#19084=DIRECTION('',(0.E0,2.425356250363E-1,-9.701425001453E-1));
#19085=DIRECTION('',(0.E0,-9.701425001453E-1,-2.425356250363E-1));
#19086=AXIS2_PLACEMENT_3D('',#19083,#19084,#19085);
#19087=PLANE('',#19086);
#19088=ORIENTED_EDGE('',*,*,#19073,.T.);
#19090=ORIENTED_EDGE('',*,*,#19089,.F.);
#19092=ORIENTED_EDGE('',*,*,#19091,.F.);
#19093=ORIENTED_EDGE('',*,*,#19060,.F.);
#19094=EDGE_LOOP('',(#19088,#19090,#19092,#19093));
#19095=FACE_OUTER_BOUND('',#19094,.F.);
#19096=ADVANCED_FACE('',(#19095),#19087,.T.);
#19097=CARTESIAN_POINT('',(1.122E1,4.E0,-1.27E0));
#19098=DIRECTION('',(-9.701425001453E-1,2.425356250363E-1,0.E0));
#19099=DIRECTION('',(2.425356250363E-1,9.701425001453E-1,0.E0));
#19100=AXIS2_PLACEMENT_3D('',#19097,#19098,#19099);
#19101=PLANE('',#19100);
#19102=ORIENTED_EDGE('',*,*,#19078,.F.);
#19104=ORIENTED_EDGE('',*,*,#19103,.T.);
#19105=ORIENTED_EDGE('',*,*,#18765,.T.);
#19106=ORIENTED_EDGE('',*,*,#19089,.T.);
#19107=EDGE_LOOP('',(#19102,#19104,#19105,#19106));
#19108=FACE_OUTER_BOUND('',#19107,.F.);
#19109=ADVANCED_FACE('',(#19108),#19101,.T.);
#19110=CARTESIAN_POINT('',(1.143E1,4.E0,-1.06E0));
#19111=DIRECTION('',(0.E0,2.425356250363E-1,9.701425001453E-1));
#19112=DIRECTION('',(0.E0,9.701425001453E-1,-2.425356250363E-1));
#19113=AXIS2_PLACEMENT_3D('',#19110,#19111,#19112);
#19114=PLANE('',#19113);
#19116=ORIENTED_EDGE('',*,*,#19115,.T.);
#19117=ORIENTED_EDGE('',*,*,#19103,.F.);
#19118=ORIENTED_EDGE('',*,*,#19076,.F.);
#19119=ORIENTED_EDGE('',*,*,#19063,.F.);
#19120=EDGE_LOOP('',(#19116,#19117,#19118,#19119));
#19121=FACE_OUTER_BOUND('',#19120,.F.);
#19122=ADVANCED_FACE('',(#19121),#19114,.T.);
#19123=CARTESIAN_POINT('',(1.112E1,4.4E0,-9.6E-1));
#19124=DIRECTION('',(0.E0,0.E0,1.E0));
#19125=DIRECTION('',(0.E0,-1.E0,0.E0));
#19126=AXIS2_PLACEMENT_3D('',#19123,#19124,#19125);
#19127=PLANE('',#19126);
#19128=ORIENTED_EDGE('',*,*,#19115,.F.);
#19129=ORIENTED_EDGE('',*,*,#18886,.T.);
#19130=ORIENTED_EDGE('',*,*,#10599,.F.);
#19131=ORIENTED_EDGE('',*,*,#18767,.F.);
#19132=EDGE_LOOP('',(#19128,#19129,#19130,#19131));
#19133=FACE_OUTER_BOUND('',#19132,.F.);
#19134=ADVANCED_FACE('',(#19133),#19127,.T.);
#19135=CARTESIAN_POINT('',(1.112E1,4.4E0,-9.6E-1));
#19136=DIRECTION('',(0.E0,0.E0,1.E0));
#19137=DIRECTION('',(0.E0,-1.E0,0.E0));
#19138=AXIS2_PLACEMENT_3D('',#19135,#19136,#19137);
#19139=PLANE('',#19138);
#19141=ORIENTED_EDGE('',*,*,#19140,.T.);
#19142=ORIENTED_EDGE('',*,*,#18785,.F.);
#19143=ORIENTED_EDGE('',*,*,#9610,.T.);
#19144=ORIENTED_EDGE('',*,*,#18898,.T.);
#19145=EDGE_LOOP('',(#19141,#19142,#19143,#19144));
#19146=FACE_OUTER_BOUND('',#19145,.F.);
#19147=ADVANCED_FACE('',(#19146),#19139,.T.);
#19148=CARTESIAN_POINT('',(1.143E1,-7.35E0,-1.06E0));
#19149=DIRECTION('',(0.E0,-2.425356250363E-1,9.701425001453E-1));
#19150=DIRECTION('',(0.E0,9.701425001453E-1,2.425356250363E-1));
#19151=AXIS2_PLACEMENT_3D('',#19148,#19149,#19150);
#19152=PLANE('',#19151);
#19153=ORIENTED_EDGE('',*,*,#19140,.F.);
#19155=ORIENTED_EDGE('',*,*,#19154,.F.);
#19157=ORIENTED_EDGE('',*,*,#19156,.T.);
#19159=ORIENTED_EDGE('',*,*,#19158,.T.);
#19160=EDGE_LOOP('',(#19153,#19155,#19157,#19159));
#19161=FACE_OUTER_BOUND('',#19160,.F.);
#19162=ADVANCED_FACE('',(#19161),#19152,.T.);
#19163=CARTESIAN_POINT('',(1.164E1,-7.35E0,-1.27E0));
#19164=DIRECTION('',(9.701425001453E-1,-2.425356250363E-1,0.E0));
#19165=DIRECTION('',(-2.425356250363E-1,-9.701425001453E-1,0.E0));
#19166=AXIS2_PLACEMENT_3D('',#19163,#19164,#19165);
#19167=PLANE('',#19166);
#19169=ORIENTED_EDGE('',*,*,#19168,.F.);
#19170=ORIENTED_EDGE('',*,*,#19154,.T.);
#19171=ORIENTED_EDGE('',*,*,#18896,.T.);
#19173=ORIENTED_EDGE('',*,*,#19172,.T.);
#19174=EDGE_LOOP('',(#19169,#19170,#19171,#19173));
#19175=FACE_OUTER_BOUND('',#19174,.F.);
#19176=ADVANCED_FACE('',(#19175),#19167,.T.);
#19177=CARTESIAN_POINT('',(1.112E1,-7.75E0,-9.6E-1));
#19178=DIRECTION('',(0.E0,-1.E0,0.E0));
#19179=DIRECTION('',(0.E0,0.E0,-1.E0));
#19180=AXIS2_PLACEMENT_3D('',#19177,#19178,#19179);
#19181=PLANE('',#19180);
#19183=ORIENTED_EDGE('',*,*,#19182,.T.);
#19185=ORIENTED_EDGE('',*,*,#19184,.T.);
#19186=ORIENTED_EDGE('',*,*,#19156,.F.);
#19187=ORIENTED_EDGE('',*,*,#19168,.T.);
#19188=EDGE_LOOP('',(#19183,#19185,#19186,#19187));
#19189=FACE_OUTER_BOUND('',#19188,.F.);
#19190=ADVANCED_FACE('',(#19189),#19181,.T.);
#19191=CARTESIAN_POINT('',(1.143E1,-7.35E0,-1.48E0));
#19192=DIRECTION('',(0.E0,-2.425356250363E-1,-9.701425001453E-1));
#19193=DIRECTION('',(0.E0,-9.701425001453E-1,2.425356250363E-1));
#19194=AXIS2_PLACEMENT_3D('',#19191,#19192,#19193);
#19195=PLANE('',#19194);
#19197=ORIENTED_EDGE('',*,*,#19196,.T.);
#19199=ORIENTED_EDGE('',*,*,#19198,.F.);
#19200=ORIENTED_EDGE('',*,*,#19182,.F.);
#19201=ORIENTED_EDGE('',*,*,#19172,.F.);
#19202=EDGE_LOOP('',(#19197,#19199,#19200,#19201));
#19203=FACE_OUTER_BOUND('',#19202,.F.);
#19204=ADVANCED_FACE('',(#19203),#19195,.T.);
#19205=CARTESIAN_POINT('',(1.112E1,-7.75E0,-1.58E0));
#19206=DIRECTION('',(0.E0,0.E0,-1.E0));
#19207=DIRECTION('',(0.E0,1.E0,0.E0));
#19208=AXIS2_PLACEMENT_3D('',#19205,#19206,#19207);
#19209=PLANE('',#19208);
#19210=ORIENTED_EDGE('',*,*,#19091,.T.);
#19211=ORIENTED_EDGE('',*,*,#18770,.F.);
#19212=ORIENTED_EDGE('',*,*,#10603,.T.);
#19213=ORIENTED_EDGE('',*,*,#18883,.T.);
#19214=EDGE_LOOP('',(#19210,#19211,#19212,#19213));
#19215=FACE_OUTER_BOUND('',#19214,.F.);
#19216=ADVANCED_FACE('',(#19215),#19209,.T.);
#19217=CARTESIAN_POINT('',(1.112E1,-7.75E0,-1.58E0));
#19218=DIRECTION('',(0.E0,0.E0,-1.E0));
#19219=DIRECTION('',(0.E0,1.E0,0.E0));
#19220=AXIS2_PLACEMENT_3D('',#19217,#19218,#19219);
#19221=PLANE('',#19220);
#19222=ORIENTED_EDGE('',*,*,#19196,.F.);
#19223=ORIENTED_EDGE('',*,*,#18901,.T.);
#19224=ORIENTED_EDGE('',*,*,#9606,.F.);
#19225=ORIENTED_EDGE('',*,*,#18782,.F.);
#19226=EDGE_LOOP('',(#19222,#19223,#19224,#19225));
#19227=FACE_OUTER_BOUND('',#19226,.F.);
#19228=ADVANCED_FACE('',(#19227),#19221,.T.);
#19229=CARTESIAN_POINT('',(1.122E1,-7.35E0,-1.27E0));
#19230=DIRECTION('',(-9.701425001453E-1,-2.425356250363E-1,0.E0));
#19231=DIRECTION('',(2.425356250363E-1,-9.701425001453E-1,0.E0));
#19232=AXIS2_PLACEMENT_3D('',#19229,#19230,#19231);
#19233=PLANE('',#19232);
#19234=ORIENTED_EDGE('',*,*,#18780,.T.);
#19235=ORIENTED_EDGE('',*,*,#19158,.F.);
#19236=ORIENTED_EDGE('',*,*,#19184,.F.);
#19237=ORIENTED_EDGE('',*,*,#19198,.T.);
#19238=EDGE_LOOP('',(#19234,#19235,#19236,#19237));
#19239=FACE_OUTER_BOUND('',#19238,.F.);
#19240=ADVANCED_FACE('',(#19239),#19233,.T.);
#19241=CARTESIAN_POINT('',(1.366E1,0.E0,0.E0));
#19242=DIRECTION('',(1.E0,0.E0,0.E0));
#19243=DIRECTION('',(0.E0,0.E0,-1.E0));
#19244=AXIS2_PLACEMENT_3D('',#19241,#19242,#19243);
#19245=PLANE('',#19244);
#19247=ORIENTED_EDGE('',*,*,#19246,.F.);
#19249=ORIENTED_EDGE('',*,*,#19248,.T.);
#19250=ORIENTED_EDGE('',*,*,#10607,.T.);
#19252=ORIENTED_EDGE('',*,*,#19251,.T.);
#19253=EDGE_LOOP('',(#19247,#19249,#19250,#19252));
#19254=FACE_OUTER_BOUND('',#19253,.F.);
#19255=ADVANCED_FACE('',(#19254),#19245,.F.);
#19256=CARTESIAN_POINT('',(1.366E1,0.E0,0.E0));
#19257=DIRECTION('',(1.E0,0.E0,0.E0));
#19258=DIRECTION('',(0.E0,0.E0,-1.E0));
#19259=AXIS2_PLACEMENT_3D('',#19256,#19257,#19258);
#19260=PLANE('',#19259);
#19262=ORIENTED_EDGE('',*,*,#19261,.F.);
#19264=ORIENTED_EDGE('',*,*,#19263,.T.);
#19265=ORIENTED_EDGE('',*,*,#10617,.T.);
#19267=ORIENTED_EDGE('',*,*,#19266,.T.);
#19268=EDGE_LOOP('',(#19262,#19264,#19265,#19267));
#19269=FACE_OUTER_BOUND('',#19268,.F.);
#19270=ADVANCED_FACE('',(#19269),#19260,.F.);
#19271=CARTESIAN_POINT('',(1.366E1,0.E0,0.E0));
#19272=DIRECTION('',(1.E0,0.E0,0.E0));
#19273=DIRECTION('',(0.E0,0.E0,-1.E0));
#19274=AXIS2_PLACEMENT_3D('',#19271,#19272,#19273);
#19275=PLANE('',#19274);
#19277=ORIENTED_EDGE('',*,*,#19276,.F.);
#19279=ORIENTED_EDGE('',*,*,#19278,.T.);
#19280=ORIENTED_EDGE('',*,*,#9624,.F.);
#19282=ORIENTED_EDGE('',*,*,#19281,.T.);
#19283=EDGE_LOOP('',(#19277,#19279,#19280,#19282));
#19284=FACE_OUTER_BOUND('',#19283,.F.);
#19285=ADVANCED_FACE('',(#19284),#19275,.F.);
#19286=CARTESIAN_POINT('',(1.366E1,0.E0,0.E0));
#19287=DIRECTION('',(1.E0,0.E0,0.E0));
#19288=DIRECTION('',(0.E0,0.E0,-1.E0));
#19289=AXIS2_PLACEMENT_3D('',#19286,#19287,#19288);
#19290=PLANE('',#19289);
#19292=ORIENTED_EDGE('',*,*,#19291,.F.);
#19294=ORIENTED_EDGE('',*,*,#19293,.T.);
#19295=ORIENTED_EDGE('',*,*,#9614,.F.);
#19297=ORIENTED_EDGE('',*,*,#19296,.T.);
#19298=EDGE_LOOP('',(#19292,#19294,#19295,#19297));
#19299=FACE_OUTER_BOUND('',#19298,.F.);
#19300=ADVANCED_FACE('',(#19299),#19290,.F.);
#19301=CARTESIAN_POINT('',(1.376E1,4.E0,1.27E0));
#19302=DIRECTION('',(-9.701425001453E-1,2.425356250363E-1,0.E0));
#19303=DIRECTION('',(2.425356250363E-1,9.701425001453E-1,0.E0));
#19304=AXIS2_PLACEMENT_3D('',#19301,#19302,#19303);
#19305=PLANE('',#19304);
#19306=ORIENTED_EDGE('',*,*,#19246,.T.);
#19308=ORIENTED_EDGE('',*,*,#19307,.F.);
#19310=ORIENTED_EDGE('',*,*,#19309,.F.);
#19312=ORIENTED_EDGE('',*,*,#19311,.T.);
#19313=EDGE_LOOP('',(#19306,#19308,#19310,#19312));
#19314=FACE_OUTER_BOUND('',#19313,.F.);
#19315=ADVANCED_FACE('',(#19314),#19305,.T.);
#19316=CARTESIAN_POINT('',(1.397E1,4.E0,1.06E0));
#19317=DIRECTION('',(0.E0,2.425356250363E-1,-9.701425001453E-1));
#19318=DIRECTION('',(0.E0,-9.701425001453E-1,-2.425356250363E-1));
#19319=AXIS2_PLACEMENT_3D('',#19316,#19317,#19318);
#19320=PLANE('',#19319);
#19322=ORIENTED_EDGE('',*,*,#19321,.F.);
#19324=ORIENTED_EDGE('',*,*,#19323,.F.);
#19326=ORIENTED_EDGE('',*,*,#19325,.T.);
#19327=ORIENTED_EDGE('',*,*,#19307,.T.);
#19328=EDGE_LOOP('',(#19322,#19324,#19326,#19327));
#19329=FACE_OUTER_BOUND('',#19328,.F.);
#19330=ADVANCED_FACE('',(#19329),#19320,.T.);
#19331=CARTESIAN_POINT('',(1.366E1,-7.75E0,9.6E-1));
#19332=DIRECTION('',(0.E0,0.E0,-1.E0));
#19333=DIRECTION('',(0.E0,1.E0,0.E0));
#19334=AXIS2_PLACEMENT_3D('',#19331,#19332,#19333);
#19335=PLANE('',#19334);
#19336=ORIENTED_EDGE('',*,*,#19321,.T.);
#19337=ORIENTED_EDGE('',*,*,#19251,.F.);
#19338=ORIENTED_EDGE('',*,*,#10613,.T.);
#19340=ORIENTED_EDGE('',*,*,#19339,.T.);
#19341=EDGE_LOOP('',(#19336,#19337,#19338,#19340));
#19342=FACE_OUTER_BOUND('',#19341,.F.);
#19343=ADVANCED_FACE('',(#19342),#19335,.T.);
#19344=CARTESIAN_POINT('',(1.366E1,-7.75E0,9.6E-1));
#19345=DIRECTION('',(0.E0,0.E0,-1.E0));
#19346=DIRECTION('',(0.E0,1.E0,0.E0));
#19347=AXIS2_PLACEMENT_3D('',#19344,#19345,#19346);
#19348=PLANE('',#19347);
#19350=ORIENTED_EDGE('',*,*,#19349,.F.);
#19352=ORIENTED_EDGE('',*,*,#19351,.T.);
#19353=ORIENTED_EDGE('',*,*,#9616,.F.);
#19354=ORIENTED_EDGE('',*,*,#19293,.F.);
#19355=EDGE_LOOP('',(#19350,#19352,#19353,#19354));
#19356=FACE_OUTER_BOUND('',#19355,.F.);
#19357=ADVANCED_FACE('',(#19356),#19348,.T.);
#19358=CARTESIAN_POINT('',(1.428E1,0.E0,0.E0));
#19359=DIRECTION('',(1.E0,0.E0,0.E0));
#19360=DIRECTION('',(0.E0,0.E0,-1.E0));
#19361=AXIS2_PLACEMENT_3D('',#19358,#19359,#19360);
#19362=PLANE('',#19361);
#19364=ORIENTED_EDGE('',*,*,#19363,.F.);
#19365=ORIENTED_EDGE('',*,*,#19339,.F.);
#19366=ORIENTED_EDGE('',*,*,#10611,.F.);
#19368=ORIENTED_EDGE('',*,*,#19367,.F.);
#19369=EDGE_LOOP('',(#19364,#19365,#19366,#19368));
#19370=FACE_OUTER_BOUND('',#19369,.F.);
#19371=ADVANCED_FACE('',(#19370),#19362,.T.);
#19372=CARTESIAN_POINT('',(1.428E1,0.E0,0.E0));
#19373=DIRECTION('',(1.E0,0.E0,0.E0));
#19374=DIRECTION('',(0.E0,0.E0,-1.E0));
#19375=AXIS2_PLACEMENT_3D('',#19372,#19373,#19374);
#19376=PLANE('',#19375);
#19378=ORIENTED_EDGE('',*,*,#19377,.F.);
#19380=ORIENTED_EDGE('',*,*,#19379,.F.);
#19381=ORIENTED_EDGE('',*,*,#10621,.F.);
#19383=ORIENTED_EDGE('',*,*,#19382,.F.);
#19384=EDGE_LOOP('',(#19378,#19380,#19381,#19383));
#19385=FACE_OUTER_BOUND('',#19384,.F.);
#19386=ADVANCED_FACE('',(#19385),#19376,.T.);
#19387=CARTESIAN_POINT('',(1.428E1,0.E0,0.E0));
#19388=DIRECTION('',(1.E0,0.E0,0.E0));
#19389=DIRECTION('',(0.E0,0.E0,-1.E0));
#19390=AXIS2_PLACEMENT_3D('',#19387,#19388,#19389);
#19391=PLANE('',#19390);
#19393=ORIENTED_EDGE('',*,*,#19392,.F.);
#19395=ORIENTED_EDGE('',*,*,#19394,.F.);
#19396=ORIENTED_EDGE('',*,*,#9628,.T.);
#19398=ORIENTED_EDGE('',*,*,#19397,.F.);
#19399=EDGE_LOOP('',(#19393,#19395,#19396,#19398));
#19400=FACE_OUTER_BOUND('',#19399,.F.);
#19401=ADVANCED_FACE('',(#19400),#19391,.T.);
#19402=CARTESIAN_POINT('',(1.428E1,0.E0,0.E0));
#19403=DIRECTION('',(1.E0,0.E0,0.E0));
#19404=DIRECTION('',(0.E0,0.E0,-1.E0));
#19405=AXIS2_PLACEMENT_3D('',#19402,#19403,#19404);
#19406=PLANE('',#19405);
#19408=ORIENTED_EDGE('',*,*,#19407,.F.);
#19410=ORIENTED_EDGE('',*,*,#19409,.F.);
#19411=ORIENTED_EDGE('',*,*,#9618,.T.);
#19412=ORIENTED_EDGE('',*,*,#19351,.F.);
#19413=EDGE_LOOP('',(#19408,#19410,#19411,#19412));
#19414=FACE_OUTER_BOUND('',#19413,.F.);
#19415=ADVANCED_FACE('',(#19414),#19406,.T.);
#19416=CARTESIAN_POINT('',(1.418E1,4.E0,1.27E0));
#19417=DIRECTION('',(9.701425001453E-1,2.425356250363E-1,0.E0));
#19418=DIRECTION('',(-2.425356250363E-1,9.701425001453E-1,0.E0));
#19419=AXIS2_PLACEMENT_3D('',#19416,#19417,#19418);
#19420=PLANE('',#19419);
#19422=ORIENTED_EDGE('',*,*,#19421,.F.);
#19423=ORIENTED_EDGE('',*,*,#19323,.T.);
#19424=ORIENTED_EDGE('',*,*,#19363,.T.);
#19426=ORIENTED_EDGE('',*,*,#19425,.F.);
#19427=EDGE_LOOP('',(#19422,#19423,#19424,#19426));
#19428=FACE_OUTER_BOUND('',#19427,.F.);
#19429=ADVANCED_FACE('',(#19428),#19420,.T.);
#19430=CARTESIAN_POINT('',(1.366E1,4.4E0,9.6E-1));
#19431=DIRECTION('',(0.E0,1.E0,0.E0));
#19432=DIRECTION('',(0.E0,0.E0,1.E0));
#19433=AXIS2_PLACEMENT_3D('',#19430,#19431,#19432);
#19434=PLANE('',#19433);
#19436=ORIENTED_EDGE('',*,*,#19435,.T.);
#19437=ORIENTED_EDGE('',*,*,#19309,.T.);
#19438=ORIENTED_EDGE('',*,*,#19325,.F.);
#19439=ORIENTED_EDGE('',*,*,#19421,.T.);
#19440=EDGE_LOOP('',(#19436,#19437,#19438,#19439));
#19441=FACE_OUTER_BOUND('',#19440,.F.);
#19442=ADVANCED_FACE('',(#19441),#19434,.T.);
#19443=CARTESIAN_POINT('',(1.397E1,4.E0,1.48E0));
#19444=DIRECTION('',(0.E0,2.425356250363E-1,9.701425001453E-1));
#19445=DIRECTION('',(0.E0,9.701425001453E-1,-2.425356250363E-1));
#19446=AXIS2_PLACEMENT_3D('',#19443,#19444,#19445);
#19447=PLANE('',#19446);
#19449=ORIENTED_EDGE('',*,*,#19448,.T.);
#19450=ORIENTED_EDGE('',*,*,#19311,.F.);
#19451=ORIENTED_EDGE('',*,*,#19435,.F.);
#19452=ORIENTED_EDGE('',*,*,#19425,.T.);
#19453=EDGE_LOOP('',(#19449,#19450,#19451,#19452));
#19454=FACE_OUTER_BOUND('',#19453,.F.);
#19455=ADVANCED_FACE('',(#19454),#19447,.T.);
#19456=CARTESIAN_POINT('',(1.366E1,4.4E0,1.58E0));
#19457=DIRECTION('',(0.E0,0.E0,1.E0));
#19458=DIRECTION('',(0.E0,-1.E0,0.E0));
#19459=AXIS2_PLACEMENT_3D('',#19456,#19457,#19458);
#19460=PLANE('',#19459);
#19461=ORIENTED_EDGE('',*,*,#19448,.F.);
#19462=ORIENTED_EDGE('',*,*,#19367,.T.);
#19463=ORIENTED_EDGE('',*,*,#10609,.F.);
#19464=ORIENTED_EDGE('',*,*,#19248,.F.);
#19465=EDGE_LOOP('',(#19461,#19462,#19463,#19464));
#19466=FACE_OUTER_BOUND('',#19465,.F.);
#19467=ADVANCED_FACE('',(#19466),#19460,.T.);
#19468=CARTESIAN_POINT('',(1.366E1,4.4E0,1.58E0));
#19469=DIRECTION('',(0.E0,0.E0,1.E0));
#19470=DIRECTION('',(0.E0,-1.E0,0.E0));
#19471=AXIS2_PLACEMENT_3D('',#19468,#19469,#19470);
#19472=PLANE('',#19471);
#19474=ORIENTED_EDGE('',*,*,#19473,.T.);
#19475=ORIENTED_EDGE('',*,*,#19296,.F.);
#19476=ORIENTED_EDGE('',*,*,#9620,.T.);
#19477=ORIENTED_EDGE('',*,*,#19409,.T.);
#19478=EDGE_LOOP('',(#19474,#19475,#19476,#19477));
#19479=FACE_OUTER_BOUND('',#19478,.F.);
#19480=ADVANCED_FACE('',(#19479),#19472,.T.);
#19481=CARTESIAN_POINT('',(1.397E1,-7.35E0,1.48E0));
#19482=DIRECTION('',(0.E0,-2.425356250363E-1,9.701425001453E-1));
#19483=DIRECTION('',(0.E0,9.701425001453E-1,2.425356250363E-1));
#19484=AXIS2_PLACEMENT_3D('',#19481,#19482,#19483);
#19485=PLANE('',#19484);
#19486=ORIENTED_EDGE('',*,*,#19473,.F.);
#19488=ORIENTED_EDGE('',*,*,#19487,.F.);
#19490=ORIENTED_EDGE('',*,*,#19489,.T.);
#19492=ORIENTED_EDGE('',*,*,#19491,.T.);
#19493=EDGE_LOOP('',(#19486,#19488,#19490,#19492));
#19494=FACE_OUTER_BOUND('',#19493,.F.);
#19495=ADVANCED_FACE('',(#19494),#19485,.T.);
#19496=CARTESIAN_POINT('',(1.418E1,-7.35E0,1.27E0));
#19497=DIRECTION('',(9.701425001453E-1,-2.425356250363E-1,0.E0));
#19498=DIRECTION('',(-2.425356250363E-1,-9.701425001453E-1,0.E0));
#19499=AXIS2_PLACEMENT_3D('',#19496,#19497,#19498);
#19500=PLANE('',#19499);
#19502=ORIENTED_EDGE('',*,*,#19501,.F.);
#19503=ORIENTED_EDGE('',*,*,#19487,.T.);
#19504=ORIENTED_EDGE('',*,*,#19407,.T.);
#19506=ORIENTED_EDGE('',*,*,#19505,.T.);
#19507=EDGE_LOOP('',(#19502,#19503,#19504,#19506));
#19508=FACE_OUTER_BOUND('',#19507,.F.);
#19509=ADVANCED_FACE('',(#19508),#19500,.T.);
#19510=CARTESIAN_POINT('',(1.366E1,-7.75E0,1.58E0));
#19511=DIRECTION('',(0.E0,-1.E0,0.E0));
#19512=DIRECTION('',(0.E0,0.E0,-1.E0));
#19513=AXIS2_PLACEMENT_3D('',#19510,#19511,#19512);
#19514=PLANE('',#19513);
#19516=ORIENTED_EDGE('',*,*,#19515,.T.);
#19518=ORIENTED_EDGE('',*,*,#19517,.T.);
#19519=ORIENTED_EDGE('',*,*,#19489,.F.);
#19520=ORIENTED_EDGE('',*,*,#19501,.T.);
#19521=EDGE_LOOP('',(#19516,#19518,#19519,#19520));
#19522=FACE_OUTER_BOUND('',#19521,.F.);
#19523=ADVANCED_FACE('',(#19522),#19514,.T.);
#19524=CARTESIAN_POINT('',(1.397E1,-7.35E0,1.06E0));
#19525=DIRECTION('',(0.E0,-2.425356250363E-1,-9.701425001453E-1));
#19526=DIRECTION('',(0.E0,-9.701425001453E-1,2.425356250363E-1));
#19527=AXIS2_PLACEMENT_3D('',#19524,#19525,#19526);
#19528=PLANE('',#19527);
#19529=ORIENTED_EDGE('',*,*,#19349,.T.);
#19531=ORIENTED_EDGE('',*,*,#19530,.F.);
#19532=ORIENTED_EDGE('',*,*,#19515,.F.);
#19533=ORIENTED_EDGE('',*,*,#19505,.F.);
#19534=EDGE_LOOP('',(#19529,#19531,#19532,#19533));
#19535=FACE_OUTER_BOUND('',#19534,.F.);
#19536=ADVANCED_FACE('',(#19535),#19528,.T.);
#19537=CARTESIAN_POINT('',(1.376E1,-7.35E0,1.27E0));
#19538=DIRECTION('',(-9.701425001453E-1,-2.425356250363E-1,0.E0));
#19539=DIRECTION('',(2.425356250363E-1,-9.701425001453E-1,0.E0));
#19540=AXIS2_PLACEMENT_3D('',#19537,#19538,#19539);
#19541=PLANE('',#19540);
#19542=ORIENTED_EDGE('',*,*,#19291,.T.);
#19543=ORIENTED_EDGE('',*,*,#19491,.F.);
#19544=ORIENTED_EDGE('',*,*,#19517,.F.);
#19545=ORIENTED_EDGE('',*,*,#19530,.T.);
#19546=EDGE_LOOP('',(#19542,#19543,#19544,#19545));
#19547=FACE_OUTER_BOUND('',#19546,.F.);
#19548=ADVANCED_FACE('',(#19547),#19541,.T.);
#19549=CARTESIAN_POINT('',(1.418E1,4.E0,-1.27E0));
#19550=DIRECTION('',(9.701425001453E-1,2.425356250363E-1,0.E0));
#19551=DIRECTION('',(-2.425356250363E-1,9.701425001453E-1,0.E0));
#19552=AXIS2_PLACEMENT_3D('',#19549,#19550,#19551);
#19553=PLANE('',#19552);
#19555=ORIENTED_EDGE('',*,*,#19554,.F.);
#19557=ORIENTED_EDGE('',*,*,#19556,.T.);
#19558=ORIENTED_EDGE('',*,*,#19377,.T.);
#19560=ORIENTED_EDGE('',*,*,#19559,.T.);
#19561=EDGE_LOOP('',(#19555,#19557,#19558,#19560));
#19562=FACE_OUTER_BOUND('',#19561,.F.);
#19563=ADVANCED_FACE('',(#19562),#19553,.T.);
#19564=CARTESIAN_POINT('',(1.366E1,4.4E0,-1.58E0));
#19565=DIRECTION('',(0.E0,1.E0,0.E0));
#19566=DIRECTION('',(0.E0,0.E0,1.E0));
#19567=AXIS2_PLACEMENT_3D('',#19564,#19565,#19566);
#19568=PLANE('',#19567);
#19570=ORIENTED_EDGE('',*,*,#19569,.F.);
#19571=ORIENTED_EDGE('',*,*,#19554,.T.);
#19573=ORIENTED_EDGE('',*,*,#19572,.T.);
#19575=ORIENTED_EDGE('',*,*,#19574,.T.);
#19576=EDGE_LOOP('',(#19570,#19571,#19573,#19575));
#19577=FACE_OUTER_BOUND('',#19576,.F.);
#19578=ADVANCED_FACE('',(#19577),#19568,.T.);
#19579=CARTESIAN_POINT('',(1.397E1,4.E0,-1.48E0));
#19580=DIRECTION('',(0.E0,2.425356250363E-1,-9.701425001453E-1));
#19581=DIRECTION('',(0.E0,-9.701425001453E-1,-2.425356250363E-1));
#19582=AXIS2_PLACEMENT_3D('',#19579,#19580,#19581);
#19583=PLANE('',#19582);
#19584=ORIENTED_EDGE('',*,*,#19569,.T.);
#19586=ORIENTED_EDGE('',*,*,#19585,.F.);
#19588=ORIENTED_EDGE('',*,*,#19587,.F.);
#19589=ORIENTED_EDGE('',*,*,#19556,.F.);
#19590=EDGE_LOOP('',(#19584,#19586,#19588,#19589));
#19591=FACE_OUTER_BOUND('',#19590,.F.);
#19592=ADVANCED_FACE('',(#19591),#19583,.T.);
#19593=CARTESIAN_POINT('',(1.376E1,4.E0,-1.27E0));
#19594=DIRECTION('',(-9.701425001453E-1,2.425356250363E-1,0.E0));
#19595=DIRECTION('',(2.425356250363E-1,9.701425001453E-1,0.E0));
#19596=AXIS2_PLACEMENT_3D('',#19593,#19594,#19595);
#19597=PLANE('',#19596);
#19598=ORIENTED_EDGE('',*,*,#19574,.F.);
#19600=ORIENTED_EDGE('',*,*,#19599,.T.);
#19601=ORIENTED_EDGE('',*,*,#19261,.T.);
#19602=ORIENTED_EDGE('',*,*,#19585,.T.);
#19603=EDGE_LOOP('',(#19598,#19600,#19601,#19602));
#19604=FACE_OUTER_BOUND('',#19603,.F.);
#19605=ADVANCED_FACE('',(#19604),#19597,.T.);
#19606=CARTESIAN_POINT('',(1.397E1,4.E0,-1.06E0));
#19607=DIRECTION('',(0.E0,2.425356250363E-1,9.701425001453E-1));
#19608=DIRECTION('',(0.E0,9.701425001453E-1,-2.425356250363E-1));
#19609=AXIS2_PLACEMENT_3D('',#19606,#19607,#19608);
#19610=PLANE('',#19609);
#19612=ORIENTED_EDGE('',*,*,#19611,.T.);
#19613=ORIENTED_EDGE('',*,*,#19599,.F.);
#19614=ORIENTED_EDGE('',*,*,#19572,.F.);
#19615=ORIENTED_EDGE('',*,*,#19559,.F.);
#19616=EDGE_LOOP('',(#19612,#19613,#19614,#19615));
#19617=FACE_OUTER_BOUND('',#19616,.F.);
#19618=ADVANCED_FACE('',(#19617),#19610,.T.);
#19619=CARTESIAN_POINT('',(1.366E1,4.4E0,-9.6E-1));
#19620=DIRECTION('',(0.E0,0.E0,1.E0));
#19621=DIRECTION('',(0.E0,-1.E0,0.E0));
#19622=AXIS2_PLACEMENT_3D('',#19619,#19620,#19621);
#19623=PLANE('',#19622);
#19624=ORIENTED_EDGE('',*,*,#19611,.F.);
#19625=ORIENTED_EDGE('',*,*,#19382,.T.);
#19626=ORIENTED_EDGE('',*,*,#10619,.F.);
#19627=ORIENTED_EDGE('',*,*,#19263,.F.);
#19628=EDGE_LOOP('',(#19624,#19625,#19626,#19627));
#19629=FACE_OUTER_BOUND('',#19628,.F.);
#19630=ADVANCED_FACE('',(#19629),#19623,.T.);
#19631=CARTESIAN_POINT('',(1.366E1,4.4E0,-9.6E-1));
#19632=DIRECTION('',(0.E0,0.E0,1.E0));
#19633=DIRECTION('',(0.E0,-1.E0,0.E0));
#19634=AXIS2_PLACEMENT_3D('',#19631,#19632,#19633);
#19635=PLANE('',#19634);
#19637=ORIENTED_EDGE('',*,*,#19636,.T.);
#19638=ORIENTED_EDGE('',*,*,#19281,.F.);
#19639=ORIENTED_EDGE('',*,*,#9630,.T.);
#19640=ORIENTED_EDGE('',*,*,#19394,.T.);
#19641=EDGE_LOOP('',(#19637,#19638,#19639,#19640));
#19642=FACE_OUTER_BOUND('',#19641,.F.);
#19643=ADVANCED_FACE('',(#19642),#19635,.T.);
#19644=CARTESIAN_POINT('',(1.397E1,-7.35E0,-1.06E0));
#19645=DIRECTION('',(0.E0,-2.425356250363E-1,9.701425001453E-1));
#19646=DIRECTION('',(0.E0,9.701425001453E-1,2.425356250363E-1));
#19647=AXIS2_PLACEMENT_3D('',#19644,#19645,#19646);
#19648=PLANE('',#19647);
#19649=ORIENTED_EDGE('',*,*,#19636,.F.);
#19651=ORIENTED_EDGE('',*,*,#19650,.F.);
#19653=ORIENTED_EDGE('',*,*,#19652,.T.);
#19655=ORIENTED_EDGE('',*,*,#19654,.T.);
#19656=EDGE_LOOP('',(#19649,#19651,#19653,#19655));
#19657=FACE_OUTER_BOUND('',#19656,.F.);
#19658=ADVANCED_FACE('',(#19657),#19648,.T.);
#19659=CARTESIAN_POINT('',(1.418E1,-7.35E0,-1.27E0));
#19660=DIRECTION('',(9.701425001453E-1,-2.425356250363E-1,0.E0));
#19661=DIRECTION('',(-2.425356250363E-1,-9.701425001453E-1,0.E0));
#19662=AXIS2_PLACEMENT_3D('',#19659,#19660,#19661);
#19663=PLANE('',#19662);
#19665=ORIENTED_EDGE('',*,*,#19664,.F.);
#19666=ORIENTED_EDGE('',*,*,#19650,.T.);
#19667=ORIENTED_EDGE('',*,*,#19392,.T.);
#19669=ORIENTED_EDGE('',*,*,#19668,.T.);
#19670=EDGE_LOOP('',(#19665,#19666,#19667,#19669));
#19671=FACE_OUTER_BOUND('',#19670,.F.);
#19672=ADVANCED_FACE('',(#19671),#19663,.T.);
#19673=CARTESIAN_POINT('',(1.366E1,-7.75E0,-9.6E-1));
#19674=DIRECTION('',(0.E0,-1.E0,0.E0));
#19675=DIRECTION('',(0.E0,0.E0,-1.E0));
#19676=AXIS2_PLACEMENT_3D('',#19673,#19674,#19675);
#19677=PLANE('',#19676);
#19679=ORIENTED_EDGE('',*,*,#19678,.T.);
#19681=ORIENTED_EDGE('',*,*,#19680,.T.);
#19682=ORIENTED_EDGE('',*,*,#19652,.F.);
#19683=ORIENTED_EDGE('',*,*,#19664,.T.);
#19684=EDGE_LOOP('',(#19679,#19681,#19682,#19683));
#19685=FACE_OUTER_BOUND('',#19684,.F.);
#19686=ADVANCED_FACE('',(#19685),#19677,.T.);
#19687=CARTESIAN_POINT('',(1.397E1,-7.35E0,-1.48E0));
#19688=DIRECTION('',(0.E0,-2.425356250363E-1,-9.701425001453E-1));
#19689=DIRECTION('',(0.E0,-9.701425001453E-1,2.425356250363E-1));
#19690=AXIS2_PLACEMENT_3D('',#19687,#19688,#19689);
#19691=PLANE('',#19690);
#19693=ORIENTED_EDGE('',*,*,#19692,.T.);
#19695=ORIENTED_EDGE('',*,*,#19694,.F.);
#19696=ORIENTED_EDGE('',*,*,#19678,.F.);
#19697=ORIENTED_EDGE('',*,*,#19668,.F.);
#19698=EDGE_LOOP('',(#19693,#19695,#19696,#19697));
#19699=FACE_OUTER_BOUND('',#19698,.F.);
#19700=ADVANCED_FACE('',(#19699),#19691,.T.);
#19701=CARTESIAN_POINT('',(1.366E1,-7.75E0,-1.58E0));
#19702=DIRECTION('',(0.E0,0.E0,-1.E0));
#19703=DIRECTION('',(0.E0,1.E0,0.E0));
#19704=AXIS2_PLACEMENT_3D('',#19701,#19702,#19703);
#19705=PLANE('',#19704);
#19706=ORIENTED_EDGE('',*,*,#19587,.T.);
#19707=ORIENTED_EDGE('',*,*,#19266,.F.);
#19708=ORIENTED_EDGE('',*,*,#10623,.T.);
#19709=ORIENTED_EDGE('',*,*,#19379,.T.);
#19710=EDGE_LOOP('',(#19706,#19707,#19708,#19709));
#19711=FACE_OUTER_BOUND('',#19710,.F.);
#19712=ADVANCED_FACE('',(#19711),#19705,.T.);
#19713=CARTESIAN_POINT('',(1.366E1,-7.75E0,-1.58E0));
#19714=DIRECTION('',(0.E0,0.E0,-1.E0));
#19715=DIRECTION('',(0.E0,1.E0,0.E0));
#19716=AXIS2_PLACEMENT_3D('',#19713,#19714,#19715);
#19717=PLANE('',#19716);
#19718=ORIENTED_EDGE('',*,*,#19692,.F.);
#19719=ORIENTED_EDGE('',*,*,#19397,.T.);
#19720=ORIENTED_EDGE('',*,*,#9626,.F.);
#19721=ORIENTED_EDGE('',*,*,#19278,.F.);
#19722=EDGE_LOOP('',(#19718,#19719,#19720,#19721));
#19723=FACE_OUTER_BOUND('',#19722,.F.);
#19724=ADVANCED_FACE('',(#19723),#19717,.T.);
#19725=CARTESIAN_POINT('',(1.376E1,-7.35E0,-1.27E0));
#19726=DIRECTION('',(-9.701425001453E-1,-2.425356250363E-1,0.E0));
#19727=DIRECTION('',(2.425356250363E-1,-9.701425001453E-1,0.E0));
#19728=AXIS2_PLACEMENT_3D('',#19725,#19726,#19727);
#19729=PLANE('',#19728);
#19730=ORIENTED_EDGE('',*,*,#19276,.T.);
#19731=ORIENTED_EDGE('',*,*,#19654,.F.);
#19732=ORIENTED_EDGE('',*,*,#19680,.F.);
#19733=ORIENTED_EDGE('',*,*,#19694,.T.);
#19734=EDGE_LOOP('',(#19730,#19731,#19732,#19733));
#19735=FACE_OUTER_BOUND('',#19734,.F.);
#19736=ADVANCED_FACE('',(#19735),#19729,.T.);
#19737=CARTESIAN_POINT('',(1.239319105357E1,1.E0,-2.54E0));
#19738=DIRECTION('',(-9.848077530122E-1,0.E0,1.736481776669E-1));
#19739=DIRECTION('',(1.736481776669E-1,0.E0,9.848077530122E-1));
#19740=AXIS2_PLACEMENT_3D('',#19737,#19738,#19739);
#19741=PLANE('',#19740);
#19742=ORIENTED_EDGE('',*,*,#9254,.T.);
#19744=ORIENTED_EDGE('',*,*,#19743,.F.);
#19745=ORIENTED_EDGE('',*,*,#9770,.F.);
#19747=ORIENTED_EDGE('',*,*,#19746,.F.);
#19748=EDGE_LOOP('',(#19742,#19744,#19745,#19747));
#19749=FACE_OUTER_BOUND('',#19748,.F.);
#19750=ADVANCED_FACE('',(#19749),#19741,.F.);
#19751=CARTESIAN_POINT('',(1.27E1,1.E0,-8.E-1));
#19752=DIRECTION('',(9.848077530122E-1,0.E0,1.736481776669E-1));
#19753=DIRECTION('',(1.736481776669E-1,0.E0,-9.848077530122E-1));
#19754=AXIS2_PLACEMENT_3D('',#19751,#19752,#19753);
#19755=PLANE('',#19754);
#19756=ORIENTED_EDGE('',*,*,#9400,.T.);
#19758=ORIENTED_EDGE('',*,*,#19757,.T.);
#19759=ORIENTED_EDGE('',*,*,#9772,.F.);
#19760=ORIENTED_EDGE('',*,*,#19743,.T.);
#19761=EDGE_LOOP('',(#19756,#19758,#19759,#19760));
#19762=FACE_OUTER_BOUND('',#19761,.F.);
#19763=ADVANCED_FACE('',(#19762),#19755,.F.);
#19764=CARTESIAN_POINT('',(1.493319105357E1,-1.E0,-2.54E0));
#19765=DIRECTION('',(0.E0,0.E0,-1.E0));
#19766=DIRECTION('',(-1.E0,0.E0,0.E0));
#19767=AXIS2_PLACEMENT_3D('',#19764,#19765,#19766);
#19768=PLANE('',#19767);
#19770=ORIENTED_EDGE('',*,*,#19769,.T.);
#19771=ORIENTED_EDGE('',*,*,#9856,.T.);
#19773=ORIENTED_EDGE('',*,*,#19772,.F.);
#19774=ORIENTED_EDGE('',*,*,#9316,.F.);
#19775=EDGE_LOOP('',(#19770,#19771,#19773,#19774));
#19776=FACE_OUTER_BOUND('',#19775,.F.);
#19777=ADVANCED_FACE('',(#19776),#19768,.T.);
#19778=CARTESIAN_POINT('',(1.493319105357E1,-1.E0,-2.54E0));
#19779=DIRECTION('',(0.E0,0.E0,-1.E0));
#19780=DIRECTION('',(-1.E0,0.E0,0.E0));
#19781=AXIS2_PLACEMENT_3D('',#19778,#19779,#19780);
#19782=PLANE('',#19781);
#19784=ORIENTED_EDGE('',*,*,#19783,.T.);
#19785=ORIENTED_EDGE('',*,*,#9862,.T.);
#19787=ORIENTED_EDGE('',*,*,#19786,.F.);
#19788=ORIENTED_EDGE('',*,*,#9310,.F.);
#19789=EDGE_LOOP('',(#19784,#19785,#19787,#19788));
#19790=FACE_OUTER_BOUND('',#19789,.F.);
#19791=ADVANCED_FACE('',(#19790),#19782,.T.);
#19792=CARTESIAN_POINT('',(1.493319105357E1,-1.E0,-2.54E0));
#19793=DIRECTION('',(0.E0,0.E0,-1.E0));
#19794=DIRECTION('',(-1.E0,0.E0,0.E0));
#19795=AXIS2_PLACEMENT_3D('',#19792,#19793,#19794);
#19796=PLANE('',#19795);
#19798=ORIENTED_EDGE('',*,*,#19797,.T.);
#19799=ORIENTED_EDGE('',*,*,#9868,.T.);
#19801=ORIENTED_EDGE('',*,*,#19800,.F.);
#19802=ORIENTED_EDGE('',*,*,#9304,.F.);
#19803=EDGE_LOOP('',(#19798,#19799,#19801,#19802));
#19804=FACE_OUTER_BOUND('',#19803,.F.);
#19805=ADVANCED_FACE('',(#19804),#19796,.T.);
#19806=CARTESIAN_POINT('',(1.493319105357E1,-1.E0,-2.54E0));
#19807=DIRECTION('',(0.E0,0.E0,-1.E0));
#19808=DIRECTION('',(-1.E0,0.E0,0.E0));
#19809=AXIS2_PLACEMENT_3D('',#19806,#19807,#19808);
#19810=PLANE('',#19809);
#19812=ORIENTED_EDGE('',*,*,#19811,.T.);
#19813=ORIENTED_EDGE('',*,*,#9874,.T.);
#19815=ORIENTED_EDGE('',*,*,#19814,.F.);
#19816=ORIENTED_EDGE('',*,*,#9298,.F.);
#19817=EDGE_LOOP('',(#19812,#19813,#19815,#19816));
#19818=FACE_OUTER_BOUND('',#19817,.F.);
#19819=ADVANCED_FACE('',(#19818),#19810,.T.);
#19820=CARTESIAN_POINT('',(1.493319105357E1,-1.E0,-2.54E0));
#19821=DIRECTION('',(0.E0,0.E0,-1.E0));
#19822=DIRECTION('',(-1.E0,0.E0,0.E0));
#19823=AXIS2_PLACEMENT_3D('',#19820,#19821,#19822);
#19824=PLANE('',#19823);
#19826=ORIENTED_EDGE('',*,*,#19825,.T.);
#19827=ORIENTED_EDGE('',*,*,#9880,.T.);
#19829=ORIENTED_EDGE('',*,*,#19828,.F.);
#19830=ORIENTED_EDGE('',*,*,#9292,.F.);
#19831=EDGE_LOOP('',(#19826,#19827,#19829,#19830));
#19832=FACE_OUTER_BOUND('',#19831,.F.);
#19833=ADVANCED_FACE('',(#19832),#19824,.T.);
#19834=CARTESIAN_POINT('',(1.493319105357E1,-1.E0,-2.54E0));
#19835=DIRECTION('',(0.E0,0.E0,-1.E0));
#19836=DIRECTION('',(-1.E0,0.E0,0.E0));
#19837=AXIS2_PLACEMENT_3D('',#19834,#19835,#19836);
#19838=PLANE('',#19837);
#19840=ORIENTED_EDGE('',*,*,#19839,.T.);
#19841=ORIENTED_EDGE('',*,*,#9886,.T.);
#19843=ORIENTED_EDGE('',*,*,#19842,.F.);
#19844=ORIENTED_EDGE('',*,*,#9286,.F.);
#19845=EDGE_LOOP('',(#19840,#19841,#19843,#19844));
#19846=FACE_OUTER_BOUND('',#19845,.F.);
#19847=ADVANCED_FACE('',(#19846),#19838,.T.);
#19848=CARTESIAN_POINT('',(1.493319105357E1,-1.E0,-2.54E0));
#19849=DIRECTION('',(0.E0,0.E0,-1.E0));
#19850=DIRECTION('',(-1.E0,0.E0,0.E0));
#19851=AXIS2_PLACEMENT_3D('',#19848,#19849,#19850);
#19852=PLANE('',#19851);
#19854=ORIENTED_EDGE('',*,*,#19853,.T.);
#19855=ORIENTED_EDGE('',*,*,#9892,.T.);
#19857=ORIENTED_EDGE('',*,*,#19856,.F.);
#19858=ORIENTED_EDGE('',*,*,#9280,.F.);
#19859=EDGE_LOOP('',(#19854,#19855,#19857,#19858));
#19860=FACE_OUTER_BOUND('',#19859,.F.);
#19861=ADVANCED_FACE('',(#19860),#19852,.T.);
#19862=CARTESIAN_POINT('',(1.493319105357E1,-1.E0,-2.54E0));
#19863=DIRECTION('',(0.E0,0.E0,-1.E0));
#19864=DIRECTION('',(-1.E0,0.E0,0.E0));
#19865=AXIS2_PLACEMENT_3D('',#19862,#19863,#19864);
#19866=PLANE('',#19865);
#19868=ORIENTED_EDGE('',*,*,#19867,.T.);
#19869=ORIENTED_EDGE('',*,*,#9898,.T.);
#19871=ORIENTED_EDGE('',*,*,#19870,.F.);
#19872=ORIENTED_EDGE('',*,*,#9274,.F.);
#19873=EDGE_LOOP('',(#19868,#19869,#19871,#19872));
#19874=FACE_OUTER_BOUND('',#19873,.F.);
#19875=ADVANCED_FACE('',(#19874),#19866,.T.);
#19876=CARTESIAN_POINT('',(1.493319105357E1,-1.E0,-2.54E0));
#19877=DIRECTION('',(0.E0,0.E0,-1.E0));
#19878=DIRECTION('',(-1.E0,0.E0,0.E0));
#19879=AXIS2_PLACEMENT_3D('',#19876,#19877,#19878);
#19880=PLANE('',#19879);
#19882=ORIENTED_EDGE('',*,*,#19881,.T.);
#19883=ORIENTED_EDGE('',*,*,#9904,.T.);
#19885=ORIENTED_EDGE('',*,*,#19884,.F.);
#19886=ORIENTED_EDGE('',*,*,#9268,.F.);
#19887=EDGE_LOOP('',(#19882,#19883,#19885,#19886));
#19888=FACE_OUTER_BOUND('',#19887,.F.);
#19889=ADVANCED_FACE('',(#19888),#19880,.T.);
#19890=CARTESIAN_POINT('',(1.493319105357E1,-1.E0,-2.54E0));
#19891=DIRECTION('',(0.E0,0.E0,-1.E0));
#19892=DIRECTION('',(-1.E0,0.E0,0.E0));
#19893=AXIS2_PLACEMENT_3D('',#19890,#19891,#19892);
#19894=PLANE('',#19893);
#19896=ORIENTED_EDGE('',*,*,#19895,.T.);
#19897=ORIENTED_EDGE('',*,*,#9910,.T.);
#19899=ORIENTED_EDGE('',*,*,#19898,.F.);
#19900=ORIENTED_EDGE('',*,*,#9262,.F.);
#19901=EDGE_LOOP('',(#19896,#19897,#19899,#19900));
#19902=FACE_OUTER_BOUND('',#19901,.F.);
#19903=ADVANCED_FACE('',(#19902),#19894,.T.);
#19904=CARTESIAN_POINT('',(1.493319105357E1,-1.E0,-2.54E0));
#19905=DIRECTION('',(0.E0,0.E0,-1.E0));
#19906=DIRECTION('',(-1.E0,0.E0,0.E0));
#19907=AXIS2_PLACEMENT_3D('',#19904,#19905,#19906);
#19908=PLANE('',#19907);
#19909=ORIENTED_EDGE('',*,*,#19746,.T.);
#19910=ORIENTED_EDGE('',*,*,#9916,.T.);
#19912=ORIENTED_EDGE('',*,*,#19911,.F.);
#19913=ORIENTED_EDGE('',*,*,#9256,.F.);
#19914=EDGE_LOOP('',(#19909,#19910,#19912,#19913));
#19915=FACE_OUTER_BOUND('',#19914,.F.);
#19916=ADVANCED_FACE('',(#19915),#19908,.T.);
#19917=CARTESIAN_POINT('',(1.493319105357E1,-1.E0,-2.54E0));
#19918=DIRECTION('',(0.E0,0.E0,-1.E0));
#19919=DIRECTION('',(-1.E0,0.E0,0.E0));
#19920=AXIS2_PLACEMENT_3D('',#19917,#19918,#19919);
#19921=PLANE('',#19920);
#19922=ORIENTED_EDGE('',*,*,#19757,.F.);
#19923=ORIENTED_EDGE('',*,*,#9398,.F.);
#19925=ORIENTED_EDGE('',*,*,#19924,.T.);
#19926=ORIENTED_EDGE('',*,*,#9774,.T.);
#19927=EDGE_LOOP('',(#19922,#19923,#19925,#19926));
#19928=FACE_OUTER_BOUND('',#19927,.F.);
#19929=ADVANCED_FACE('',(#19928),#19921,.T.);
#19930=CARTESIAN_POINT('',(-1.300680894643E1,1.E0,-2.54E0));
#19931=DIRECTION('',(-9.848077530122E-1,0.E0,1.736481776669E-1));
#19932=DIRECTION('',(1.736481776669E-1,0.E0,9.848077530122E-1));
#19933=AXIS2_PLACEMENT_3D('',#19930,#19931,#19932);
#19934=PLANE('',#19933);
#19935=ORIENTED_EDGE('',*,*,#9314,.T.);
#19937=ORIENTED_EDGE('',*,*,#19936,.F.);
#19938=ORIENTED_EDGE('',*,*,#9858,.F.);
#19939=ORIENTED_EDGE('',*,*,#19769,.F.);
#19940=EDGE_LOOP('',(#19935,#19937,#19938,#19939));
#19941=FACE_OUTER_BOUND('',#19940,.F.);
#19942=ADVANCED_FACE('',(#19941),#19934,.F.);
#19943=CARTESIAN_POINT('',(-1.27E1,1.E0,-8.E-1));
#19944=DIRECTION('',(9.848077530122E-1,0.E0,1.736481776669E-1));
#19945=DIRECTION('',(1.736481776669E-1,0.E0,-9.848077530122E-1));
#19946=AXIS2_PLACEMENT_3D('',#19943,#19944,#19945);
#19947=PLANE('',#19946);
#19948=ORIENTED_EDGE('',*,*,#9312,.T.);
#19949=ORIENTED_EDGE('',*,*,#19786,.T.);
#19950=ORIENTED_EDGE('',*,*,#9860,.F.);
#19951=ORIENTED_EDGE('',*,*,#19936,.T.);
#19952=EDGE_LOOP('',(#19948,#19949,#19950,#19951));
#19953=FACE_OUTER_BOUND('',#19952,.F.);
#19954=ADVANCED_FACE('',(#19953),#19947,.F.);
#19955=CARTESIAN_POINT('',(-1.493319105357E1,-1.E0,-2.54E0));
#19956=DIRECTION('',(-9.848077530122E-1,0.E0,-1.736481776669E-1));
#19957=DIRECTION('',(-1.736481776669E-1,0.E0,9.848077530122E-1));
#19958=AXIS2_PLACEMENT_3D('',#19955,#19956,#19957);
#19959=PLANE('',#19958);
#19960=ORIENTED_EDGE('',*,*,#9318,.F.);
#19961=ORIENTED_EDGE('',*,*,#19772,.T.);
#19962=ORIENTED_EDGE('',*,*,#9854,.T.);
#19964=ORIENTED_EDGE('',*,*,#19963,.F.);
#19965=EDGE_LOOP('',(#19960,#19961,#19962,#19964));
#19966=FACE_OUTER_BOUND('',#19965,.F.);
#19967=ADVANCED_FACE('',(#19966),#19959,.T.);
#19968=CARTESIAN_POINT('',(-1.524E1,-1.E0,-8.E-1));
#19969=DIRECTION('',(-1.E0,0.E0,0.E0));
#19970=DIRECTION('',(0.E0,0.E0,1.E0));
#19971=AXIS2_PLACEMENT_3D('',#19968,#19969,#19970);
#19972=PLANE('',#19971);
#19973=ORIENTED_EDGE('',*,*,#9320,.F.);
#19974=ORIENTED_EDGE('',*,*,#19963,.T.);
#19975=ORIENTED_EDGE('',*,*,#9852,.T.);
#19977=ORIENTED_EDGE('',*,*,#19976,.F.);
#19978=EDGE_LOOP('',(#19973,#19974,#19975,#19977));
#19979=FACE_OUTER_BOUND('',#19978,.F.);
#19980=ADVANCED_FACE('',(#19979),#19972,.T.);
#19981=CARTESIAN_POINT('',(-1.524E1,-1.E0,8.E-1));
#19982=DIRECTION('',(-9.848077530122E-1,0.E0,1.736481776669E-1));
#19983=DIRECTION('',(1.736481776669E-1,0.E0,9.848077530122E-1));
#19984=AXIS2_PLACEMENT_3D('',#19981,#19982,#19983);
#19985=PLANE('',#19984);
#19986=ORIENTED_EDGE('',*,*,#9322,.F.);
#19987=ORIENTED_EDGE('',*,*,#19976,.T.);
#19988=ORIENTED_EDGE('',*,*,#9850,.T.);
#19990=ORIENTED_EDGE('',*,*,#19989,.F.);
#19991=EDGE_LOOP('',(#19986,#19987,#19988,#19990));
#19992=FACE_OUTER_BOUND('',#19991,.F.);
#19993=ADVANCED_FACE('',(#19992),#19985,.T.);
#19994=CARTESIAN_POINT('',(-1.493319105357E1,-1.E0,2.54E0));
#19995=DIRECTION('',(0.E0,0.E0,1.E0));
#19996=DIRECTION('',(1.E0,0.E0,0.E0));
#19997=AXIS2_PLACEMENT_3D('',#19994,#19995,#19996);
#19998=PLANE('',#19997);
#20000=ORIENTED_EDGE('',*,*,#19999,.F.);
#20001=ORIENTED_EDGE('',*,*,#9324,.F.);
#20002=ORIENTED_EDGE('',*,*,#19989,.T.);
#20003=ORIENTED_EDGE('',*,*,#9848,.T.);
#20004=EDGE_LOOP('',(#20000,#20001,#20002,#20003));
#20005=FACE_OUTER_BOUND('',#20004,.F.);
#20006=ADVANCED_FACE('',(#20005),#19998,.T.);
#20007=CARTESIAN_POINT('',(-1.493319105357E1,-1.E0,2.54E0));
#20008=DIRECTION('',(0.E0,0.E0,1.E0));
#20009=DIRECTION('',(1.E0,0.E0,0.E0));
#20010=AXIS2_PLACEMENT_3D('',#20007,#20008,#20009);
#20011=PLANE('',#20010);
#20013=ORIENTED_EDGE('',*,*,#20012,.F.);
#20014=ORIENTED_EDGE('',*,*,#9330,.F.);
#20016=ORIENTED_EDGE('',*,*,#20015,.T.);
#20017=ORIENTED_EDGE('',*,*,#9842,.T.);
#20018=EDGE_LOOP('',(#20013,#20014,#20016,#20017));
#20019=FACE_OUTER_BOUND('',#20018,.F.);
#20020=ADVANCED_FACE('',(#20019),#20011,.T.);
#20021=CARTESIAN_POINT('',(-1.493319105357E1,-1.E0,2.54E0));
#20022=DIRECTION('',(0.E0,0.E0,1.E0));
#20023=DIRECTION('',(1.E0,0.E0,0.E0));
#20024=AXIS2_PLACEMENT_3D('',#20021,#20022,#20023);
#20025=PLANE('',#20024);
#20027=ORIENTED_EDGE('',*,*,#20026,.F.);
#20028=ORIENTED_EDGE('',*,*,#9336,.F.);
#20030=ORIENTED_EDGE('',*,*,#20029,.T.);
#20031=ORIENTED_EDGE('',*,*,#9836,.T.);
#20032=EDGE_LOOP('',(#20027,#20028,#20030,#20031));
#20033=FACE_OUTER_BOUND('',#20032,.F.);
#20034=ADVANCED_FACE('',(#20033),#20025,.T.);
#20035=CARTESIAN_POINT('',(-1.493319105357E1,-1.E0,2.54E0));
#20036=DIRECTION('',(0.E0,0.E0,1.E0));
#20037=DIRECTION('',(1.E0,0.E0,0.E0));
#20038=AXIS2_PLACEMENT_3D('',#20035,#20036,#20037);
#20039=PLANE('',#20038);
#20041=ORIENTED_EDGE('',*,*,#20040,.F.);
#20042=ORIENTED_EDGE('',*,*,#9342,.F.);
#20044=ORIENTED_EDGE('',*,*,#20043,.T.);
#20045=ORIENTED_EDGE('',*,*,#9830,.T.);
#20046=EDGE_LOOP('',(#20041,#20042,#20044,#20045));
#20047=FACE_OUTER_BOUND('',#20046,.F.);
#20048=ADVANCED_FACE('',(#20047),#20039,.T.);
#20049=CARTESIAN_POINT('',(-1.493319105357E1,-1.E0,2.54E0));
#20050=DIRECTION('',(0.E0,0.E0,1.E0));
#20051=DIRECTION('',(1.E0,0.E0,0.E0));
#20052=AXIS2_PLACEMENT_3D('',#20049,#20050,#20051);
#20053=PLANE('',#20052);
#20055=ORIENTED_EDGE('',*,*,#20054,.F.);
#20056=ORIENTED_EDGE('',*,*,#9348,.F.);
#20058=ORIENTED_EDGE('',*,*,#20057,.T.);
#20059=ORIENTED_EDGE('',*,*,#9824,.T.);
#20060=EDGE_LOOP('',(#20055,#20056,#20058,#20059));
#20061=FACE_OUTER_BOUND('',#20060,.F.);
#20062=ADVANCED_FACE('',(#20061),#20053,.T.);
#20063=CARTESIAN_POINT('',(-1.493319105357E1,-1.E0,2.54E0));
#20064=DIRECTION('',(0.E0,0.E0,1.E0));
#20065=DIRECTION('',(1.E0,0.E0,0.E0));
#20066=AXIS2_PLACEMENT_3D('',#20063,#20064,#20065);
#20067=PLANE('',#20066);
#20069=ORIENTED_EDGE('',*,*,#20068,.F.);
#20070=ORIENTED_EDGE('',*,*,#9354,.F.);
#20072=ORIENTED_EDGE('',*,*,#20071,.T.);
#20073=ORIENTED_EDGE('',*,*,#9818,.T.);
#20074=EDGE_LOOP('',(#20069,#20070,#20072,#20073));
#20075=FACE_OUTER_BOUND('',#20074,.F.);
#20076=ADVANCED_FACE('',(#20075),#20067,.T.);
#20077=CARTESIAN_POINT('',(-1.493319105357E1,-1.E0,2.54E0));
#20078=DIRECTION('',(0.E0,0.E0,1.E0));
#20079=DIRECTION('',(1.E0,0.E0,0.E0));
#20080=AXIS2_PLACEMENT_3D('',#20077,#20078,#20079);
#20081=PLANE('',#20080);
#20083=ORIENTED_EDGE('',*,*,#20082,.F.);
#20084=ORIENTED_EDGE('',*,*,#9360,.F.);
#20086=ORIENTED_EDGE('',*,*,#20085,.T.);
#20087=ORIENTED_EDGE('',*,*,#9812,.T.);
#20088=EDGE_LOOP('',(#20083,#20084,#20086,#20087));
#20089=FACE_OUTER_BOUND('',#20088,.F.);
#20090=ADVANCED_FACE('',(#20089),#20081,.T.);
#20091=CARTESIAN_POINT('',(-1.493319105357E1,-1.E0,2.54E0));
#20092=DIRECTION('',(0.E0,0.E0,1.E0));
#20093=DIRECTION('',(1.E0,0.E0,0.E0));
#20094=AXIS2_PLACEMENT_3D('',#20091,#20092,#20093);
#20095=PLANE('',#20094);
#20097=ORIENTED_EDGE('',*,*,#20096,.F.);
#20098=ORIENTED_EDGE('',*,*,#9366,.F.);
#20100=ORIENTED_EDGE('',*,*,#20099,.T.);
#20101=ORIENTED_EDGE('',*,*,#9806,.T.);
#20102=EDGE_LOOP('',(#20097,#20098,#20100,#20101));
#20103=FACE_OUTER_BOUND('',#20102,.F.);
#20104=ADVANCED_FACE('',(#20103),#20095,.T.);
#20105=CARTESIAN_POINT('',(-1.493319105357E1,-1.E0,2.54E0));
#20106=DIRECTION('',(0.E0,0.E0,1.E0));
#20107=DIRECTION('',(1.E0,0.E0,0.E0));
#20108=AXIS2_PLACEMENT_3D('',#20105,#20106,#20107);
#20109=PLANE('',#20108);
#20111=ORIENTED_EDGE('',*,*,#20110,.F.);
#20112=ORIENTED_EDGE('',*,*,#9372,.F.);
#20114=ORIENTED_EDGE('',*,*,#20113,.T.);
#20115=ORIENTED_EDGE('',*,*,#9800,.T.);
#20116=EDGE_LOOP('',(#20111,#20112,#20114,#20115));
#20117=FACE_OUTER_BOUND('',#20116,.F.);
#20118=ADVANCED_FACE('',(#20117),#20109,.T.);
#20119=CARTESIAN_POINT('',(-1.493319105357E1,-1.E0,2.54E0));
#20120=DIRECTION('',(0.E0,0.E0,1.E0));
#20121=DIRECTION('',(1.E0,0.E0,0.E0));
#20122=AXIS2_PLACEMENT_3D('',#20119,#20120,#20121);
#20123=PLANE('',#20122);
#20125=ORIENTED_EDGE('',*,*,#20124,.F.);
#20126=ORIENTED_EDGE('',*,*,#9378,.F.);
#20128=ORIENTED_EDGE('',*,*,#20127,.T.);
#20129=ORIENTED_EDGE('',*,*,#9794,.T.);
#20130=EDGE_LOOP('',(#20125,#20126,#20128,#20129));
#20131=FACE_OUTER_BOUND('',#20130,.F.);
#20132=ADVANCED_FACE('',(#20131),#20123,.T.);
#20133=CARTESIAN_POINT('',(-1.493319105357E1,-1.E0,2.54E0));
#20134=DIRECTION('',(0.E0,0.E0,1.E0));
#20135=DIRECTION('',(1.E0,0.E0,0.E0));
#20136=AXIS2_PLACEMENT_3D('',#20133,#20134,#20135);
#20137=PLANE('',#20136);
#20139=ORIENTED_EDGE('',*,*,#20138,.T.);
#20140=ORIENTED_EDGE('',*,*,#9782,.T.);
#20142=ORIENTED_EDGE('',*,*,#20141,.F.);
#20143=ORIENTED_EDGE('',*,*,#9390,.F.);
#20144=EDGE_LOOP('',(#20139,#20140,#20142,#20143));
#20145=FACE_OUTER_BOUND('',#20144,.F.);
#20146=ADVANCED_FACE('',(#20145),#20137,.T.);
#20147=CARTESIAN_POINT('',(-1.493319105357E1,-1.E0,2.54E0));
#20148=DIRECTION('',(0.E0,0.E0,1.E0));
#20149=DIRECTION('',(1.E0,0.E0,0.E0));
#20150=AXIS2_PLACEMENT_3D('',#20147,#20148,#20149);
#20151=PLANE('',#20150);
#20153=ORIENTED_EDGE('',*,*,#20152,.F.);
#20154=ORIENTED_EDGE('',*,*,#9384,.F.);
#20156=ORIENTED_EDGE('',*,*,#20155,.T.);
#20157=ORIENTED_EDGE('',*,*,#9788,.T.);
#20158=EDGE_LOOP('',(#20153,#20154,#20156,#20157));
#20159=FACE_OUTER_BOUND('',#20158,.F.);
#20160=ADVANCED_FACE('',(#20159),#20151,.T.);
#20161=CARTESIAN_POINT('',(-1.27E1,1.E0,8.E-1));
#20162=DIRECTION('',(-9.848077530122E-1,0.E0,-1.736481776669E-1));
#20163=DIRECTION('',(-1.736481776669E-1,0.E0,9.848077530122E-1));
#20164=AXIS2_PLACEMENT_3D('',#20161,#20162,#20163);
#20165=PLANE('',#20164);
#20166=ORIENTED_EDGE('',*,*,#9326,.T.);
#20167=ORIENTED_EDGE('',*,*,#19999,.T.);
#20168=ORIENTED_EDGE('',*,*,#9846,.F.);
#20170=ORIENTED_EDGE('',*,*,#20169,.T.);
#20171=EDGE_LOOP('',(#20166,#20167,#20168,#20170));
#20172=FACE_OUTER_BOUND('',#20171,.F.);
#20173=ADVANCED_FACE('',(#20172),#20165,.F.);
#20174=CARTESIAN_POINT('',(-1.239319105357E1,1.E0,2.54E0));
#20175=DIRECTION('',(9.848077530122E-1,0.E0,-1.736481776669E-1));
#20176=DIRECTION('',(-1.736481776669E-1,0.E0,-9.848077530122E-1));
#20177=AXIS2_PLACEMENT_3D('',#20174,#20175,#20176);
#20178=PLANE('',#20177);
#20179=ORIENTED_EDGE('',*,*,#9328,.T.);
#20180=ORIENTED_EDGE('',*,*,#20169,.F.);
#20181=ORIENTED_EDGE('',*,*,#9844,.F.);
#20182=ORIENTED_EDGE('',*,*,#20015,.F.);
#20183=EDGE_LOOP('',(#20179,#20180,#20181,#20182));
#20184=FACE_OUTER_BOUND('',#20183,.F.);
#20185=ADVANCED_FACE('',(#20184),#20178,.F.);
#20186=CARTESIAN_POINT('',(-1.016E1,1.E0,8.E-1));
#20187=DIRECTION('',(-9.848077530122E-1,0.E0,-1.736481776669E-1));
#20188=DIRECTION('',(-1.736481776669E-1,0.E0,9.848077530122E-1));
#20189=AXIS2_PLACEMENT_3D('',#20186,#20187,#20188);
#20190=PLANE('',#20189);
#20191=ORIENTED_EDGE('',*,*,#9332,.T.);
#20192=ORIENTED_EDGE('',*,*,#20012,.T.);
#20193=ORIENTED_EDGE('',*,*,#9840,.F.);
#20195=ORIENTED_EDGE('',*,*,#20194,.T.);
#20196=EDGE_LOOP('',(#20191,#20192,#20193,#20195));
#20197=FACE_OUTER_BOUND('',#20196,.F.);
#20198=ADVANCED_FACE('',(#20197),#20190,.F.);
#20199=CARTESIAN_POINT('',(-9.853191053567E0,1.E0,2.54E0));
#20200=DIRECTION('',(9.848077530122E-1,0.E0,-1.736481776669E-1));
#20201=DIRECTION('',(-1.736481776669E-1,0.E0,-9.848077530122E-1));
#20202=AXIS2_PLACEMENT_3D('',#20199,#20200,#20201);
#20203=PLANE('',#20202);
#20204=ORIENTED_EDGE('',*,*,#9334,.T.);
#20205=ORIENTED_EDGE('',*,*,#20194,.F.);
#20206=ORIENTED_EDGE('',*,*,#9838,.F.);
#20207=ORIENTED_EDGE('',*,*,#20029,.F.);
#20208=EDGE_LOOP('',(#20204,#20205,#20206,#20207));
#20209=FACE_OUTER_BOUND('',#20208,.F.);
#20210=ADVANCED_FACE('',(#20209),#20203,.F.);
#20211=CARTESIAN_POINT('',(-7.62E0,1.E0,8.E-1));
#20212=DIRECTION('',(-9.848077530122E-1,0.E0,-1.736481776669E-1));
#20213=DIRECTION('',(-1.736481776669E-1,0.E0,9.848077530122E-1));
#20214=AXIS2_PLACEMENT_3D('',#20211,#20212,#20213);
#20215=PLANE('',#20214);
#20216=ORIENTED_EDGE('',*,*,#9338,.T.);
#20217=ORIENTED_EDGE('',*,*,#20026,.T.);
#20218=ORIENTED_EDGE('',*,*,#9834,.F.);
#20220=ORIENTED_EDGE('',*,*,#20219,.T.);
#20221=EDGE_LOOP('',(#20216,#20217,#20218,#20220));
#20222=FACE_OUTER_BOUND('',#20221,.F.);
#20223=ADVANCED_FACE('',(#20222),#20215,.F.);
#20224=CARTESIAN_POINT('',(-7.313191053567E0,1.E0,2.54E0));
#20225=DIRECTION('',(9.848077530122E-1,0.E0,-1.736481776669E-1));
#20226=DIRECTION('',(-1.736481776669E-1,0.E0,-9.848077530122E-1));
#20227=AXIS2_PLACEMENT_3D('',#20224,#20225,#20226);
#20228=PLANE('',#20227);
#20229=ORIENTED_EDGE('',*,*,#9340,.T.);
#20230=ORIENTED_EDGE('',*,*,#20219,.F.);
#20231=ORIENTED_EDGE('',*,*,#9832,.F.);
#20232=ORIENTED_EDGE('',*,*,#20043,.F.);
#20233=EDGE_LOOP('',(#20229,#20230,#20231,#20232));
#20234=FACE_OUTER_BOUND('',#20233,.F.);
#20235=ADVANCED_FACE('',(#20234),#20228,.F.);
#20236=CARTESIAN_POINT('',(-5.08E0,1.E0,8.E-1));
#20237=DIRECTION('',(-9.848077530122E-1,0.E0,-1.736481776669E-1));
#20238=DIRECTION('',(-1.736481776669E-1,0.E0,9.848077530122E-1));
#20239=AXIS2_PLACEMENT_3D('',#20236,#20237,#20238);
#20240=PLANE('',#20239);
#20241=ORIENTED_EDGE('',*,*,#9344,.T.);
#20242=ORIENTED_EDGE('',*,*,#20040,.T.);
#20243=ORIENTED_EDGE('',*,*,#9828,.F.);
#20245=ORIENTED_EDGE('',*,*,#20244,.T.);
#20246=EDGE_LOOP('',(#20241,#20242,#20243,#20245));
#20247=FACE_OUTER_BOUND('',#20246,.F.);
#20248=ADVANCED_FACE('',(#20247),#20240,.F.);
#20249=CARTESIAN_POINT('',(-4.773191053567E0,1.E0,2.54E0));
#20250=DIRECTION('',(9.848077530122E-1,0.E0,-1.736481776669E-1));
#20251=DIRECTION('',(-1.736481776669E-1,0.E0,-9.848077530122E-1));
#20252=AXIS2_PLACEMENT_3D('',#20249,#20250,#20251);
#20253=PLANE('',#20252);
#20254=ORIENTED_EDGE('',*,*,#9346,.T.);
#20255=ORIENTED_EDGE('',*,*,#20244,.F.);
#20256=ORIENTED_EDGE('',*,*,#9826,.F.);
#20257=ORIENTED_EDGE('',*,*,#20057,.F.);
#20258=EDGE_LOOP('',(#20254,#20255,#20256,#20257));
#20259=FACE_OUTER_BOUND('',#20258,.F.);
#20260=ADVANCED_FACE('',(#20259),#20253,.F.);
#20261=CARTESIAN_POINT('',(-2.54E0,1.E0,8.E-1));
#20262=DIRECTION('',(-9.848077530122E-1,0.E0,-1.736481776669E-1));
#20263=DIRECTION('',(-1.736481776669E-1,0.E0,9.848077530122E-1));
#20264=AXIS2_PLACEMENT_3D('',#20261,#20262,#20263);
#20265=PLANE('',#20264);
#20266=ORIENTED_EDGE('',*,*,#9350,.T.);
#20267=ORIENTED_EDGE('',*,*,#20054,.T.);
#20268=ORIENTED_EDGE('',*,*,#9822,.F.);
#20270=ORIENTED_EDGE('',*,*,#20269,.T.);
#20271=EDGE_LOOP('',(#20266,#20267,#20268,#20270));
#20272=FACE_OUTER_BOUND('',#20271,.F.);
#20273=ADVANCED_FACE('',(#20272),#20265,.F.);
#20274=CARTESIAN_POINT('',(-2.233191053567E0,1.E0,2.54E0));
#20275=DIRECTION('',(9.848077530122E-1,0.E0,-1.736481776669E-1));
#20276=DIRECTION('',(-1.736481776669E-1,0.E0,-9.848077530122E-1));
#20277=AXIS2_PLACEMENT_3D('',#20274,#20275,#20276);
#20278=PLANE('',#20277);
#20279=ORIENTED_EDGE('',*,*,#9352,.T.);
#20280=ORIENTED_EDGE('',*,*,#20269,.F.);
#20281=ORIENTED_EDGE('',*,*,#9820,.F.);
#20282=ORIENTED_EDGE('',*,*,#20071,.F.);
#20283=EDGE_LOOP('',(#20279,#20280,#20281,#20282));
#20284=FACE_OUTER_BOUND('',#20283,.F.);
#20285=ADVANCED_FACE('',(#20284),#20278,.F.);
#20286=CARTESIAN_POINT('',(0.E0,1.E0,8.E-1));
#20287=DIRECTION('',(-9.848077530122E-1,0.E0,-1.736481776669E-1));
#20288=DIRECTION('',(-1.736481776669E-1,0.E0,9.848077530122E-1));
#20289=AXIS2_PLACEMENT_3D('',#20286,#20287,#20288);
#20290=PLANE('',#20289);
#20291=ORIENTED_EDGE('',*,*,#9356,.T.);
#20292=ORIENTED_EDGE('',*,*,#20068,.T.);
#20293=ORIENTED_EDGE('',*,*,#9816,.F.);
#20295=ORIENTED_EDGE('',*,*,#20294,.T.);
#20296=EDGE_LOOP('',(#20291,#20292,#20293,#20295));
#20297=FACE_OUTER_BOUND('',#20296,.F.);
#20298=ADVANCED_FACE('',(#20297),#20290,.F.);
#20299=CARTESIAN_POINT('',(3.068089464327E-1,1.E0,2.54E0));
#20300=DIRECTION('',(9.848077530122E-1,0.E0,-1.736481776669E-1));
#20301=DIRECTION('',(-1.736481776669E-1,0.E0,-9.848077530122E-1));
#20302=AXIS2_PLACEMENT_3D('',#20299,#20300,#20301);
#20303=PLANE('',#20302);
#20304=ORIENTED_EDGE('',*,*,#9358,.T.);
#20305=ORIENTED_EDGE('',*,*,#20294,.F.);
#20306=ORIENTED_EDGE('',*,*,#9814,.F.);
#20307=ORIENTED_EDGE('',*,*,#20085,.F.);
#20308=EDGE_LOOP('',(#20304,#20305,#20306,#20307));
#20309=FACE_OUTER_BOUND('',#20308,.F.);
#20310=ADVANCED_FACE('',(#20309),#20303,.F.);
#20311=CARTESIAN_POINT('',(2.54E0,1.E0,8.E-1));
#20312=DIRECTION('',(-9.848077530122E-1,0.E0,-1.736481776669E-1));
#20313=DIRECTION('',(-1.736481776669E-1,0.E0,9.848077530122E-1));
#20314=AXIS2_PLACEMENT_3D('',#20311,#20312,#20313);
#20315=PLANE('',#20314);
#20316=ORIENTED_EDGE('',*,*,#9362,.T.);
#20317=ORIENTED_EDGE('',*,*,#20082,.T.);
#20318=ORIENTED_EDGE('',*,*,#9810,.F.);
#20320=ORIENTED_EDGE('',*,*,#20319,.T.);
#20321=EDGE_LOOP('',(#20316,#20317,#20318,#20320));
#20322=FACE_OUTER_BOUND('',#20321,.F.);
#20323=ADVANCED_FACE('',(#20322),#20315,.F.);
#20324=CARTESIAN_POINT('',(2.846808946433E0,1.E0,2.54E0));
#20325=DIRECTION('',(9.848077530122E-1,0.E0,-1.736481776669E-1));
#20326=DIRECTION('',(-1.736481776669E-1,0.E0,-9.848077530122E-1));
#20327=AXIS2_PLACEMENT_3D('',#20324,#20325,#20326);
#20328=PLANE('',#20327);
#20329=ORIENTED_EDGE('',*,*,#9364,.T.);
#20330=ORIENTED_EDGE('',*,*,#20319,.F.);
#20331=ORIENTED_EDGE('',*,*,#9808,.F.);
#20332=ORIENTED_EDGE('',*,*,#20099,.F.);
#20333=EDGE_LOOP('',(#20329,#20330,#20331,#20332));
#20334=FACE_OUTER_BOUND('',#20333,.F.);
#20335=ADVANCED_FACE('',(#20334),#20328,.F.);
#20336=CARTESIAN_POINT('',(5.08E0,1.E0,8.E-1));
#20337=DIRECTION('',(-9.848077530122E-1,0.E0,-1.736481776669E-1));
#20338=DIRECTION('',(-1.736481776669E-1,0.E0,9.848077530122E-1));
#20339=AXIS2_PLACEMENT_3D('',#20336,#20337,#20338);
#20340=PLANE('',#20339);
#20341=ORIENTED_EDGE('',*,*,#9368,.T.);
#20342=ORIENTED_EDGE('',*,*,#20096,.T.);
#20343=ORIENTED_EDGE('',*,*,#9804,.F.);
#20345=ORIENTED_EDGE('',*,*,#20344,.T.);
#20346=EDGE_LOOP('',(#20341,#20342,#20343,#20345));
#20347=FACE_OUTER_BOUND('',#20346,.F.);
#20348=ADVANCED_FACE('',(#20347),#20340,.F.);
#20349=CARTESIAN_POINT('',(5.386808946433E0,1.E0,2.54E0));
#20350=DIRECTION('',(9.848077530122E-1,0.E0,-1.736481776669E-1));
#20351=DIRECTION('',(-1.736481776669E-1,0.E0,-9.848077530122E-1));
#20352=AXIS2_PLACEMENT_3D('',#20349,#20350,#20351);
#20353=PLANE('',#20352);
#20354=ORIENTED_EDGE('',*,*,#9370,.T.);
#20355=ORIENTED_EDGE('',*,*,#20344,.F.);
#20356=ORIENTED_EDGE('',*,*,#9802,.F.);
#20357=ORIENTED_EDGE('',*,*,#20113,.F.);
#20358=EDGE_LOOP('',(#20354,#20355,#20356,#20357));
#20359=FACE_OUTER_BOUND('',#20358,.F.);
#20360=ADVANCED_FACE('',(#20359),#20353,.F.);
#20361=CARTESIAN_POINT('',(7.62E0,1.E0,8.E-1));
#20362=DIRECTION('',(-9.848077530122E-1,0.E0,-1.736481776669E-1));
#20363=DIRECTION('',(-1.736481776669E-1,0.E0,9.848077530122E-1));
#20364=AXIS2_PLACEMENT_3D('',#20361,#20362,#20363);
#20365=PLANE('',#20364);
#20366=ORIENTED_EDGE('',*,*,#9374,.T.);
#20367=ORIENTED_EDGE('',*,*,#20110,.T.);
#20368=ORIENTED_EDGE('',*,*,#9798,.F.);
#20370=ORIENTED_EDGE('',*,*,#20369,.T.);
#20371=EDGE_LOOP('',(#20366,#20367,#20368,#20370));
#20372=FACE_OUTER_BOUND('',#20371,.F.);
#20373=ADVANCED_FACE('',(#20372),#20365,.F.);
#20374=CARTESIAN_POINT('',(7.926808946433E0,1.E0,2.54E0));
#20375=DIRECTION('',(9.848077530122E-1,0.E0,-1.736481776669E-1));
#20376=DIRECTION('',(-1.736481776669E-1,0.E0,-9.848077530122E-1));
#20377=AXIS2_PLACEMENT_3D('',#20374,#20375,#20376);
#20378=PLANE('',#20377);
#20379=ORIENTED_EDGE('',*,*,#9376,.T.);
#20380=ORIENTED_EDGE('',*,*,#20369,.F.);
#20381=ORIENTED_EDGE('',*,*,#9796,.F.);
#20382=ORIENTED_EDGE('',*,*,#20127,.F.);
#20383=EDGE_LOOP('',(#20379,#20380,#20381,#20382));
#20384=FACE_OUTER_BOUND('',#20383,.F.);
#20385=ADVANCED_FACE('',(#20384),#20378,.F.);
#20386=CARTESIAN_POINT('',(1.016E1,1.E0,8.E-1));
#20387=DIRECTION('',(-9.848077530122E-1,0.E0,-1.736481776669E-1));
#20388=DIRECTION('',(-1.736481776669E-1,0.E0,9.848077530122E-1));
#20389=AXIS2_PLACEMENT_3D('',#20386,#20387,#20388);
#20390=PLANE('',#20389);
#20391=ORIENTED_EDGE('',*,*,#9380,.T.);
#20392=ORIENTED_EDGE('',*,*,#20124,.T.);
#20393=ORIENTED_EDGE('',*,*,#9792,.F.);
#20395=ORIENTED_EDGE('',*,*,#20394,.T.);
#20396=EDGE_LOOP('',(#20391,#20392,#20393,#20395));
#20397=FACE_OUTER_BOUND('',#20396,.F.);
#20398=ADVANCED_FACE('',(#20397),#20390,.F.);
#20399=CARTESIAN_POINT('',(1.046680894643E1,1.E0,2.54E0));
#20400=DIRECTION('',(9.848077530122E-1,0.E0,-1.736481776669E-1));
#20401=DIRECTION('',(-1.736481776669E-1,0.E0,-9.848077530122E-1));
#20402=AXIS2_PLACEMENT_3D('',#20399,#20400,#20401);
#20403=PLANE('',#20402);
#20404=ORIENTED_EDGE('',*,*,#9382,.T.);
#20405=ORIENTED_EDGE('',*,*,#20394,.F.);
#20406=ORIENTED_EDGE('',*,*,#9790,.F.);
#20407=ORIENTED_EDGE('',*,*,#20155,.F.);
#20408=EDGE_LOOP('',(#20404,#20405,#20406,#20407));
#20409=FACE_OUTER_BOUND('',#20408,.F.);
#20410=ADVANCED_FACE('',(#20409),#20403,.F.);
#20411=CARTESIAN_POINT('',(1.300680894643E1,1.E0,2.54E0));
#20412=DIRECTION('',(9.848077530122E-1,0.E0,-1.736481776669E-1));
#20413=DIRECTION('',(-1.736481776669E-1,0.E0,-9.848077530122E-1));
#20414=AXIS2_PLACEMENT_3D('',#20411,#20412,#20413);
#20415=PLANE('',#20414);
#20416=ORIENTED_EDGE('',*,*,#9388,.T.);
#20418=ORIENTED_EDGE('',*,*,#20417,.F.);
#20419=ORIENTED_EDGE('',*,*,#9784,.F.);
#20420=ORIENTED_EDGE('',*,*,#20138,.F.);
#20421=EDGE_LOOP('',(#20416,#20418,#20419,#20420));
#20422=FACE_OUTER_BOUND('',#20421,.F.);
#20423=ADVANCED_FACE('',(#20422),#20415,.F.);
#20424=CARTESIAN_POINT('',(1.27E1,1.E0,8.E-1));
#20425=DIRECTION('',(-9.848077530122E-1,0.E0,-1.736481776669E-1));
#20426=DIRECTION('',(-1.736481776669E-1,0.E0,9.848077530122E-1));
#20427=AXIS2_PLACEMENT_3D('',#20424,#20425,#20426);
#20428=PLANE('',#20427);
#20429=ORIENTED_EDGE('',*,*,#9386,.T.);
#20430=ORIENTED_EDGE('',*,*,#20152,.T.);
#20431=ORIENTED_EDGE('',*,*,#9786,.F.);
#20432=ORIENTED_EDGE('',*,*,#20417,.T.);
#20433=EDGE_LOOP('',(#20429,#20430,#20431,#20432));
#20434=FACE_OUTER_BOUND('',#20433,.F.);
#20435=ADVANCED_FACE('',(#20434),#20428,.F.);
#20436=CARTESIAN_POINT('',(1.493319105357E1,-1.E0,2.54E0));
#20437=DIRECTION('',(9.848077530122E-1,0.E0,1.736481776669E-1));
#20438=DIRECTION('',(1.736481776669E-1,0.E0,-9.848077530122E-1));
#20439=AXIS2_PLACEMENT_3D('',#20436,#20437,#20438);
#20440=PLANE('',#20439);
#20441=ORIENTED_EDGE('',*,*,#9392,.F.);
#20442=ORIENTED_EDGE('',*,*,#20141,.T.);
#20443=ORIENTED_EDGE('',*,*,#9780,.T.);
#20445=ORIENTED_EDGE('',*,*,#20444,.F.);
#20446=EDGE_LOOP('',(#20441,#20442,#20443,#20445));
#20447=FACE_OUTER_BOUND('',#20446,.F.);
#20448=ADVANCED_FACE('',(#20447),#20440,.T.);
#20449=CARTESIAN_POINT('',(1.524E1,-1.E0,8.E-1));
#20450=DIRECTION('',(1.E0,0.E0,0.E0));
#20451=DIRECTION('',(0.E0,0.E0,-1.E0));
#20452=AXIS2_PLACEMENT_3D('',#20449,#20450,#20451);
#20453=PLANE('',#20452);
#20454=ORIENTED_EDGE('',*,*,#9394,.F.);
#20455=ORIENTED_EDGE('',*,*,#20444,.T.);
#20456=ORIENTED_EDGE('',*,*,#9778,.T.);
#20458=ORIENTED_EDGE('',*,*,#20457,.F.);
#20459=EDGE_LOOP('',(#20454,#20455,#20456,#20458));
#20460=FACE_OUTER_BOUND('',#20459,.F.);
#20461=ADVANCED_FACE('',(#20460),#20453,.T.);
#20462=CARTESIAN_POINT('',(1.524E1,-1.E0,-8.E-1));
#20463=DIRECTION('',(9.848077530122E-1,0.E0,-1.736481776669E-1));
#20464=DIRECTION('',(-1.736481776669E-1,0.E0,-9.848077530122E-1));
#20465=AXIS2_PLACEMENT_3D('',#20462,#20463,#20464);
#20466=PLANE('',#20465);
#20467=ORIENTED_EDGE('',*,*,#9396,.F.);
#20468=ORIENTED_EDGE('',*,*,#20457,.T.);
#20469=ORIENTED_EDGE('',*,*,#9776,.T.);
#20470=ORIENTED_EDGE('',*,*,#19924,.F.);
#20471=EDGE_LOOP('',(#20467,#20468,#20469,#20470));
#20472=FACE_OUTER_BOUND('',#20471,.F.);
#20473=ADVANCED_FACE('',(#20472),#20466,.T.);
#20474=CARTESIAN_POINT('',(-1.046680894643E1,1.E0,-2.54E0));
#20475=DIRECTION('',(-9.848077530122E-1,0.E0,1.736481776669E-1));
#20476=DIRECTION('',(1.736481776669E-1,0.E0,9.848077530122E-1));
#20477=AXIS2_PLACEMENT_3D('',#20474,#20475,#20476);
#20478=PLANE('',#20477);
#20479=ORIENTED_EDGE('',*,*,#9308,.T.);
#20481=ORIENTED_EDGE('',*,*,#20480,.F.);
#20482=ORIENTED_EDGE('',*,*,#9864,.F.);
#20483=ORIENTED_EDGE('',*,*,#19783,.F.);
#20484=EDGE_LOOP('',(#20479,#20481,#20482,#20483));
#20485=FACE_OUTER_BOUND('',#20484,.F.);
#20486=ADVANCED_FACE('',(#20485),#20478,.F.);
#20487=CARTESIAN_POINT('',(-1.016E1,1.E0,-8.E-1));
#20488=DIRECTION('',(9.848077530122E-1,0.E0,1.736481776669E-1));
#20489=DIRECTION('',(1.736481776669E-1,0.E0,-9.848077530122E-1));
#20490=AXIS2_PLACEMENT_3D('',#20487,#20488,#20489);
#20491=PLANE('',#20490);
#20492=ORIENTED_EDGE('',*,*,#9306,.T.);
#20493=ORIENTED_EDGE('',*,*,#19800,.T.);
#20494=ORIENTED_EDGE('',*,*,#9866,.F.);
#20495=ORIENTED_EDGE('',*,*,#20480,.T.);
#20496=EDGE_LOOP('',(#20492,#20493,#20494,#20495));
#20497=FACE_OUTER_BOUND('',#20496,.F.);
#20498=ADVANCED_FACE('',(#20497),#20491,.F.);
#20499=CARTESIAN_POINT('',(-7.926808946433E0,1.E0,-2.54E0));
#20500=DIRECTION('',(-9.848077530122E-1,0.E0,1.736481776669E-1));
#20501=DIRECTION('',(1.736481776669E-1,0.E0,9.848077530122E-1));
#20502=AXIS2_PLACEMENT_3D('',#20499,#20500,#20501);
#20503=PLANE('',#20502);
#20504=ORIENTED_EDGE('',*,*,#9302,.T.);
#20506=ORIENTED_EDGE('',*,*,#20505,.F.);
#20507=ORIENTED_EDGE('',*,*,#9870,.F.);
#20508=ORIENTED_EDGE('',*,*,#19797,.F.);
#20509=EDGE_LOOP('',(#20504,#20506,#20507,#20508));
#20510=FACE_OUTER_BOUND('',#20509,.F.);
#20511=ADVANCED_FACE('',(#20510),#20503,.F.);
#20512=CARTESIAN_POINT('',(-7.62E0,1.E0,-8.E-1));
#20513=DIRECTION('',(9.848077530122E-1,0.E0,1.736481776669E-1));
#20514=DIRECTION('',(1.736481776669E-1,0.E0,-9.848077530122E-1));
#20515=AXIS2_PLACEMENT_3D('',#20512,#20513,#20514);
#20516=PLANE('',#20515);
#20517=ORIENTED_EDGE('',*,*,#9300,.T.);
#20518=ORIENTED_EDGE('',*,*,#19814,.T.);
#20519=ORIENTED_EDGE('',*,*,#9872,.F.);
#20520=ORIENTED_EDGE('',*,*,#20505,.T.);
#20521=EDGE_LOOP('',(#20517,#20518,#20519,#20520));
#20522=FACE_OUTER_BOUND('',#20521,.F.);
#20523=ADVANCED_FACE('',(#20522),#20516,.F.);
#20524=CARTESIAN_POINT('',(-5.386808946433E0,1.E0,-2.54E0));
#20525=DIRECTION('',(-9.848077530122E-1,0.E0,1.736481776669E-1));
#20526=DIRECTION('',(1.736481776669E-1,0.E0,9.848077530122E-1));
#20527=AXIS2_PLACEMENT_3D('',#20524,#20525,#20526);
#20528=PLANE('',#20527);
#20529=ORIENTED_EDGE('',*,*,#9296,.T.);
#20531=ORIENTED_EDGE('',*,*,#20530,.F.);
#20532=ORIENTED_EDGE('',*,*,#9876,.F.);
#20533=ORIENTED_EDGE('',*,*,#19811,.F.);
#20534=EDGE_LOOP('',(#20529,#20531,#20532,#20533));
#20535=FACE_OUTER_BOUND('',#20534,.F.);
#20536=ADVANCED_FACE('',(#20535),#20528,.F.);
#20537=CARTESIAN_POINT('',(-5.08E0,1.E0,-8.E-1));
#20538=DIRECTION('',(9.848077530122E-1,0.E0,1.736481776669E-1));
#20539=DIRECTION('',(1.736481776669E-1,0.E0,-9.848077530122E-1));
#20540=AXIS2_PLACEMENT_3D('',#20537,#20538,#20539);
#20541=PLANE('',#20540);
#20542=ORIENTED_EDGE('',*,*,#9294,.T.);
#20543=ORIENTED_EDGE('',*,*,#19828,.T.);
#20544=ORIENTED_EDGE('',*,*,#9878,.F.);
#20545=ORIENTED_EDGE('',*,*,#20530,.T.);
#20546=EDGE_LOOP('',(#20542,#20543,#20544,#20545));
#20547=FACE_OUTER_BOUND('',#20546,.F.);
#20548=ADVANCED_FACE('',(#20547),#20541,.F.);
#20549=CARTESIAN_POINT('',(-2.846808946433E0,1.E0,-2.54E0));
#20550=DIRECTION('',(-9.848077530122E-1,0.E0,1.736481776669E-1));
#20551=DIRECTION('',(1.736481776669E-1,0.E0,9.848077530122E-1));
#20552=AXIS2_PLACEMENT_3D('',#20549,#20550,#20551);
#20553=PLANE('',#20552);
#20554=ORIENTED_EDGE('',*,*,#9290,.T.);
#20556=ORIENTED_EDGE('',*,*,#20555,.F.);
#20557=ORIENTED_EDGE('',*,*,#9882,.F.);
#20558=ORIENTED_EDGE('',*,*,#19825,.F.);
#20559=EDGE_LOOP('',(#20554,#20556,#20557,#20558));
#20560=FACE_OUTER_BOUND('',#20559,.F.);
#20561=ADVANCED_FACE('',(#20560),#20553,.F.);
#20562=CARTESIAN_POINT('',(-2.54E0,1.E0,-8.E-1));
#20563=DIRECTION('',(9.848077530122E-1,0.E0,1.736481776669E-1));
#20564=DIRECTION('',(1.736481776669E-1,0.E0,-9.848077530122E-1));
#20565=AXIS2_PLACEMENT_3D('',#20562,#20563,#20564);
#20566=PLANE('',#20565);
#20567=ORIENTED_EDGE('',*,*,#9288,.T.);
#20568=ORIENTED_EDGE('',*,*,#19842,.T.);
#20569=ORIENTED_EDGE('',*,*,#9884,.F.);
#20570=ORIENTED_EDGE('',*,*,#20555,.T.);
#20571=EDGE_LOOP('',(#20567,#20568,#20569,#20570));
#20572=FACE_OUTER_BOUND('',#20571,.F.);
#20573=ADVANCED_FACE('',(#20572),#20566,.F.);
#20574=CARTESIAN_POINT('',(-3.068089464327E-1,1.E0,-2.54E0));
#20575=DIRECTION('',(-9.848077530122E-1,0.E0,1.736481776669E-1));
#20576=DIRECTION('',(1.736481776669E-1,0.E0,9.848077530122E-1));
#20577=AXIS2_PLACEMENT_3D('',#20574,#20575,#20576);
#20578=PLANE('',#20577);
#20579=ORIENTED_EDGE('',*,*,#9284,.T.);
#20581=ORIENTED_EDGE('',*,*,#20580,.F.);
#20582=ORIENTED_EDGE('',*,*,#9888,.F.);
#20583=ORIENTED_EDGE('',*,*,#19839,.F.);
#20584=EDGE_LOOP('',(#20579,#20581,#20582,#20583));
#20585=FACE_OUTER_BOUND('',#20584,.F.);
#20586=ADVANCED_FACE('',(#20585),#20578,.F.);
#20587=CARTESIAN_POINT('',(0.E0,1.E0,-8.E-1));
#20588=DIRECTION('',(9.848077530122E-1,0.E0,1.736481776669E-1));
#20589=DIRECTION('',(1.736481776669E-1,0.E0,-9.848077530122E-1));
#20590=AXIS2_PLACEMENT_3D('',#20587,#20588,#20589);
#20591=PLANE('',#20590);
#20592=ORIENTED_EDGE('',*,*,#9282,.T.);
#20593=ORIENTED_EDGE('',*,*,#19856,.T.);
#20594=ORIENTED_EDGE('',*,*,#9890,.F.);
#20595=ORIENTED_EDGE('',*,*,#20580,.T.);
#20596=EDGE_LOOP('',(#20592,#20593,#20594,#20595));
#20597=FACE_OUTER_BOUND('',#20596,.F.);
#20598=ADVANCED_FACE('',(#20597),#20591,.F.);
#20599=CARTESIAN_POINT('',(2.233191053567E0,1.E0,-2.54E0));
#20600=DIRECTION('',(-9.848077530122E-1,0.E0,1.736481776669E-1));
#20601=DIRECTION('',(1.736481776669E-1,0.E0,9.848077530122E-1));
#20602=AXIS2_PLACEMENT_3D('',#20599,#20600,#20601);
#20603=PLANE('',#20602);
#20604=ORIENTED_EDGE('',*,*,#9278,.T.);
#20606=ORIENTED_EDGE('',*,*,#20605,.F.);
#20607=ORIENTED_EDGE('',*,*,#9894,.F.);
#20608=ORIENTED_EDGE('',*,*,#19853,.F.);
#20609=EDGE_LOOP('',(#20604,#20606,#20607,#20608));
#20610=FACE_OUTER_BOUND('',#20609,.F.);
#20611=ADVANCED_FACE('',(#20610),#20603,.F.);
#20612=CARTESIAN_POINT('',(2.54E0,1.E0,-8.E-1));
#20613=DIRECTION('',(9.848077530122E-1,0.E0,1.736481776669E-1));
#20614=DIRECTION('',(1.736481776669E-1,0.E0,-9.848077530122E-1));
#20615=AXIS2_PLACEMENT_3D('',#20612,#20613,#20614);
#20616=PLANE('',#20615);
#20617=ORIENTED_EDGE('',*,*,#9276,.T.);
#20618=ORIENTED_EDGE('',*,*,#19870,.T.);
#20619=ORIENTED_EDGE('',*,*,#9896,.F.);
#20620=ORIENTED_EDGE('',*,*,#20605,.T.);
#20621=EDGE_LOOP('',(#20617,#20618,#20619,#20620));
#20622=FACE_OUTER_BOUND('',#20621,.F.);
#20623=ADVANCED_FACE('',(#20622),#20616,.F.);
#20624=CARTESIAN_POINT('',(4.773191053567E0,1.E0,-2.54E0));
#20625=DIRECTION('',(-9.848077530122E-1,0.E0,1.736481776669E-1));
#20626=DIRECTION('',(1.736481776669E-1,0.E0,9.848077530122E-1));
#20627=AXIS2_PLACEMENT_3D('',#20624,#20625,#20626);
#20628=PLANE('',#20627);
#20629=ORIENTED_EDGE('',*,*,#9272,.T.);
#20631=ORIENTED_EDGE('',*,*,#20630,.F.);
#20632=ORIENTED_EDGE('',*,*,#9900,.F.);
#20633=ORIENTED_EDGE('',*,*,#19867,.F.);
#20634=EDGE_LOOP('',(#20629,#20631,#20632,#20633));
#20635=FACE_OUTER_BOUND('',#20634,.F.);
#20636=ADVANCED_FACE('',(#20635),#20628,.F.);
#20637=CARTESIAN_POINT('',(5.08E0,1.E0,-8.E-1));
#20638=DIRECTION('',(9.848077530122E-1,0.E0,1.736481776669E-1));
#20639=DIRECTION('',(1.736481776669E-1,0.E0,-9.848077530122E-1));
#20640=AXIS2_PLACEMENT_3D('',#20637,#20638,#20639);
#20641=PLANE('',#20640);
#20642=ORIENTED_EDGE('',*,*,#9270,.T.);
#20643=ORIENTED_EDGE('',*,*,#19884,.T.);
#20644=ORIENTED_EDGE('',*,*,#9902,.F.);
#20645=ORIENTED_EDGE('',*,*,#20630,.T.);
#20646=EDGE_LOOP('',(#20642,#20643,#20644,#20645));
#20647=FACE_OUTER_BOUND('',#20646,.F.);
#20648=ADVANCED_FACE('',(#20647),#20641,.F.);
#20649=CARTESIAN_POINT('',(7.313191053567E0,1.E0,-2.54E0));
#20650=DIRECTION('',(-9.848077530122E-1,0.E0,1.736481776669E-1));
#20651=DIRECTION('',(1.736481776669E-1,0.E0,9.848077530122E-1));
#20652=AXIS2_PLACEMENT_3D('',#20649,#20650,#20651);
#20653=PLANE('',#20652);
#20654=ORIENTED_EDGE('',*,*,#9266,.T.);
#20656=ORIENTED_EDGE('',*,*,#20655,.F.);
#20657=ORIENTED_EDGE('',*,*,#9906,.F.);
#20658=ORIENTED_EDGE('',*,*,#19881,.F.);
#20659=EDGE_LOOP('',(#20654,#20656,#20657,#20658));
#20660=FACE_OUTER_BOUND('',#20659,.F.);
#20661=ADVANCED_FACE('',(#20660),#20653,.F.);
#20662=CARTESIAN_POINT('',(7.62E0,1.E0,-8.E-1));
#20663=DIRECTION('',(9.848077530122E-1,0.E0,1.736481776669E-1));
#20664=DIRECTION('',(1.736481776669E-1,0.E0,-9.848077530122E-1));
#20665=AXIS2_PLACEMENT_3D('',#20662,#20663,#20664);
#20666=PLANE('',#20665);
#20667=ORIENTED_EDGE('',*,*,#9264,.T.);
#20668=ORIENTED_EDGE('',*,*,#19898,.T.);
#20669=ORIENTED_EDGE('',*,*,#9908,.F.);
#20670=ORIENTED_EDGE('',*,*,#20655,.T.);
#20671=EDGE_LOOP('',(#20667,#20668,#20669,#20670));
#20672=FACE_OUTER_BOUND('',#20671,.F.);
#20673=ADVANCED_FACE('',(#20672),#20666,.F.);
#20674=CARTESIAN_POINT('',(9.853191053567E0,1.E0,-2.54E0));
#20675=DIRECTION('',(-9.848077530122E-1,0.E0,1.736481776669E-1));
#20676=DIRECTION('',(1.736481776669E-1,0.E0,9.848077530122E-1));
#20677=AXIS2_PLACEMENT_3D('',#20674,#20675,#20676);
#20678=PLANE('',#20677);
#20679=ORIENTED_EDGE('',*,*,#9260,.T.);
#20681=ORIENTED_EDGE('',*,*,#20680,.F.);
#20682=ORIENTED_EDGE('',*,*,#9912,.F.);
#20683=ORIENTED_EDGE('',*,*,#19895,.F.);
#20684=EDGE_LOOP('',(#20679,#20681,#20682,#20683));
#20685=FACE_OUTER_BOUND('',#20684,.F.);
#20686=ADVANCED_FACE('',(#20685),#20678,.F.);
#20687=CARTESIAN_POINT('',(1.016E1,1.E0,-8.E-1));
#20688=DIRECTION('',(9.848077530122E-1,0.E0,1.736481776669E-1));
#20689=DIRECTION('',(1.736481776669E-1,0.E0,-9.848077530122E-1));
#20690=AXIS2_PLACEMENT_3D('',#20687,#20688,#20689);
#20691=PLANE('',#20690);
#20692=ORIENTED_EDGE('',*,*,#9258,.T.);
#20693=ORIENTED_EDGE('',*,*,#19911,.T.);
#20694=ORIENTED_EDGE('',*,*,#9914,.F.);
#20695=ORIENTED_EDGE('',*,*,#20680,.T.);
#20696=EDGE_LOOP('',(#20692,#20693,#20694,#20695));
#20697=FACE_OUTER_BOUND('',#20696,.F.);
#20698=ADVANCED_FACE('',(#20697),#20691,.F.);
#20699=CLOSED_SHELL('',(#9644,#9660,#9676,#9691,#9706,#9721,#9736,#9750,#9764,
#10637,#10652,#10666,#10680,#10693,#10705,#10721,#10737,#10753,#10767,#10780,
#10793,#10805,#10819,#10832,#10845,#10857,#10871,#10884,#10897,#10909,#10924,
#10938,#10952,#10965,#10977,#10993,#11009,#11025,#11039,#11052,#11065,#11077,
#11091,#11104,#11117,#11129,#11143,#11156,#11169,#11181,#11196,#11210,#11224,
#11237,#11249,#11265,#11281,#11297,#11311,#11324,#11337,#11349,#11363,#11376,
#11389,#11401,#11415,#11428,#11441,#11453,#11468,#11482,#11496,#11509,#11521,
#11537,#11553,#11569,#11583,#11596,#11609,#11621,#11635,#11648,#11661,#11673,
#11687,#11700,#11713,#11725,#11740,#11754,#11768,#11781,#11793,#11809,#11825,
#11841,#11855,#11868,#11881,#11893,#11907,#11920,#11933,#11945,#11959,#11972,
#11985,#11997,#12012,#12026,#12040,#12053,#12065,#12081,#12097,#12113,#12127,
#12140,#12153,#12165,#12179,#12192,#12205,#12217,#12231,#12244,#12257,#12269,
#12284,#12298,#12312,#12325,#12337,#12353,#12369,#12385,#12399,#12412,#12425,
#12437,#12451,#12464,#12477,#12489,#12503,#12516,#12529,#12541,#12556,#12570,
#12584,#12597,#12609,#12625,#12641,#12657,#12671,#12684,#12697,#12709,#12723,
#12736,#12749,#12761,#12775,#12788,#12801,#12813,#12828,#12842,#12856,#12869,
#12881,#12897,#12913,#12929,#12943,#12956,#12969,#12981,#12995,#13008,#13021,
#13033,#13047,#13060,#13073,#13085,#13100,#13114,#13128,#13141,#13153,#13169,
#13185,#13201,#13215,#13228,#13241,#13253,#13267,#13280,#13293,#13305,#13319,
#13332,#13345,#13357,#13372,#13386,#13400,#13413,#13425,#13441,#13457,#13473,
#13487,#13500,#13513,#13525,#13539,#13552,#13565,#13577,#13591,#13604,#13617,
#13629,#13644,#13658,#13672,#13685,#13697,#13713,#13729,#13745,#13759,#13772,
#13785,#13797,#13811,#13824,#13837,#13849,#13863,#13876,#13889,#13901,#13915,
#13929,#13943,#13956,#13969,#13981,#13996,#14011,#14024,#14039,#14054,#14068,
#14081,#14094,#14106,#14119,#14134,#14148,#14162,#14176,#14188,#14200,#14212,
#14227,#14242,#14255,#14268,#14280,#14295,#14310,#14325,#14340,#14355,#14370,
#14383,#14397,#14411,#14426,#14441,#14455,#14469,#14482,#14495,#14507,#14520,
#14535,#14549,#14563,#14576,#14588,#14603,#14618,#14632,#14645,#14658,#14670,
#14683,#14698,#14712,#14726,#14740,#14752,#14764,#14776,#14791,#14806,#14821,
#14836,#14851,#14866,#14879,#14893,#14907,#14922,#14937,#14951,#14965,#14978,
#14991,#15003,#15016,#15031,#15045,#15059,#15072,#15084,#15099,#15114,#15128,
#15141,#15154,#15166,#15179,#15194,#15208,#15222,#15236,#15248,#15260,#15272,
#15287,#15302,#15317,#15332,#15347,#15362,#15375,#15389,#15403,#15418,#15433,
#15447,#15461,#15474,#15487,#15499,#15512,#15527,#15541,#15555,#15568,#15580,
#15595,#15610,#15624,#15637,#15650,#15662,#15675,#15690,#15704,#15718,#15732,
#15744,#15756,#15768,#15783,#15798,#15813,#15828,#15843,#15858,#15871,#15885,
#15899,#15914,#15929,#15943,#15957,#15970,#15983,#15995,#16008,#16023,#16037,
#16051,#16064,#16076,#16091,#16106,#16120,#16133,#16146,#16158,#16171,#16186,
#16200,#16214,#16228,#16240,#16252,#16264,#16279,#16294,#16309,#16324,#16339,
#16354,#16367,#16381,#16395,#16410,#16425,#16439,#16453,#16466,#16479,#16491,
#16504,#16519,#16533,#16547,#16560,#16572,#16587,#16602,#16616,#16629,#16642,
#16654,#16667,#16682,#16696,#16710,#16724,#16736,#16748,#16760,#16775,#16790,
#16805,#16820,#16835,#16850,#16863,#16877,#16891,#16906,#16921,#16935,#16949,
#16962,#16975,#16987,#17000,#17015,#17029,#17043,#17056,#17068,#17083,#17098,
#17112,#17125,#17138,#17150,#17163,#17178,#17192,#17206,#17220,#17232,#17244,
#17256,#17271,#17286,#17301,#17316,#17331,#17346,#17359,#17373,#17387,#17402,
#17417,#17431,#17445,#17458,#17471,#17483,#17496,#17511,#17525,#17539,#17552,
#17564,#17579,#17594,#17608,#17621,#17634,#17646,#17659,#17674,#17688,#17702,
#17716,#17728,#17740,#17752,#17767,#17782,#17797,#17812,#17827,#17842,#17855,
#17869,#17883,#17898,#17913,#17927,#17941,#17954,#17967,#17979,#17992,#18007,
#18021,#18035,#18048,#18060,#18075,#18090,#18104,#18117,#18130,#18142,#18155,
#18170,#18184,#18198,#18212,#18224,#18236,#18248,#18263,#18278,#18293,#18308,
#18323,#18338,#18351,#18365,#18379,#18394,#18409,#18423,#18437,#18450,#18463,
#18475,#18488,#18503,#18517,#18531,#18544,#18556,#18571,#18586,#18600,#18613,
#18626,#18638,#18651,#18666,#18680,#18694,#18708,#18720,#18732,#18744,#18759,
#18774,#18789,#18804,#18819,#18834,#18847,#18861,#18875,#18890,#18905,#18919,
#18933,#18946,#18959,#18971,#18984,#18999,#19013,#19027,#19040,#19052,#19067,
#19082,#19096,#19109,#19122,#19134,#19147,#19162,#19176,#19190,#19204,#19216,
#19228,#19240,#19255,#19270,#19285,#19300,#19315,#19330,#19343,#19357,#19371,
#19386,#19401,#19415,#19429,#19442,#19455,#19467,#19480,#19495,#19509,#19523,
#19536,#19548,#19563,#19578,#19592,#19605,#19618,#19630,#19643,#19658,#19672,
#19686,#19700,#19712,#19724,#19736,#19750,#19763,#19777,#19791,#19805,#19819,
#19833,#19847,#19861,#19875,#19889,#19903,#19916,#19929,#19942,#19954,#19967,
#19980,#19993,#20006,#20020,#20034,#20048,#20062,#20076,#20090,#20104,#20118,
#20132,#20146,#20160,#20173,#20185,#20198,#20210,#20223,#20235,#20248,#20260,
#20273,#20285,#20298,#20310,#20323,#20335,#20348,#20360,#20373,#20385,#20398,
#20410,#20423,#20435,#20448,#20461,#20473,#20486,#20498,#20511,#20523,#20536,
#20548,#20561,#20573,#20586,#20598,#20611,#20623,#20636,#20648,#20661,#20673,
#20686,#20698));
#20700=MANIFOLD_SOLID_BREP('',#20699);
#20701=CARTESIAN_POINT('',(0.E0,0.E0,0.E0));
#20702=DIRECTION('',(0.E0,0.E0,1.E0));
#20703=DIRECTION('',(1.E0,0.E0,0.E0));
#20704=AXIS2_PLACEMENT_3D('CSYS',#20701,#20702,#20703);
#20705=CARTESIAN_POINT('',(-1.397E1,2.E0,-1.27E0));
#20706=DIRECTION('',(0.E0,1.E0,0.E0));
#20707=DIRECTION('',(1.E0,0.E0,0.E0));
#20708=AXIS2_PLACEMENT_3D('',#20705,#20706,#20707);
#20712=CARTESIAN_POINT('',(-1.397E1,2.E0,-1.27E0));
#20713=DIRECTION('',(0.E0,1.E0,0.E0));
#20714=DIRECTION('',(-1.E0,0.E0,0.E0));
#20715=AXIS2_PLACEMENT_3D('',#20712,#20713,#20714);
#20721=CARTESIAN_POINT('',(-1.397E1,2.E0,1.27E0));
#20722=DIRECTION('',(0.E0,1.E0,0.E0));
#20723=DIRECTION('',(1.E0,0.E0,0.E0));
#20724=AXIS2_PLACEMENT_3D('',#20721,#20722,#20723);
#20728=CARTESIAN_POINT('',(-1.397E1,2.E0,1.27E0));
#20729=DIRECTION('',(0.E0,1.E0,0.E0));
#20730=DIRECTION('',(-1.E0,0.E0,0.E0));
#20731=AXIS2_PLACEMENT_3D('',#20728,#20729,#20730);
#20736=CARTESIAN_POINT('',(-1.143E1,2.E0,-1.27E0));
#20737=DIRECTION('',(0.E0,1.E0,0.E0));
#20738=DIRECTION('',(1.E0,0.E0,0.E0));
#20739=AXIS2_PLACEMENT_3D('',#20736,#20737,#20738);
#20743=CARTESIAN_POINT('',(-1.143E1,2.E0,-1.27E0));
#20744=DIRECTION('',(0.E0,1.E0,0.E0));
#20745=DIRECTION('',(-1.E0,0.E0,0.E0));
#20746=AXIS2_PLACEMENT_3D('',#20743,#20744,#20745);
#20751=CARTESIAN_POINT('',(-1.143E1,2.E0,1.27E0));
#20752=DIRECTION('',(0.E0,1.E0,0.E0));
#20753=DIRECTION('',(1.E0,0.E0,0.E0));
#20754=AXIS2_PLACEMENT_3D('',#20751,#20752,#20753);
#20758=CARTESIAN_POINT('',(-1.143E1,2.E0,1.27E0));
#20759=DIRECTION('',(0.E0,1.E0,0.E0));
#20760=DIRECTION('',(-1.E0,0.E0,0.E0));
#20761=AXIS2_PLACEMENT_3D('',#20758,#20759,#20760);
#20766=CARTESIAN_POINT('',(-8.89E0,2.E0,-1.27E0));
#20767=DIRECTION('',(0.E0,1.E0,0.E0));
#20768=DIRECTION('',(1.E0,0.E0,0.E0));
#20769=AXIS2_PLACEMENT_3D('',#20766,#20767,#20768);
#20773=CARTESIAN_POINT('',(-8.89E0,2.E0,-1.27E0));
#20774=DIRECTION('',(0.E0,1.E0,0.E0));
#20775=DIRECTION('',(-1.E0,0.E0,0.E0));
#20776=AXIS2_PLACEMENT_3D('',#20773,#20774,#20775);
#20781=CARTESIAN_POINT('',(-8.89E0,2.E0,1.27E0));
#20782=DIRECTION('',(0.E0,1.E0,0.E0));
#20783=DIRECTION('',(1.E0,0.E0,0.E0));
#20784=AXIS2_PLACEMENT_3D('',#20781,#20782,#20783);
#20788=CARTESIAN_POINT('',(-8.89E0,2.E0,1.27E0));
#20789=DIRECTION('',(0.E0,1.E0,0.E0));
#20790=DIRECTION('',(-1.E0,0.E0,0.E0));
#20791=AXIS2_PLACEMENT_3D('',#20788,#20789,#20790);
#20796=CARTESIAN_POINT('',(-6.35E0,2.E0,-1.27E0));
#20797=DIRECTION('',(0.E0,1.E0,0.E0));
#20798=DIRECTION('',(1.E0,0.E0,0.E0));
#20799=AXIS2_PLACEMENT_3D('',#20796,#20797,#20798);
#20803=CARTESIAN_POINT('',(-6.35E0,2.E0,-1.27E0));
#20804=DIRECTION('',(0.E0,1.E0,0.E0));
#20805=DIRECTION('',(-1.E0,0.E0,0.E0));
#20806=AXIS2_PLACEMENT_3D('',#20803,#20804,#20805);
#20811=CARTESIAN_POINT('',(-6.35E0,2.E0,1.27E0));
#20812=DIRECTION('',(0.E0,1.E0,0.E0));
#20813=DIRECTION('',(1.E0,0.E0,0.E0));
#20814=AXIS2_PLACEMENT_3D('',#20811,#20812,#20813);
#20818=CARTESIAN_POINT('',(-6.35E0,2.E0,1.27E0));
#20819=DIRECTION('',(0.E0,1.E0,0.E0));
#20820=DIRECTION('',(-1.E0,0.E0,0.E0));
#20821=AXIS2_PLACEMENT_3D('',#20818,#20819,#20820);
#20826=CARTESIAN_POINT('',(-3.81E0,2.E0,-1.27E0));
#20827=DIRECTION('',(0.E0,1.E0,0.E0));
#20828=DIRECTION('',(1.E0,0.E0,0.E0));
#20829=AXIS2_PLACEMENT_3D('',#20826,#20827,#20828);
#20833=CARTESIAN_POINT('',(-3.81E0,2.E0,-1.27E0));
#20834=DIRECTION('',(0.E0,1.E0,0.E0));
#20835=DIRECTION('',(-1.E0,0.E0,0.E0));
#20836=AXIS2_PLACEMENT_3D('',#20833,#20834,#20835);
#20841=CARTESIAN_POINT('',(-3.81E0,2.E0,1.27E0));
#20842=DIRECTION('',(0.E0,1.E0,0.E0));
#20843=DIRECTION('',(1.E0,0.E0,0.E0));
#20844=AXIS2_PLACEMENT_3D('',#20841,#20842,#20843);
#20848=CARTESIAN_POINT('',(-3.81E0,2.E0,1.27E0));
#20849=DIRECTION('',(0.E0,1.E0,0.E0));
#20850=DIRECTION('',(-1.E0,0.E0,0.E0));
#20851=AXIS2_PLACEMENT_3D('',#20848,#20849,#20850);
#20856=CARTESIAN_POINT('',(-1.27E0,2.E0,-1.27E0));
#20857=DIRECTION('',(0.E0,1.E0,0.E0));
#20858=DIRECTION('',(1.E0,0.E0,0.E0));
#20859=AXIS2_PLACEMENT_3D('',#20856,#20857,#20858);
#20863=CARTESIAN_POINT('',(-1.27E0,2.E0,-1.27E0));
#20864=DIRECTION('',(0.E0,1.E0,0.E0));
#20865=DIRECTION('',(-1.E0,0.E0,0.E0));
#20866=AXIS2_PLACEMENT_3D('',#20863,#20864,#20865);
#20871=CARTESIAN_POINT('',(-1.27E0,2.E0,1.27E0));
#20872=DIRECTION('',(0.E0,1.E0,0.E0));
#20873=DIRECTION('',(1.E0,0.E0,0.E0));
#20874=AXIS2_PLACEMENT_3D('',#20871,#20872,#20873);
#20878=CARTESIAN_POINT('',(-1.27E0,2.E0,1.27E0));
#20879=DIRECTION('',(0.E0,1.E0,0.E0));
#20880=DIRECTION('',(-1.E0,0.E0,0.E0));
#20881=AXIS2_PLACEMENT_3D('',#20878,#20879,#20880);
#20886=CARTESIAN_POINT('',(1.27E0,2.E0,-1.27E0));
#20887=DIRECTION('',(0.E0,1.E0,0.E0));
#20888=DIRECTION('',(1.E0,0.E0,0.E0));
#20889=AXIS2_PLACEMENT_3D('',#20886,#20887,#20888);
#20893=CARTESIAN_POINT('',(1.27E0,2.E0,-1.27E0));
#20894=DIRECTION('',(0.E0,1.E0,0.E0));
#20895=DIRECTION('',(-1.E0,0.E0,0.E0));
#20896=AXIS2_PLACEMENT_3D('',#20893,#20894,#20895);
#20901=CARTESIAN_POINT('',(1.27E0,2.E0,1.27E0));
#20902=DIRECTION('',(0.E0,1.E0,0.E0));
#20903=DIRECTION('',(1.E0,0.E0,0.E0));
#20904=AXIS2_PLACEMENT_3D('',#20901,#20902,#20903);
#20908=CARTESIAN_POINT('',(1.27E0,2.E0,1.27E0));
#20909=DIRECTION('',(0.E0,1.E0,0.E0));
#20910=DIRECTION('',(-1.E0,0.E0,0.E0));
#20911=AXIS2_PLACEMENT_3D('',#20908,#20909,#20910);
#20916=CARTESIAN_POINT('',(3.81E0,2.E0,-1.27E0));
#20917=DIRECTION('',(0.E0,1.E0,0.E0));
#20918=DIRECTION('',(1.E0,0.E0,0.E0));
#20919=AXIS2_PLACEMENT_3D('',#20916,#20917,#20918);
#20923=CARTESIAN_POINT('',(3.81E0,2.E0,-1.27E0));
#20924=DIRECTION('',(0.E0,1.E0,0.E0));
#20925=DIRECTION('',(-1.E0,0.E0,0.E0));
#20926=AXIS2_PLACEMENT_3D('',#20923,#20924,#20925);
#20931=CARTESIAN_POINT('',(3.81E0,2.E0,1.27E0));
#20932=DIRECTION('',(0.E0,1.E0,0.E0));
#20933=DIRECTION('',(1.E0,0.E0,0.E0));
#20934=AXIS2_PLACEMENT_3D('',#20931,#20932,#20933);
#20938=CARTESIAN_POINT('',(3.81E0,2.E0,1.27E0));
#20939=DIRECTION('',(0.E0,1.E0,0.E0));
#20940=DIRECTION('',(-1.E0,0.E0,0.E0));
#20941=AXIS2_PLACEMENT_3D('',#20938,#20939,#20940);
#20946=CARTESIAN_POINT('',(6.35E0,2.E0,-1.27E0));
#20947=DIRECTION('',(0.E0,1.E0,0.E0));
#20948=DIRECTION('',(1.E0,0.E0,0.E0));
#20949=AXIS2_PLACEMENT_3D('',#20946,#20947,#20948);
#20953=CARTESIAN_POINT('',(6.35E0,2.E0,-1.27E0));
#20954=DIRECTION('',(0.E0,1.E0,0.E0));
#20955=DIRECTION('',(-1.E0,0.E0,0.E0));
#20956=AXIS2_PLACEMENT_3D('',#20953,#20954,#20955);
#20961=CARTESIAN_POINT('',(6.35E0,2.E0,1.27E0));
#20962=DIRECTION('',(0.E0,1.E0,0.E0));
#20963=DIRECTION('',(1.E0,0.E0,0.E0));
#20964=AXIS2_PLACEMENT_3D('',#20961,#20962,#20963);
#20968=CARTESIAN_POINT('',(6.35E0,2.E0,1.27E0));
#20969=DIRECTION('',(0.E0,1.E0,0.E0));
#20970=DIRECTION('',(-1.E0,0.E0,0.E0));
#20971=AXIS2_PLACEMENT_3D('',#20968,#20969,#20970);
#20976=CARTESIAN_POINT('',(8.89E0,2.E0,-1.27E0));
#20977=DIRECTION('',(0.E0,1.E0,0.E0));
#20978=DIRECTION('',(1.E0,0.E0,0.E0));
#20979=AXIS2_PLACEMENT_3D('',#20976,#20977,#20978);
#20983=CARTESIAN_POINT('',(8.89E0,2.E0,-1.27E0));
#20984=DIRECTION('',(0.E0,1.E0,0.E0));
#20985=DIRECTION('',(-1.E0,0.E0,0.E0));
#20986=AXIS2_PLACEMENT_3D('',#20983,#20984,#20985);
#20991=CARTESIAN_POINT('',(8.89E0,2.E0,1.27E0));
#20992=DIRECTION('',(0.E0,1.E0,0.E0));
#20993=DIRECTION('',(1.E0,0.E0,0.E0));
#20994=AXIS2_PLACEMENT_3D('',#20991,#20992,#20993);
#20998=CARTESIAN_POINT('',(8.89E0,2.E0,1.27E0));
#20999=DIRECTION('',(0.E0,1.E0,0.E0));
#21000=DIRECTION('',(-1.E0,0.E0,0.E0));
#21001=AXIS2_PLACEMENT_3D('',#20998,#20999,#21000);
#21006=CARTESIAN_POINT('',(1.143E1,2.E0,-1.27E0));
#21007=DIRECTION('',(0.E0,1.E0,0.E0));
#21008=DIRECTION('',(1.E0,0.E0,0.E0));
#21009=AXIS2_PLACEMENT_3D('',#21006,#21007,#21008);
#21013=CARTESIAN_POINT('',(1.143E1,2.E0,-1.27E0));
#21014=DIRECTION('',(0.E0,1.E0,0.E0));
#21015=DIRECTION('',(-1.E0,0.E0,0.E0));
#21016=AXIS2_PLACEMENT_3D('',#21013,#21014,#21015);
#21021=CARTESIAN_POINT('',(1.143E1,2.E0,1.27E0));
#21022=DIRECTION('',(0.E0,1.E0,0.E0));
#21023=DIRECTION('',(1.E0,0.E0,0.E0));
#21024=AXIS2_PLACEMENT_3D('',#21021,#21022,#21023);
#21028=CARTESIAN_POINT('',(1.143E1,2.E0,1.27E0));
#21029=DIRECTION('',(0.E0,1.E0,0.E0));
#21030=DIRECTION('',(-1.E0,0.E0,0.E0));
#21031=AXIS2_PLACEMENT_3D('',#21028,#21029,#21030);
#21036=CARTESIAN_POINT('',(1.397E1,2.E0,-1.27E0));
#21037=DIRECTION('',(0.E0,1.E0,0.E0));
#21038=DIRECTION('',(1.E0,0.E0,0.E0));
#21039=AXIS2_PLACEMENT_3D('',#21036,#21037,#21038);
#21043=CARTESIAN_POINT('',(1.397E1,2.E0,-1.27E0));
#21044=DIRECTION('',(0.E0,1.E0,0.E0));
#21045=DIRECTION('',(-1.E0,0.E0,0.E0));
#21046=AXIS2_PLACEMENT_3D('',#21043,#21044,#21045);
#21051=CARTESIAN_POINT('',(1.397E1,2.E0,1.27E0));
#21052=DIRECTION('',(0.E0,1.E0,0.E0));
#21053=DIRECTION('',(1.E0,0.E0,0.E0));
#21054=AXIS2_PLACEMENT_3D('',#21051,#21052,#21053);
#21058=CARTESIAN_POINT('',(1.397E1,2.E0,1.27E0));
#21059=DIRECTION('',(0.E0,1.E0,0.E0));
#21060=DIRECTION('',(-1.E0,0.E0,0.E0));
#21061=AXIS2_PLACEMENT_3D('',#21058,#21059,#21060);
#21067=DIMENSIONAL_EXPONENTS(0.E0,0.E0,0.E0,0.E0,0.E0,0.E0,0.E0);
#21069=PLANE_ANGLE_MEASURE_WITH_UNIT(PLANE_ANGLE_MEASURE(1.745329251994E-2),
#21068);
#21070=(CONVERSION_BASED_UNIT('DEGREE',#21069)NAMED_UNIT(*)PLANE_ANGLE_UNIT());
#21072=UNCERTAINTY_MEASURE_WITH_UNIT(LENGTH_MEASURE(3.398911740023E-3),#21066,
'closure',
'Maximum model space distance between geometric entities at asserted connectivities');
#21073=(GEOMETRIC_REPRESENTATION_CONTEXT(3)GLOBAL_UNCERTAINTY_ASSIGNED_CONTEXT((
#21072))GLOBAL_UNIT_ASSIGNED_CONTEXT((#21066,#21070,#21071))REPRESENTATION_CONTEXT('ID1','3'));
#20720=GEOMETRIC_SET('',(#20719,#20735,#20750,#20765,#20780,#20795,#20810,
#20825,#20840,#20855,#20870,#20885,#20900,#20915,#20930,#20945,#20960,#20975,
#20990,#21005,#21020,#21035,#21050,#21065));
#21077=SHAPE_REPRESENTATION_RELATIONSHIP('','',#21076,#21074);
#21078=SHAPE_REPRESENTATION_RELATIONSHIP('','',#21076,#21075);
#21079=APPLICATION_CONTEXT(
'CONFIGURATION CONTROLLED 3D DESIGNS OF MECHANICAL PARTS AND ASSEMBLIES');
#21080=APPLICATION_PROTOCOL_DEFINITION('international standard',
'config_control_design',1994,#21079);
#21081=DESIGN_CONTEXT('',#21079,'design');
#21082=MECHANICAL_CONTEXT('',#21079,'mechanical');
#21083=PRODUCT('901311092','901311092','NOT SPECIFIED',(#21082));
#21084=PRODUCT_DEFINITION_FORMATION_WITH_SPECIFIED_SOURCE('1','LAST_VERSION',
#21083,.MADE.);
#21088=PRODUCT_CATEGORY('part','');
#21089=PRODUCT_RELATED_PRODUCT_CATEGORY('detail','',(#21083));
#21090=PRODUCT_CATEGORY_RELATIONSHIP('','',#21088,#21089);
#21091=SECURITY_CLASSIFICATION_LEVEL('unclassified');
#21092=SECURITY_CLASSIFICATION('','',#21091);
#21093=CC_DESIGN_SECURITY_CLASSIFICATION(#21092,(#21084));
#21094=APPROVAL_STATUS('approved');
#21095=APPROVAL(#21094,'');
#21096=CC_DESIGN_APPROVAL(#21095,(#21092,#21084,#21085));
#21097=CALENDAR_DATE(114,20,1);
#21098=COORDINATED_UNIVERSAL_TIME_OFFSET(5,30,.AHEAD.);
#21099=LOCAL_TIME(14,53,2.E0,#21098);
#21100=DATE_AND_TIME(#21097,#21099);
#21101=APPROVAL_DATE_TIME(#21100,#21095);
#21102=DATE_TIME_ROLE('creation_date');
#21103=CC_DESIGN_DATE_AND_TIME_ASSIGNMENT(#21100,#21102,(#21085));
#21104=DATE_TIME_ROLE('classification_date');
#21105=CC_DESIGN_DATE_AND_TIME_ASSIGNMENT(#21100,#21104,(#21092));
#21106=PERSON('UNSPECIFIED','UNSPECIFIED',$,$,$,$);
#21107=ORGANIZATION('UNSPECIFIED','UNSPECIFIED','UNSPECIFIED');
#21108=PERSON_AND_ORGANIZATION(#21106,#21107);
#21109=APPROVAL_ROLE('approver');
#21110=APPROVAL_PERSON_ORGANIZATION(#21108,#21095,#21109);
#21111=PERSON_AND_ORGANIZATION_ROLE('creator');
#21112=CC_DESIGN_PERSON_AND_ORGANIZATION_ASSIGNMENT(#21108,#21111,(#21084,
#21085));
#21113=PERSON_AND_ORGANIZATION_ROLE('design_supplier');
#21114=CC_DESIGN_PERSON_AND_ORGANIZATION_ASSIGNMENT(#21108,#21113,(#21084));
#21115=PERSON_AND_ORGANIZATION_ROLE('classification_officer');
#21116=CC_DESIGN_PERSON_AND_ORGANIZATION_ASSIGNMENT(#21108,#21115,(#21092));
#21117=PERSON_AND_ORGANIZATION_ROLE('design_owner');
#21118=CC_DESIGN_PERSON_AND_ORGANIZATION_ASSIGNMENT(#21108,#21117,(#21083));
#9254=EDGE_CURVE('',#9227,#9228,#388,.T.);
#9256=EDGE_CURVE('',#9227,#9206,#392,.T.);
#9258=EDGE_CURVE('',#9204,#9206,#396,.T.);
#9260=EDGE_CURVE('',#9203,#9204,#400,.T.);
#9262=EDGE_CURVE('',#9203,#9182,#404,.T.);
#9264=EDGE_CURVE('',#9180,#9182,#408,.T.);
#9266=EDGE_CURVE('',#9179,#9180,#412,.T.);
#9268=EDGE_CURVE('',#9179,#9158,#416,.T.);
#9270=EDGE_CURVE('',#9156,#9158,#420,.T.);
#9272=EDGE_CURVE('',#9155,#9156,#424,.T.);
#9274=EDGE_CURVE('',#9155,#9134,#428,.T.);
#9276=EDGE_CURVE('',#9132,#9134,#432,.T.);
#9278=EDGE_CURVE('',#9131,#9132,#436,.T.);
#9280=EDGE_CURVE('',#9131,#9110,#440,.T.);
#9282=EDGE_CURVE('',#9108,#9110,#444,.T.);
#9284=EDGE_CURVE('',#9107,#9108,#448,.T.);
#9286=EDGE_CURVE('',#9107,#9086,#452,.T.);
#9288=EDGE_CURVE('',#9084,#9086,#456,.T.);
#9290=EDGE_CURVE('',#9083,#9084,#460,.T.);
#9292=EDGE_CURVE('',#9083,#9062,#464,.T.);
#9294=EDGE_CURVE('',#9060,#9062,#468,.T.);
#9296=EDGE_CURVE('',#9059,#9060,#472,.T.);
#9298=EDGE_CURVE('',#9059,#9038,#476,.T.);
#9300=EDGE_CURVE('',#9036,#9038,#480,.T.);
#9302=EDGE_CURVE('',#9035,#9036,#484,.T.);
#9304=EDGE_CURVE('',#9035,#9014,#488,.T.);
#9306=EDGE_CURVE('',#9012,#9014,#492,.T.);
#9308=EDGE_CURVE('',#9011,#9012,#496,.T.);
#9310=EDGE_CURVE('',#9011,#7230,#500,.T.);
#9312=EDGE_CURVE('',#7228,#7230,#504,.T.);
#9314=EDGE_CURVE('',#7227,#7228,#508,.T.);
#9316=EDGE_CURVE('',#7227,#7035,#512,.T.);
#9318=EDGE_CURVE('',#7035,#7036,#516,.T.);
#9320=EDGE_CURVE('',#7036,#7038,#520,.T.);
#9322=EDGE_CURVE('',#7038,#7040,#524,.T.);
#9324=EDGE_CURVE('',#7040,#7236,#528,.T.);
#9326=EDGE_CURVE('',#7234,#7236,#532,.T.);
#9328=EDGE_CURVE('',#7233,#7234,#536,.T.);
#9330=EDGE_CURVE('',#7233,#9020,#540,.T.);
#9332=EDGE_CURVE('',#9018,#9020,#544,.T.);
#9334=EDGE_CURVE('',#9017,#9018,#548,.T.);
#9336=EDGE_CURVE('',#9017,#9044,#552,.T.);
#9338=EDGE_CURVE('',#9042,#9044,#556,.T.);
#9340=EDGE_CURVE('',#9041,#9042,#560,.T.);
#9342=EDGE_CURVE('',#9041,#9068,#564,.T.);
#9344=EDGE_CURVE('',#9066,#9068,#568,.T.);
#9346=EDGE_CURVE('',#9065,#9066,#572,.T.);
#9348=EDGE_CURVE('',#9065,#9092,#576,.T.);
#9350=EDGE_CURVE('',#9090,#9092,#580,.T.);
#9352=EDGE_CURVE('',#9089,#9090,#584,.T.);
#9354=EDGE_CURVE('',#9089,#9116,#588,.T.);
#9356=EDGE_CURVE('',#9114,#9116,#592,.T.);
#9358=EDGE_CURVE('',#9113,#9114,#596,.T.);
#9360=EDGE_CURVE('',#9113,#9140,#600,.T.);
#9362=EDGE_CURVE('',#9138,#9140,#604,.T.);
#9364=EDGE_CURVE('',#9137,#9138,#608,.T.);
#9366=EDGE_CURVE('',#9137,#9164,#612,.T.);
#9368=EDGE_CURVE('',#9162,#9164,#616,.T.);
#9370=EDGE_CURVE('',#9161,#9162,#620,.T.);
#9372=EDGE_CURVE('',#9161,#9188,#624,.T.);
#9374=EDGE_CURVE('',#9186,#9188,#628,.T.);
#9376=EDGE_CURVE('',#9185,#9186,#632,.T.);
#9378=EDGE_CURVE('',#9185,#9212,#636,.T.);
#9380=EDGE_CURVE('',#9210,#9212,#640,.T.);
#9382=EDGE_CURVE('',#9209,#9210,#644,.T.);
#9384=EDGE_CURVE('',#9209,#9236,#648,.T.);
#9386=EDGE_CURVE('',#9234,#9236,#652,.T.);
#9388=EDGE_CURVE('',#9233,#9234,#656,.T.);
#9390=EDGE_CURVE('',#9233,#7043,#660,.T.);
#9392=EDGE_CURVE('',#7043,#7044,#664,.T.);
#9394=EDGE_CURVE('',#7044,#7046,#668,.T.);
#9396=EDGE_CURVE('',#7046,#7048,#672,.T.);
#9398=EDGE_CURVE('',#7048,#9230,#676,.T.);
#9400=EDGE_CURVE('',#9228,#9230,#680,.T.);
#9404=EDGE_CURVE('',#7135,#7136,#20,.T.);
#9406=EDGE_CURVE('',#7136,#7144,#24,.T.);
#9408=EDGE_CURVE('',#7143,#7144,#28,.T.);
#9410=EDGE_CURVE('',#7135,#7143,#32,.T.);
#9414=EDGE_CURVE('',#7827,#7828,#36,.T.);
#9416=EDGE_CURVE('',#7828,#7836,#40,.T.);
#9418=EDGE_CURVE('',#7835,#7836,#44,.T.);
#9420=EDGE_CURVE('',#7827,#7835,#48,.T.);
#9424=EDGE_CURVE('',#7831,#7832,#52,.T.);
#9426=EDGE_CURVE('',#7832,#7840,#56,.T.);
#9428=EDGE_CURVE('',#7839,#7840,#60,.T.);
#9430=EDGE_CURVE('',#7831,#7839,#64,.T.);
#9434=EDGE_CURVE('',#7859,#7860,#68,.T.);
#9436=EDGE_CURVE('',#7860,#7868,#72,.T.);
#9438=EDGE_CURVE('',#7867,#7868,#76,.T.);
#9440=EDGE_CURVE('',#7859,#7867,#80,.T.);
#9444=EDGE_CURVE('',#7863,#7864,#84,.T.);
#9446=EDGE_CURVE('',#7864,#7872,#88,.T.);
#9448=EDGE_CURVE('',#7871,#7872,#92,.T.);
#9450=EDGE_CURVE('',#7863,#7871,#96,.T.);
#9454=EDGE_CURVE('',#7891,#7892,#100,.T.);
#9456=EDGE_CURVE('',#7892,#7900,#104,.T.);
#9458=EDGE_CURVE('',#7899,#7900,#108,.T.);
#9460=EDGE_CURVE('',#7891,#7899,#112,.T.);
#9464=EDGE_CURVE('',#7895,#7896,#116,.T.);
#9466=EDGE_CURVE('',#7896,#7904,#120,.T.);
#9468=EDGE_CURVE('',#7903,#7904,#124,.T.);
#9470=EDGE_CURVE('',#7895,#7903,#128,.T.);
#9474=EDGE_CURVE('',#7923,#7924,#132,.T.);
#9476=EDGE_CURVE('',#7924,#7932,#136,.T.);
#9478=EDGE_CURVE('',#7931,#7932,#140,.T.);
#9480=EDGE_CURVE('',#7923,#7931,#144,.T.);
#9484=EDGE_CURVE('',#7927,#7928,#148,.T.);
#9486=EDGE_CURVE('',#7928,#7936,#152,.T.);
#9488=EDGE_CURVE('',#7935,#7936,#156,.T.);
#9490=EDGE_CURVE('',#7927,#7935,#160,.T.);
#9494=EDGE_CURVE('',#7955,#7956,#164,.T.);
#9496=EDGE_CURVE('',#7956,#7964,#168,.T.);
#9498=EDGE_CURVE('',#7963,#7964,#172,.T.);
#9500=EDGE_CURVE('',#7955,#7963,#176,.T.);
#9504=EDGE_CURVE('',#7959,#7960,#180,.T.);
#9506=EDGE_CURVE('',#7960,#7968,#184,.T.);
#9508=EDGE_CURVE('',#7967,#7968,#188,.T.);
#9510=EDGE_CURVE('',#7959,#7967,#192,.T.);
#9514=EDGE_CURVE('',#7987,#7988,#196,.T.);
#9516=EDGE_CURVE('',#7988,#7996,#200,.T.);
#9518=EDGE_CURVE('',#7995,#7996,#204,.T.);
#9520=EDGE_CURVE('',#7987,#7995,#208,.T.);
#9524=EDGE_CURVE('',#7991,#7992,#212,.T.);
#9526=EDGE_CURVE('',#7992,#8000,#216,.T.);
#9528=EDGE_CURVE('',#7999,#8000,#220,.T.);
#9530=EDGE_CURVE('',#7991,#7999,#224,.T.);
#9534=EDGE_CURVE('',#8019,#8020,#228,.T.);
#9536=EDGE_CURVE('',#8020,#8028,#232,.T.);
#9538=EDGE_CURVE('',#8027,#8028,#236,.T.);
#9540=EDGE_CURVE('',#8019,#8027,#240,.T.);
#9544=EDGE_CURVE('',#8023,#8024,#244,.T.);
#9546=EDGE_CURVE('',#8024,#8032,#248,.T.);
#9548=EDGE_CURVE('',#8031,#8032,#252,.T.);
#9550=EDGE_CURVE('',#8023,#8031,#256,.T.);
#9554=EDGE_CURVE('',#8051,#8052,#260,.T.);
#9556=EDGE_CURVE('',#8052,#8060,#264,.T.);
#9558=EDGE_CURVE('',#8059,#8060,#268,.T.);
#9560=EDGE_CURVE('',#8051,#8059,#272,.T.);
#9564=EDGE_CURVE('',#8055,#8056,#276,.T.);
#9566=EDGE_CURVE('',#8056,#8064,#280,.T.);
#9568=EDGE_CURVE('',#8063,#8064,#284,.T.);
#9570=EDGE_CURVE('',#8055,#8063,#288,.T.);
#9574=EDGE_CURVE('',#8083,#8084,#292,.T.);
#9576=EDGE_CURVE('',#8084,#8092,#296,.T.);
#9578=EDGE_CURVE('',#8091,#8092,#300,.T.);
#9580=EDGE_CURVE('',#8083,#8091,#304,.T.);
#9584=EDGE_CURVE('',#8087,#8088,#308,.T.);
#9586=EDGE_CURVE('',#8088,#8096,#312,.T.);
#9588=EDGE_CURVE('',#8095,#8096,#316,.T.);
#9590=EDGE_CURVE('',#8087,#8095,#320,.T.);
#9594=EDGE_CURVE('',#8819,#8820,#324,.T.);
#9596=EDGE_CURVE('',#8820,#8828,#328,.T.);
#9598=EDGE_CURVE('',#8827,#8828,#332,.T.);
#9600=EDGE_CURVE('',#8819,#8827,#336,.T.);
#9604=EDGE_CURVE('',#8823,#8824,#340,.T.);
#9606=EDGE_CURVE('',#8824,#8832,#344,.T.);
#9608=EDGE_CURVE('',#8831,#8832,#348,.T.);
#9610=EDGE_CURVE('',#8823,#8831,#352,.T.);
#9614=EDGE_CURVE('',#8851,#8852,#356,.T.);
#9616=EDGE_CURVE('',#8852,#8860,#360,.T.);
#9618=EDGE_CURVE('',#8859,#8860,#364,.T.);
#9620=EDGE_CURVE('',#8851,#8859,#368,.T.);
#9624=EDGE_CURVE('',#8855,#8856,#372,.T.);
#9626=EDGE_CURVE('',#8856,#8864,#376,.T.);
#9628=EDGE_CURVE('',#8863,#8864,#380,.T.);
#9630=EDGE_CURVE('',#8855,#8863,#384,.T.);
#9634=EDGE_CURVE('',#7131,#7132,#4,.T.);
#9636=EDGE_CURVE('',#7132,#7140,#8,.T.);
#9638=EDGE_CURVE('',#7139,#7140,#12,.T.);
#9640=EDGE_CURVE('',#7131,#7139,#16,.T.);
#9650=EDGE_CURVE('',#7164,#7174,#684,.T.);
#9652=EDGE_CURVE('',#7164,#7147,#688,.T.);
#9654=EDGE_CURVE('',#7147,#7148,#1516,.T.);
#9656=EDGE_CURVE('',#7148,#7174,#692,.T.);
#9666=EDGE_CURVE('',#7190,#7184,#696,.T.);
#9668=EDGE_CURVE('',#7190,#7151,#700,.T.);
#9670=EDGE_CURVE('',#7151,#7152,#1532,.T.);
#9672=EDGE_CURVE('',#7152,#7184,#704,.T.);
#9682=EDGE_CURVE('',#7196,#7206,#708,.T.);
#9684=EDGE_CURVE('',#7196,#7136,#712,.T.);
#9687=EDGE_CURVE('',#7135,#7206,#716,.T.);
#9697=EDGE_CURVE('',#7212,#7222,#720,.T.);
#9699=EDGE_CURVE('',#7212,#7132,#724,.T.);
#9702=EDGE_CURVE('',#7131,#7222,#728,.T.);
#9713=EDGE_CURVE('',#7176,#7174,#732,.T.);
#9715=EDGE_CURVE('',#7168,#7176,#3748,.T.);
#9717=EDGE_CURVE('',#7168,#7164,#3740,.T.);
#9727=EDGE_CURVE('',#7172,#7174,#740,.T.);
#9729=EDGE_CURVE('',#7170,#7172,#736,.T.);
#9731=EDGE_CURVE('',#7170,#7176,#3752,.T.);
#9744=EDGE_CURVE('',#7148,#7156,#1528,.T.);
#9746=EDGE_CURVE('',#7156,#7172,#3768,.T.);
#9756=EDGE_CURVE('',#7211,#7212,#744,.T.);
#9758=EDGE_CURVE('',#7211,#7140,#3808,.T.);
#9770=EDGE_CURVE('',#9239,#9240,#1900,.T.);
#9772=EDGE_CURVE('',#9240,#9242,#1904,.T.);
#9774=EDGE_CURVE('',#7064,#9242,#1908,.T.);
#9776=EDGE_CURVE('',#7062,#7064,#1912,.T.);
#9778=EDGE_CURVE('',#7060,#7062,#1916,.T.);
#9780=EDGE_CURVE('',#7059,#7060,#1920,.T.);
#9782=EDGE_CURVE('',#9245,#7059,#1924,.T.);
#9784=EDGE_CURVE('',#9245,#9246,#1928,.T.);
#9786=EDGE_CURVE('',#9246,#9248,#1932,.T.);
#9788=EDGE_CURVE('',#9221,#9248,#1936,.T.);
#9790=EDGE_CURVE('',#9221,#9222,#1940,.T.);
#9792=EDGE_CURVE('',#9222,#9224,#1944,.T.);
#9794=EDGE_CURVE('',#9197,#9224,#1948,.T.);
#9796=EDGE_CURVE('',#9197,#9198,#1952,.T.);
#9798=EDGE_CURVE('',#9198,#9200,#1956,.T.);
#9800=EDGE_CURVE('',#9173,#9200,#1960,.T.);
#9802=EDGE_CURVE('',#9173,#9174,#1964,.T.);
#9804=EDGE_CURVE('',#9174,#9176,#1968,.T.);
#9806=EDGE_CURVE('',#9149,#9176,#1972,.T.);
#9808=EDGE_CURVE('',#9149,#9150,#1976,.T.);
#9810=EDGE_CURVE('',#9150,#9152,#1980,.T.);
#9812=EDGE_CURVE('',#9125,#9152,#1984,.T.);
#9814=EDGE_CURVE('',#9125,#9126,#1988,.T.);
#9816=EDGE_CURVE('',#9126,#9128,#1992,.T.);
#9818=EDGE_CURVE('',#9101,#9128,#1996,.T.);
#9820=EDGE_CURVE('',#9101,#9102,#2000,.T.);
#9822=EDGE_CURVE('',#9102,#9104,#2004,.T.);
#9824=EDGE_CURVE('',#9077,#9104,#2008,.T.);
#9826=EDGE_CURVE('',#9077,#9078,#2012,.T.);
#9828=EDGE_CURVE('',#9078,#9080,#2016,.T.);
#9830=EDGE_CURVE('',#9053,#9080,#2020,.T.);
#9832=EDGE_CURVE('',#9053,#9054,#2024,.T.);
#9834=EDGE_CURVE('',#9054,#9056,#2028,.T.);
#9836=EDGE_CURVE('',#9029,#9056,#2032,.T.);
#9838=EDGE_CURVE('',#9029,#9030,#2036,.T.);
#9840=EDGE_CURVE('',#9030,#9032,#2040,.T.);
#9842=EDGE_CURVE('',#7245,#9032,#2044,.T.);
#9844=EDGE_CURVE('',#7245,#7246,#2048,.T.);
#9846=EDGE_CURVE('',#7246,#7248,#2052,.T.);
#9848=EDGE_CURVE('',#7056,#7248,#2056,.T.);
#9850=EDGE_CURVE('',#7054,#7056,#2060,.T.);
#9852=EDGE_CURVE('',#7052,#7054,#2064,.T.);
#9854=EDGE_CURVE('',#7051,#7052,#2068,.T.);
#9856=EDGE_CURVE('',#7239,#7051,#2072,.T.);
#9858=EDGE_CURVE('',#7239,#7240,#2076,.T.);
#9860=EDGE_CURVE('',#7240,#7242,#2080,.T.);
#9862=EDGE_CURVE('',#9023,#7242,#2084,.T.);
#9864=EDGE_CURVE('',#9023,#9024,#2088,.T.);
#9866=EDGE_CURVE('',#9024,#9026,#2092,.T.);
#9868=EDGE_CURVE('',#9047,#9026,#2096,.T.);
#9870=EDGE_CURVE('',#9047,#9048,#2100,.T.);
#9872=EDGE_CURVE('',#9048,#9050,#2104,.T.);
#9874=EDGE_CURVE('',#9071,#9050,#2108,.T.);
#9876=EDGE_CURVE('',#9071,#9072,#2112,.T.);
#9878=EDGE_CURVE('',#9072,#9074,#2116,.T.);
#9880=EDGE_CURVE('',#9095,#9074,#2120,.T.);
#9882=EDGE_CURVE('',#9095,#9096,#2124,.T.);
#9884=EDGE_CURVE('',#9096,#9098,#2128,.T.);
#9886=EDGE_CURVE('',#9119,#9098,#2132,.T.);
#9888=EDGE_CURVE('',#9119,#9120,#2136,.T.);
#9890=EDGE_CURVE('',#9120,#9122,#2140,.T.);
#9892=EDGE_CURVE('',#9143,#9122,#2144,.T.);
#9894=EDGE_CURVE('',#9143,#9144,#2148,.T.);
#9896=EDGE_CURVE('',#9144,#9146,#2152,.T.);
#9898=EDGE_CURVE('',#9167,#9146,#2156,.T.);
#9900=EDGE_CURVE('',#9167,#9168,#2160,.T.);
#9902=EDGE_CURVE('',#9168,#9170,#2164,.T.);
#9904=EDGE_CURVE('',#9191,#9170,#2168,.T.);
#9906=EDGE_CURVE('',#9191,#9192,#2172,.T.);
#9908=EDGE_CURVE('',#9192,#9194,#2176,.T.);
#9910=EDGE_CURVE('',#9215,#9194,#2180,.T.);
#9912=EDGE_CURVE('',#9215,#9216,#2184,.T.);
#9914=EDGE_CURVE('',#9216,#9218,#2188,.T.);
#9916=EDGE_CURVE('',#9239,#9218,#2192,.T.);
#9920=EDGE_CURVE('',#7107,#7108,#764,.T.);
#9922=EDGE_CURVE('',#7108,#7110,#768,.T.);
#9924=EDGE_CURVE('',#7110,#7112,#772,.T.);
#9926=EDGE_CURVE('',#7112,#7107,#776,.T.);
#9930=EDGE_CURVE('',#7115,#7116,#780,.T.);
#9932=EDGE_CURVE('',#7116,#7118,#784,.T.);
#9934=EDGE_CURVE('',#7118,#7120,#788,.T.);
#9936=EDGE_CURVE('',#7120,#7115,#792,.T.);
#9940=EDGE_CURVE('',#7123,#7124,#796,.T.);
#9942=EDGE_CURVE('',#7124,#7126,#800,.T.);
#9944=EDGE_CURVE('',#7126,#7128,#804,.T.);
#9946=EDGE_CURVE('',#7128,#7123,#808,.T.);
#9950=EDGE_CURVE('',#7283,#7284,#812,.T.);
#9952=EDGE_CURVE('',#7284,#7286,#816,.T.);
#9954=EDGE_CURVE('',#7286,#7288,#820,.T.);
#9956=EDGE_CURVE('',#7288,#7283,#824,.T.);
#9960=EDGE_CURVE('',#7291,#7292,#828,.T.);
#9962=EDGE_CURVE('',#7292,#7294,#832,.T.);
#9964=EDGE_CURVE('',#7294,#7296,#836,.T.);
#9966=EDGE_CURVE('',#7296,#7291,#840,.T.);
#9970=EDGE_CURVE('',#7299,#7300,#844,.T.);
#9972=EDGE_CURVE('',#7300,#7302,#848,.T.);
#9974=EDGE_CURVE('',#7302,#7304,#852,.T.);
#9976=EDGE_CURVE('',#7304,#7299,#856,.T.);
#9980=EDGE_CURVE('',#7307,#7308,#860,.T.);
#9982=EDGE_CURVE('',#7308,#7310,#864,.T.);
#9984=EDGE_CURVE('',#7310,#7312,#868,.T.);
#9986=EDGE_CURVE('',#7312,#7307,#872,.T.);
#9990=EDGE_CURVE('',#7347,#7348,#876,.T.);
#9992=EDGE_CURVE('',#7348,#7350,#880,.T.);
#9994=EDGE_CURVE('',#7350,#7352,#884,.T.);
#9996=EDGE_CURVE('',#7352,#7347,#888,.T.);
#10000=EDGE_CURVE('',#7355,#7356,#892,.T.);
#10002=EDGE_CURVE('',#7356,#7358,#896,.T.);
#10004=EDGE_CURVE('',#7358,#7360,#900,.T.);
#10006=EDGE_CURVE('',#7360,#7355,#904,.T.);
#10010=EDGE_CURVE('',#7363,#7364,#908,.T.);
#10012=EDGE_CURVE('',#7364,#7366,#912,.T.);
#10014=EDGE_CURVE('',#7366,#7368,#916,.T.);
#10016=EDGE_CURVE('',#7368,#7363,#920,.T.);
#10020=EDGE_CURVE('',#7371,#7372,#924,.T.);
#10022=EDGE_CURVE('',#7372,#7374,#928,.T.);
#10024=EDGE_CURVE('',#7374,#7376,#932,.T.);
#10026=EDGE_CURVE('',#7376,#7371,#936,.T.);
#10030=EDGE_CURVE('',#7411,#7412,#940,.T.);
#10032=EDGE_CURVE('',#7412,#7414,#944,.T.);
#10034=EDGE_CURVE('',#7414,#7416,#948,.T.);
#10036=EDGE_CURVE('',#7416,#7411,#952,.T.);
#10040=EDGE_CURVE('',#7419,#7420,#956,.T.);
#10042=EDGE_CURVE('',#7420,#7422,#960,.T.);
#10044=EDGE_CURVE('',#7422,#7424,#964,.T.);
#10046=EDGE_CURVE('',#7424,#7419,#968,.T.);
#10050=EDGE_CURVE('',#7427,#7428,#972,.T.);
#10052=EDGE_CURVE('',#7428,#7430,#976,.T.);
#10054=EDGE_CURVE('',#7430,#7432,#980,.T.);
#10056=EDGE_CURVE('',#7432,#7427,#984,.T.);
#10060=EDGE_CURVE('',#7435,#7436,#988,.T.);
#10062=EDGE_CURVE('',#7436,#7438,#992,.T.);
#10064=EDGE_CURVE('',#7438,#7440,#996,.T.);
#10066=EDGE_CURVE('',#7440,#7435,#1000,.T.);
#10070=EDGE_CURVE('',#7475,#7476,#1004,.T.);
#10072=EDGE_CURVE('',#7476,#7478,#1008,.T.);
#10074=EDGE_CURVE('',#7478,#7480,#1012,.T.);
#10076=EDGE_CURVE('',#7480,#7475,#1016,.T.);
#10080=EDGE_CURVE('',#7483,#7484,#1020,.T.);
#10082=EDGE_CURVE('',#7484,#7486,#1024,.T.);
#10084=EDGE_CURVE('',#7486,#7488,#1028,.T.);
#10086=EDGE_CURVE('',#7488,#7483,#1032,.T.);
#10090=EDGE_CURVE('',#7491,#7492,#1036,.T.);
#10092=EDGE_CURVE('',#7492,#7494,#1040,.T.);
#10094=EDGE_CURVE('',#7494,#7496,#1044,.T.);
#10096=EDGE_CURVE('',#7496,#7491,#1048,.T.);
#10100=EDGE_CURVE('',#7499,#7500,#1052,.T.);
#10102=EDGE_CURVE('',#7500,#7502,#1056,.T.);
#10104=EDGE_CURVE('',#7502,#7504,#1060,.T.);
#10106=EDGE_CURVE('',#7504,#7499,#1064,.T.);
#10110=EDGE_CURVE('',#7539,#7540,#1068,.T.);
#10112=EDGE_CURVE('',#7540,#7542,#1072,.T.);
#10114=EDGE_CURVE('',#7542,#7544,#1076,.T.);
#10116=EDGE_CURVE('',#7544,#7539,#1080,.T.);
#10120=EDGE_CURVE('',#7547,#7548,#1084,.T.);
#10122=EDGE_CURVE('',#7548,#7550,#1088,.T.);
#10124=EDGE_CURVE('',#7550,#7552,#1092,.T.);
#10126=EDGE_CURVE('',#7552,#7547,#1096,.T.);
#10130=EDGE_CURVE('',#7555,#7556,#1100,.T.);
#10132=EDGE_CURVE('',#7556,#7558,#1104,.T.);
#10134=EDGE_CURVE('',#7558,#7560,#1108,.T.);
#10136=EDGE_CURVE('',#7560,#7555,#1112,.T.);
#10140=EDGE_CURVE('',#7563,#7564,#1116,.T.);
#10142=EDGE_CURVE('',#7564,#7566,#1120,.T.);
#10144=EDGE_CURVE('',#7566,#7568,#1124,.T.);
#10146=EDGE_CURVE('',#7568,#7563,#1128,.T.);
#10150=EDGE_CURVE('',#7603,#7604,#1132,.T.);
#10152=EDGE_CURVE('',#7604,#7606,#1136,.T.);
#10154=EDGE_CURVE('',#7606,#7608,#1140,.T.);
#10156=EDGE_CURVE('',#7608,#7603,#1144,.T.);
#10160=EDGE_CURVE('',#7611,#7612,#1148,.T.);
#10162=EDGE_CURVE('',#7612,#7614,#1152,.T.);
#10164=EDGE_CURVE('',#7614,#7616,#1156,.T.);
#10166=EDGE_CURVE('',#7616,#7611,#1160,.T.);
#10170=EDGE_CURVE('',#7619,#7620,#1164,.T.);
#10172=EDGE_CURVE('',#7620,#7622,#1168,.T.);
#10174=EDGE_CURVE('',#7622,#7624,#1172,.T.);
#10176=EDGE_CURVE('',#7624,#7619,#1176,.T.);
#10180=EDGE_CURVE('',#7627,#7628,#1180,.T.);
#10182=EDGE_CURVE('',#7628,#7630,#1184,.T.);
#10184=EDGE_CURVE('',#7630,#7632,#1188,.T.);
#10186=EDGE_CURVE('',#7632,#7627,#1192,.T.);
#10190=EDGE_CURVE('',#7667,#7668,#1196,.T.);
#10192=EDGE_CURVE('',#7668,#7670,#1200,.T.);
#10194=EDGE_CURVE('',#7670,#7672,#1204,.T.);
#10196=EDGE_CURVE('',#7672,#7667,#1208,.T.);
#10200=EDGE_CURVE('',#7675,#7676,#1212,.T.);
#10202=EDGE_CURVE('',#7676,#7678,#1216,.T.);
#10204=EDGE_CURVE('',#7678,#7680,#1220,.T.);
#10206=EDGE_CURVE('',#7680,#7675,#1224,.T.);
#10210=EDGE_CURVE('',#7683,#7684,#1228,.T.);
#10212=EDGE_CURVE('',#7684,#7686,#1232,.T.);
#10214=EDGE_CURVE('',#7686,#7688,#1236,.T.);
#10216=EDGE_CURVE('',#7688,#7683,#1240,.T.);
#10220=EDGE_CURVE('',#7691,#7692,#1244,.T.);
#10222=EDGE_CURVE('',#7692,#7694,#1248,.T.);
#10224=EDGE_CURVE('',#7694,#7696,#1252,.T.);
#10226=EDGE_CURVE('',#7696,#7691,#1256,.T.);
#10230=EDGE_CURVE('',#7731,#7732,#1260,.T.);
#10232=EDGE_CURVE('',#7732,#7734,#1264,.T.);
#10234=EDGE_CURVE('',#7734,#7736,#1268,.T.);
#10236=EDGE_CURVE('',#7736,#7731,#1272,.T.);
#10240=EDGE_CURVE('',#7739,#7740,#1276,.T.);
#10242=EDGE_CURVE('',#7740,#7742,#1280,.T.);
#10244=EDGE_CURVE('',#7742,#7744,#1284,.T.);
#10246=EDGE_CURVE('',#7744,#7739,#1288,.T.);
#10250=EDGE_CURVE('',#7747,#7748,#1292,.T.);
#10252=EDGE_CURVE('',#7748,#7750,#1296,.T.);
#10254=EDGE_CURVE('',#7750,#7752,#1300,.T.);
#10256=EDGE_CURVE('',#7752,#7747,#1304,.T.);
#10260=EDGE_CURVE('',#7755,#7756,#1308,.T.);
#10262=EDGE_CURVE('',#7756,#7758,#1312,.T.);
#10264=EDGE_CURVE('',#7758,#7760,#1316,.T.);
#10266=EDGE_CURVE('',#7760,#7755,#1320,.T.);
#10270=EDGE_CURVE('',#7795,#7796,#1324,.T.);
#10272=EDGE_CURVE('',#7796,#7798,#1328,.T.);
#10274=EDGE_CURVE('',#7798,#7800,#1332,.T.);
#10276=EDGE_CURVE('',#7800,#7795,#1336,.T.);
#10280=EDGE_CURVE('',#7803,#7804,#1340,.T.);
#10282=EDGE_CURVE('',#7804,#7806,#1344,.T.);
#10284=EDGE_CURVE('',#7806,#7808,#1348,.T.);
#10286=EDGE_CURVE('',#7808,#7803,#1352,.T.);
#10290=EDGE_CURVE('',#7811,#7812,#1356,.T.);
#10292=EDGE_CURVE('',#7812,#7814,#1360,.T.);
#10294=EDGE_CURVE('',#7814,#7816,#1364,.T.);
#10296=EDGE_CURVE('',#7816,#7811,#1368,.T.);
#10300=EDGE_CURVE('',#7819,#7820,#1372,.T.);
#10302=EDGE_CURVE('',#7820,#7822,#1376,.T.);
#10304=EDGE_CURVE('',#7822,#7824,#1380,.T.);
#10306=EDGE_CURVE('',#7824,#7819,#1384,.T.);
#10310=EDGE_CURVE('',#8723,#8724,#1388,.T.);
#10312=EDGE_CURVE('',#8724,#8726,#1392,.T.);
#10314=EDGE_CURVE('',#8726,#8728,#1396,.T.);
#10316=EDGE_CURVE('',#8728,#8723,#1400,.T.);
#10320=EDGE_CURVE('',#8731,#8732,#1404,.T.);
#10322=EDGE_CURVE('',#8732,#8734,#1408,.T.);
#10324=EDGE_CURVE('',#8734,#8736,#1412,.T.);
#10326=EDGE_CURVE('',#8736,#8731,#1416,.T.);
#10330=EDGE_CURVE('',#8739,#8740,#1420,.T.);
#10332=EDGE_CURVE('',#8740,#8742,#1424,.T.);
#10334=EDGE_CURVE('',#8742,#8744,#1428,.T.);
#10336=EDGE_CURVE('',#8744,#8739,#1432,.T.);
#10340=EDGE_CURVE('',#8747,#8748,#1436,.T.);
#10342=EDGE_CURVE('',#8748,#8750,#1440,.T.);
#10344=EDGE_CURVE('',#8750,#8752,#1444,.T.);
#10346=EDGE_CURVE('',#8752,#8747,#1448,.T.);
#10350=EDGE_CURVE('',#8787,#8788,#1452,.T.);
#10352=EDGE_CURVE('',#8788,#8790,#1456,.T.);
#10354=EDGE_CURVE('',#8790,#8792,#1460,.T.);
#10356=EDGE_CURVE('',#8792,#8787,#1464,.T.);
#10360=EDGE_CURVE('',#8795,#8796,#1468,.T.);
#10362=EDGE_CURVE('',#8796,#8798,#1472,.T.);
#10364=EDGE_CURVE('',#8798,#8800,#1476,.T.);
#10366=EDGE_CURVE('',#8800,#8795,#1480,.T.);
#10370=EDGE_CURVE('',#8803,#8804,#1484,.T.);
#10372=EDGE_CURVE('',#8804,#8806,#1488,.T.);
#10374=EDGE_CURVE('',#8806,#8808,#1492,.T.);
#10376=EDGE_CURVE('',#8808,#8803,#1496,.T.);
#10380=EDGE_CURVE('',#8811,#8812,#1500,.T.);
#10382=EDGE_CURVE('',#8812,#8814,#1504,.T.);
#10384=EDGE_CURVE('',#8814,#8816,#1508,.T.);
#10386=EDGE_CURVE('',#8816,#8811,#1512,.T.);
#10391=EDGE_CURVE('',#7147,#7155,#1520,.T.);
#10393=EDGE_CURVE('',#7155,#7156,#1524,.T.);
#10399=EDGE_CURVE('',#7151,#7159,#1536,.T.);
#10401=EDGE_CURVE('',#7159,#7160,#1540,.T.);
#10403=EDGE_CURVE('',#7152,#7160,#1544,.T.);
#10407=EDGE_CURVE('',#7843,#7844,#1548,.T.);
#10409=EDGE_CURVE('',#7843,#7851,#1552,.T.);
#10411=EDGE_CURVE('',#7851,#7852,#1556,.T.);
#10413=EDGE_CURVE('',#7844,#7852,#1560,.T.);
#10417=EDGE_CURVE('',#7847,#7848,#1564,.T.);
#10419=EDGE_CURVE('',#7847,#7855,#1568,.T.);
#10421=EDGE_CURVE('',#7855,#7856,#1572,.T.);
#10423=EDGE_CURVE('',#7848,#7856,#1576,.T.);
#10427=EDGE_CURVE('',#7875,#7876,#1580,.T.);
#10429=EDGE_CURVE('',#7875,#7883,#1584,.T.);
#10431=EDGE_CURVE('',#7883,#7884,#1588,.T.);
#10433=EDGE_CURVE('',#7876,#7884,#1592,.T.);
#10437=EDGE_CURVE('',#7879,#7880,#1596,.T.);
#10439=EDGE_CURVE('',#7879,#7887,#1600,.T.);
#10441=EDGE_CURVE('',#7887,#7888,#1604,.T.);
#10443=EDGE_CURVE('',#7880,#7888,#1608,.T.);
#10447=EDGE_CURVE('',#7907,#7908,#1612,.T.);
#10449=EDGE_CURVE('',#7907,#7915,#1616,.T.);
#10451=EDGE_CURVE('',#7915,#7916,#1620,.T.);
#10453=EDGE_CURVE('',#7908,#7916,#1624,.T.);
#10457=EDGE_CURVE('',#7911,#7912,#1628,.T.);
#10459=EDGE_CURVE('',#7911,#7919,#1632,.T.);
#10461=EDGE_CURVE('',#7919,#7920,#1636,.T.);
#10463=EDGE_CURVE('',#7912,#7920,#1640,.T.);
#10467=EDGE_CURVE('',#7939,#7940,#1644,.T.);
#10469=EDGE_CURVE('',#7939,#7947,#1648,.T.);
#10471=EDGE_CURVE('',#7947,#7948,#1652,.T.);
#10473=EDGE_CURVE('',#7940,#7948,#1656,.T.);
#10477=EDGE_CURVE('',#7943,#7944,#1660,.T.);
#10479=EDGE_CURVE('',#7943,#7951,#1664,.T.);
#10481=EDGE_CURVE('',#7951,#7952,#1668,.T.);
#10483=EDGE_CURVE('',#7944,#7952,#1672,.T.);
#10487=EDGE_CURVE('',#7971,#7972,#1676,.T.);
#10489=EDGE_CURVE('',#7971,#7979,#1680,.T.);
#10491=EDGE_CURVE('',#7979,#7980,#1684,.T.);
#10493=EDGE_CURVE('',#7972,#7980,#1688,.T.);
#10497=EDGE_CURVE('',#7975,#7976,#1692,.T.);
#10499=EDGE_CURVE('',#7975,#7983,#1696,.T.);
#10501=EDGE_CURVE('',#7983,#7984,#1700,.T.);
#10503=EDGE_CURVE('',#7976,#7984,#1704,.T.);
#10507=EDGE_CURVE('',#8003,#8004,#1708,.T.);
#10509=EDGE_CURVE('',#8003,#8011,#1712,.T.);
#10511=EDGE_CURVE('',#8011,#8012,#1716,.T.);
#10513=EDGE_CURVE('',#8004,#8012,#1720,.T.);
#10517=EDGE_CURVE('',#8007,#8008,#1724,.T.);
#10519=EDGE_CURVE('',#8007,#8015,#1728,.T.);
#10521=EDGE_CURVE('',#8015,#8016,#1732,.T.);
#10523=EDGE_CURVE('',#8008,#8016,#1736,.T.);
#10527=EDGE_CURVE('',#8035,#8036,#1740,.T.);
#10529=EDGE_CURVE('',#8035,#8043,#1744,.T.);
#10531=EDGE_CURVE('',#8043,#8044,#1748,.T.);
#10533=EDGE_CURVE('',#8036,#8044,#1752,.T.);
#10537=EDGE_CURVE('',#8039,#8040,#1756,.T.);
#10539=EDGE_CURVE('',#8039,#8047,#1760,.T.);
#10541=EDGE_CURVE('',#8047,#8048,#1764,.T.);
#10543=EDGE_CURVE('',#8040,#8048,#1768,.T.);
#10547=EDGE_CURVE('',#8067,#8068,#1772,.T.);
#10549=EDGE_CURVE('',#8067,#8075,#1776,.T.);
#10551=EDGE_CURVE('',#8075,#8076,#1780,.T.);
#10553=EDGE_CURVE('',#8068,#8076,#1784,.T.);
#10557=EDGE_CURVE('',#8071,#8072,#1788,.T.);
#10559=EDGE_CURVE('',#8071,#8079,#1792,.T.);
#10561=EDGE_CURVE('',#8079,#8080,#1796,.T.);
#10563=EDGE_CURVE('',#8072,#8080,#1800,.T.);
#10567=EDGE_CURVE('',#8099,#8100,#1804,.T.);
#10569=EDGE_CURVE('',#8099,#8107,#1808,.T.);
#10571=EDGE_CURVE('',#8107,#8108,#1812,.T.);
#10573=EDGE_CURVE('',#8100,#8108,#1816,.T.);
#10577=EDGE_CURVE('',#8103,#8104,#1820,.T.);
#10579=EDGE_CURVE('',#8103,#8111,#1824,.T.);
#10581=EDGE_CURVE('',#8111,#8112,#1828,.T.);
#10583=EDGE_CURVE('',#8104,#8112,#1832,.T.);
#10587=EDGE_CURVE('',#8835,#8836,#1836,.T.);
#10589=EDGE_CURVE('',#8835,#8843,#1840,.T.);
#10591=EDGE_CURVE('',#8843,#8844,#1844,.T.);
#10593=EDGE_CURVE('',#8836,#8844,#1848,.T.);
#10597=EDGE_CURVE('',#8839,#8840,#1852,.T.);
#10599=EDGE_CURVE('',#8839,#8847,#1856,.T.);
#10601=EDGE_CURVE('',#8847,#8848,#1860,.T.);
#10603=EDGE_CURVE('',#8840,#8848,#1864,.T.);
#10607=EDGE_CURVE('',#8867,#8868,#1868,.T.);
#10609=EDGE_CURVE('',#8867,#8875,#1872,.T.);
#10611=EDGE_CURVE('',#8875,#8876,#1876,.T.);
#10613=EDGE_CURVE('',#8868,#8876,#1880,.T.);
#10617=EDGE_CURVE('',#8871,#8872,#1884,.T.);
#10619=EDGE_CURVE('',#8871,#8879,#1888,.T.);
#10621=EDGE_CURVE('',#8879,#8880,#1892,.T.);
#10623=EDGE_CURVE('',#8872,#8880,#1896,.T.);
#10627=EDGE_CURVE('',#7099,#7100,#748,.T.);
#10629=EDGE_CURVE('',#7100,#7102,#752,.T.);
#10631=EDGE_CURVE('',#7102,#7104,#756,.T.);
#10633=EDGE_CURVE('',#7104,#7099,#760,.T.);
#10644=EDGE_CURVE('',#7099,#7067,#2196,.T.);
#10646=EDGE_CURVE('',#7067,#7068,#2212,.T.);
#10648=EDGE_CURVE('',#7100,#7068,#2208,.T.);
#10659=EDGE_CURVE('',#7104,#7072,#2200,.T.);
#10661=EDGE_CURVE('',#7072,#7067,#2216,.T.);
#10673=EDGE_CURVE('',#7102,#7070,#2204,.T.);
#10675=EDGE_CURVE('',#7070,#7072,#2220,.T.);
#10688=EDGE_CURVE('',#7068,#7070,#2224,.T.);
#10711=EDGE_CURVE('',#7075,#7076,#2228,.T.);
#10713=EDGE_CURVE('',#7080,#7075,#2232,.T.);
#10715=EDGE_CURVE('',#7078,#7080,#2236,.T.);
#10717=EDGE_CURVE('',#7076,#7078,#2240,.T.);
#10727=EDGE_CURVE('',#7083,#7084,#2244,.T.);
#10729=EDGE_CURVE('',#7088,#7083,#2248,.T.);
#10731=EDGE_CURVE('',#7086,#7088,#2252,.T.);
#10733=EDGE_CURVE('',#7084,#7086,#2256,.T.);
#10743=EDGE_CURVE('',#7091,#7092,#2260,.T.);
#10745=EDGE_CURVE('',#7096,#7091,#2264,.T.);
#10747=EDGE_CURVE('',#7094,#7096,#2268,.T.);
#10749=EDGE_CURVE('',#7092,#7094,#2272,.T.);
#10760=EDGE_CURVE('',#7107,#7075,#2276,.T.);
#10763=EDGE_CURVE('',#7108,#7076,#2288,.T.);
#10774=EDGE_CURVE('',#7112,#7080,#2280,.T.);
#10787=EDGE_CURVE('',#7110,#7078,#2284,.T.);
#10812=EDGE_CURVE('',#7115,#7083,#2292,.T.);
#10815=EDGE_CURVE('',#7116,#7084,#2304,.T.);
#10826=EDGE_CURVE('',#7120,#7088,#2296,.T.);
#10839=EDGE_CURVE('',#7118,#7086,#2300,.T.);
#10864=EDGE_CURVE('',#7123,#7091,#2308,.T.);
#10867=EDGE_CURVE('',#7124,#7092,#2320,.T.);
#10878=EDGE_CURVE('',#7128,#7096,#2312,.T.);
#10891=EDGE_CURVE('',#7126,#7094,#2316,.T.);
#10916=EDGE_CURVE('',#7283,#7251,#2324,.T.);
#10918=EDGE_CURVE('',#7251,#7252,#2340,.T.);
#10920=EDGE_CURVE('',#7284,#7252,#2336,.T.);
#10931=EDGE_CURVE('',#7288,#7256,#2328,.T.);
#10933=EDGE_CURVE('',#7256,#7251,#2344,.T.);
#10945=EDGE_CURVE('',#7286,#7254,#2332,.T.);
#10947=EDGE_CURVE('',#7254,#7256,#2348,.T.);
#10960=EDGE_CURVE('',#7252,#7254,#2352,.T.);
#10983=EDGE_CURVE('',#7259,#7260,#2356,.T.);
#10985=EDGE_CURVE('',#7264,#7259,#2360,.T.);
#10987=EDGE_CURVE('',#7262,#7264,#2364,.T.);
#10989=EDGE_CURVE('',#7260,#7262,#2368,.T.);
#10999=EDGE_CURVE('',#7267,#7268,#2372,.T.);
#11001=EDGE_CURVE('',#7272,#7267,#2376,.T.);
#11003=EDGE_CURVE('',#7270,#7272,#2380,.T.);
#11005=EDGE_CURVE('',#7268,#7270,#2384,.T.);
#11015=EDGE_CURVE('',#7275,#7276,#2388,.T.);
#11017=EDGE_CURVE('',#7280,#7275,#2392,.T.);
#11019=EDGE_CURVE('',#7278,#7280,#2396,.T.);
#11021=EDGE_CURVE('',#7276,#7278,#2400,.T.);
#11032=EDGE_CURVE('',#7291,#7259,#2404,.T.);
#11035=EDGE_CURVE('',#7292,#7260,#2416,.T.);
#11046=EDGE_CURVE('',#7296,#7264,#2408,.T.);
#11059=EDGE_CURVE('',#7294,#7262,#2412,.T.);
#11084=EDGE_CURVE('',#7299,#7267,#2420,.T.);
#11087=EDGE_CURVE('',#7300,#7268,#2432,.T.);
#11098=EDGE_CURVE('',#7304,#7272,#2424,.T.);
#11111=EDGE_CURVE('',#7302,#7270,#2428,.T.);
#11136=EDGE_CURVE('',#7307,#7275,#2436,.T.);
#11139=EDGE_CURVE('',#7308,#7276,#2448,.T.);
#11150=EDGE_CURVE('',#7312,#7280,#2440,.T.);
#11163=EDGE_CURVE('',#7310,#7278,#2444,.T.);
#11188=EDGE_CURVE('',#7347,#7315,#2452,.T.);
#11190=EDGE_CURVE('',#7315,#7316,#2468,.T.);
#11192=EDGE_CURVE('',#7348,#7316,#2464,.T.);
#11203=EDGE_CURVE('',#7352,#7320,#2456,.T.);
#11205=EDGE_CURVE('',#7320,#7315,#2472,.T.);
#11217=EDGE_CURVE('',#7350,#7318,#2460,.T.);
#11219=EDGE_CURVE('',#7318,#7320,#2476,.T.);
#11232=EDGE_CURVE('',#7316,#7318,#2480,.T.);
#11255=EDGE_CURVE('',#7323,#7324,#2484,.T.);
#11257=EDGE_CURVE('',#7328,#7323,#2488,.T.);
#11259=EDGE_CURVE('',#7326,#7328,#2492,.T.);
#11261=EDGE_CURVE('',#7324,#7326,#2496,.T.);
#11271=EDGE_CURVE('',#7331,#7332,#2500,.T.);
#11273=EDGE_CURVE('',#7336,#7331,#2504,.T.);
#11275=EDGE_CURVE('',#7334,#7336,#2508,.T.);
#11277=EDGE_CURVE('',#7332,#7334,#2512,.T.);
#11287=EDGE_CURVE('',#7339,#7340,#2516,.T.);
#11289=EDGE_CURVE('',#7344,#7339,#2520,.T.);
#11291=EDGE_CURVE('',#7342,#7344,#2524,.T.);
#11293=EDGE_CURVE('',#7340,#7342,#2528,.T.);
#11304=EDGE_CURVE('',#7355,#7323,#2532,.T.);
#11307=EDGE_CURVE('',#7356,#7324,#2544,.T.);
#11318=EDGE_CURVE('',#7360,#7328,#2536,.T.);
#11331=EDGE_CURVE('',#7358,#7326,#2540,.T.);
#11356=EDGE_CURVE('',#7363,#7331,#2548,.T.);
#11359=EDGE_CURVE('',#7364,#7332,#2560,.T.);
#11370=EDGE_CURVE('',#7368,#7336,#2552,.T.);
#11383=EDGE_CURVE('',#7366,#7334,#2556,.T.);
#11408=EDGE_CURVE('',#7371,#7339,#2564,.T.);
#11411=EDGE_CURVE('',#7372,#7340,#2576,.T.);
#11422=EDGE_CURVE('',#7376,#7344,#2568,.T.);
#11435=EDGE_CURVE('',#7374,#7342,#2572,.T.);
#11460=EDGE_CURVE('',#7411,#7379,#2580,.T.);
#11462=EDGE_CURVE('',#7379,#7380,#2596,.T.);
#11464=EDGE_CURVE('',#7412,#7380,#2592,.T.);
#11475=EDGE_CURVE('',#7416,#7384,#2584,.T.);
#11477=EDGE_CURVE('',#7384,#7379,#2600,.T.);
#11489=EDGE_CURVE('',#7414,#7382,#2588,.T.);
#11491=EDGE_CURVE('',#7382,#7384,#2604,.T.);
#11504=EDGE_CURVE('',#7380,#7382,#2608,.T.);
#11527=EDGE_CURVE('',#7387,#7388,#2612,.T.);
#11529=EDGE_CURVE('',#7392,#7387,#2616,.T.);
#11531=EDGE_CURVE('',#7390,#7392,#2620,.T.);
#11533=EDGE_CURVE('',#7388,#7390,#2624,.T.);
#11543=EDGE_CURVE('',#7395,#7396,#2628,.T.);
#11545=EDGE_CURVE('',#7400,#7395,#2632,.T.);
#11547=EDGE_CURVE('',#7398,#7400,#2636,.T.);
#11549=EDGE_CURVE('',#7396,#7398,#2640,.T.);
#11559=EDGE_CURVE('',#7403,#7404,#2644,.T.);
#11561=EDGE_CURVE('',#7408,#7403,#2648,.T.);
#11563=EDGE_CURVE('',#7406,#7408,#2652,.T.);
#11565=EDGE_CURVE('',#7404,#7406,#2656,.T.);
#11576=EDGE_CURVE('',#7419,#7387,#2660,.T.);
#11579=EDGE_CURVE('',#7420,#7388,#2672,.T.);
#11590=EDGE_CURVE('',#7424,#7392,#2664,.T.);
#11603=EDGE_CURVE('',#7422,#7390,#2668,.T.);
#11628=EDGE_CURVE('',#7427,#7395,#2676,.T.);
#11631=EDGE_CURVE('',#7428,#7396,#2688,.T.);
#11642=EDGE_CURVE('',#7432,#7400,#2680,.T.);
#11655=EDGE_CURVE('',#7430,#7398,#2684,.T.);
#11680=EDGE_CURVE('',#7435,#7403,#2692,.T.);
#11683=EDGE_CURVE('',#7436,#7404,#2704,.T.);
#11694=EDGE_CURVE('',#7440,#7408,#2696,.T.);
#11707=EDGE_CURVE('',#7438,#7406,#2700,.T.);
#11732=EDGE_CURVE('',#7475,#7443,#2708,.T.);
#11734=EDGE_CURVE('',#7443,#7444,#2724,.T.);
#11736=EDGE_CURVE('',#7476,#7444,#2720,.T.);
#11747=EDGE_CURVE('',#7480,#7448,#2712,.T.);
#11749=EDGE_CURVE('',#7448,#7443,#2728,.T.);
#11761=EDGE_CURVE('',#7478,#7446,#2716,.T.);
#11763=EDGE_CURVE('',#7446,#7448,#2732,.T.);
#11776=EDGE_CURVE('',#7444,#7446,#2736,.T.);
#11799=EDGE_CURVE('',#7451,#7452,#2740,.T.);
#11801=EDGE_CURVE('',#7456,#7451,#2744,.T.);
#11803=EDGE_CURVE('',#7454,#7456,#2748,.T.);
#11805=EDGE_CURVE('',#7452,#7454,#2752,.T.);
#11815=EDGE_CURVE('',#7459,#7460,#2756,.T.);
#11817=EDGE_CURVE('',#7464,#7459,#2760,.T.);
#11819=EDGE_CURVE('',#7462,#7464,#2764,.T.);
#11821=EDGE_CURVE('',#7460,#7462,#2768,.T.);
#11831=EDGE_CURVE('',#7467,#7468,#2772,.T.);
#11833=EDGE_CURVE('',#7472,#7467,#2776,.T.);
#11835=EDGE_CURVE('',#7470,#7472,#2780,.T.);
#11837=EDGE_CURVE('',#7468,#7470,#2784,.T.);
#11848=EDGE_CURVE('',#7483,#7451,#2788,.T.);
#11851=EDGE_CURVE('',#7484,#7452,#2800,.T.);
#11862=EDGE_CURVE('',#7488,#7456,#2792,.T.);
#11875=EDGE_CURVE('',#7486,#7454,#2796,.T.);
#11900=EDGE_CURVE('',#7491,#7459,#2804,.T.);
#11903=EDGE_CURVE('',#7492,#7460,#2816,.T.);
#11914=EDGE_CURVE('',#7496,#7464,#2808,.T.);
#11927=EDGE_CURVE('',#7494,#7462,#2812,.T.);
#11952=EDGE_CURVE('',#7499,#7467,#2820,.T.);
#11955=EDGE_CURVE('',#7500,#7468,#2832,.T.);
#11966=EDGE_CURVE('',#7504,#7472,#2824,.T.);
#11979=EDGE_CURVE('',#7502,#7470,#2828,.T.);
#12004=EDGE_CURVE('',#7539,#7507,#2836,.T.);
#12006=EDGE_CURVE('',#7507,#7508,#2852,.T.);
#12008=EDGE_CURVE('',#7540,#7508,#2848,.T.);
#12019=EDGE_CURVE('',#7544,#7512,#2840,.T.);
#12021=EDGE_CURVE('',#7512,#7507,#2856,.T.);
#12033=EDGE_CURVE('',#7542,#7510,#2844,.T.);
#12035=EDGE_CURVE('',#7510,#7512,#2860,.T.);
#12048=EDGE_CURVE('',#7508,#7510,#2864,.T.);
#12071=EDGE_CURVE('',#7515,#7516,#2868,.T.);
#12073=EDGE_CURVE('',#7520,#7515,#2872,.T.);
#12075=EDGE_CURVE('',#7518,#7520,#2876,.T.);
#12077=EDGE_CURVE('',#7516,#7518,#2880,.T.);
#12087=EDGE_CURVE('',#7523,#7524,#2884,.T.);
#12089=EDGE_CURVE('',#7528,#7523,#2888,.T.);
#12091=EDGE_CURVE('',#7526,#7528,#2892,.T.);
#12093=EDGE_CURVE('',#7524,#7526,#2896,.T.);
#12103=EDGE_CURVE('',#7531,#7532,#2900,.T.);
#12105=EDGE_CURVE('',#7536,#7531,#2904,.T.);
#12107=EDGE_CURVE('',#7534,#7536,#2908,.T.);
#12109=EDGE_CURVE('',#7532,#7534,#2912,.T.);
#12120=EDGE_CURVE('',#7547,#7515,#2916,.T.);
#12123=EDGE_CURVE('',#7548,#7516,#2928,.T.);
#12134=EDGE_CURVE('',#7552,#7520,#2920,.T.);
#12147=EDGE_CURVE('',#7550,#7518,#2924,.T.);
#12172=EDGE_CURVE('',#7555,#7523,#2932,.T.);
#12175=EDGE_CURVE('',#7556,#7524,#2944,.T.);
#12186=EDGE_CURVE('',#7560,#7528,#2936,.T.);
#12199=EDGE_CURVE('',#7558,#7526,#2940,.T.);
#12224=EDGE_CURVE('',#7563,#7531,#2948,.T.);
#12227=EDGE_CURVE('',#7564,#7532,#2960,.T.);
#12238=EDGE_CURVE('',#7568,#7536,#2952,.T.);
#12251=EDGE_CURVE('',#7566,#7534,#2956,.T.);
#12276=EDGE_CURVE('',#7603,#7571,#2964,.T.);
#12278=EDGE_CURVE('',#7571,#7572,#2980,.T.);
#12280=EDGE_CURVE('',#7604,#7572,#2976,.T.);
#12291=EDGE_CURVE('',#7608,#7576,#2968,.T.);
#12293=EDGE_CURVE('',#7576,#7571,#2984,.T.);
#12305=EDGE_CURVE('',#7606,#7574,#2972,.T.);
#12307=EDGE_CURVE('',#7574,#7576,#2988,.T.);
#12320=EDGE_CURVE('',#7572,#7574,#2992,.T.);
#12343=EDGE_CURVE('',#7579,#7580,#2996,.T.);
#12345=EDGE_CURVE('',#7584,#7579,#3000,.T.);
#12347=EDGE_CURVE('',#7582,#7584,#3004,.T.);
#12349=EDGE_CURVE('',#7580,#7582,#3008,.T.);
#12359=EDGE_CURVE('',#7587,#7588,#3012,.T.);
#12361=EDGE_CURVE('',#7592,#7587,#3016,.T.);
#12363=EDGE_CURVE('',#7590,#7592,#3020,.T.);
#12365=EDGE_CURVE('',#7588,#7590,#3024,.T.);
#12375=EDGE_CURVE('',#7595,#7596,#3028,.T.);
#12377=EDGE_CURVE('',#7600,#7595,#3032,.T.);
#12379=EDGE_CURVE('',#7598,#7600,#3036,.T.);
#12381=EDGE_CURVE('',#7596,#7598,#3040,.T.);
#12392=EDGE_CURVE('',#7611,#7579,#3044,.T.);
#12395=EDGE_CURVE('',#7612,#7580,#3056,.T.);
#12406=EDGE_CURVE('',#7616,#7584,#3048,.T.);
#12419=EDGE_CURVE('',#7614,#7582,#3052,.T.);
#12444=EDGE_CURVE('',#7619,#7587,#3060,.T.);
#12447=EDGE_CURVE('',#7620,#7588,#3072,.T.);
#12458=EDGE_CURVE('',#7624,#7592,#3064,.T.);
#12471=EDGE_CURVE('',#7622,#7590,#3068,.T.);
#12496=EDGE_CURVE('',#7627,#7595,#3076,.T.);
#12499=EDGE_CURVE('',#7628,#7596,#3088,.T.);
#12510=EDGE_CURVE('',#7632,#7600,#3080,.T.);
#12523=EDGE_CURVE('',#7630,#7598,#3084,.T.);
#12548=EDGE_CURVE('',#7667,#7635,#3092,.T.);
#12550=EDGE_CURVE('',#7635,#7636,#3108,.T.);
#12552=EDGE_CURVE('',#7668,#7636,#3104,.T.);
#12563=EDGE_CURVE('',#7672,#7640,#3096,.T.);
#12565=EDGE_CURVE('',#7640,#7635,#3112,.T.);
#12577=EDGE_CURVE('',#7670,#7638,#3100,.T.);
#12579=EDGE_CURVE('',#7638,#7640,#3116,.T.);
#12592=EDGE_CURVE('',#7636,#7638,#3120,.T.);
#12615=EDGE_CURVE('',#7643,#7644,#3124,.T.);
#12617=EDGE_CURVE('',#7648,#7643,#3128,.T.);
#12619=EDGE_CURVE('',#7646,#7648,#3132,.T.);
#12621=EDGE_CURVE('',#7644,#7646,#3136,.T.);
#12631=EDGE_CURVE('',#7651,#7652,#3140,.T.);
#12633=EDGE_CURVE('',#7656,#7651,#3144,.T.);
#12635=EDGE_CURVE('',#7654,#7656,#3148,.T.);
#12637=EDGE_CURVE('',#7652,#7654,#3152,.T.);
#12647=EDGE_CURVE('',#7659,#7660,#3156,.T.);
#12649=EDGE_CURVE('',#7664,#7659,#3160,.T.);
#12651=EDGE_CURVE('',#7662,#7664,#3164,.T.);
#12653=EDGE_CURVE('',#7660,#7662,#3168,.T.);
#12664=EDGE_CURVE('',#7675,#7643,#3172,.T.);
#12667=EDGE_CURVE('',#7676,#7644,#3184,.T.);
#12678=EDGE_CURVE('',#7680,#7648,#3176,.T.);
#12691=EDGE_CURVE('',#7678,#7646,#3180,.T.);
#12716=EDGE_CURVE('',#7683,#7651,#3188,.T.);
#12719=EDGE_CURVE('',#7684,#7652,#3200,.T.);
#12730=EDGE_CURVE('',#7688,#7656,#3192,.T.);
#12743=EDGE_CURVE('',#7686,#7654,#3196,.T.);
#12768=EDGE_CURVE('',#7691,#7659,#3204,.T.);
#12771=EDGE_CURVE('',#7692,#7660,#3216,.T.);
#12782=EDGE_CURVE('',#7696,#7664,#3208,.T.);
#12795=EDGE_CURVE('',#7694,#7662,#3212,.T.);
#12820=EDGE_CURVE('',#7731,#7699,#3220,.T.);
#12822=EDGE_CURVE('',#7699,#7700,#3236,.T.);
#12824=EDGE_CURVE('',#7732,#7700,#3232,.T.);
#12835=EDGE_CURVE('',#7736,#7704,#3224,.T.);
#12837=EDGE_CURVE('',#7704,#7699,#3240,.T.);
#12849=EDGE_CURVE('',#7734,#7702,#3228,.T.);
#12851=EDGE_CURVE('',#7702,#7704,#3244,.T.);
#12864=EDGE_CURVE('',#7700,#7702,#3248,.T.);
#12887=EDGE_CURVE('',#7707,#7708,#3252,.T.);
#12889=EDGE_CURVE('',#7712,#7707,#3256,.T.);
#12891=EDGE_CURVE('',#7710,#7712,#3260,.T.);
#12893=EDGE_CURVE('',#7708,#7710,#3264,.T.);
#12903=EDGE_CURVE('',#7715,#7716,#3268,.T.);
#12905=EDGE_CURVE('',#7720,#7715,#3272,.T.);
#12907=EDGE_CURVE('',#7718,#7720,#3276,.T.);
#12909=EDGE_CURVE('',#7716,#7718,#3280,.T.);
#12919=EDGE_CURVE('',#7723,#7724,#3284,.T.);
#12921=EDGE_CURVE('',#7728,#7723,#3288,.T.);
#12923=EDGE_CURVE('',#7726,#7728,#3292,.T.);
#12925=EDGE_CURVE('',#7724,#7726,#3296,.T.);
#12936=EDGE_CURVE('',#7739,#7707,#3300,.T.);
#12939=EDGE_CURVE('',#7740,#7708,#3312,.T.);
#12950=EDGE_CURVE('',#7744,#7712,#3304,.T.);
#12963=EDGE_CURVE('',#7742,#7710,#3308,.T.);
#12988=EDGE_CURVE('',#7747,#7715,#3316,.T.);
#12991=EDGE_CURVE('',#7748,#7716,#3328,.T.);
#13002=EDGE_CURVE('',#7752,#7720,#3320,.T.);
#13015=EDGE_CURVE('',#7750,#7718,#3324,.T.);
#13040=EDGE_CURVE('',#7755,#7723,#3332,.T.);
#13043=EDGE_CURVE('',#7756,#7724,#3344,.T.);
#13054=EDGE_CURVE('',#7760,#7728,#3336,.T.);
#13067=EDGE_CURVE('',#7758,#7726,#3340,.T.);
#13092=EDGE_CURVE('',#7795,#7763,#3348,.T.);
#13094=EDGE_CURVE('',#7763,#7764,#3364,.T.);
#13096=EDGE_CURVE('',#7796,#7764,#3360,.T.);
#13107=EDGE_CURVE('',#7800,#7768,#3352,.T.);
#13109=EDGE_CURVE('',#7768,#7763,#3368,.T.);
#13121=EDGE_CURVE('',#7798,#7766,#3356,.T.);
#13123=EDGE_CURVE('',#7766,#7768,#3372,.T.);
#13136=EDGE_CURVE('',#7764,#7766,#3376,.T.);
#13159=EDGE_CURVE('',#7771,#7772,#3380,.T.);
#13161=EDGE_CURVE('',#7776,#7771,#3384,.T.);
#13163=EDGE_CURVE('',#7774,#7776,#3388,.T.);
#13165=EDGE_CURVE('',#7772,#7774,#3392,.T.);
#13175=EDGE_CURVE('',#7779,#7780,#3396,.T.);
#13177=EDGE_CURVE('',#7784,#7779,#3400,.T.);
#13179=EDGE_CURVE('',#7782,#7784,#3404,.T.);
#13181=EDGE_CURVE('',#7780,#7782,#3408,.T.);
#13191=EDGE_CURVE('',#7787,#7788,#3412,.T.);
#13193=EDGE_CURVE('',#7792,#7787,#3416,.T.);
#13195=EDGE_CURVE('',#7790,#7792,#3420,.T.);
#13197=EDGE_CURVE('',#7788,#7790,#3424,.T.);
#13208=EDGE_CURVE('',#7803,#7771,#3428,.T.);
#13211=EDGE_CURVE('',#7804,#7772,#3440,.T.);
#13222=EDGE_CURVE('',#7808,#7776,#3432,.T.);
#13235=EDGE_CURVE('',#7806,#7774,#3436,.T.);
#13260=EDGE_CURVE('',#7811,#7779,#3444,.T.);
#13263=EDGE_CURVE('',#7812,#7780,#3456,.T.);
#13274=EDGE_CURVE('',#7816,#7784,#3448,.T.);
#13287=EDGE_CURVE('',#7814,#7782,#3452,.T.);
#13312=EDGE_CURVE('',#7819,#7787,#3460,.T.);
#13315=EDGE_CURVE('',#7820,#7788,#3472,.T.);
#13326=EDGE_CURVE('',#7824,#7792,#3464,.T.);
#13339=EDGE_CURVE('',#7822,#7790,#3468,.T.);
#13364=EDGE_CURVE('',#8723,#8691,#3476,.T.);
#13366=EDGE_CURVE('',#8691,#8692,#3492,.T.);
#13368=EDGE_CURVE('',#8724,#8692,#3488,.T.);
#13379=EDGE_CURVE('',#8728,#8696,#3480,.T.);
#13381=EDGE_CURVE('',#8696,#8691,#3496,.T.);
#13393=EDGE_CURVE('',#8726,#8694,#3484,.T.);
#13395=EDGE_CURVE('',#8694,#8696,#3500,.T.);
#13408=EDGE_CURVE('',#8692,#8694,#3504,.T.);
#13431=EDGE_CURVE('',#8699,#8700,#3508,.T.);
#13433=EDGE_CURVE('',#8704,#8699,#3512,.T.);
#13435=EDGE_CURVE('',#8702,#8704,#3516,.T.);
#13437=EDGE_CURVE('',#8700,#8702,#3520,.T.);
#13447=EDGE_CURVE('',#8707,#8708,#3524,.T.);
#13449=EDGE_CURVE('',#8712,#8707,#3528,.T.);
#13451=EDGE_CURVE('',#8710,#8712,#3532,.T.);
#13453=EDGE_CURVE('',#8708,#8710,#3536,.T.);
#13463=EDGE_CURVE('',#8715,#8716,#3540,.T.);
#13465=EDGE_CURVE('',#8720,#8715,#3544,.T.);
#13467=EDGE_CURVE('',#8718,#8720,#3548,.T.);
#13469=EDGE_CURVE('',#8716,#8718,#3552,.T.);
#13480=EDGE_CURVE('',#8731,#8699,#3556,.T.);
#13483=EDGE_CURVE('',#8732,#8700,#3568,.T.);
#13494=EDGE_CURVE('',#8736,#8704,#3560,.T.);
#13507=EDGE_CURVE('',#8734,#8702,#3564,.T.);
#13532=EDGE_CURVE('',#8739,#8707,#3572,.T.);
#13535=EDGE_CURVE('',#8740,#8708,#3584,.T.);
#13546=EDGE_CURVE('',#8744,#8712,#3576,.T.);
#13559=EDGE_CURVE('',#8742,#8710,#3580,.T.);
#13584=EDGE_CURVE('',#8747,#8715,#3588,.T.);
#13587=EDGE_CURVE('',#8748,#8716,#3600,.T.);
#13598=EDGE_CURVE('',#8752,#8720,#3592,.T.);
#13611=EDGE_CURVE('',#8750,#8718,#3596,.T.);
#13636=EDGE_CURVE('',#8787,#8755,#3604,.T.);
#13638=EDGE_CURVE('',#8755,#8756,#3620,.T.);
#13640=EDGE_CURVE('',#8788,#8756,#3616,.T.);
#13651=EDGE_CURVE('',#8792,#8760,#3608,.T.);
#13653=EDGE_CURVE('',#8760,#8755,#3624,.T.);
#13665=EDGE_CURVE('',#8790,#8758,#3612,.T.);
#13667=EDGE_CURVE('',#8758,#8760,#3628,.T.);
#13680=EDGE_CURVE('',#8756,#8758,#3632,.T.);
#13703=EDGE_CURVE('',#8763,#8764,#3636,.T.);
#13705=EDGE_CURVE('',#8768,#8763,#3640,.T.);
#13707=EDGE_CURVE('',#8766,#8768,#3644,.T.);
#13709=EDGE_CURVE('',#8764,#8766,#3648,.T.);
#13719=EDGE_CURVE('',#8771,#8772,#3652,.T.);
#13721=EDGE_CURVE('',#8776,#8771,#3656,.T.);
#13723=EDGE_CURVE('',#8774,#8776,#3660,.T.);
#13725=EDGE_CURVE('',#8772,#8774,#3664,.T.);
#13735=EDGE_CURVE('',#8779,#8780,#3668,.T.);
#13737=EDGE_CURVE('',#8784,#8779,#3672,.T.);
#13739=EDGE_CURVE('',#8782,#8784,#3676,.T.);
#13741=EDGE_CURVE('',#8780,#8782,#3680,.T.);
#13752=EDGE_CURVE('',#8795,#8763,#3684,.T.);
#13755=EDGE_CURVE('',#8796,#8764,#3696,.T.);
#13766=EDGE_CURVE('',#8800,#8768,#3688,.T.);
#13779=EDGE_CURVE('',#8798,#8766,#3692,.T.);
#13804=EDGE_CURVE('',#8803,#8771,#3700,.T.);
#13807=EDGE_CURVE('',#8804,#8772,#3712,.T.);
#13818=EDGE_CURVE('',#8808,#8776,#3704,.T.);
#13831=EDGE_CURVE('',#8806,#8774,#3708,.T.);
#13856=EDGE_CURVE('',#8811,#8779,#3716,.T.);
#13859=EDGE_CURVE('',#8812,#8780,#3728,.T.);
#13870=EDGE_CURVE('',#8816,#8784,#3720,.T.);
#13883=EDGE_CURVE('',#8814,#8782,#3724,.T.);
#13907=EDGE_CURVE('',#7163,#7164,#3732,.T.);
#13909=EDGE_CURVE('',#7163,#7155,#3772,.T.);
#13921=EDGE_CURVE('',#7220,#7222,#3736,.T.);
#13925=EDGE_CURVE('',#7139,#7220,#3804,.T.);
#13937=EDGE_CURVE('',#7167,#7168,#3744,.T.);
#13939=EDGE_CURVE('',#7167,#7163,#3760,.T.);
#13952=EDGE_CURVE('',#7170,#7167,#3756,.T.);
#13964=EDGE_CURVE('',#7172,#7163,#3764,.T.);
#13987=EDGE_CURVE('',#7183,#7188,#3776,.T.);
#13989=EDGE_CURVE('',#7160,#7183,#3780,.T.);
#13992=EDGE_CURVE('',#7188,#7159,#3784,.T.);
#14002=EDGE_CURVE('',#7204,#7195,#3788,.T.);
#14004=EDGE_CURVE('',#7143,#7204,#3792,.T.);
#14007=EDGE_CURVE('',#7195,#7144,#3796,.T.);
#14017=EDGE_CURVE('',#7220,#7211,#3800,.T.);
#14030=EDGE_CURVE('',#7179,#7186,#3816,.T.);
#14032=EDGE_CURVE('',#7179,#7183,#3832,.T.);
#14035=EDGE_CURVE('',#7188,#7186,#3840,.T.);
#14045=EDGE_CURVE('',#7179,#7180,#3812,.T.);
#14048=EDGE_CURVE('',#7186,#7192,#3820,.T.);
#14050=EDGE_CURVE('',#7192,#7180,#3824,.T.);
#14061=EDGE_CURVE('',#7184,#7180,#3828,.T.);
#14063=EDGE_CURVE('',#7183,#7184,#3880,.T.);
#14075=EDGE_CURVE('',#7192,#7190,#3836,.T.);
#14087=EDGE_CURVE('',#7188,#7190,#3844,.T.);
#14112=EDGE_CURVE('',#7204,#7206,#3848,.T.);
#14126=EDGE_CURVE('',#7202,#7204,#3852,.T.);
#14128=EDGE_CURVE('',#7202,#7208,#3864,.T.);
#14130=EDGE_CURVE('',#7208,#7206,#3888,.T.);
#14140=EDGE_CURVE('',#7202,#7199,#3868,.T.);
#14144=EDGE_CURVE('',#7195,#7199,#3876,.T.);
#14154=EDGE_CURVE('',#7199,#7200,#3856,.T.);
#14156=EDGE_CURVE('',#7200,#7208,#3860,.T.);
#14168=EDGE_CURVE('',#7195,#7196,#3884,.T.);
#14170=EDGE_CURVE('',#7200,#7196,#3872,.T.);
#14218=EDGE_CURVE('',#7218,#7215,#3904,.T.);
#14220=EDGE_CURVE('',#7218,#7220,#3920,.T.);
#14223=EDGE_CURVE('',#7211,#7215,#3912,.T.);
#14233=EDGE_CURVE('',#7215,#7216,#3892,.T.);
#14235=EDGE_CURVE('',#7216,#7224,#3896,.T.);
#14237=EDGE_CURVE('',#7218,#7224,#3900,.T.);
#14249=EDGE_CURVE('',#7216,#7212,#3908,.T.);
#14262=EDGE_CURVE('',#7224,#7222,#3916,.T.);
#14286=EDGE_CURVE('',#8116,#8126,#3924,.T.);
#14288=EDGE_CURVE('',#8116,#7843,#3928,.T.);
#14291=EDGE_CURVE('',#7844,#8126,#3932,.T.);
#14301=EDGE_CURVE('',#8142,#8136,#3936,.T.);
#14303=EDGE_CURVE('',#8142,#7847,#3940,.T.);
#14306=EDGE_CURVE('',#7848,#8136,#3944,.T.);
#14316=EDGE_CURVE('',#8148,#8158,#3948,.T.);
#14318=EDGE_CURVE('',#8148,#7832,#3952,.T.);
#14321=EDGE_CURVE('',#7831,#8158,#3956,.T.);
#14331=EDGE_CURVE('',#8164,#8174,#3960,.T.);
#14333=EDGE_CURVE('',#8164,#7828,#3964,.T.);
#14336=EDGE_CURVE('',#7827,#8174,#3968,.T.);
#14347=EDGE_CURVE('',#8128,#8126,#3972,.T.);
#14349=EDGE_CURVE('',#8120,#8128,#4044,.T.);
#14351=EDGE_CURVE('',#8120,#8116,#4056,.T.);
#14361=EDGE_CURVE('',#8124,#8126,#3980,.T.);
#14363=EDGE_CURVE('',#8122,#8124,#3976,.T.);
#14365=EDGE_CURVE('',#8122,#8128,#4048,.T.);
#14379=EDGE_CURVE('',#7852,#8124,#3992,.T.);
#14389=EDGE_CURVE('',#8163,#8164,#3984,.T.);
#14391=EDGE_CURVE('',#8163,#7836,#4032,.T.);
#14403=EDGE_CURVE('',#8124,#8115,#3988,.T.);
#14407=EDGE_CURVE('',#8115,#7851,#3996,.T.);
#14417=EDGE_CURVE('',#8135,#8140,#4000,.T.);
#14419=EDGE_CURVE('',#7856,#8135,#4004,.T.);
#14422=EDGE_CURVE('',#8140,#7855,#4008,.T.);
#14432=EDGE_CURVE('',#8156,#8147,#4012,.T.);
#14434=EDGE_CURVE('',#7839,#8156,#4016,.T.);
#14437=EDGE_CURVE('',#8147,#7840,#4020,.T.);
#14447=EDGE_CURVE('',#8172,#8163,#4024,.T.);
#14449=EDGE_CURVE('',#7835,#8172,#4028,.T.);
#14461=EDGE_CURVE('',#8122,#8119,#4052,.T.);
#14465=EDGE_CURVE('',#8119,#8115,#4036,.T.);
#14475=EDGE_CURVE('',#8119,#8120,#4040,.T.);
#14488=EDGE_CURVE('',#8115,#8116,#4060,.T.);
#14513=EDGE_CURVE('',#8172,#8174,#4064,.T.);
#14527=EDGE_CURVE('',#8170,#8172,#4068,.T.);
#14529=EDGE_CURVE('',#8170,#8176,#4080,.T.);
#14531=EDGE_CURVE('',#8176,#8174,#4096,.T.);
#14541=EDGE_CURVE('',#8170,#8167,#4084,.T.);
#14545=EDGE_CURVE('',#8163,#8167,#4092,.T.);
#14555=EDGE_CURVE('',#8167,#8168,#4072,.T.);
#14557=EDGE_CURVE('',#8168,#8176,#4076,.T.);
#14570=EDGE_CURVE('',#8168,#8164,#4088,.T.);
#14594=EDGE_CURVE('',#8131,#8138,#4104,.T.);
#14596=EDGE_CURVE('',#8131,#8135,#4120,.T.);
#14599=EDGE_CURVE('',#8140,#8138,#4128,.T.);
#14609=EDGE_CURVE('',#8131,#8132,#4100,.T.);
#14612=EDGE_CURVE('',#8138,#8144,#4108,.T.);
#14614=EDGE_CURVE('',#8144,#8132,#4112,.T.);
#14625=EDGE_CURVE('',#8136,#8132,#4116,.T.);
#14627=EDGE_CURVE('',#8135,#8136,#4168,.T.);
#14639=EDGE_CURVE('',#8144,#8142,#4124,.T.);
#14651=EDGE_CURVE('',#8140,#8142,#4132,.T.);
#14676=EDGE_CURVE('',#8156,#8158,#4136,.T.);
#14690=EDGE_CURVE('',#8154,#8156,#4140,.T.);
#14692=EDGE_CURVE('',#8154,#8160,#4152,.T.);
#14694=EDGE_CURVE('',#8160,#8158,#4176,.T.);
#14704=EDGE_CURVE('',#8154,#8151,#4156,.T.);
#14708=EDGE_CURVE('',#8147,#8151,#4164,.T.);
#14718=EDGE_CURVE('',#8151,#8152,#4144,.T.);
#14720=EDGE_CURVE('',#8152,#8160,#4148,.T.);
#14732=EDGE_CURVE('',#8147,#8148,#4172,.T.);
#14734=EDGE_CURVE('',#8152,#8148,#4160,.T.);
#14782=EDGE_CURVE('',#8180,#8190,#4180,.T.);
#14784=EDGE_CURVE('',#8180,#7875,#4184,.T.);
#14787=EDGE_CURVE('',#7876,#8190,#4188,.T.);
#14797=EDGE_CURVE('',#8206,#8200,#4192,.T.);
#14799=EDGE_CURVE('',#8206,#7879,#4196,.T.);
#14802=EDGE_CURVE('',#7880,#8200,#4200,.T.);
#14812=EDGE_CURVE('',#8212,#8222,#4204,.T.);
#14814=EDGE_CURVE('',#8212,#7864,#4208,.T.);
#14817=EDGE_CURVE('',#7863,#8222,#4212,.T.);
#14827=EDGE_CURVE('',#8228,#8238,#4216,.T.);
#14829=EDGE_CURVE('',#8228,#7860,#4220,.T.);
#14832=EDGE_CURVE('',#7859,#8238,#4224,.T.);
#14843=EDGE_CURVE('',#8192,#8190,#4228,.T.);
#14845=EDGE_CURVE('',#8184,#8192,#4300,.T.);
#14847=EDGE_CURVE('',#8184,#8180,#4312,.T.);
#14857=EDGE_CURVE('',#8188,#8190,#4236,.T.);
#14859=EDGE_CURVE('',#8186,#8188,#4232,.T.);
#14861=EDGE_CURVE('',#8186,#8192,#4304,.T.);
#14875=EDGE_CURVE('',#7884,#8188,#4248,.T.);
#14885=EDGE_CURVE('',#8227,#8228,#4240,.T.);
#14887=EDGE_CURVE('',#8227,#7868,#4288,.T.);
#14899=EDGE_CURVE('',#8188,#8179,#4244,.T.);
#14903=EDGE_CURVE('',#8179,#7883,#4252,.T.);
#14913=EDGE_CURVE('',#8199,#8204,#4256,.T.);
#14915=EDGE_CURVE('',#7888,#8199,#4260,.T.);
#14918=EDGE_CURVE('',#8204,#7887,#4264,.T.);
#14928=EDGE_CURVE('',#8220,#8211,#4268,.T.);
#14930=EDGE_CURVE('',#7871,#8220,#4272,.T.);
#14933=EDGE_CURVE('',#8211,#7872,#4276,.T.);
#14943=EDGE_CURVE('',#8236,#8227,#4280,.T.);
#14945=EDGE_CURVE('',#7867,#8236,#4284,.T.);
#14957=EDGE_CURVE('',#8186,#8183,#4308,.T.);
#14961=EDGE_CURVE('',#8183,#8179,#4292,.T.);
#14971=EDGE_CURVE('',#8183,#8184,#4296,.T.);
#14984=EDGE_CURVE('',#8179,#8180,#4316,.T.);
#15009=EDGE_CURVE('',#8236,#8238,#4320,.T.);
#15023=EDGE_CURVE('',#8234,#8236,#4324,.T.);
#15025=EDGE_CURVE('',#8234,#8240,#4336,.T.);
#15027=EDGE_CURVE('',#8240,#8238,#4352,.T.);
#15037=EDGE_CURVE('',#8234,#8231,#4340,.T.);
#15041=EDGE_CURVE('',#8227,#8231,#4348,.T.);
#15051=EDGE_CURVE('',#8231,#8232,#4328,.T.);
#15053=EDGE_CURVE('',#8232,#8240,#4332,.T.);
#15066=EDGE_CURVE('',#8232,#8228,#4344,.T.);
#15090=EDGE_CURVE('',#8195,#8202,#4360,.T.);
#15092=EDGE_CURVE('',#8195,#8199,#4376,.T.);
#15095=EDGE_CURVE('',#8204,#8202,#4384,.T.);
#15105=EDGE_CURVE('',#8195,#8196,#4356,.T.);
#15108=EDGE_CURVE('',#8202,#8208,#4364,.T.);
#15110=EDGE_CURVE('',#8208,#8196,#4368,.T.);
#15121=EDGE_CURVE('',#8200,#8196,#4372,.T.);
#15123=EDGE_CURVE('',#8199,#8200,#4424,.T.);
#15135=EDGE_CURVE('',#8208,#8206,#4380,.T.);
#15147=EDGE_CURVE('',#8204,#8206,#4388,.T.);
#15172=EDGE_CURVE('',#8220,#8222,#4392,.T.);
#15186=EDGE_CURVE('',#8218,#8220,#4396,.T.);
#15188=EDGE_CURVE('',#8218,#8224,#4408,.T.);
#15190=EDGE_CURVE('',#8224,#8222,#4432,.T.);
#15200=EDGE_CURVE('',#8218,#8215,#4412,.T.);
#15204=EDGE_CURVE('',#8211,#8215,#4420,.T.);
#15214=EDGE_CURVE('',#8215,#8216,#4400,.T.);
#15216=EDGE_CURVE('',#8216,#8224,#4404,.T.);
#15228=EDGE_CURVE('',#8211,#8212,#4428,.T.);
#15230=EDGE_CURVE('',#8216,#8212,#4416,.T.);
#15278=EDGE_CURVE('',#8244,#8254,#4436,.T.);
#15280=EDGE_CURVE('',#8244,#7907,#4440,.T.);
#15283=EDGE_CURVE('',#7908,#8254,#4444,.T.);
#15293=EDGE_CURVE('',#8270,#8264,#4448,.T.);
#15295=EDGE_CURVE('',#8270,#7911,#4452,.T.);
#15298=EDGE_CURVE('',#7912,#8264,#4456,.T.);
#15308=EDGE_CURVE('',#8276,#8286,#4460,.T.);
#15310=EDGE_CURVE('',#8276,#7896,#4464,.T.);
#15313=EDGE_CURVE('',#7895,#8286,#4468,.T.);
#15323=EDGE_CURVE('',#8292,#8302,#4472,.T.);
#15325=EDGE_CURVE('',#8292,#7892,#4476,.T.);
#15328=EDGE_CURVE('',#7891,#8302,#4480,.T.);
#15339=EDGE_CURVE('',#8256,#8254,#4484,.T.);
#15341=EDGE_CURVE('',#8248,#8256,#4556,.T.);
#15343=EDGE_CURVE('',#8248,#8244,#4568,.T.);
#15353=EDGE_CURVE('',#8252,#8254,#4492,.T.);
#15355=EDGE_CURVE('',#8250,#8252,#4488,.T.);
#15357=EDGE_CURVE('',#8250,#8256,#4560,.T.);
#15371=EDGE_CURVE('',#7916,#8252,#4504,.T.);
#15381=EDGE_CURVE('',#8291,#8292,#4496,.T.);
#15383=EDGE_CURVE('',#8291,#7900,#4544,.T.);
#15395=EDGE_CURVE('',#8252,#8243,#4500,.T.);
#15399=EDGE_CURVE('',#8243,#7915,#4508,.T.);
#15409=EDGE_CURVE('',#8263,#8268,#4512,.T.);
#15411=EDGE_CURVE('',#7920,#8263,#4516,.T.);
#15414=EDGE_CURVE('',#8268,#7919,#4520,.T.);
#15424=EDGE_CURVE('',#8284,#8275,#4524,.T.);
#15426=EDGE_CURVE('',#7903,#8284,#4528,.T.);
#15429=EDGE_CURVE('',#8275,#7904,#4532,.T.);
#15439=EDGE_CURVE('',#8300,#8291,#4536,.T.);
#15441=EDGE_CURVE('',#7899,#8300,#4540,.T.);
#15453=EDGE_CURVE('',#8250,#8247,#4564,.T.);
#15457=EDGE_CURVE('',#8247,#8243,#4548,.T.);
#15467=EDGE_CURVE('',#8247,#8248,#4552,.T.);
#15480=EDGE_CURVE('',#8243,#8244,#4572,.T.);
#15505=EDGE_CURVE('',#8300,#8302,#4576,.T.);
#15519=EDGE_CURVE('',#8298,#8300,#4580,.T.);
#15521=EDGE_CURVE('',#8298,#8304,#4592,.T.);
#15523=EDGE_CURVE('',#8304,#8302,#4608,.T.);
#15533=EDGE_CURVE('',#8298,#8295,#4596,.T.);
#15537=EDGE_CURVE('',#8291,#8295,#4604,.T.);
#15547=EDGE_CURVE('',#8295,#8296,#4584,.T.);
#15549=EDGE_CURVE('',#8296,#8304,#4588,.T.);
#15562=EDGE_CURVE('',#8296,#8292,#4600,.T.);
#15586=EDGE_CURVE('',#8259,#8266,#4616,.T.);
#15588=EDGE_CURVE('',#8259,#8263,#4632,.T.);
#15591=EDGE_CURVE('',#8268,#8266,#4640,.T.);
#15601=EDGE_CURVE('',#8259,#8260,#4612,.T.);
#15604=EDGE_CURVE('',#8266,#8272,#4620,.T.);
#15606=EDGE_CURVE('',#8272,#8260,#4624,.T.);
#15617=EDGE_CURVE('',#8264,#8260,#4628,.T.);
#15619=EDGE_CURVE('',#8263,#8264,#4680,.T.);
#15631=EDGE_CURVE('',#8272,#8270,#4636,.T.);
#15643=EDGE_CURVE('',#8268,#8270,#4644,.T.);
#15668=EDGE_CURVE('',#8284,#8286,#4648,.T.);
#15682=EDGE_CURVE('',#8282,#8284,#4652,.T.);
#15684=EDGE_CURVE('',#8282,#8288,#4664,.T.);
#15686=EDGE_CURVE('',#8288,#8286,#4688,.T.);
#15696=EDGE_CURVE('',#8282,#8279,#4668,.T.);
#15700=EDGE_CURVE('',#8275,#8279,#4676,.T.);
#15710=EDGE_CURVE('',#8279,#8280,#4656,.T.);
#15712=EDGE_CURVE('',#8280,#8288,#4660,.T.);
#15724=EDGE_CURVE('',#8275,#8276,#4684,.T.);
#15726=EDGE_CURVE('',#8280,#8276,#4672,.T.);
#15774=EDGE_CURVE('',#8308,#8318,#4692,.T.);
#15776=EDGE_CURVE('',#8308,#7939,#4696,.T.);
#15779=EDGE_CURVE('',#7940,#8318,#4700,.T.);
#15789=EDGE_CURVE('',#8334,#8328,#4704,.T.);
#15791=EDGE_CURVE('',#8334,#7943,#4708,.T.);
#15794=EDGE_CURVE('',#7944,#8328,#4712,.T.);
#15804=EDGE_CURVE('',#8340,#8350,#4716,.T.);
#15806=EDGE_CURVE('',#8340,#7928,#4720,.T.);
#15809=EDGE_CURVE('',#7927,#8350,#4724,.T.);
#15819=EDGE_CURVE('',#8356,#8366,#4728,.T.);
#15821=EDGE_CURVE('',#8356,#7924,#4732,.T.);
#15824=EDGE_CURVE('',#7923,#8366,#4736,.T.);
#15835=EDGE_CURVE('',#8320,#8318,#4740,.T.);
#15837=EDGE_CURVE('',#8312,#8320,#4812,.T.);
#15839=EDGE_CURVE('',#8312,#8308,#4824,.T.);
#15849=EDGE_CURVE('',#8316,#8318,#4748,.T.);
#15851=EDGE_CURVE('',#8314,#8316,#4744,.T.);
#15853=EDGE_CURVE('',#8314,#8320,#4816,.T.);
#15867=EDGE_CURVE('',#7948,#8316,#4760,.T.);
#15877=EDGE_CURVE('',#8355,#8356,#4752,.T.);
#15879=EDGE_CURVE('',#8355,#7932,#4800,.T.);
#15891=EDGE_CURVE('',#8316,#8307,#4756,.T.);
#15895=EDGE_CURVE('',#8307,#7947,#4764,.T.);
#15905=EDGE_CURVE('',#8327,#8332,#4768,.T.);
#15907=EDGE_CURVE('',#7952,#8327,#4772,.T.);
#15910=EDGE_CURVE('',#8332,#7951,#4776,.T.);
#15920=EDGE_CURVE('',#8348,#8339,#4780,.T.);
#15922=EDGE_CURVE('',#7935,#8348,#4784,.T.);
#15925=EDGE_CURVE('',#8339,#7936,#4788,.T.);
#15935=EDGE_CURVE('',#8364,#8355,#4792,.T.);
#15937=EDGE_CURVE('',#7931,#8364,#4796,.T.);
#15949=EDGE_CURVE('',#8314,#8311,#4820,.T.);
#15953=EDGE_CURVE('',#8311,#8307,#4804,.T.);
#15963=EDGE_CURVE('',#8311,#8312,#4808,.T.);
#15976=EDGE_CURVE('',#8307,#8308,#4828,.T.);
#16001=EDGE_CURVE('',#8364,#8366,#4832,.T.);
#16015=EDGE_CURVE('',#8362,#8364,#4836,.T.);
#16017=EDGE_CURVE('',#8362,#8368,#4848,.T.);
#16019=EDGE_CURVE('',#8368,#8366,#4864,.T.);
#16029=EDGE_CURVE('',#8362,#8359,#4852,.T.);
#16033=EDGE_CURVE('',#8355,#8359,#4860,.T.);
#16043=EDGE_CURVE('',#8359,#8360,#4840,.T.);
#16045=EDGE_CURVE('',#8360,#8368,#4844,.T.);
#16058=EDGE_CURVE('',#8360,#8356,#4856,.T.);
#16082=EDGE_CURVE('',#8323,#8330,#4872,.T.);
#16084=EDGE_CURVE('',#8323,#8327,#4888,.T.);
#16087=EDGE_CURVE('',#8332,#8330,#4896,.T.);
#16097=EDGE_CURVE('',#8323,#8324,#4868,.T.);
#16100=EDGE_CURVE('',#8330,#8336,#4876,.T.);
#16102=EDGE_CURVE('',#8336,#8324,#4880,.T.);
#16113=EDGE_CURVE('',#8328,#8324,#4884,.T.);
#16115=EDGE_CURVE('',#8327,#8328,#4936,.T.);
#16127=EDGE_CURVE('',#8336,#8334,#4892,.T.);
#16139=EDGE_CURVE('',#8332,#8334,#4900,.T.);
#16164=EDGE_CURVE('',#8348,#8350,#4904,.T.);
#16178=EDGE_CURVE('',#8346,#8348,#4908,.T.);
#16180=EDGE_CURVE('',#8346,#8352,#4920,.T.);
#16182=EDGE_CURVE('',#8352,#8350,#4944,.T.);
#16192=EDGE_CURVE('',#8346,#8343,#4924,.T.);
#16196=EDGE_CURVE('',#8339,#8343,#4932,.T.);
#16206=EDGE_CURVE('',#8343,#8344,#4912,.T.);
#16208=EDGE_CURVE('',#8344,#8352,#4916,.T.);
#16220=EDGE_CURVE('',#8339,#8340,#4940,.T.);
#16222=EDGE_CURVE('',#8344,#8340,#4928,.T.);
#16270=EDGE_CURVE('',#8372,#8382,#4948,.T.);
#16272=EDGE_CURVE('',#8372,#7971,#4952,.T.);
#16275=EDGE_CURVE('',#7972,#8382,#4956,.T.);
#16285=EDGE_CURVE('',#8398,#8392,#4960,.T.);
#16287=EDGE_CURVE('',#8398,#7975,#4964,.T.);
#16290=EDGE_CURVE('',#7976,#8392,#4968,.T.);
#16300=EDGE_CURVE('',#8404,#8414,#4972,.T.);
#16302=EDGE_CURVE('',#8404,#7960,#4976,.T.);
#16305=EDGE_CURVE('',#7959,#8414,#4980,.T.);
#16315=EDGE_CURVE('',#8420,#8430,#4984,.T.);
#16317=EDGE_CURVE('',#8420,#7956,#4988,.T.);
#16320=EDGE_CURVE('',#7955,#8430,#4992,.T.);
#16331=EDGE_CURVE('',#8384,#8382,#4996,.T.);
#16333=EDGE_CURVE('',#8376,#8384,#5068,.T.);
#16335=EDGE_CURVE('',#8376,#8372,#5080,.T.);
#16345=EDGE_CURVE('',#8380,#8382,#5004,.T.);
#16347=EDGE_CURVE('',#8378,#8380,#5000,.T.);
#16349=EDGE_CURVE('',#8378,#8384,#5072,.T.);
#16363=EDGE_CURVE('',#7980,#8380,#5016,.T.);
#16373=EDGE_CURVE('',#8419,#8420,#5008,.T.);
#16375=EDGE_CURVE('',#8419,#7964,#5056,.T.);
#16387=EDGE_CURVE('',#8380,#8371,#5012,.T.);
#16391=EDGE_CURVE('',#8371,#7979,#5020,.T.);
#16401=EDGE_CURVE('',#8391,#8396,#5024,.T.);
#16403=EDGE_CURVE('',#7984,#8391,#5028,.T.);
#16406=EDGE_CURVE('',#8396,#7983,#5032,.T.);
#16416=EDGE_CURVE('',#8412,#8403,#5036,.T.);
#16418=EDGE_CURVE('',#7967,#8412,#5040,.T.);
#16421=EDGE_CURVE('',#8403,#7968,#5044,.T.);
#16431=EDGE_CURVE('',#8428,#8419,#5048,.T.);
#16433=EDGE_CURVE('',#7963,#8428,#5052,.T.);
#16445=EDGE_CURVE('',#8378,#8375,#5076,.T.);
#16449=EDGE_CURVE('',#8375,#8371,#5060,.T.);
#16459=EDGE_CURVE('',#8375,#8376,#5064,.T.);
#16472=EDGE_CURVE('',#8371,#8372,#5084,.T.);
#16497=EDGE_CURVE('',#8428,#8430,#5088,.T.);
#16511=EDGE_CURVE('',#8426,#8428,#5092,.T.);
#16513=EDGE_CURVE('',#8426,#8432,#5104,.T.);
#16515=EDGE_CURVE('',#8432,#8430,#5120,.T.);
#16525=EDGE_CURVE('',#8426,#8423,#5108,.T.);
#16529=EDGE_CURVE('',#8419,#8423,#5116,.T.);
#16539=EDGE_CURVE('',#8423,#8424,#5096,.T.);
#16541=EDGE_CURVE('',#8424,#8432,#5100,.T.);
#16554=EDGE_CURVE('',#8424,#8420,#5112,.T.);
#16578=EDGE_CURVE('',#8387,#8394,#5128,.T.);
#16580=EDGE_CURVE('',#8387,#8391,#5144,.T.);
#16583=EDGE_CURVE('',#8396,#8394,#5152,.T.);
#16593=EDGE_CURVE('',#8387,#8388,#5124,.T.);
#16596=EDGE_CURVE('',#8394,#8400,#5132,.T.);
#16598=EDGE_CURVE('',#8400,#8388,#5136,.T.);
#16609=EDGE_CURVE('',#8392,#8388,#5140,.T.);
#16611=EDGE_CURVE('',#8391,#8392,#5192,.T.);
#16623=EDGE_CURVE('',#8400,#8398,#5148,.T.);
#16635=EDGE_CURVE('',#8396,#8398,#5156,.T.);
#16660=EDGE_CURVE('',#8412,#8414,#5160,.T.);
#16674=EDGE_CURVE('',#8410,#8412,#5164,.T.);
#16676=EDGE_CURVE('',#8410,#8416,#5176,.T.);
#16678=EDGE_CURVE('',#8416,#8414,#5200,.T.);
#16688=EDGE_CURVE('',#8410,#8407,#5180,.T.);
#16692=EDGE_CURVE('',#8403,#8407,#5188,.T.);
#16702=EDGE_CURVE('',#8407,#8408,#5168,.T.);
#16704=EDGE_CURVE('',#8408,#8416,#5172,.T.);
#16716=EDGE_CURVE('',#8403,#8404,#5196,.T.);
#16718=EDGE_CURVE('',#8408,#8404,#5184,.T.);
#16766=EDGE_CURVE('',#8436,#8446,#5204,.T.);
#16768=EDGE_CURVE('',#8436,#8003,#5208,.T.);
#16771=EDGE_CURVE('',#8004,#8446,#5212,.T.);
#16781=EDGE_CURVE('',#8462,#8456,#5216,.T.);
#16783=EDGE_CURVE('',#8462,#8007,#5220,.T.);
#16786=EDGE_CURVE('',#8008,#8456,#5224,.T.);
#16796=EDGE_CURVE('',#8468,#8478,#5228,.T.);
#16798=EDGE_CURVE('',#8468,#7992,#5232,.T.);
#16801=EDGE_CURVE('',#7991,#8478,#5236,.T.);
#16811=EDGE_CURVE('',#8484,#8494,#5240,.T.);
#16813=EDGE_CURVE('',#8484,#7988,#5244,.T.);
#16816=EDGE_CURVE('',#7987,#8494,#5248,.T.);
#16827=EDGE_CURVE('',#8448,#8446,#5252,.T.);
#16829=EDGE_CURVE('',#8440,#8448,#5324,.T.);
#16831=EDGE_CURVE('',#8440,#8436,#5336,.T.);
#16841=EDGE_CURVE('',#8444,#8446,#5260,.T.);
#16843=EDGE_CURVE('',#8442,#8444,#5256,.T.);
#16845=EDGE_CURVE('',#8442,#8448,#5328,.T.);
#16859=EDGE_CURVE('',#8012,#8444,#5272,.T.);
#16869=EDGE_CURVE('',#8483,#8484,#5264,.T.);
#16871=EDGE_CURVE('',#8483,#7996,#5312,.T.);
#16883=EDGE_CURVE('',#8444,#8435,#5268,.T.);
#16887=EDGE_CURVE('',#8435,#8011,#5276,.T.);
#16897=EDGE_CURVE('',#8455,#8460,#5280,.T.);
#16899=EDGE_CURVE('',#8016,#8455,#5284,.T.);
#16902=EDGE_CURVE('',#8460,#8015,#5288,.T.);
#16912=EDGE_CURVE('',#8476,#8467,#5292,.T.);
#16914=EDGE_CURVE('',#7999,#8476,#5296,.T.);
#16917=EDGE_CURVE('',#8467,#8000,#5300,.T.);
#16927=EDGE_CURVE('',#8492,#8483,#5304,.T.);
#16929=EDGE_CURVE('',#7995,#8492,#5308,.T.);
#16941=EDGE_CURVE('',#8442,#8439,#5332,.T.);
#16945=EDGE_CURVE('',#8439,#8435,#5316,.T.);
#16955=EDGE_CURVE('',#8439,#8440,#5320,.T.);
#16968=EDGE_CURVE('',#8435,#8436,#5340,.T.);
#16993=EDGE_CURVE('',#8492,#8494,#5344,.T.);
#17007=EDGE_CURVE('',#8490,#8492,#5348,.T.);
#17009=EDGE_CURVE('',#8490,#8496,#5360,.T.);
#17011=EDGE_CURVE('',#8496,#8494,#5376,.T.);
#17021=EDGE_CURVE('',#8490,#8487,#5364,.T.);
#17025=EDGE_CURVE('',#8483,#8487,#5372,.T.);
#17035=EDGE_CURVE('',#8487,#8488,#5352,.T.);
#17037=EDGE_CURVE('',#8488,#8496,#5356,.T.);
#17050=EDGE_CURVE('',#8488,#8484,#5368,.T.);
#17074=EDGE_CURVE('',#8451,#8458,#5384,.T.);
#17076=EDGE_CURVE('',#8451,#8455,#5400,.T.);
#17079=EDGE_CURVE('',#8460,#8458,#5408,.T.);
#17089=EDGE_CURVE('',#8451,#8452,#5380,.T.);
#17092=EDGE_CURVE('',#8458,#8464,#5388,.T.);
#17094=EDGE_CURVE('',#8464,#8452,#5392,.T.);
#17105=EDGE_CURVE('',#8456,#8452,#5396,.T.);
#17107=EDGE_CURVE('',#8455,#8456,#5448,.T.);
#17119=EDGE_CURVE('',#8464,#8462,#5404,.T.);
#17131=EDGE_CURVE('',#8460,#8462,#5412,.T.);
#17156=EDGE_CURVE('',#8476,#8478,#5416,.T.);
#17170=EDGE_CURVE('',#8474,#8476,#5420,.T.);
#17172=EDGE_CURVE('',#8474,#8480,#5432,.T.);
#17174=EDGE_CURVE('',#8480,#8478,#5456,.T.);
#17184=EDGE_CURVE('',#8474,#8471,#5436,.T.);
#17188=EDGE_CURVE('',#8467,#8471,#5444,.T.);
#17198=EDGE_CURVE('',#8471,#8472,#5424,.T.);
#17200=EDGE_CURVE('',#8472,#8480,#5428,.T.);
#17212=EDGE_CURVE('',#8467,#8468,#5452,.T.);
#17214=EDGE_CURVE('',#8472,#8468,#5440,.T.);
#17262=EDGE_CURVE('',#8500,#8510,#5460,.T.);
#17264=EDGE_CURVE('',#8500,#8035,#5464,.T.);
#17267=EDGE_CURVE('',#8036,#8510,#5468,.T.);
#17277=EDGE_CURVE('',#8526,#8520,#5472,.T.);
#17279=EDGE_CURVE('',#8526,#8039,#5476,.T.);
#17282=EDGE_CURVE('',#8040,#8520,#5480,.T.);
#17292=EDGE_CURVE('',#8532,#8542,#5484,.T.);
#17294=EDGE_CURVE('',#8532,#8024,#5488,.T.);
#17297=EDGE_CURVE('',#8023,#8542,#5492,.T.);
#17307=EDGE_CURVE('',#8548,#8558,#5496,.T.);
#17309=EDGE_CURVE('',#8548,#8020,#5500,.T.);
#17312=EDGE_CURVE('',#8019,#8558,#5504,.T.);
#17323=EDGE_CURVE('',#8512,#8510,#5508,.T.);
#17325=EDGE_CURVE('',#8504,#8512,#5580,.T.);
#17327=EDGE_CURVE('',#8504,#8500,#5592,.T.);
#17337=EDGE_CURVE('',#8508,#8510,#5516,.T.);
#17339=EDGE_CURVE('',#8506,#8508,#5512,.T.);
#17341=EDGE_CURVE('',#8506,#8512,#5584,.T.);
#17355=EDGE_CURVE('',#8044,#8508,#5528,.T.);
#17365=EDGE_CURVE('',#8547,#8548,#5520,.T.);
#17367=EDGE_CURVE('',#8547,#8028,#5568,.T.);
#17379=EDGE_CURVE('',#8508,#8499,#5524,.T.);
#17383=EDGE_CURVE('',#8499,#8043,#5532,.T.);
#17393=EDGE_CURVE('',#8519,#8524,#5536,.T.);
#17395=EDGE_CURVE('',#8048,#8519,#5540,.T.);
#17398=EDGE_CURVE('',#8524,#8047,#5544,.T.);
#17408=EDGE_CURVE('',#8540,#8531,#5548,.T.);
#17410=EDGE_CURVE('',#8031,#8540,#5552,.T.);
#17413=EDGE_CURVE('',#8531,#8032,#5556,.T.);
#17423=EDGE_CURVE('',#8556,#8547,#5560,.T.);
#17425=EDGE_CURVE('',#8027,#8556,#5564,.T.);
#17437=EDGE_CURVE('',#8506,#8503,#5588,.T.);
#17441=EDGE_CURVE('',#8503,#8499,#5572,.T.);
#17451=EDGE_CURVE('',#8503,#8504,#5576,.T.);
#17464=EDGE_CURVE('',#8499,#8500,#5596,.T.);
#17489=EDGE_CURVE('',#8556,#8558,#5600,.T.);
#17503=EDGE_CURVE('',#8554,#8556,#5604,.T.);
#17505=EDGE_CURVE('',#8554,#8560,#5616,.T.);
#17507=EDGE_CURVE('',#8560,#8558,#5632,.T.);
#17517=EDGE_CURVE('',#8554,#8551,#5620,.T.);
#17521=EDGE_CURVE('',#8547,#8551,#5628,.T.);
#17531=EDGE_CURVE('',#8551,#8552,#5608,.T.);
#17533=EDGE_CURVE('',#8552,#8560,#5612,.T.);
#17546=EDGE_CURVE('',#8552,#8548,#5624,.T.);
#17570=EDGE_CURVE('',#8515,#8522,#5640,.T.);
#17572=EDGE_CURVE('',#8515,#8519,#5656,.T.);
#17575=EDGE_CURVE('',#8524,#8522,#5664,.T.);
#17585=EDGE_CURVE('',#8515,#8516,#5636,.T.);
#17588=EDGE_CURVE('',#8522,#8528,#5644,.T.);
#17590=EDGE_CURVE('',#8528,#8516,#5648,.T.);
#17601=EDGE_CURVE('',#8520,#8516,#5652,.T.);
#17603=EDGE_CURVE('',#8519,#8520,#5704,.T.);
#17615=EDGE_CURVE('',#8528,#8526,#5660,.T.);
#17627=EDGE_CURVE('',#8524,#8526,#5668,.T.);
#17652=EDGE_CURVE('',#8540,#8542,#5672,.T.);
#17666=EDGE_CURVE('',#8538,#8540,#5676,.T.);
#17668=EDGE_CURVE('',#8538,#8544,#5688,.T.);
#17670=EDGE_CURVE('',#8544,#8542,#5712,.T.);
#17680=EDGE_CURVE('',#8538,#8535,#5692,.T.);
#17684=EDGE_CURVE('',#8531,#8535,#5700,.T.);
#17694=EDGE_CURVE('',#8535,#8536,#5680,.T.);
#17696=EDGE_CURVE('',#8536,#8544,#5684,.T.);
#17708=EDGE_CURVE('',#8531,#8532,#5708,.T.);
#17710=EDGE_CURVE('',#8536,#8532,#5696,.T.);
#17758=EDGE_CURVE('',#8564,#8574,#5716,.T.);
#17760=EDGE_CURVE('',#8564,#8067,#5720,.T.);
#17763=EDGE_CURVE('',#8068,#8574,#5724,.T.);
#17773=EDGE_CURVE('',#8590,#8584,#5728,.T.);
#17775=EDGE_CURVE('',#8590,#8071,#5732,.T.);
#17778=EDGE_CURVE('',#8072,#8584,#5736,.T.);
#17788=EDGE_CURVE('',#8596,#8606,#5740,.T.);
#17790=EDGE_CURVE('',#8596,#8056,#5744,.T.);
#17793=EDGE_CURVE('',#8055,#8606,#5748,.T.);
#17803=EDGE_CURVE('',#8612,#8622,#5752,.T.);
#17805=EDGE_CURVE('',#8612,#8052,#5756,.T.);
#17808=EDGE_CURVE('',#8051,#8622,#5760,.T.);
#17819=EDGE_CURVE('',#8576,#8574,#5764,.T.);
#17821=EDGE_CURVE('',#8568,#8576,#5836,.T.);
#17823=EDGE_CURVE('',#8568,#8564,#5848,.T.);
#17833=EDGE_CURVE('',#8572,#8574,#5772,.T.);
#17835=EDGE_CURVE('',#8570,#8572,#5768,.T.);
#17837=EDGE_CURVE('',#8570,#8576,#5840,.T.);
#17851=EDGE_CURVE('',#8076,#8572,#5784,.T.);
#17861=EDGE_CURVE('',#8611,#8612,#5776,.T.);
#17863=EDGE_CURVE('',#8611,#8060,#5824,.T.);
#17875=EDGE_CURVE('',#8572,#8563,#5780,.T.);
#17879=EDGE_CURVE('',#8563,#8075,#5788,.T.);
#17889=EDGE_CURVE('',#8583,#8588,#5792,.T.);
#17891=EDGE_CURVE('',#8080,#8583,#5796,.T.);
#17894=EDGE_CURVE('',#8588,#8079,#5800,.T.);
#17904=EDGE_CURVE('',#8604,#8595,#5804,.T.);
#17906=EDGE_CURVE('',#8063,#8604,#5808,.T.);
#17909=EDGE_CURVE('',#8595,#8064,#5812,.T.);
#17919=EDGE_CURVE('',#8620,#8611,#5816,.T.);
#17921=EDGE_CURVE('',#8059,#8620,#5820,.T.);
#17933=EDGE_CURVE('',#8570,#8567,#5844,.T.);
#17937=EDGE_CURVE('',#8567,#8563,#5828,.T.);
#17947=EDGE_CURVE('',#8567,#8568,#5832,.T.);
#17960=EDGE_CURVE('',#8563,#8564,#5852,.T.);
#17985=EDGE_CURVE('',#8620,#8622,#5856,.T.);
#17999=EDGE_CURVE('',#8618,#8620,#5860,.T.);
#18001=EDGE_CURVE('',#8618,#8624,#5872,.T.);
#18003=EDGE_CURVE('',#8624,#8622,#5888,.T.);
#18013=EDGE_CURVE('',#8618,#8615,#5876,.T.);
#18017=EDGE_CURVE('',#8611,#8615,#5884,.T.);
#18027=EDGE_CURVE('',#8615,#8616,#5864,.T.);
#18029=EDGE_CURVE('',#8616,#8624,#5868,.T.);
#18042=EDGE_CURVE('',#8616,#8612,#5880,.T.);
#18066=EDGE_CURVE('',#8579,#8586,#5896,.T.);
#18068=EDGE_CURVE('',#8579,#8583,#5912,.T.);
#18071=EDGE_CURVE('',#8588,#8586,#5920,.T.);
#18081=EDGE_CURVE('',#8579,#8580,#5892,.T.);
#18084=EDGE_CURVE('',#8586,#8592,#5900,.T.);
#18086=EDGE_CURVE('',#8592,#8580,#5904,.T.);
#18097=EDGE_CURVE('',#8584,#8580,#5908,.T.);
#18099=EDGE_CURVE('',#8583,#8584,#5960,.T.);
#18111=EDGE_CURVE('',#8592,#8590,#5916,.T.);
#18123=EDGE_CURVE('',#8588,#8590,#5924,.T.);
#18148=EDGE_CURVE('',#8604,#8606,#5928,.T.);
#18162=EDGE_CURVE('',#8602,#8604,#5932,.T.);
#18164=EDGE_CURVE('',#8602,#8608,#5944,.T.);
#18166=EDGE_CURVE('',#8608,#8606,#5968,.T.);
#18176=EDGE_CURVE('',#8602,#8599,#5948,.T.);
#18180=EDGE_CURVE('',#8595,#8599,#5956,.T.);
#18190=EDGE_CURVE('',#8599,#8600,#5936,.T.);
#18192=EDGE_CURVE('',#8600,#8608,#5940,.T.);
#18204=EDGE_CURVE('',#8595,#8596,#5964,.T.);
#18206=EDGE_CURVE('',#8600,#8596,#5952,.T.);
#18254=EDGE_CURVE('',#8628,#8638,#5972,.T.);
#18256=EDGE_CURVE('',#8628,#8099,#5976,.T.);
#18259=EDGE_CURVE('',#8100,#8638,#5980,.T.);
#18269=EDGE_CURVE('',#8654,#8648,#5984,.T.);
#18271=EDGE_CURVE('',#8654,#8103,#5988,.T.);
#18274=EDGE_CURVE('',#8104,#8648,#5992,.T.);
#18284=EDGE_CURVE('',#8660,#8670,#5996,.T.);
#18286=EDGE_CURVE('',#8660,#8088,#6000,.T.);
#18289=EDGE_CURVE('',#8087,#8670,#6004,.T.);
#18299=EDGE_CURVE('',#8676,#8686,#6008,.T.);
#18301=EDGE_CURVE('',#8676,#8084,#6012,.T.);
#18304=EDGE_CURVE('',#8083,#8686,#6016,.T.);
#18315=EDGE_CURVE('',#8640,#8638,#6020,.T.);
#18317=EDGE_CURVE('',#8632,#8640,#6092,.T.);
#18319=EDGE_CURVE('',#8632,#8628,#6104,.T.);
#18329=EDGE_CURVE('',#8636,#8638,#6028,.T.);
#18331=EDGE_CURVE('',#8634,#8636,#6024,.T.);
#18333=EDGE_CURVE('',#8634,#8640,#6096,.T.);
#18347=EDGE_CURVE('',#8108,#8636,#6040,.T.);
#18357=EDGE_CURVE('',#8675,#8676,#6032,.T.);
#18359=EDGE_CURVE('',#8675,#8092,#6080,.T.);
#18371=EDGE_CURVE('',#8636,#8627,#6036,.T.);
#18375=EDGE_CURVE('',#8627,#8107,#6044,.T.);
#18385=EDGE_CURVE('',#8647,#8652,#6048,.T.);
#18387=EDGE_CURVE('',#8112,#8647,#6052,.T.);
#18390=EDGE_CURVE('',#8652,#8111,#6056,.T.);
#18400=EDGE_CURVE('',#8668,#8659,#6060,.T.);
#18402=EDGE_CURVE('',#8095,#8668,#6064,.T.);
#18405=EDGE_CURVE('',#8659,#8096,#6068,.T.);
#18415=EDGE_CURVE('',#8684,#8675,#6072,.T.);
#18417=EDGE_CURVE('',#8091,#8684,#6076,.T.);
#18429=EDGE_CURVE('',#8634,#8631,#6100,.T.);
#18433=EDGE_CURVE('',#8631,#8627,#6084,.T.);
#18443=EDGE_CURVE('',#8631,#8632,#6088,.T.);
#18456=EDGE_CURVE('',#8627,#8628,#6108,.T.);
#18481=EDGE_CURVE('',#8684,#8686,#6112,.T.);
#18495=EDGE_CURVE('',#8682,#8684,#6116,.T.);
#18497=EDGE_CURVE('',#8682,#8688,#6128,.T.);
#18499=EDGE_CURVE('',#8688,#8686,#6144,.T.);
#18509=EDGE_CURVE('',#8682,#8679,#6132,.T.);
#18513=EDGE_CURVE('',#8675,#8679,#6140,.T.);
#18523=EDGE_CURVE('',#8679,#8680,#6120,.T.);
#18525=EDGE_CURVE('',#8680,#8688,#6124,.T.);
#18538=EDGE_CURVE('',#8680,#8676,#6136,.T.);
#18562=EDGE_CURVE('',#8643,#8650,#6152,.T.);
#18564=EDGE_CURVE('',#8643,#8647,#6168,.T.);
#18567=EDGE_CURVE('',#8652,#8650,#6176,.T.);
#18577=EDGE_CURVE('',#8643,#8644,#6148,.T.);
#18580=EDGE_CURVE('',#8650,#8656,#6156,.T.);
#18582=EDGE_CURVE('',#8656,#8644,#6160,.T.);
#18593=EDGE_CURVE('',#8648,#8644,#6164,.T.);
#18595=EDGE_CURVE('',#8647,#8648,#6216,.T.);
#18607=EDGE_CURVE('',#8656,#8654,#6172,.T.);
#18619=EDGE_CURVE('',#8652,#8654,#6180,.T.);
#18644=EDGE_CURVE('',#8668,#8670,#6184,.T.);
#18658=EDGE_CURVE('',#8666,#8668,#6188,.T.);
#18660=EDGE_CURVE('',#8666,#8672,#6200,.T.);
#18662=EDGE_CURVE('',#8672,#8670,#6224,.T.);
#18672=EDGE_CURVE('',#8666,#8663,#6204,.T.);
#18676=EDGE_CURVE('',#8659,#8663,#6212,.T.);
#18686=EDGE_CURVE('',#8663,#8664,#6192,.T.);
#18688=EDGE_CURVE('',#8664,#8672,#6196,.T.);
#18700=EDGE_CURVE('',#8659,#8660,#6220,.T.);
#18702=EDGE_CURVE('',#8664,#8660,#6208,.T.);
#18750=EDGE_CURVE('',#8884,#8894,#6228,.T.);
#18752=EDGE_CURVE('',#8884,#8835,#6232,.T.);
#18755=EDGE_CURVE('',#8836,#8894,#6236,.T.);
#18765=EDGE_CURVE('',#8910,#8904,#6240,.T.);
#18767=EDGE_CURVE('',#8910,#8839,#6244,.T.);
#18770=EDGE_CURVE('',#8840,#8904,#6248,.T.);
#18780=EDGE_CURVE('',#8916,#8926,#6252,.T.);
#18782=EDGE_CURVE('',#8916,#8824,#6256,.T.);
#18785=EDGE_CURVE('',#8823,#8926,#6260,.T.);
#18795=EDGE_CURVE('',#8932,#8942,#6264,.T.);
#18797=EDGE_CURVE('',#8932,#8820,#6268,.T.);
#18800=EDGE_CURVE('',#8819,#8942,#6272,.T.);
#18811=EDGE_CURVE('',#8896,#8894,#6276,.T.);
#18813=EDGE_CURVE('',#8888,#8896,#6348,.T.);
#18815=EDGE_CURVE('',#8888,#8884,#6360,.T.);
#18825=EDGE_CURVE('',#8892,#8894,#6284,.T.);
#18827=EDGE_CURVE('',#8890,#8892,#6280,.T.);
#18829=EDGE_CURVE('',#8890,#8896,#6352,.T.);
#18843=EDGE_CURVE('',#8844,#8892,#6296,.T.);
#18853=EDGE_CURVE('',#8931,#8932,#6288,.T.);
#18855=EDGE_CURVE('',#8931,#8828,#6336,.T.);
#18867=EDGE_CURVE('',#8892,#8883,#6292,.T.);
#18871=EDGE_CURVE('',#8883,#8843,#6300,.T.);
#18881=EDGE_CURVE('',#8903,#8908,#6304,.T.);
#18883=EDGE_CURVE('',#8848,#8903,#6308,.T.);
#18886=EDGE_CURVE('',#8908,#8847,#6312,.T.);
#18896=EDGE_CURVE('',#8924,#8915,#6316,.T.);
#18898=EDGE_CURVE('',#8831,#8924,#6320,.T.);
#18901=EDGE_CURVE('',#8915,#8832,#6324,.T.);
#18911=EDGE_CURVE('',#8940,#8931,#6328,.T.);
#18913=EDGE_CURVE('',#8827,#8940,#6332,.T.);
#18925=EDGE_CURVE('',#8890,#8887,#6356,.T.);
#18929=EDGE_CURVE('',#8887,#8883,#6340,.T.);
#18939=EDGE_CURVE('',#8887,#8888,#6344,.T.);
#18952=EDGE_CURVE('',#8883,#8884,#6364,.T.);
#18977=EDGE_CURVE('',#8940,#8942,#6368,.T.);
#18991=EDGE_CURVE('',#8938,#8940,#6372,.T.);
#18993=EDGE_CURVE('',#8938,#8944,#6384,.T.);
#18995=EDGE_CURVE('',#8944,#8942,#6400,.T.);
#19005=EDGE_CURVE('',#8938,#8935,#6388,.T.);
#19009=EDGE_CURVE('',#8931,#8935,#6396,.T.);
#19019=EDGE_CURVE('',#8935,#8936,#6376,.T.);
#19021=EDGE_CURVE('',#8936,#8944,#6380,.T.);
#19034=EDGE_CURVE('',#8936,#8932,#6392,.T.);
#19058=EDGE_CURVE('',#8899,#8906,#6408,.T.);
#19060=EDGE_CURVE('',#8899,#8903,#6424,.T.);
#19063=EDGE_CURVE('',#8908,#8906,#6432,.T.);
#19073=EDGE_CURVE('',#8899,#8900,#6404,.T.);
#19076=EDGE_CURVE('',#8906,#8912,#6412,.T.);
#19078=EDGE_CURVE('',#8912,#8900,#6416,.T.);
#19089=EDGE_CURVE('',#8904,#8900,#6420,.T.);
#19091=EDGE_CURVE('',#8903,#8904,#6472,.T.);
#19103=EDGE_CURVE('',#8912,#8910,#6428,.T.);
#19115=EDGE_CURVE('',#8908,#8910,#6436,.T.);
#19140=EDGE_CURVE('',#8924,#8926,#6440,.T.);
#19154=EDGE_CURVE('',#8922,#8924,#6444,.T.);
#19156=EDGE_CURVE('',#8922,#8928,#6456,.T.);
#19158=EDGE_CURVE('',#8928,#8926,#6480,.T.);
#19168=EDGE_CURVE('',#8922,#8919,#6460,.T.);
#19172=EDGE_CURVE('',#8915,#8919,#6468,.T.);
#19182=EDGE_CURVE('',#8919,#8920,#6448,.T.);
#19184=EDGE_CURVE('',#8920,#8928,#6452,.T.);
#19196=EDGE_CURVE('',#8915,#8916,#6476,.T.);
#19198=EDGE_CURVE('',#8920,#8916,#6464,.T.);
#19246=EDGE_CURVE('',#8948,#8958,#6484,.T.);
#19248=EDGE_CURVE('',#8948,#8867,#6488,.T.);
#19251=EDGE_CURVE('',#8868,#8958,#6492,.T.);
#19261=EDGE_CURVE('',#8974,#8968,#6496,.T.);
#19263=EDGE_CURVE('',#8974,#8871,#6500,.T.);
#19266=EDGE_CURVE('',#8872,#8968,#6504,.T.);
#19276=EDGE_CURVE('',#8980,#8990,#6508,.T.);
#19278=EDGE_CURVE('',#8980,#8856,#6512,.T.);
#19281=EDGE_CURVE('',#8855,#8990,#6516,.T.);
#19291=EDGE_CURVE('',#8996,#9006,#6520,.T.);
#19293=EDGE_CURVE('',#8996,#8852,#6524,.T.);
#19296=EDGE_CURVE('',#8851,#9006,#6528,.T.);
#19307=EDGE_CURVE('',#8960,#8958,#6532,.T.);
#19309=EDGE_CURVE('',#8952,#8960,#6604,.T.);
#19311=EDGE_CURVE('',#8952,#8948,#6616,.T.);
#19321=EDGE_CURVE('',#8956,#8958,#6540,.T.);
#19323=EDGE_CURVE('',#8954,#8956,#6536,.T.);
#19325=EDGE_CURVE('',#8954,#8960,#6608,.T.);
#19339=EDGE_CURVE('',#8876,#8956,#6552,.T.);
#19349=EDGE_CURVE('',#8995,#8996,#6544,.T.);
#19351=EDGE_CURVE('',#8995,#8860,#6592,.T.);
#19363=EDGE_CURVE('',#8956,#8947,#6548,.T.);
#19367=EDGE_CURVE('',#8947,#8875,#6556,.T.);
#19377=EDGE_CURVE('',#8967,#8972,#6560,.T.);
#19379=EDGE_CURVE('',#8880,#8967,#6564,.T.);
#19382=EDGE_CURVE('',#8972,#8879,#6568,.T.);
#19392=EDGE_CURVE('',#8988,#8979,#6572,.T.);
#19394=EDGE_CURVE('',#8863,#8988,#6576,.T.);
#19397=EDGE_CURVE('',#8979,#8864,#6580,.T.);
#19407=EDGE_CURVE('',#9004,#8995,#6584,.T.);
#19409=EDGE_CURVE('',#8859,#9004,#6588,.T.);
#19421=EDGE_CURVE('',#8954,#8951,#6612,.T.);
#19425=EDGE_CURVE('',#8951,#8947,#6596,.T.);
#19435=EDGE_CURVE('',#8951,#8952,#6600,.T.);
#19448=EDGE_CURVE('',#8947,#8948,#6620,.T.);
#19473=EDGE_CURVE('',#9004,#9006,#6624,.T.);
#19487=EDGE_CURVE('',#9002,#9004,#6628,.T.);
#19489=EDGE_CURVE('',#9002,#9008,#6640,.T.);
#19491=EDGE_CURVE('',#9008,#9006,#6656,.T.);
#19501=EDGE_CURVE('',#9002,#8999,#6644,.T.);
#19505=EDGE_CURVE('',#8995,#8999,#6652,.T.);
#19515=EDGE_CURVE('',#8999,#9000,#6632,.T.);
#19517=EDGE_CURVE('',#9000,#9008,#6636,.T.);
#19530=EDGE_CURVE('',#9000,#8996,#6648,.T.);
#19554=EDGE_CURVE('',#8963,#8970,#6664,.T.);
#19556=EDGE_CURVE('',#8963,#8967,#6680,.T.);
#19559=EDGE_CURVE('',#8972,#8970,#6688,.T.);
#19569=EDGE_CURVE('',#8963,#8964,#6660,.T.);
#19572=EDGE_CURVE('',#8970,#8976,#6668,.T.);
#19574=EDGE_CURVE('',#8976,#8964,#6672,.T.);
#19585=EDGE_CURVE('',#8968,#8964,#6676,.T.);
#19587=EDGE_CURVE('',#8967,#8968,#6728,.T.);
#19599=EDGE_CURVE('',#8976,#8974,#6684,.T.);
#19611=EDGE_CURVE('',#8972,#8974,#6692,.T.);
#19636=EDGE_CURVE('',#8988,#8990,#6696,.T.);
#19650=EDGE_CURVE('',#8986,#8988,#6700,.T.);
#19652=EDGE_CURVE('',#8986,#8992,#6712,.T.);
#19654=EDGE_CURVE('',#8992,#8990,#6736,.T.);
#19664=EDGE_CURVE('',#8986,#8983,#6716,.T.);
#19668=EDGE_CURVE('',#8979,#8983,#6724,.T.);
#19678=EDGE_CURVE('',#8983,#8984,#6704,.T.);
#19680=EDGE_CURVE('',#8984,#8992,#6708,.T.);
#19692=EDGE_CURVE('',#8979,#8980,#6732,.T.);
#19694=EDGE_CURVE('',#8984,#8980,#6720,.T.);
#19743=EDGE_CURVE('',#9240,#9228,#6740,.T.);
#19746=EDGE_CURVE('',#9227,#9239,#6820,.T.);
#19757=EDGE_CURVE('',#9230,#9242,#6828,.T.);
#19769=EDGE_CURVE('',#7227,#7239,#6744,.T.);
#19772=EDGE_CURVE('',#7035,#7051,#6840,.T.);
#19783=EDGE_CURVE('',#9011,#9023,#6748,.T.);
#19786=EDGE_CURVE('',#7230,#7242,#6752,.T.);
#19797=EDGE_CURVE('',#9035,#9047,#6756,.T.);
#19800=EDGE_CURVE('',#9014,#9026,#6760,.T.);
#19811=EDGE_CURVE('',#9059,#9071,#6764,.T.);
#19814=EDGE_CURVE('',#9038,#9050,#6768,.T.);
#19825=EDGE_CURVE('',#9083,#9095,#6772,.T.);
#19828=EDGE_CURVE('',#9062,#9074,#6776,.T.);
#19839=EDGE_CURVE('',#9107,#9119,#6780,.T.);
#19842=EDGE_CURVE('',#9086,#9098,#6784,.T.);
#19853=EDGE_CURVE('',#9131,#9143,#6788,.T.);
#19856=EDGE_CURVE('',#9110,#9122,#6792,.T.);
#19867=EDGE_CURVE('',#9155,#9167,#6796,.T.);
#19870=EDGE_CURVE('',#9134,#9146,#6800,.T.);
#19881=EDGE_CURVE('',#9179,#9191,#6804,.T.);
#19884=EDGE_CURVE('',#9158,#9170,#6808,.T.);
#19895=EDGE_CURVE('',#9203,#9215,#6812,.T.);
#19898=EDGE_CURVE('',#9182,#9194,#6816,.T.);
#19911=EDGE_CURVE('',#9206,#9218,#6824,.T.);
#19924=EDGE_CURVE('',#7048,#7064,#6832,.T.);
#19936=EDGE_CURVE('',#7240,#7228,#6836,.T.);
#19963=EDGE_CURVE('',#7036,#7052,#6844,.T.);
#19976=EDGE_CURVE('',#7038,#7054,#6848,.T.);
#19989=EDGE_CURVE('',#7040,#7056,#6856,.T.);
#19999=EDGE_CURVE('',#7236,#7248,#6852,.T.);
#20012=EDGE_CURVE('',#9020,#9032,#6860,.T.);
#20015=EDGE_CURVE('',#7233,#7245,#6864,.T.);
#20026=EDGE_CURVE('',#9044,#9056,#6868,.T.);
#20029=EDGE_CURVE('',#9017,#9029,#6872,.T.);
#20040=EDGE_CURVE('',#9068,#9080,#6876,.T.);
#20043=EDGE_CURVE('',#9041,#9053,#6880,.T.);
#20054=EDGE_CURVE('',#9092,#9104,#6884,.T.);
#20057=EDGE_CURVE('',#9065,#9077,#6888,.T.);
#20068=EDGE_CURVE('',#9116,#9128,#6892,.T.);
#20071=EDGE_CURVE('',#9089,#9101,#6896,.T.);
#20082=EDGE_CURVE('',#9140,#9152,#6900,.T.);
#20085=EDGE_CURVE('',#9113,#9125,#6904,.T.);
#20096=EDGE_CURVE('',#9164,#9176,#6908,.T.);
#20099=EDGE_CURVE('',#9137,#9149,#6912,.T.);
#20110=EDGE_CURVE('',#9188,#9200,#6916,.T.);
#20113=EDGE_CURVE('',#9161,#9173,#6920,.T.);
#20124=EDGE_CURVE('',#9212,#9224,#6924,.T.);
#20127=EDGE_CURVE('',#9185,#9197,#6928,.T.);
#20138=EDGE_CURVE('',#9233,#9245,#6932,.T.);
#20141=EDGE_CURVE('',#7043,#7059,#6988,.T.);
#20152=EDGE_CURVE('',#9236,#9248,#6936,.T.);
#20155=EDGE_CURVE('',#9209,#9221,#6940,.T.);
#20169=EDGE_CURVE('',#7246,#7234,#6944,.T.);
#20194=EDGE_CURVE('',#9030,#9018,#6948,.T.);
#20219=EDGE_CURVE('',#9054,#9042,#6952,.T.);
#20244=EDGE_CURVE('',#9078,#9066,#6956,.T.);
#20269=EDGE_CURVE('',#9102,#9090,#6960,.T.);
#20294=EDGE_CURVE('',#9126,#9114,#6964,.T.);
#20319=EDGE_CURVE('',#9150,#9138,#6968,.T.);
#20344=EDGE_CURVE('',#9174,#9162,#6972,.T.);
#20369=EDGE_CURVE('',#9198,#9186,#6976,.T.);
#20394=EDGE_CURVE('',#9222,#9210,#6980,.T.);
#20417=EDGE_CURVE('',#9246,#9234,#6984,.T.);
#20444=EDGE_CURVE('',#7044,#7060,#6992,.T.);
#20457=EDGE_CURVE('',#7046,#7062,#6996,.T.);
#20480=EDGE_CURVE('',#9024,#9012,#7000,.T.);
#20505=EDGE_CURVE('',#9048,#9036,#7004,.T.);
#20530=EDGE_CURVE('',#9072,#9060,#7008,.T.);
#20555=EDGE_CURVE('',#9096,#9084,#7012,.T.);
#20580=EDGE_CURVE('',#9120,#9108,#7016,.T.);
#20605=EDGE_CURVE('',#9144,#9132,#7020,.T.);
#20630=EDGE_CURVE('',#9168,#9156,#7024,.T.);
#20655=EDGE_CURVE('',#9192,#9180,#7028,.T.);
#20680=EDGE_CURVE('',#9216,#9204,#7032,.T.);
#20709=CIRCLE('',#20708,5.E-1);
#20710=TRIMMED_CURVE('',#20709,(PARAMETER_VALUE(0.E0)),(PARAMETER_VALUE(1.8E2)),
.T.,.UNSPECIFIED.);
#20711=COMPOSITE_CURVE_SEGMENT(.CONTINUOUS.,.T.,#20710);
#20716=CIRCLE('',#20715,5.E-1);
#20717=TRIMMED_CURVE('',#20716,(PARAMETER_VALUE(0.E0)),(PARAMETER_VALUE(1.8E2)),
.T.,.UNSPECIFIED.);
#20718=COMPOSITE_CURVE_SEGMENT(.CONTINUOUS.,.T.,#20717);
#20719=COMPOSITE_CURVE('',(#20711,#20718),.F.);
#20725=CIRCLE('',#20724,5.E-1);
#20726=TRIMMED_CURVE('',#20725,(PARAMETER_VALUE(0.E0)),(PARAMETER_VALUE(1.8E2)),
.T.,.UNSPECIFIED.);
#20727=COMPOSITE_CURVE_SEGMENT(.CONTINUOUS.,.T.,#20726);
#20732=CIRCLE('',#20731,5.E-1);
#20733=TRIMMED_CURVE('',#20732,(PARAMETER_VALUE(0.E0)),(PARAMETER_VALUE(1.8E2)),
.T.,.UNSPECIFIED.);
#20734=COMPOSITE_CURVE_SEGMENT(.CONTINUOUS.,.T.,#20733);
#20735=COMPOSITE_CURVE('',(#20727,#20734),.F.);
#20740=CIRCLE('',#20739,5.E-1);
#20741=TRIMMED_CURVE('',#20740,(PARAMETER_VALUE(0.E0)),(PARAMETER_VALUE(1.8E2)),
.T.,.UNSPECIFIED.);
#20742=COMPOSITE_CURVE_SEGMENT(.CONTINUOUS.,.T.,#20741);
#20747=CIRCLE('',#20746,5.E-1);
#20748=TRIMMED_CURVE('',#20747,(PARAMETER_VALUE(0.E0)),(PARAMETER_VALUE(1.8E2)),
.T.,.UNSPECIFIED.);
#20749=COMPOSITE_CURVE_SEGMENT(.CONTINUOUS.,.T.,#20748);
#20750=COMPOSITE_CURVE('',(#20742,#20749),.F.);
#20755=CIRCLE('',#20754,5.E-1);
#20756=TRIMMED_CURVE('',#20755,(PARAMETER_VALUE(0.E0)),(PARAMETER_VALUE(1.8E2)),
.T.,.UNSPECIFIED.);
#20757=COMPOSITE_CURVE_SEGMENT(.CONTINUOUS.,.T.,#20756);
#20762=CIRCLE('',#20761,5.E-1);
#20763=TRIMMED_CURVE('',#20762,(PARAMETER_VALUE(0.E0)),(PARAMETER_VALUE(1.8E2)),
.T.,.UNSPECIFIED.);
#20764=COMPOSITE_CURVE_SEGMENT(.CONTINUOUS.,.T.,#20763);
#20765=COMPOSITE_CURVE('',(#20757,#20764),.F.);
#20770=CIRCLE('',#20769,5.E-1);
#20771=TRIMMED_CURVE('',#20770,(PARAMETER_VALUE(0.E0)),(PARAMETER_VALUE(1.8E2)),
.T.,.UNSPECIFIED.);
#20772=COMPOSITE_CURVE_SEGMENT(.CONTINUOUS.,.T.,#20771);
#20777=CIRCLE('',#20776,5.E-1);
#20778=TRIMMED_CURVE('',#20777,(PARAMETER_VALUE(0.E0)),(PARAMETER_VALUE(1.8E2)),
.T.,.UNSPECIFIED.);
#20779=COMPOSITE_CURVE_SEGMENT(.CONTINUOUS.,.T.,#20778);
#20780=COMPOSITE_CURVE('',(#20772,#20779),.F.);
#20785=CIRCLE('',#20784,5.E-1);
#20786=TRIMMED_CURVE('',#20785,(PARAMETER_VALUE(0.E0)),(PARAMETER_VALUE(1.8E2)),
.T.,.UNSPECIFIED.);
#20787=COMPOSITE_CURVE_SEGMENT(.CONTINUOUS.,.T.,#20786);
#20792=CIRCLE('',#20791,5.E-1);
#20793=TRIMMED_CURVE('',#20792,(PARAMETER_VALUE(0.E0)),(PARAMETER_VALUE(1.8E2)),
.T.,.UNSPECIFIED.);
#20794=COMPOSITE_CURVE_SEGMENT(.CONTINUOUS.,.T.,#20793);
#20795=COMPOSITE_CURVE('',(#20787,#20794),.F.);
#20800=CIRCLE('',#20799,5.E-1);
#20801=TRIMMED_CURVE('',#20800,(PARAMETER_VALUE(0.E0)),(PARAMETER_VALUE(1.8E2)),
.T.,.UNSPECIFIED.);
#20802=COMPOSITE_CURVE_SEGMENT(.CONTINUOUS.,.T.,#20801);
#20807=CIRCLE('',#20806,5.E-1);
#20808=TRIMMED_CURVE('',#20807,(PARAMETER_VALUE(0.E0)),(PARAMETER_VALUE(1.8E2)),
.T.,.UNSPECIFIED.);
#20809=COMPOSITE_CURVE_SEGMENT(.CONTINUOUS.,.T.,#20808);
#20810=COMPOSITE_CURVE('',(#20802,#20809),.F.);
#20815=CIRCLE('',#20814,5.E-1);
#20816=TRIMMED_CURVE('',#20815,(PARAMETER_VALUE(0.E0)),(PARAMETER_VALUE(1.8E2)),
.T.,.UNSPECIFIED.);
#20817=COMPOSITE_CURVE_SEGMENT(.CONTINUOUS.,.T.,#20816);
#20822=CIRCLE('',#20821,5.E-1);
#20823=TRIMMED_CURVE('',#20822,(PARAMETER_VALUE(0.E0)),(PARAMETER_VALUE(1.8E2)),
.T.,.UNSPECIFIED.);
#20824=COMPOSITE_CURVE_SEGMENT(.CONTINUOUS.,.T.,#20823);
#20825=COMPOSITE_CURVE('',(#20817,#20824),.F.);
#20830=CIRCLE('',#20829,5.E-1);
#20831=TRIMMED_CURVE('',#20830,(PARAMETER_VALUE(0.E0)),(PARAMETER_VALUE(1.8E2)),
.T.,.UNSPECIFIED.);
#20832=COMPOSITE_CURVE_SEGMENT(.CONTINUOUS.,.T.,#20831);
#20837=CIRCLE('',#20836,5.E-1);
#20838=TRIMMED_CURVE('',#20837,(PARAMETER_VALUE(0.E0)),(PARAMETER_VALUE(1.8E2)),
.T.,.UNSPECIFIED.);
#20839=COMPOSITE_CURVE_SEGMENT(.CONTINUOUS.,.T.,#20838);
#20840=COMPOSITE_CURVE('',(#20832,#20839),.F.);
#20845=CIRCLE('',#20844,5.E-1);
#20846=TRIMMED_CURVE('',#20845,(PARAMETER_VALUE(0.E0)),(PARAMETER_VALUE(1.8E2)),
.T.,.UNSPECIFIED.);
#20847=COMPOSITE_CURVE_SEGMENT(.CONTINUOUS.,.T.,#20846);
#20852=CIRCLE('',#20851,5.E-1);
#20853=TRIMMED_CURVE('',#20852,(PARAMETER_VALUE(0.E0)),(PARAMETER_VALUE(1.8E2)),
.T.,.UNSPECIFIED.);
#20854=COMPOSITE_CURVE_SEGMENT(.CONTINUOUS.,.T.,#20853);
#20855=COMPOSITE_CURVE('',(#20847,#20854),.F.);
#20860=CIRCLE('',#20859,5.E-1);
#20861=TRIMMED_CURVE('',#20860,(PARAMETER_VALUE(0.E0)),(PARAMETER_VALUE(1.8E2)),
.T.,.UNSPECIFIED.);
#20862=COMPOSITE_CURVE_SEGMENT(.CONTINUOUS.,.T.,#20861);
#20867=CIRCLE('',#20866,5.E-1);
#20868=TRIMMED_CURVE('',#20867,(PARAMETER_VALUE(0.E0)),(PARAMETER_VALUE(1.8E2)),
.T.,.UNSPECIFIED.);
#20869=COMPOSITE_CURVE_SEGMENT(.CONTINUOUS.,.T.,#20868);
#20870=COMPOSITE_CURVE('',(#20862,#20869),.F.);
#20875=CIRCLE('',#20874,5.E-1);
#20876=TRIMMED_CURVE('',#20875,(PARAMETER_VALUE(0.E0)),(PARAMETER_VALUE(1.8E2)),
.T.,.UNSPECIFIED.);
#20877=COMPOSITE_CURVE_SEGMENT(.CONTINUOUS.,.T.,#20876);
#20882=CIRCLE('',#20881,5.E-1);
#20883=TRIMMED_CURVE('',#20882,(PARAMETER_VALUE(0.E0)),(PARAMETER_VALUE(1.8E2)),
.T.,.UNSPECIFIED.);
#20884=COMPOSITE_CURVE_SEGMENT(.CONTINUOUS.,.T.,#20883);
#20885=COMPOSITE_CURVE('',(#20877,#20884),.F.);
#20890=CIRCLE('',#20889,5.E-1);
#20891=TRIMMED_CURVE('',#20890,(PARAMETER_VALUE(0.E0)),(PARAMETER_VALUE(1.8E2)),
.T.,.UNSPECIFIED.);
#20892=COMPOSITE_CURVE_SEGMENT(.CONTINUOUS.,.T.,#20891);
#20897=CIRCLE('',#20896,5.E-1);
#20898=TRIMMED_CURVE('',#20897,(PARAMETER_VALUE(0.E0)),(PARAMETER_VALUE(1.8E2)),
.T.,.UNSPECIFIED.);
#20899=COMPOSITE_CURVE_SEGMENT(.CONTINUOUS.,.T.,#20898);
#20900=COMPOSITE_CURVE('',(#20892,#20899),.F.);
#20905=CIRCLE('',#20904,5.E-1);
#20906=TRIMMED_CURVE('',#20905,(PARAMETER_VALUE(0.E0)),(PARAMETER_VALUE(1.8E2)),
.T.,.UNSPECIFIED.);
#20907=COMPOSITE_CURVE_SEGMENT(.CONTINUOUS.,.T.,#20906);
#20912=CIRCLE('',#20911,5.E-1);
#20913=TRIMMED_CURVE('',#20912,(PARAMETER_VALUE(0.E0)),(PARAMETER_VALUE(1.8E2)),
.T.,.UNSPECIFIED.);
#20914=COMPOSITE_CURVE_SEGMENT(.CONTINUOUS.,.T.,#20913);
#20915=COMPOSITE_CURVE('',(#20907,#20914),.F.);
#20920=CIRCLE('',#20919,5.E-1);
#20921=TRIMMED_CURVE('',#20920,(PARAMETER_VALUE(0.E0)),(PARAMETER_VALUE(1.8E2)),
.T.,.UNSPECIFIED.);
#20922=COMPOSITE_CURVE_SEGMENT(.CONTINUOUS.,.T.,#20921);
#20927=CIRCLE('',#20926,5.E-1);
#20928=TRIMMED_CURVE('',#20927,(PARAMETER_VALUE(0.E0)),(PARAMETER_VALUE(1.8E2)),
.T.,.UNSPECIFIED.);
#20929=COMPOSITE_CURVE_SEGMENT(.CONTINUOUS.,.T.,#20928);
#20930=COMPOSITE_CURVE('',(#20922,#20929),.F.);
#20935=CIRCLE('',#20934,5.E-1);
#20936=TRIMMED_CURVE('',#20935,(PARAMETER_VALUE(0.E0)),(PARAMETER_VALUE(1.8E2)),
.T.,.UNSPECIFIED.);
#20937=COMPOSITE_CURVE_SEGMENT(.CONTINUOUS.,.T.,#20936);
#20942=CIRCLE('',#20941,5.E-1);
#20943=TRIMMED_CURVE('',#20942,(PARAMETER_VALUE(0.E0)),(PARAMETER_VALUE(1.8E2)),
.T.,.UNSPECIFIED.);
#20944=COMPOSITE_CURVE_SEGMENT(.CONTINUOUS.,.T.,#20943);
#20945=COMPOSITE_CURVE('',(#20937,#20944),.F.);
#20950=CIRCLE('',#20949,5.E-1);
#20951=TRIMMED_CURVE('',#20950,(PARAMETER_VALUE(0.E0)),(PARAMETER_VALUE(1.8E2)),
.T.,.UNSPECIFIED.);
#20952=COMPOSITE_CURVE_SEGMENT(.CONTINUOUS.,.T.,#20951);
#20957=CIRCLE('',#20956,5.E-1);
#20958=TRIMMED_CURVE('',#20957,(PARAMETER_VALUE(0.E0)),(PARAMETER_VALUE(1.8E2)),
.T.,.UNSPECIFIED.);
#20959=COMPOSITE_CURVE_SEGMENT(.CONTINUOUS.,.T.,#20958);
#20960=COMPOSITE_CURVE('',(#20952,#20959),.F.);
#20965=CIRCLE('',#20964,5.E-1);
#20966=TRIMMED_CURVE('',#20965,(PARAMETER_VALUE(0.E0)),(PARAMETER_VALUE(1.8E2)),
.T.,.UNSPECIFIED.);
#20967=COMPOSITE_CURVE_SEGMENT(.CONTINUOUS.,.T.,#20966);
#20972=CIRCLE('',#20971,5.E-1);
#20973=TRIMMED_CURVE('',#20972,(PARAMETER_VALUE(0.E0)),(PARAMETER_VALUE(1.8E2)),
.T.,.UNSPECIFIED.);
#20974=COMPOSITE_CURVE_SEGMENT(.CONTINUOUS.,.T.,#20973);
#20975=COMPOSITE_CURVE('',(#20967,#20974),.F.);
#20980=CIRCLE('',#20979,5.E-1);
#20981=TRIMMED_CURVE('',#20980,(PARAMETER_VALUE(0.E0)),(PARAMETER_VALUE(1.8E2)),
.T.,.UNSPECIFIED.);
#20982=COMPOSITE_CURVE_SEGMENT(.CONTINUOUS.,.T.,#20981);
#20987=CIRCLE('',#20986,5.E-1);
#20988=TRIMMED_CURVE('',#20987,(PARAMETER_VALUE(0.E0)),(PARAMETER_VALUE(1.8E2)),
.T.,.UNSPECIFIED.);
#20989=COMPOSITE_CURVE_SEGMENT(.CONTINUOUS.,.T.,#20988);
#20990=COMPOSITE_CURVE('',(#20982,#20989),.F.);
#20995=CIRCLE('',#20994,5.E-1);
#20996=TRIMMED_CURVE('',#20995,(PARAMETER_VALUE(0.E0)),(PARAMETER_VALUE(1.8E2)),
.T.,.UNSPECIFIED.);
#20997=COMPOSITE_CURVE_SEGMENT(.CONTINUOUS.,.T.,#20996);
#21002=CIRCLE('',#21001,5.E-1);
#21003=TRIMMED_CURVE('',#21002,(PARAMETER_VALUE(0.E0)),(PARAMETER_VALUE(1.8E2)),
.T.,.UNSPECIFIED.);
#21004=COMPOSITE_CURVE_SEGMENT(.CONTINUOUS.,.T.,#21003);
#21005=COMPOSITE_CURVE('',(#20997,#21004),.F.);
#21010=CIRCLE('',#21009,5.E-1);
#21011=TRIMMED_CURVE('',#21010,(PARAMETER_VALUE(0.E0)),(PARAMETER_VALUE(1.8E2)),
.T.,.UNSPECIFIED.);
#21012=COMPOSITE_CURVE_SEGMENT(.CONTINUOUS.,.T.,#21011);
#21017=CIRCLE('',#21016,5.E-1);
#21018=TRIMMED_CURVE('',#21017,(PARAMETER_VALUE(0.E0)),(PARAMETER_VALUE(1.8E2)),
.T.,.UNSPECIFIED.);
#21019=COMPOSITE_CURVE_SEGMENT(.CONTINUOUS.,.T.,#21018);
#21020=COMPOSITE_CURVE('',(#21012,#21019),.F.);
#21025=CIRCLE('',#21024,5.E-1);
#21026=TRIMMED_CURVE('',#21025,(PARAMETER_VALUE(0.E0)),(PARAMETER_VALUE(1.8E2)),
.T.,.UNSPECIFIED.);
#21027=COMPOSITE_CURVE_SEGMENT(.CONTINUOUS.,.T.,#21026);
#21032=CIRCLE('',#21031,5.E-1);
#21033=TRIMMED_CURVE('',#21032,(PARAMETER_VALUE(0.E0)),(PARAMETER_VALUE(1.8E2)),
.T.,.UNSPECIFIED.);
#21034=COMPOSITE_CURVE_SEGMENT(.CONTINUOUS.,.T.,#21033);
#21035=COMPOSITE_CURVE('',(#21027,#21034),.F.);
#21040=CIRCLE('',#21039,5.E-1);
#21041=TRIMMED_CURVE('',#21040,(PARAMETER_VALUE(0.E0)),(PARAMETER_VALUE(1.8E2)),
.T.,.UNSPECIFIED.);
#21042=COMPOSITE_CURVE_SEGMENT(.CONTINUOUS.,.T.,#21041);
#21047=CIRCLE('',#21046,5.E-1);
#21048=TRIMMED_CURVE('',#21047,(PARAMETER_VALUE(0.E0)),(PARAMETER_VALUE(1.8E2)),
.T.,.UNSPECIFIED.);
#21049=COMPOSITE_CURVE_SEGMENT(.CONTINUOUS.,.T.,#21048);
#21050=COMPOSITE_CURVE('',(#21042,#21049),.F.);
#21055=CIRCLE('',#21054,5.E-1);
#21056=TRIMMED_CURVE('',#21055,(PARAMETER_VALUE(0.E0)),(PARAMETER_VALUE(1.8E2)),
.T.,.UNSPECIFIED.);
#21057=COMPOSITE_CURVE_SEGMENT(.CONTINUOUS.,.T.,#21056);
#21062=CIRCLE('',#21061,5.E-1);
#21063=TRIMMED_CURVE('',#21062,(PARAMETER_VALUE(0.E0)),(PARAMETER_VALUE(1.8E2)),
.T.,.UNSPECIFIED.);
#21064=COMPOSITE_CURVE_SEGMENT(.CONTINUOUS.,.T.,#21063);
#21065=COMPOSITE_CURVE('',(#21057,#21064),.F.);
#21066=(LENGTH_UNIT()NAMED_UNIT(*)SI_UNIT(.MILLI.,.METRE.));
#21068=(NAMED_UNIT(*)PLANE_ANGLE_UNIT()SI_UNIT($,.RADIAN.));
#21071=(NAMED_UNIT(*)SI_UNIT($,.STERADIAN.)SOLID_ANGLE_UNIT());
#21074=ADVANCED_BREP_SHAPE_REPRESENTATION('',(#20700),#21073);
#21075=GEOMETRICALLY_BOUNDED_SURFACE_SHAPE_REPRESENTATION('',(#20720),#21073);
#21076=SHAPE_REPRESENTATION('',(#20704),#21073);
#21085=PRODUCT_DEFINITION('design','',#21084,#21081);
#21086=PRODUCT_DEFINITION_SHAPE('','SHAPE FOR 901311092.',#21085);
#21087=SHAPE_DEFINITION_REPRESENTATION(#21086,#21076);
ENDSEC;
END-ISO-10303-21;
